<author lang="en">
	<documents>
		<document><![CDATA[One to watch … 
Available on 10th Feb. https://t.co/l1FOX1Yg9O]]></document>
		<document><![CDATA[@kirkj @deleifd There are 3 complete sets in each box of batman minifigs. Find two others who want all the figs and buy a box between you. 🤘]]></document>
		<document><![CDATA[@deleifd If you have 1, 3, (maybe 5), 10 or 14, we can come to some arrangement. 👍]]></document>
		<document><![CDATA[@deleifd I've heard that numerous other toyworlds are still numbering, despite the warning. Damn it. I'm only after 6 of the 20.]]></document>
		<document><![CDATA[Just heard about a new Web Dev meetup in The Hutt. Spread the good word!
https://t.co/BlgGNdGPUP]]></document>
		<document><![CDATA[Hullo. Anyone have a travel rest pillow I could borrow for a long trip?]]></document>
		<document><![CDATA[@emstrx My face is one big ache after a dental visit. I'm off home to eat mush.]]></document>
		<document><![CDATA[@julianwoodhouse Thanks for that! 
cc @mr_orgue]]></document>
		<document><![CDATA[Hmm, that’s just Wgtn. 
For Hutt, try https://t.co/O5tuokOfcQ... &gt; Tap Layers icon (bottom left) &gt; Tap Tsunami Zone option. cc @mr_orgue]]></document>
		<document><![CDATA[@kirkj Thankyou Kirk! I’d seen the maps in your first link, but not this second one. \m/ cc @mr_orgue]]></document>
		<document><![CDATA[Anyone know where I might find some decent resolution tsunami zone maps for Wellington &amp; Hutt?
cc: @Koordinates]]></document>
		<document><![CDATA[@sereeena I’ve just put some Slayer on the stereo here. 

༼ノಠل͟ಠ༽ノ-︵-┻━┻]]></document>
		<document><![CDATA[Stunned white guy retweets. https://t.co/0mVZ3RIlg4]]></document>
		<document><![CDATA[@bpujji Someone very near and dear to me, who may or may not have wanted to be named.]]></document>
		<document><![CDATA[Introduced someone to Lemon Jelly. Yussss (Highest five to @FredDeakin)]]></document>
		<document><![CDATA[@jarred Hi Faive.]]></document>
		<document><![CDATA[@jarred What the font is saying Harriet Display Italic (Bold?)]]></document>
		<document><![CDATA[Started off the day with Freebird. Followed by Don’t Fear the Reaper. Up next: the entirety of Deep Purple’s Machine Head. #rockinprototypin]]></document>
		<document><![CDATA[@hellomisspotter Ahh, didn’t know you’d moved. Enjoy!]]></document>
		<document><![CDATA[@hellomisspotter CrossFit Hutt Valley (Petone/Alicetown border) is well recommended by folk I know well. Good community.]]></document>
		<document><![CDATA[@microsoftnz I was thinking more https://t.co/kscIMVlJxt]]></document>
		<document><![CDATA[@_d___d_ it's no actually all that great. Weather depending. 😉]]></document>
		<document><![CDATA[@theraromachine @_grafik Get these instead! https://t.co/iYXxtKhkgJ mmmmMmmmm.]]></document>
		<document><![CDATA[@lizyjoy There will be trouble ahead. This is going to embolden militant sorts.]]></document>
		<document><![CDATA[A lot of knee jerking on the tweets today. The surface pro video makes me really miss the drafting table. The MacBook Pro looks like fun.]]></document>
		<document><![CDATA[@nzjames It came with a copy of a starwars lego magazine available in the UK, that a friend kindly sent me. I’d like about 30 more myself!]]></document>
		<document><![CDATA[Welcomed a new addition to the family today. So cute! https://t.co/M2x06UzKQx]]></document>
		<document><![CDATA[@four_seven it's a mystery adventure thingy!]]></document>
		<document><![CDATA[@ActionFigured That's great! Liking your corners too. Good touch.]]></document>
		<document><![CDATA[@katedarby_ Heya. Are you still looking for a bestawards ticket? cc @KirstiGrant]]></document>
		<document><![CDATA[@nwmetro So you know, no sign of the free farmed ham. Just got told “No.”]]></document>
		<document><![CDATA[@BR4DY Congratulations on the Community Board position, fella. Very promising council vote too. Playing the long game 🤘]]></document>
		<document><![CDATA[Looking forward to getting out to the @DesignMeetupNZ DesignPro event tonight! I’ve not been out for aaaages. Well, since Steve Krug anyhow.]]></document>
		<document><![CDATA[@Sereeena not seeing the context for this. You okay?]]></document>
		<document><![CDATA[@sourcecraft Heh. Well spotted.]]></document>
		<document><![CDATA[@craighamnett you are correct in the sense that I'm not able to level up. Hugs for you 'n' G.]]></document>
		<document><![CDATA[Playing @kerretta on the big speakers to kickstart the day in the office. Perfect.]]></document>
		<document><![CDATA[@aliseflannery Heya Alise. If you do need a hand with creative event stuff, I'd be keen to chat. Cheers :)]]></document>
		<document><![CDATA[@uxpaul @dafttom @femkesvs Three wonderful talented people. 😊]]></document>
		<document><![CDATA[@NWMetro ✋
Here’s a customer vote for free-farmed/free-range ham in your deli.]]></document>
		<document><![CDATA[@dafttom I WANT THESE THINGS!! So cool.
@reasonsto @uxpaul @femkesvs]]></document>
		<document><![CDATA[After yesterday’s specific hunger … the Yummly email today is bringing it home. https://t.co/pD7T6K95Js]]></document>
		<document><![CDATA[@hannahcooknz Heh, not been to the Colonial for years!]]></document>
		<document><![CDATA[@hannahcooknz I appreciate your fine eye for quality bacon though. :)]]></document>
		<document><![CDATA[@hannahcooknz Tasty bacon, tiny bread &amp; long way from me right now … :(]]></document>
		<document><![CDATA[Where, o Wellington, are your fine bacon sandwiches?]]></document>
		<document><![CDATA[@jamesmacfie @jamiepenney End of an era! Thanks for being awesome during my time there... And quite possibly since then too. 🤘🏻]]></document>
		<document><![CDATA[Check me out doing shit with Git. Rebase’n the production master deploy push’n’pull checkout something or other. Winning! #igotthis #um]]></document>
		<document><![CDATA[@iamkey I have that pain too.]]></document>
		<document><![CDATA[Master of Puppets, full album, out loud, at work. Yup. 👍]]></document>
		<document><![CDATA[@deleifd Oooooooh! Very jealous! Cc @skruff]]></document>
		<document><![CDATA[@nobu_tary hmm. Very careful use of superglue could help get it out... Or could ruin the piece more.]]></document>
		<document><![CDATA[@reignofapril @swissmiss Cosmo also posted this … https://t.co/HZwi69nkTP]]></document>
		<document><![CDATA[DESIGN DISRUPTORS
Screening tonight @ the Embassy.
https://t.co/JEcXCY4aGT
(Get tickets online, not on door)]]></document>
		<document><![CDATA[@gemzina Spotted your tweet on pokémon hunting in Petone. For future reference : https://t.co/1w2nE62iWw]]></document>
		<document><![CDATA[@mexisme @jethrocarr Spotted your tweet on pokémon hunting in Petone. For future reference : https://t.co/1w2nE62iWw]]></document>
		<document><![CDATA[@ethernetsalad Spotted your tweet on pokémon hunting in Petone. For future reference : https://t.co/1w2nE62iWw]]></document>
		<document><![CDATA[@br4dy Spotted your tweet on pokémon hunting in Petone. For future reference : https://t.co/1w2nE62iWw]]></document>
		<document><![CDATA[@seanmccabe I’ll just leave this here for you … https://t.co/1w2nE62iWw]]></document>
		<document><![CDATA[@kingmuckraker Yup, that’s right, a sandwich. Term comes from it being buttered bread.]]></document>
		<document><![CDATA[If someone wants to go ahead and arrange warm blankets, bacon butties and beers on Petone foreshore tonight, I’m going Pokémon hunting. 
👍]]></document>
		<document><![CDATA[@belkincares Thanks for that. Is it only the difference in time to charge, or are there other considerations?]]></document>
		<document><![CDATA[@BelkinCares Heya. Should my new Belkin power pack 6000 charge from a MacBookPro usb port, or does it have to be via a wall power socket?]]></document>
		<document><![CDATA[@PrototypeAlex Hey fella. The plugin is out there in the world now \m/]]></document>
		<document><![CDATA[@HamillHimself Hey fella. Hope you now get to have that milk chocolate hob nob biscuit.]]></document>
		<document><![CDATA[Design Disruptors is coming!

WGTN 20 July
https://t.co/JEcXCY4aGT
cc @DesignMeetupNZ 

AUCK 22 July
https://t.co/XjNjbvNhD6
cc @wearealmond]]></document>
		<document><![CDATA[@_d___d_ Noteburner? Or is Handbreak enough?]]></document>
		<document><![CDATA[@nzjames @yakmoose Damn the skies! Can’t be honest -and- have the good things.]]></document>
		<document><![CDATA[@yakmoose @nzjames Even my latest purchases have it.]]></document>
		<document><![CDATA[iTunes is terrible, so I got set up on Plex media server… except all my iTunes purchases won’t play due to DRM (!?!)
Tips / alternatives?]]></document>
		<document><![CDATA[Hey @SparkNZ You can expect another angry letter of complaint from me later tonight.]]></document>
		<document><![CDATA[Have you any recommendations for portable battery chargers?
https://t.co/OeLR2nB63k 
I had a shoddy one which was useful… but short lived.]]></document>
		<document><![CDATA[@resn_has_no_i @DsgnAssemblyNZ @jadeshearstone Thanks for the film screening retweet you lot :) Much appreciated.]]></document>
		<document><![CDATA[@jacobbuck ... and here's this https://t.co/JEcXCY4aGT]]></document>
		<document><![CDATA[Q1. Do any of the folks on the @Space_Station have Vader / Trooper masks for video calls?

Q2. Does anyone at @NASA dress up as the Emperor?]]></document>
		<document><![CDATA[Seeing out the working week with The Pixies. #workstories 
https://t.co/Zj5CcMziFx]]></document>
		<document><![CDATA[@paxatron @danserif That drop shadow … is powerful.]]></document>
		<document><![CDATA[@blacklightpix Cheers for the retweet 😀]]></document>
		<document><![CDATA[@esteeayceeeewhy Appreciate you sharing that event tweet, Stacey ✊🏼]]></document>
		<document><![CDATA[@caspianievers Thanks for sharing this stuff, fella 👍🏼]]></document>
		<document><![CDATA[@danserif cheers for spreading word, fella :)]]></document>
		<document><![CDATA[@idealogmag @DesignMeetupNZ @DsgnAssemblyNZ @DesignersInst Worth me mentioning in case it’s worth a mention … https://t.co/yZPBfpbC9a]]></document>
		<document><![CDATA[Design Disruptors’ NZ Premiere at Wellington’s Embassy Theatre, 20 July &gt; https://t.co/JEcXCY4aGT Please help spread the good word 🤘🏿]]></document>
		<document><![CDATA[Led Zep blasting yesterday and today started with The Kinks but finishing with lots of The Cure and now some Sisters of Mercy. #workstories]]></document>
		<document><![CDATA[@hellomisspotter Not-so-oddly enough it’s the first time I’ve looked at a barbie and -considered- buying one for one of my kids.]]></document>
		<document><![CDATA[This. https://t.co/byXIIre42F]]></document>
		<document><![CDATA[@iamkey Yeah bruh, bring it in for a brug. I need one on that topic too. Still strikes a raw nerve 25yrs on.]]></document>
		<document><![CDATA[@jecharlottee @thomaslebas I’ve deleted and reposted the tweet with the correct url, thanks \m/]]></document>
		<document><![CDATA[@thibaultmichel_ I sent a note to DesignAssembly and they’re now keen to show it too :)]]></document>
		<document><![CDATA[@jecharlottee @thomaslebas Cheers you two!]]></document>
		<document><![CDATA[Designers of WGTN! Design film https://t.co/56cowoa8Ms will be screening here on Wed 20 July. Details here: https://t.co/fggaUvGjtj …pls RT.]]></document>
		<document><![CDATA[@nzben @kirkj @szechuan @yakmoose @rarchbarch It'll likely cost one billion dollars, but still... Keen on that and the new Yellow Submarine.]]></document>
		<document><![CDATA[Designers &amp; Disruptors of Wellington: I’ll be screening https://t.co/tVlM7xGQ6W on Wed 20 July. Details here: https://t.co/fggaUvGjtj \m/]]></document>
		<document><![CDATA[Good morning Wellington. I've not used the harbour ferry before. Can you just jump on and get a ticket, or do you have to go to an office?]]></document>
		<document><![CDATA[@buildmaster @untappd … did this involve pre-loading?]]></document>
		<document><![CDATA[@we_are_atomic @usepanda Teamwork!! Double high fives!! https://t.co/6x2iiL4mKQ]]></document>
		<document><![CDATA[@CamilleNette Nice to see you while out and about :)]]></document>
		<document><![CDATA[@ActionFigured it's not due to hit NZ til September :(]]></document>
		<document><![CDATA[@tashmahal MERITS and faults.]]></document>
		<document><![CDATA[@tashmahal ... but I like the other : Criticism - the analysis and judgement of the merits and faults of a literary or artistic work.]]></document>
	</documents>
</author>