<author lang="en">
	<documents>
		<document><![CDATA[Museum focus, but still great pieces of advice in here: "How do museums respond to political events?" https://t.co/mDLBKpMB8p via @amelbow]]></document>
		<document><![CDATA[Professional identity vs political issues for Librarians: “The Professional is the Political” by @john_overholt https://t.co/171n8Ct1tL]]></document>
		<document><![CDATA[Fascinating! "How people are using Te Papa's collection images" https://t.co/cUtSikEa1g via @te_papa]]></document>
		<document><![CDATA[Love the "nothing about us, without us" philosophy for indigenous knowledge in the LIS curricula @teup0ko]]></document>
		<document><![CDATA[Trish talking about the excellent paper at @IFLA on "Fostering Indigenous Knowledge within LIS Curricula" https://t.co/TCznDtCapV @teup0ko]]></document>
		<document><![CDATA[@TeRopuWhakahau Tumuaki talking about the @IFLA Indigenous Matters section @ifla_im @teup0ko https://t.co/x7ViTgcQUp]]></document>
		<document><![CDATA[Fascinating to hear the similarities between LoC and NZ Parliamentary Lib, and the massive size difference! @teup0ko]]></document>
		<document><![CDATA[At the @teup0ko report back from #IFLA16]]></document>
		<document><![CDATA[@ashly_burch This is all such great advice - thank you!]]></document>
		<document><![CDATA[@AdrienneHannan Congratulations!!]]></document>
		<document><![CDATA[@KiwiLibrarian I couldn't bring myself to watch the news, knowing what would be on.  :(]]></document>
		<document><![CDATA[Awesome opportunity for #LIANZA members too! #youshouldapply #yesyesyoushould @lianzaoffice https://t.co/EYrpIRVDNI]]></document>
		<document><![CDATA[I like this: "[the] Congressional Research Service...  is like the Special Forces of analysts" Carla Hayden https://t.co/Gs1B4kCVt5]]></document>
		<document><![CDATA[@megingle yes, thinking about the audience, I don't think they will... always hard to tell I guess.]]></document>
		<document><![CDATA[@kimtairi It's used to make a point, in a funny but firm way...]]></document>
		<document><![CDATA[@justine_hyde That's what I thought. One of those words that some might consider sweary and others wouldn't. Used in a jesting way. Hmm.]]></document>
		<document><![CDATA[Question: can you swear a little in a speaker bio? Asking for a friend.]]></document>
		<document><![CDATA[Google maps says it's 5 minutes away. Unfortunately there's no setting for "waddling pregnant lady walk times". #15minuteslater]]></document>
		<document><![CDATA[This looks amazing - and welcomes international applicants! https://t.co/u4scUvMSDn]]></document>
		<document><![CDATA[I love this. And all the same things apply to new LIS profs too. via @TuskCulture https://t.co/9FHlFneMue]]></document>
		<document><![CDATA[This is how you know it's *truly* windy in Wellington, rather than our usual "Wellington breeze".  --&gt; https://t.co/rY5d3EaLlZ]]></document>
		<document><![CDATA[Lessons in #DigitalPreservation from Star Wars https://t.co/sHljBdVYls #backups #security #authenticity]]></document>
		<document><![CDATA[Work waiata group is singing "Forever Tuesday Morning". Really not sure how to hashtag that.]]></document>
		<document><![CDATA[@JuliadeRuiter oh my gosh, it's amazing! Love it.]]></document>
		<document><![CDATA[This!! &gt;&gt; Library Extension Finds Books At Your Local Library While You Shop On Amazon https://t.co/5qu3gk9IeE via @lifehacker]]></document>
		<document><![CDATA[@KiwiLibrarian What happens at Bunnings, stays at Bunnings??]]></document>
		<document><![CDATA[@AdrienneHannan I said something really similar to a colleague today - basically I just carbs for 9 months... 😉]]></document>
		<document><![CDATA[Colleague (looking at my tummy): What did YOU do over Christmas?
Me: I ate a LOT of pudding.
#pregnancyconversations]]></document>
		<document><![CDATA[@ChristineBusby @LIANZACon Only one?? 😉]]></document>
		<document><![CDATA[Love this - thanks @libswhisperers for pointing it out! "Never Neutral" https://t.co/uRrm8gUCz4 @librarianmer]]></document>
		<document><![CDATA[A good counterpoint to traditional leadership wisdom: "Getting beyond the BS of leadership literature" https://t.co/67VVjy8nuD #Leadership]]></document>
		<document><![CDATA[First day back at work. Wonder what my password is?]]></document>
		<document><![CDATA[Downloaded the "Make America Kittens Again" app for Chrome. It's making my internet happy.]]></document>
		<document><![CDATA[Aw, arrivals at the airport at Christmas have all the feels.]]></document>
		<document><![CDATA[Two people at the airport wearing black "bah humbug" hats. Can't decide if that's festive or not? #christmas]]></document>
		<document><![CDATA[At the airport, waiting for the rellies. #christmas]]></document>
		<document><![CDATA[These are so cool! https://t.co/NYqgUhRYb1]]></document>
		<document><![CDATA[@librarypaula Brilliant! My "to read list" is looking excellent!]]></document>
		<document><![CDATA[@megingle ha ha, a lot of it IS going in the shed!  ;)]]></document>
		<document><![CDATA[2 days left to do All The Things before we have a house full of visitors...  O.O]]></document>
		<document><![CDATA["The third generation moves beyond this infatuation with technology and collaboration. ...towards engagement" https://t.co/YgLebRiSVY]]></document>
		<document><![CDATA[Fascinated by this. Could it be the start of a worldwide movement by research libraries? https://t.co/PTTJzdjaBQ]]></document>
		<document><![CDATA[Reading this month's #librarylife - love the article from Tessa on setting up a te reo Maori reading group. @ChaniTheunissen @lianzaoffice]]></document>
		<document><![CDATA[Very weird working right opposite this. Like something from a bad John Cusack movie. #2012 https://t.co/TFnMxc5pVb]]></document>
		<document><![CDATA[While we were out of the building, it seems I was replaced... Seems to have things under control though.… https://t.co/Ki8DPgBN7J]]></document>
		<document><![CDATA[I like this infographic: A decent breakdown of all things real and fake news. https://t.co/NY4CTbqBeA]]></document>
		<document><![CDATA[Nice: bursaries available for students to attend NLS8 that are open to NZ LIS/GLAMR students! https://t.co/N6JR6WLU7x via @ALIAnls]]></document>
		<document><![CDATA[@FrostieDaSnoman Gabby's first word was dad. Hasn't stopped talking since...]]></document>
		<document><![CDATA[#Melbourne #early https://t.co/p90qnMPvot]]></document>
		<document><![CDATA[It's weird being in another country and finding out who your new PM is. #Englishround2]]></document>
		<document><![CDATA[@Infoferret Does that mean we now have a team mascot?  ;)]]></document>
		<document><![CDATA[Hello Melbourne! I should have brought that umbrella after all. #LikeWellingtonLikeMelbourne]]></document>
		<document><![CDATA[Hope everyone is learning lots at Unfurl That Frame. Wish I could have been there, but Australia is calling me! #travelplans]]></document>
		<document><![CDATA[@wendypooh Argh, sorry! I only listened to it once... that was enough. It's in there for life now. O.O @ranginui]]></document>
		<document><![CDATA[Team decided our mascot is "pink fluffy unicorn dancing on rainbow". Googled it. Now have pink fluffy unicorn song stuck in my head.]]></document>
		<document><![CDATA[@theluqmanarian Sorry was using "we" as in "the place I work", rather than "the profession". But yes, have seen the Google-centrism thing :(]]></document>
		<document><![CDATA[@theluqmanarian Absolutely, and we do. I'm usually surprised at how surprised they are that there are other search engines...]]></document>
		<document><![CDATA[@theluqmanarian That article is terrifying! And yet, sadly, not surprising.]]></document>
		<document><![CDATA[Found link to useful looking academic study. Re-read study title 5 times. Remembered why I don't read academic studies much. #plainenglish]]></document>
		<document><![CDATA[@NZPhotomac I can't wait that long!!]]></document>
		<document><![CDATA[Too much going on today. I need chocolate.]]></document>
		<document><![CDATA[@NZPhotomac Oh. Of course. #randomthingsinmycar]]></document>
		<document><![CDATA[That thing where you get into the car and there's a megaphone in the back. Ummm...huh? @NZPhotomac]]></document>
		<document><![CDATA[Just saw a grown man riding a trolley through the supermarket car park. So glad I'm not the only one. #bigkid #ItsFasterOkay?]]></document>
		<document><![CDATA[Congrats to @talkingtothecan (LIAC) and @v_passau (Guardians Kaitiaki) on their appointments! https://t.co/zTO7LgMi9U]]></document>
		<document><![CDATA[This is so cool! "Remote Scott Base to host Tedx talks this Antarctic summer" https://t.co/wbMzBssSt0]]></document>
		<document><![CDATA[@wizzyrea Was a while ago since I was doing that stuff, and mostly acad sector... things may have changed since then!]]></document>
		<document><![CDATA[@wizzyrea @GuardianBooks Back in my vendor days... it was dependent on country. Aus, NZ keep, US deletes. Law changes played a big part.]]></document>
		<document><![CDATA[Yay, @nlnz auditorium refurb! About time. https://t.co/jY8Yxzx8kY via @scoopnz]]></document>
		<document><![CDATA[Oh this looks like an awesome opportunity! @lianzaoffice https://t.co/6cLF1vxh7p]]></document>
		<document><![CDATA[Seriously hope this gets traction: "Unions are considering pay equity claims for women librarians..." https://t.co/2VjC6927YA #PayEquity]]></document>
		<document><![CDATA[I can't help but think this seems like a very prescient thing to do. And also, sad. #protecthistory https://t.co/UMJ8eOoQwS]]></document>
		<document><![CDATA[@markival Thanks, that's really really useful! And an interesting report to boot! The Lit Review gives me lots of places to start. :)]]></document>
		<document><![CDATA[Any recommendations on a good article/blog on setting and measuring outcomes/impact for library services?]]></document>
		<document><![CDATA[I started watching #F1 in 2002, and @JensonButton has always been my driver. What will I do now?!? (It's been awesome, btw.)]]></document>
		<document><![CDATA[Miss 2 came home from daycare yesterday singing "We will rock you". #daycarewin]]></document>
		<document><![CDATA[Wow, the wind is blowing so much up here (close to Mt Kaukau) that the whole house shook. Thought it was another earthquake!]]></document>
		<document><![CDATA[@NZPhotomac Ohhhh, now I get it! #F1 https://t.co/q4rHvX5Yeh]]></document>
		<document><![CDATA[Yeah, that seems right to me. https://t.co/HCJ4SPy6l8]]></document>
		<document><![CDATA[@TracieAlmond Nice! He always does such thoughtful stuff. Thanks!]]></document>
		<document><![CDATA[DigLit 101: How I accidentally convinced hundreds of people they had to leave the country and abandon their children https://t.co/2HfLQGuUCb]]></document>
		<document><![CDATA[I love @sanditoksvig, she's bloody brilliant. https://t.co/rkMEdkBBri @TEDTalks]]></document>
		<document><![CDATA[@TaituTandt788 Excellent, thank you! I'm compiling an awesome list!]]></document>
		<document><![CDATA[@greengecko29 Thanks!]]></document>
		<document><![CDATA[@treen42 Ooh, nice! She is on my "to read more of" list.]]></document>
		<document><![CDATA[Read something great lately? I need some inspiring non-fiction to read! Lib-related or not, but must be thought-provoking. Shortish is good!]]></document>
		<document><![CDATA[@markival @v_passau @TuskCulture Agree. Wld be nice to have common principles to present, plus any particular needs for our indiv sectors.]]></document>
		<document><![CDATA[@markival @TuskCulture Def some lib contacts that could help, just need to join some people dots across sectors. We have the technology!]]></document>
		<document><![CDATA[@markival @TuskCulture Value in a single GLAM view perhaps? Most impact may be multiple meetings w/MBIE all backing each other! #numberpower]]></document>
		<document><![CDATA[@markival @TuskCulture I know that LIANZA has had quite a few meetings with MBIE about it (though obs only part of the GLAM sector)]]></document>
		<document><![CDATA[@NZPhotomac Urgh, so complicated! #F1]]></document>
		<document><![CDATA[@nicole_thorburn I was thinking the same thing! #amongfriends]]></document>
		<document><![CDATA[Drat, had to go to a meeting and missed @TuskCulture pres - sounds like it was brilliant! Am hoping it was recorded! #NDFNZ]]></document>
		<document><![CDATA[#NDFNZ livestream a bit jumpy, but getting the gist of the excellent @richardfoy preso and powerpoint.]]></document>
		<document><![CDATA[1st night for Miss2 in "big girl bed". "Help me mummy!" over monitor - lying happily on the floor, but upset she'd lost her blanket. #tired]]></document>
		<document><![CDATA[Oh no, now I see peeps at @ArchivesNZ have been evacuated! @dp_pig @beet_keeper @leninoc]]></document>
		<document><![CDATA[Yep... "...it was unlikely office workers and residents in buildings within the cordoned-off areas would be let in tomorrow." #Neighbours]]></document>
		<document><![CDATA[Hmm. Might not be going to work tomorrow either. #Neighbours https://t.co/oit7T5O1R8]]></document>
		<document><![CDATA[@caycos @NLNZ @librarykris That's right across the road from #100. Shops in the bottom, not sure if there are any other tenants...]]></document>
		<document><![CDATA[Um... both @NLNZ and my work is in that cordon... updates anyone?? https://t.co/SmCxwYewFb]]></document>
	</documents>
</author>