<author lang="en">
	<documents>
		<document><![CDATA[Does this mean @WaitakereUnited are top of the league?! #outstanding! @JakeButler17 @cmilicich]]></document>
		<document><![CDATA[Shithouse how you guys bailed on NZ tho https://t.co/UjK8AdGdV6]]></document>
		<document><![CDATA[Sorry who won?! #muppet @valid_voice]]></document>
		<document><![CDATA[Why are the @WgtnPhoenixFC so bad?!]]></document>
		<document><![CDATA[This referee is seriously a fuckwit! @ALeague @WgtnPhoenixFC]]></document>
		<document><![CDATA[Lol she can't even remember the NZ national anthem! @ALeague @WgtnPhoenixFC]]></document>
		<document><![CDATA[Absolutely deserved and hats off to @JakeButler17 #classcoach https://t.co/JZ2s1SVKNJ]]></document>
		<document><![CDATA[We need @ejdiamond back on TV 🙏🙏]]></document>
		<document><![CDATA[Don't know what's more painful to watch the @WgtnPhoenixFC or @BLACKCAPS 😭😭]]></document>
		<document><![CDATA[Love to see that fight! #gotessa @tessamdberger @KhanjaniNazanin @DucoEvents]]></document>
		<document><![CDATA[Strange ass medal for completing all the major marathons 👍 @DomHarvey]]></document>
		<document><![CDATA[Oh sweet cheers dude! Definitely keen to have a read of that! Fingers crossed you can get Tokyo done now, so you can get that @DomHarvey]]></document>
		<document><![CDATA[@DomHarvey @JJHarveyNZ will do champ, considering we have every book that you have both written I'm sure it will be as good as the rest! 😊]]></document>
		<document><![CDATA[Bought it for the Mrs but to be honest I'll probably read it 1st! @JJHarveyNZ @DomHarvey https://t.co/Mngz13uvm1]]></document>
		<document><![CDATA[Yus it finally arrived! #YES!! #allthewayinNZ @BellaTwins @WWEDanielBryan https://t.co/0ZURD10KMF]]></document>
		<document><![CDATA[Watching the Chatham Cup final and just wondering how! 😭😭]]></document>
		<document><![CDATA[Well done to Forest Hill and @tessamdberger on the Win! 👍]]></document>
		<document><![CDATA[Best of luck over in England champ! Will definitely miss the banter #championbloke @Dannyboyr4]]></document>
		<document><![CDATA[See ya in 2 weeks champ! 😋 #chathamcupfinal @Dannyboyr4]]></document>
		<document><![CDATA[The countdown has started!! #thisisfredtaylor @JakeButler17 https://t.co/xbmLxcpsv2]]></document>
		<document><![CDATA[Game Day! Massive day get down a support us 👍 #thisisfredtaylor @JakeButler17  https://t.co/nkjQJfLfRu]]></document>
		<document><![CDATA[4-1 win to @waitakerecityfc @FranklinUtd]]></document>
		<document><![CDATA[Next stop Fred Taylor! @JakeButler17 https://t.co/dM8irB22aQ]]></document>
		<document><![CDATA[All the best for the 1st gam champ! 👍 @Dannyboyr4]]></document>
		<document><![CDATA[It's in the bag 😜👍 @JakeButler17]]></document>
		<document><![CDATA[Division 1 Champions!! Well done King @JakeButler17 #champions #waitakerecity #prmierleaguebound #kingbulter]]></document>
		<document><![CDATA[Fingers crossed @JakeButler17  @NZ_Football #ChathamCup]]></document>
		<document><![CDATA[2nd half come back! @waitakerecityfc 3 - @manurewa_afc 1 . Last game before heading to Queenstown good luck to the lads! @JakeButler17]]></document>
		<document><![CDATA[Awesome to see this! Have no doubt @WaitakereUnited will be a force this season with @cmilicich in charge!  https://t.co/AWSTNqunFr]]></document>
		<document><![CDATA[Praying my mechanic bill isn't going to be huge!!]]></document>
		<document><![CDATA[Dinner date with my lovely #speargrassinn #queenstown #fireplace #bloodychilly #toastynow… https://t.co/Ps9YnuVgVZ]]></document>
		<document><![CDATA[Shit that fight!! @joeboxerparker]]></document>
		<document><![CDATA[watching the boxing and @NarelleSindos pops on screen...just wow 😱😱]]></document>
		<document><![CDATA[@waitakerecityfc 2 -  @MetroFC1899 0 @LottoNRFL @JakeButler17 ***7 points clear!!****]]></document>
		<document><![CDATA[It's been a blast Queenstown! Back to auckland for the month then time to move down 👍… https://t.co/GtHXZu93H3]]></document>
		<document><![CDATA[Hi ho hi ho it's off to Queesntown we go! #homeowners #farmlife #queenstown #byeauckland… https://t.co/bMJ6GSMzL2]]></document>
		<document><![CDATA[Counting down to the weekend already! #footballseasonhaskickedoff #football #blackandwhite… https://t.co/Fievexkayv]]></document>
		<document><![CDATA[Counting down till the weekend already! #footballseasonhaskickedoff #waitakerecity #yellow… https://t.co/ZnBFRa32CV]]></document>
		<document><![CDATA[Wasn't a pretty start but a win is a win! #roadtothetitle #waitakerecity #wining #debut… https://t.co/jHE5T0jF3x]]></document>
		<document><![CDATA[Game Day has arrived! #comeoncity @JakeButler17 #PAPVSWTK https://t.co/WKhOLNBL7c]]></document>
		<document><![CDATA[This is my pick! #newzealand #flag #newflag #muchbetteroption #silverfern https://t.co/DvZFPwGQSy]]></document>
		<document><![CDATA[Gotta love Auckland traffic! Let the slow drive from Manukau begin!]]></document>
		<document><![CDATA[@UnderArmour when is the next shipment of the #rockproject bags available on your website?? @TheRock]]></document>
		<document><![CDATA[Is the Project Rock Range Duffle all sold out?! Can't seem to find one on the website......... @TheRock]]></document>
		<document><![CDATA[Was awesome to get my debut for Waitakere United Vs Hawkes Bay a couple weeks ago has left me… https://t.co/gq45iOJFGq]]></document>
		<document><![CDATA[So does the rest of NZ 👍 @NarelleSindos @skysportnz]]></document>
		<document><![CDATA[The real question is when this game is over where do we get our @NarelleSindos fix? Can we get her on another show @skysportnz]]></document>
		<document><![CDATA[The champ is bang on! #best #worst #fuckwhatpeoplethink #gohard #connermcgregor #takeovertheworld https://t.co/PDuKzmkvBI]]></document>
		<document><![CDATA[So with the highlanders win guess @DomHarvey owes someone $50??]]></document>
		<document><![CDATA[Such a hard life Danny haha! Enjoy fella! @Dannyboyr4]]></document>
		<document><![CDATA[Wasn't the result we were after but Hawkes bay u have been a stunner! #waitakereunited… https://t.co/PZJxdxVaSg]]></document>
		<document><![CDATA[Just chilling up high #queenstown #gondola #awesomeview #water #crystalclear @ Queenstown… https://t.co/6IbVYyAFTE]]></document>
		<document><![CDATA[Not a bad view at all #cromwell #queenstown #wanaka #nosnow #stunningview #futurethinking @ Lake… https://t.co/2alWNNzpvd]]></document>
		<document><![CDATA[Disappointed with the result last night but was awesome to finally get the chance to be involved… https://t.co/bdIQWUFsvQ]]></document>
		<document><![CDATA[Please play some old school songs that people can actually bloody sing to!! #nrlnines #shitmusic @edenpark @NRLAKL9s]]></document>
		<document><![CDATA[A fun day in the sun at the nines! #downernrlnines #aucklandnines #nrl #league #auckland… https://t.co/FSFuikviar]]></document>
		<document><![CDATA[QBE pitch looking good for tonight from the dugout! #asbpremiership #aucklandcityfc #waitakereunited https://t.co/nurMtyN4Dz]]></document>
		<document><![CDATA[Fingers crossed that @NZ_Football will clear my transfer to @WaitakereUnited so I can be involved tonight. #asbpremiership]]></document>
		<document><![CDATA[It's about time he scored a few haha! @NarelleSindos @ASBPremiership]]></document>
		<document><![CDATA[Halftime and its 3-0 where's this been all season lads?! @ASBPremiership  @NarelleSindos]]></document>
		<document><![CDATA[Feeling a win today! #waitakereunited #southernunited #asbpremiership #win #qbestadium #football… https://t.co/xvSLWDbAKH]]></document>
		<document><![CDATA[Let me guess it's not on @skysportnz tho? @BLACKCAPS @CDStags @CanterburyCrick]]></document>
		<document><![CDATA[Best of luck today @JakeButler17 #RoadToTheFinal]]></document>
		<document><![CDATA[Back the blackcaps! #backtheblackcaps #newzealand #srilanka #twenty20 #2020 #edenpark @ Eden Park https://t.co/M9FFGjXH7N]]></document>
		<document><![CDATA[It's been a blast Melbourne until next time..... #Melbourne #australia #newyears #newyearstrip… https://t.co/yMvDKVBHFS]]></document>
		<document><![CDATA[Game 3 of this tour aka holiday! #aamipark #melbournecityfc #sydneyfc #aleague #melbourne… https://t.co/KYMkKOwfUW]]></document>
		<document><![CDATA[The hallow turf! #MCG #bigbash #bigbash2015 #melbournestars #melbournerenegades #melbournederby… https://t.co/ZSf7xROZwO]]></document>
		<document><![CDATA[I'll be there supporting!! @Jacquitalks @Jensen_Hayley]]></document>
		<document><![CDATA[Say hello to my little friend...... #melbourne #sealife #aquarium #seahorse #jellyfish #crocodile… https://t.co/J5AHe7xBaN]]></document>
		<document><![CDATA[Flinders Street #melbourne #flindersstreet #train #trainstation #39degrees #sooohot #insaneheat… https://t.co/a6GA3BF2qc]]></document>
		<document><![CDATA[Strolling threw Queen Vic markets in Melbourne and find this @LauraMerrin https://t.co/CCy7bOV91N]]></document>
		<document><![CDATA[Big Bash time! #melbourne #renegades #scorchers #perthscorchers #melbournerenegades… https://t.co/l5qKTRwG7B]]></document>
		<document><![CDATA[Another year and another New Years away! Watch out Melbourne 👍 #melbourne #australia #newzealand… https://t.co/o7ud4qIpDR]]></document>
		<document><![CDATA[Clint isn't sick pretty sure I saw him at Lynn mall this morning! @GuySharynClint @guywilliamsguy]]></document>
		<document><![CDATA[#pleasedropcraig #AUSvNZ]]></document>
		<document><![CDATA[What do ya need done Dom? I'm a builder happy to pop around one day if needed? @DomHarvey]]></document>
		<document><![CDATA[@NSUAFC_Official any info on the ressie score? Cheers]]></document>
		<document><![CDATA[@DjKrazyshow haha I've already bought one 😉 just wasn't for me that's all 👍]]></document>
		<document><![CDATA[@p2pphysio_sport dislike this result]]></document>
		<document><![CDATA[@p2pphysio_sport what's the score??]]></document>
		<document><![CDATA[Think it's about time you come home! @DjKrazyshow]]></document>
		<document><![CDATA[Gotta love @DJMelReeves snapchat stories of @Kmorrisx.........just wow]]></document>
		<document><![CDATA[Fuck yes for a monday morning! #wolf #lion #setgoals #awesome #stayoncourse #mondaymorning… https://t.co/j1i6HEVZle]]></document>
		<document><![CDATA[Dinner time....yummy!! #ribs #wedges #cobb&amp;co #tauranga #weekendaway #roadtrip #tomuchsauce @ Cobb &amp;… https://t.co/1AsLnFTEkl]]></document>
		<document><![CDATA[Supporting ya @DomHarvey! Was carck up and @chrystalchenery should lighten the fuck up! Even Art saw the funny side]]></document>
		<document><![CDATA[Healthy way to start the day! #subway #footlong #countrystyle #chickenandbacon #eatfresh #wheresjared… https://t.co/SjAzlziIKe]]></document>
		<document><![CDATA[Midweek outing supporting the boys #QLD  #queensland #NSW #newsouthwales #league #wednesdaynight… https://t.co/FB1oMCep4q]]></document>
		<document><![CDATA[We didnt manage to finish this badboy but we bloody tried hard! #lonestar #ribs #amazing #waytomany… https://t.co/sU8opcm2Pb]]></document>
		<document><![CDATA[Yea bud managed to get in, all done now. good see to sev at work with u guys! @DomHarvey]]></document>
		<document><![CDATA[Now this would be a sick place to work! #theedge #jayjaymikeanddom #celebseverywhere #radio… https://t.co/BYD6CMZ9hU]]></document>
		<document><![CDATA[Any chance u could pop down and open the door on st marys day road in 5mins dude? Need to do some maintance on some stairs? @DomHarvey]]></document>
		<document><![CDATA[Just another day at the office........ #bowling #selfemployed #lovinglife #teambonding #casualfriday… https://t.co/fh8MwY8qf3]]></document>
		<document><![CDATA[Lets see who top golfer in this house! #drivingrange #golf #flatcomp #topdog #takapuna #sundayevening… https://t.co/x23j3o6ju0]]></document>
		<document><![CDATA[Just another friday afternoon "business meeting"....... #helloweekend #fridayafternoon #beersoclock… https://t.co/LpKNJw4AZm]]></document>
		<document><![CDATA[Movie Night! #pitchperfect2 #eventcinemas #movienight #popcorn #cheatmeal #albany @ Event Cinemas Albany https://t.co/kxudSJbFE3]]></document>
		<document><![CDATA[Thank you travformer &amp; bobbykazemi for smashing me tonight! Loveing this 6 week challenge… https://t.co/YBrxvvSSBr]]></document>
		<document><![CDATA[So who else eats full trees of broccoli? Come join warwick.c he lovvvvesssss them! #broccoli… https://t.co/nCYse4ImEH]]></document>
		<document><![CDATA[I have a shit load of "important meetings" planned with bobbykazemi &amp; travformer coming up! They… https://t.co/i7MWFmoj2R]]></document>
		<document><![CDATA[2mrw life changes for the better time to change the diet and start to put in the hard yards!… https://t.co/6mz3scBew3]]></document>
		<document><![CDATA["Business meeting time" loving work and life at the moment!! #themerchant #lunchtime #businessmeeting… https://t.co/lqsplmMudG]]></document>
	</documents>
</author>