<author lang="en">
	<documents>
		<document><![CDATA[@melindiscott 😂Don't have anything to do with him.]]></document>
		<document><![CDATA[@mrshananto  Does your husband allow you to know any? You are a prisoner of your own stupidity.]]></document>
		<document><![CDATA[What time is the planned demonstration outside the #Iranian embassy to protest against the jailing of #NazaninZaghariRatcliffe ? #Femenists]]></document>
		<document><![CDATA[@mrshananto Obviously not very educated.]]></document>
		<document><![CDATA[@MrHarryCole @bluerobbo69 That equals 91]]></document>
		<document><![CDATA[@TasminaSheikh You know full well they don't choose to wear the #Hijab. This is imposed upon them by men and you are scared to say so.]]></document>
		<document><![CDATA[I can't see why #Trump visiting the #UK would cause embarrassment to the #Queen.]]></document>
		<document><![CDATA[Can't stop people speaking because we don't agree with them. Otherwise we would have to close down the #LabourParty]]></document>
		<document><![CDATA[Petition: Donald Trump should make a State Visit to the United Kingdom. https://t.co/QYMCh1woo1]]></document>
		<document><![CDATA[@bluerobbo69 @YouTube What??????? 😬😬😬😬😬]]></document>
		<document><![CDATA[Harry Potter: Hermione Growth Spurt - Saturday Night Live https://t.co/EbAnRqneG4 via @YouTube]]></document>
		<document><![CDATA[@SkyFootball Yeah! That will work.]]></document>
		<document><![CDATA[@or_pip @BBC She went to #Oxford.]]></document>
		<document><![CDATA[@MaiAlmogbel I hope you enjoy your new normal life.]]></document>
		<document><![CDATA[@bluerobbo69 @SalingerRj @theSNP Lib Dems used the same argument and also failed to provide details.]]></document>
		<document><![CDATA[@DalaiLama The World is a sad place. Donald Trump #potus has more followers than you.]]></document>
		<document><![CDATA[@bluerobbo69 Truly pathetic. What do they hope to achieve.? #brexit  #article50]]></document>
		<document><![CDATA[@BBCNews @bluerobbo69 Wouldn't it be great if the #Police were allowed to do their job and stop and search bastards like him?]]></document>
		<document><![CDATA[@BrianSpanner1 @thebestbond My uncle Brian will be delighted.]]></document>
		<document><![CDATA[@oceanseyye The one who hates his wife is my favourite.]]></document>
		<document><![CDATA[@jk_rowling Do they think you are Scottish just because you live in #Edinburgh ?]]></document>
		<document><![CDATA[@bluerobbo69 hardly worth the effort.]]></document>
		<document><![CDATA[@bluerobbo69 I know you love Kay. Don't deny it.]]></document>
		<document><![CDATA[@billybragg @LiveEUDebate They want a new england in #Stoke. But not a #Labour party one.]]></document>
		<document><![CDATA[@AidanKerrPol @murdo_fraser  If #indy2 comes about i'm cutting my consumption of #Tunnocks. I will suffer but #Scotland will suffer more. 🇬🇧]]></document>
		<document><![CDATA[@SkyNews  I wear high heels because I like them.]]></document>
		<document><![CDATA[@TelegraphNews I hope the House of Lords sign their own death warrant.]]></document>
		<document><![CDATA[@piersmorgan @DestroyTheEU @mcgregor_ewan And you are just a ....Phone Hacker.]]></document>
		<document><![CDATA[@murdo_fraser They are split.]]></document>
		<document><![CDATA[@ImamsOnline @bluerobbo69 He's so cute.]]></document>
		<document><![CDATA[A Selection Of Scenes From Monty Python's Life Of Brian https://t.co/QEnBCk6YlY via @YouTube]]></document>
		<document><![CDATA[Blackadder's best insults by nationality! https://t.co/vtClTdfeqX via @YouTube]]></document>
		<document><![CDATA[@DestroyingCIips @bluerobbo69 Should have got life in jail.]]></document>
		<document><![CDATA[@HSIUKorg @Lauren35823643 @vegetarianstar @jennychandleruk @frysfamilyUK  If you love animals so much why are you taking their food?]]></document>
		<document><![CDATA[Had my ear syringed last Friday and i'm pulling out chunks of hard wax today. Normal?]]></document>
		<document><![CDATA[@MetroUK Why he? could be a she.]]></document>
		<document><![CDATA[@HullCity Hope he's okay.]]></document>
		<document><![CDATA[@westmonsternews @bluerobbo69 @MetroUK A bloody outrageous kidnapping of a British Citizen. #Iran]]></document>
		<document><![CDATA[@jeremycorbyn @RidgeOnSunday Free vote for #Labour MP's #Brexit ?]]></document>
		<document><![CDATA[@petermblackburn @SalingerRj @bluerobbo69 The pleasure was all mine. 🤡]]></document>
		<document><![CDATA[@petermblackburn @bluerobbo69 @SalingerRj @DPJHodges *slight increase. 🍾]]></document>
		<document><![CDATA[@SalingerRj @petermblackburn @bluerobbo69 @DPJHodges Tried and succeeded. 😂😂😂😂]]></document>
		<document><![CDATA[@petermblackburn @bluerobbo69 @SalingerRj @DPJHodges  Just a feeble attempt to get some air time for the #LibDims]]></document>
		<document><![CDATA[@bluerobbo69 I'm guessing the joke is "Pawn"?]]></document>
		<document><![CDATA[@bluerobbo69 Thanks Darling. Hope you got some nice ones. 👺👹🤖]]></document>
		<document><![CDATA[@alfisutton @daily_politics @RhonddaBryant I hope not. #Yuck]]></document>
		<document><![CDATA[@WimbledonAFC The Ref helped them just a tad.]]></document>
		<document><![CDATA[@Irish_Infidel @bluerobbo69 They all deserve it.]]></document>
		<document><![CDATA[@bluerobbo69 £65 please. 🌹]]></document>
		<document><![CDATA[@londontaxitrade @bluerobbo69 Thanks! 🌹Black Taxi's rule. #London]]></document>
		<document><![CDATA[@bluerobbo69 Please #RT Thank You 👄]]></document>
		<document><![CDATA[@bluerobbo69 says he will donate £1 to a Charity of my choice for every new follower he gets today. He currently has 730. Call his bluff. 💥💥]]></document>
		<document><![CDATA[@GuidoFawkes People who parade online in their underpants are not fit to hold the office.]]></document>
		<document><![CDATA[People with the surname #Eastwood who don't name their son #Clint have something wrong with them.]]></document>
		<document><![CDATA[@kevverage @SandraWhiteSNP No such thing as English Exports. #British]]></document>
		<document><![CDATA[The Temper Trap - Sweet Disposition [OFFICIAL VIDEO] https://t.co/51FRgDRBLj via @YouTube]]></document>
		<document><![CDATA[@KayBurley It will. ❄️❄️❄️❄️❄️❄️]]></document>
		<document><![CDATA[#DonaldTrump has just announced that the Earth is not orbiting the Sun.🌞]]></document>
		<document><![CDATA[@bpth67 @AgentP22 @StillYesScot That's the way the world was back then. #Twat]]></document>
		<document><![CDATA[@or_pip @annispice @Audi @BMW @MercedesBenz Don't worry Pip. Not going to happen. #HotAir]]></document>
		<document><![CDATA[@GodfreyElfwick @Sheanderthal Doubt he's even heard of her. @DidntHappenUk]]></document>
		<document><![CDATA[@SkyNews Are you holding a scarecrow competition at the moment?]]></document>
		<document><![CDATA[@thebestbond Sadly.he is. 😁]]></document>
		<document><![CDATA[@thebestbond He is the gift that keeps giving. I have a potty uncle just like him.]]></document>
		<document><![CDATA[@bpth67 @AgentP22 @StillYesScot  At least we had an empire.]]></document>
		<document><![CDATA[@BuntinRobert @LiveEUDebate Wee Rab is a little unwell at the moment.]]></document>
		<document><![CDATA[@hugorifkind Maybe because they put more time energy and resources into it.]]></document>
		<document><![CDATA[@piersmorgan You hacked the phone of a 13 year old girl.]]></document>
		<document><![CDATA[@georgegalloway  You were described as a British MP. You are not.]]></document>
		<document><![CDATA[@lowles_nick You got an honour for nonsense like this?]]></document>
		<document><![CDATA[@NopenotHope English is spoken in Canada. Not that funny really.]]></document>
		<document><![CDATA[@GavinBarwellMP @DPJHodges @lowles_nick @Nigel_Farage @hopenothate This must be a joke. Thoroughly nasty little person.]]></document>
		<document><![CDATA[@Nhojpposlla They funded anybody who was anti #Assad. War is a confusing business.]]></document>
		<document><![CDATA[@Change_Britain @GiselaStuart As simple as it can be. #Brexit means no single market.]]></document>
		<document><![CDATA[@SalingerRj  Too clever Mate.]]></document>
		<document><![CDATA[@bluerobbo69 Charming.]]></document>
		<document><![CDATA[@RaheemKassam That's funny. 😃]]></document>
		<document><![CDATA[@Jamin2g Claimants who miss appointments,don't attend interviews on time and refuse to comply deserve to be santioned.]]></document>
		<document><![CDATA[@acgrayling Too stupid for words.]]></document>
		<document><![CDATA[@WikiGuido @GaryLineker So much for freedom of speech.]]></document>
		<document><![CDATA[@SalingerRj @bluerobbo69 In a nutshell. #Iran Why do we bother?]]></document>
		<document><![CDATA[@patcondell @bluerobbo69 What happened? 🤣]]></document>
		<document><![CDATA[@carbonsaveruk @georgegalloway He hasn't got an influence, He should be in jail.]]></document>
		<document><![CDATA[@georgegalloway Did #OonaKing ever thank you for getting her a seat in the House Of Lords?]]></document>
		<document><![CDATA[@bluerobbo69 Oh yes it was. 😎😎😎😎]]></document>
		<document><![CDATA[@SurreyRoadCops @bluerobbo69 On the spot ban.]]></document>
		<document><![CDATA[Gone on Holiday. #MerryChristmas to all of you who celebrate it.]]></document>
		<document><![CDATA[@YouTube Real Hope Not Hate.]]></document>
		<document><![CDATA[Lennon and Maisy - "Ho Hey" (by The Lumineers) | Live at the Grand Ole O... https://t.co/AJRegCZd29 via @YouTube]]></document>
		<document><![CDATA[@mikeloveuk  I can't see it myself but because MrsT liked you I respect your opinion. #HateLoveRelationship :-)]]></document>
		<document><![CDATA[@SusanMunro13 They should be honouring this woman. #Denmark]]></document>
		<document><![CDATA[@mikeloveuk No Michael, That's Ukip rational.]]></document>
		<document><![CDATA[Isis 'offers $1m reward' for murder of woman who dropped out of university to fight them https://t.co/9xpYmohMHg]]></document>
		<document><![CDATA[It's just plain stupid to bame #Merkel for the actions of one person. Anybody blaming me for my Son getting sent off whilst playing Rugby?]]></document>
		<document><![CDATA[@upsydeurhead I am opening up a club for Polar Bears only but Seals are welcome too.]]></document>
		<document><![CDATA[@upsydeurhead @SkyNews Why call it Rock N Roll hall of fame then?]]></document>
		<document><![CDATA[@BarristerSecret Next weeks @DailyMailUK story is .....Muslims receive £150k handout. #StolenTweet]]></document>
		<document><![CDATA[@RebeccaHerber44 Get the Wine out. :-) We all feel like this from time to time.]]></document>
		<document><![CDATA[@Markgsparrow 3rd World mentality.]]></document>
		<document><![CDATA[@jessphillips You are such a condescending Woman.]]></document>
	</documents>
</author>