<author lang="en">
	<documents>
		<document><![CDATA[@amlozyk But guess if those expectations are very low you might consider it a plus. Maybe?]]></document>
		<document><![CDATA[@amlozyk Very slightly.]]></document>
		<document><![CDATA[@amlozyk lololol Yeah really breaking news.]]></document>
		<document><![CDATA[I got: 2% of the population: You are a charismatic superstar!!  https://t.co/g5TIK9biCb via @play_buzz]]></document>
		<document><![CDATA[@Callipygiian @SuzakiTheAmazon I'll bring the Bacon. :)]]></document>
		<document><![CDATA[@ahmadi5656ateeq Headaches can certainly put a damper on your day. Hope it is gone now.]]></document>
		<document><![CDATA[@ahmadi5656ateeq Yes they do! :)]]></document>
		<document><![CDATA[@amlozyk Always after the fact.]]></document>
		<document><![CDATA[@ppforumca I won't pay for propaganda.]]></document>
		<document><![CDATA[He's got more holes in him, then a pasta strainer. https://t.co/L1R1UI6uZ7]]></document>
		<document><![CDATA[@MicroSprinkles @this1isno1 @MicroAnimeGod Welcome back.]]></document>
		<document><![CDATA[@YoungDems4Trump Excellent! You are a true Patriot! You have done so much for this great cause. You have really made a difference .]]></document>
		<document><![CDATA[@KeecoWang5 I am hoping for a positive ripple effect up here in Canada! I'm praying hard! :)]]></document>
		<document><![CDATA[@KeecoWang5 He has! He is truly a breath of fresh air &amp; he really cares about the people! :)]]></document>
		<document><![CDATA[@KeecoWang5 There must be a very good reason he is keeping Comey.]]></document>
		<document><![CDATA[@KeecoWang5 Excellent news!!!!!!!!! He has accomplished a lot in 4 days!]]></document>
		<document><![CDATA[@Americooligan @washingtonpost ......far away......... and I whole heartedly agree with him.]]></document>
		<document><![CDATA[@Ottagonia This is unreal! We have Canadians living on the streets. That 2.65 billion could do a lot of good here in Canada!]]></document>
		<document><![CDATA[@Koxinga8 This British Imam is a hatemonger. So many of these Imam's are racist &amp; bigots. They spew hate towards anyone different from them.]]></document>
		<document><![CDATA[@Koxinga8 They can always go back home. No one is holding them against their will.]]></document>
		<document><![CDATA[Hmm, very interesting! https://t.co/pEV1OVw3fe]]></document>
		<document><![CDATA[@0Hour1Army @TCTLblog @Mr_McStevie @ComedyCentral What a twisted individual! Attacking a ten year old child! :(]]></document>
		<document><![CDATA[@I_AmAmerica @RichardTBurnett @realDonaldTrump These people are sickening!]]></document>
		<document><![CDATA[Joe Oliver: Trudeau’s foolish fake carbon-credit fixation is a betrayal of struggling Canadians https://t.co/7iIXaMb0lq via @fpcomment]]></document>
		<document><![CDATA[Out of CTRL Spending! Joe Oliver: How Trudeau got mugged by reality as his economic strategy crumbled https://t.co/Gs4P2tn6EO via @fpcomment]]></document>
		<document><![CDATA[@rupatho @nationalpost Joe who?]]></document>
		<document><![CDATA[@zlando Deport the Prick!!]]></document>
		<document><![CDATA[Facebook to Begin 'Fake News' Filtering in Germany Prior to Election - Breitbart https://t.co/vBLvZfzq5B]]></document>
		<document><![CDATA[@Americooligan Matt,that was the most beautiful speech I have ever heard from a government leader! It was all about… https://t.co/HnMMPWa1Ht]]></document>
		<document><![CDATA[@amlozyk @CBCNews They are just trying to hijack the parade for their own agenda. If anything like BLM in the USA, they are anti police.]]></document>
		<document><![CDATA[@Americooligan @periscopeco Matt, you  didn't sing. As wrong as they are, at least they were peaceful.]]></document>
		<document><![CDATA[@Americooligan @periscopeco Great coverage Matt! Thank you!]]></document>
		<document><![CDATA[@PoliticalShort Doing all the damage to America he can, before tomorrow. He will be the dark spot in American history. Tomorrow begins anew]]></document>
		<document><![CDATA[@globeandmail What ever pushes the left tax agenda.Maybe they will come out with butt plugs to cut down on C02 emis… https://t.co/5GhgoimaOV]]></document>
		<document><![CDATA[@ScottErnst0331 My grandfather was a coal miner and it certainly is very hard work.]]></document>
		<document><![CDATA[@V_of_Europe @StacyBrewer18 This guy is brain dead. People like this use their religion to justify their personal evil acts and ideals.]]></document>
		<document><![CDATA[@Americooligan Early congratulations Matt!! :)]]></document>
		<document><![CDATA[@YoungDems4Trump It's great to hear you were able to get to a Trump rally! You've impacted many wonderful people. You are a true Patriot!]]></document>
		<document><![CDATA[@amlozyk @nationalpost He is promoting division between the English &amp; the French by not responding to that kind of… https://t.co/kIjsMk6ZS0]]></document>
		<document><![CDATA[@matt4kl @MikePenceVP Don't think so, we don't want that lot anywhere near the Canadian border. We have our own lefty libs to deal with.]]></document>
		<document><![CDATA[@vicecanada That is a globalists  dream,  not Trumps. Trump wants to MAGA! We need that kind of leadership here. Liberals don't get it.]]></document>
		<document><![CDATA[@YoungDems4Trump Sorry to hear that. You've done a lot via twitter! You have been a very positive force!]]></document>
		<document><![CDATA[@VeronicaGriman Illegal Aliens don't have rights. They are there illegally. If they want rights, go home &amp; apply fo… https://t.co/kclLgpkngq]]></document>
		<document><![CDATA[@Glutton4Pnshmnt Absolutely! IF things continue the way they are going, we will become Sweden &amp; Germany in time. Th… https://t.co/RoVK4WtKkU]]></document>
		<document><![CDATA[@Glutton4Pnshmnt That being said, Christianity is under attack here as it is there.Muslims being brought in from mi… https://t.co/lV5VmlbOT7]]></document>
		<document><![CDATA[@Glutton4Pnshmnt Religious freedom is constitutionally protected yes. Law &amp; religion shouldn't be in the same room.… https://t.co/GVkvVlfx0Q]]></document>
		<document><![CDATA[@Glutton4Pnshmnt They may not but we certainly do in Canada. Your right, it is only secondary.]]></document>
		<document><![CDATA[What a horrible year this has been for Canada! https://t.co/OytmwS4k66]]></document>
		<document><![CDATA[Canada School Board To Allow Unmonitored Muslim Sermons In Schools - https://t.co/IhNu8mcCYX]]></document>
		<document><![CDATA[Buried government report reveals looming fiscal crisis: https://t.co/P3kccGqkst]]></document>
		<document><![CDATA[Trudeau above the law? https://t.co/YtcJ7G0UoR]]></document>
		<document><![CDATA[Canadian campuses see an alarming rise in right-wing populism https://t.co/s8YNzuWLuc]]></document>
		<document><![CDATA[As Trudeau Liberals court millennials, will baby boomers feel sidelined? https://t.co/s8QO9QwElP]]></document>
		<document><![CDATA[@MarkDePetres @Koxinga8 All the while, we the hard workers are the ones buying the cows. :)]]></document>
		<document><![CDATA[@MyBrianLeyh @KeecoWang5 @zesty_rightwing @rynx86 Yeah kind of like feeding your parrot crackers. :)]]></document>
		<document><![CDATA[@3moe_ @OttawaPolitico What an awesome smile! :)]]></document>
		<document><![CDATA[@KeecoWang5 @HuffPostEnt Huff&amp;Puff post are a joke!]]></document>
		<document><![CDATA[@KeecoWang5 @zesty_rightwing @rynx86 Excellent! Send them each a large bag. 🤣]]></document>
		<document><![CDATA[@KeecoWang5 @zesty_rightwing Absolutely! Set them all you have left. :)]]></document>
		<document><![CDATA[@KeecoWang5 @HuffPostEnt These celebrities are seriously lacking in brain matter. Regressives! :)]]></document>
		<document><![CDATA[@KeecoWang5 @zesty_rightwing Well seasoned cookies! :)]]></document>
		<document><![CDATA[@Cernovich CBC is like every other MSM. Lies, Twists &amp; Mistruths...with an Agenda! Run by Leftists &amp; we are forced… https://t.co/vI7yrqhSLS]]></document>
		<document><![CDATA[@JONEZJONEZJONEZ @FoxNews @realDonaldTrump Because we don't want that mouth piece here.]]></document>
		<document><![CDATA[@mikebonnel @KeecoWang5 Ain't that the truth https://t.co/SerKATVUVR]]></document>
		<document><![CDATA[@amlozyk @TorontoStar Why, so they can hound you at election time? Why would anyone want to do a selfie opp with the selfie king?]]></document>
		<document><![CDATA[@rynx86 @KeecoWang5 @FrankiesDad1 @HerringWendy @ggentlemanirish @EuroRaver @ont2alb @EthnicAmbiguity @jbryan031 @popstherock33 She's yours]]></document>
		<document><![CDATA['You Are Fake News!': Trump and CNN's Jim Acosta Get Into Shouting Match at Presser https://t.co/fIIjazvUlP via @mediaite]]></document>
		<document><![CDATA[@UK_Mike_P @jessicalima No,  we have more then our share of left liberals here already. Send them somewhere else. T… https://t.co/CfiSiiEV1i]]></document>
		<document><![CDATA[@JakeZimny Why? 😊]]></document>
		<document><![CDATA[@KeecoWang5 @EuroRaver @MyBrianLeyh @mikebonnel @usedupcop @usvetram @ggentlemanirish @rynx86 @EthnicAmbiguity @FrankiesDad1 More cookies! 😊]]></document>
		<document><![CDATA[@Marr2rrCarr @popstherock33 It's Un-American for them not to recite it. In which case, they are free to return to their homeland.]]></document>
		<document><![CDATA[@rynx86 @IamMoxum @KeecoWang5 @AllenBSmith1 @TLawrenceLarkin @popstherock33 @usvetram @mikebonnel It's a snow shovel.]]></document>
		<document><![CDATA[@rynx86 @IamMoxum @KeecoWang5 @AllenBSmith1 @TLawrenceLarkin @popstherock33 @usvetram @mikebonnel maybe its a lego set construct.]]></document>
		<document><![CDATA[@IamMoxum @KeecoWang5 @AllenBSmith1 @TLawrenceLarkin @popstherock33 @usvetram @mikebonnel A paper weight. Yeah that's it.]]></document>
		<document><![CDATA[@IamMoxum @KeecoWang5 @AllenBSmith1 @TLawrenceLarkin @popstherock33 @usvetram @mikebonnel A piece of abstract art?]]></document>
		<document><![CDATA[@IamMoxum @KeecoWang5 @AllenBSmith1 @TLawrenceLarkin @popstherock33 @usvetram @mikebonnel Maybe a pair of socks.]]></document>
		<document><![CDATA[@netanyahu My thoughts and my prayers go out to Israel, to the families and friends of the four tragically murdered in the Jerusalem attack.]]></document>
		<document><![CDATA[@rynx86 @EthnicAmbiguity @EuroRaver @KeecoWang5 It is! :)]]></document>
		<document><![CDATA[@trooper2121 Wow talk about low life pond scum!!]]></document>
		<document><![CDATA[@EthnicAmbiguity @rynx86 @EuroRaver @KeecoWang5 @euroraven It's building up. Going to snow all day &amp; night. https://t.co/QJHAOz9glN]]></document>
		<document><![CDATA[@rynx86 Musical chairs! lololol That is about right.]]></document>
		<document><![CDATA[@rynx86 @EuroRaver @KeecoWang5 Got to get up early &amp; move the car for the snow plow. :)]]></document>
		<document><![CDATA[@rynx86 @EuroRaver @KeecoWang5 It is nice to look at. Not so nice to be shoveling it &amp; cleaning it off your car. :)]]></document>
		<document><![CDATA[@rynx86 @EuroRaver @KeecoWang5 Very strange weather for you guys.]]></document>
		<document><![CDATA[@rynx86 @EuroRaver @KeecoWang5 @euroraven The snow you guys got has moved up here to New Brunswick Canada. Expecting 23 inches. :) Yeah!]]></document>
		<document><![CDATA[@KeecoWang5 @rynx86 @euroraven Snow is good for you. It's rejuvenating. 😃]]></document>
		<document><![CDATA[@rynx86 @KeecoWang5 @euroraven Ah, reminds me of Canada. ☺️]]></document>
		<document><![CDATA[@OttawaPolitico He's the most evil man on the face of this planet. He worked with Hitler against the Jews. He financed hate crimes in the US]]></document>
		<document><![CDATA[@KeecoWang5 @EthnicAmbiguity @rynx86 @FrankiesDad1 @jbryan031 @usvetram @ggentlemanirish @popstherock33 @ont2alb It's so refreshing eh? ⛄❄️]]></document>
		<document><![CDATA[@KeecoWang5 @EthnicAmbiguity @rynx86 @ont2alb @EuroRaver @FrankiesDad1 @matt_may @mikebonnel They winter tires. We have those. :)]]></document>
		<document><![CDATA[@SheilaT99136641 @PeggyRuppe @mibars @Rockprincess818 Say that quickly 5 times.]]></document>
		<document><![CDATA[@KeecoWang5 @EthnicAmbiguity @rynx86 @FrankiesDad1 @jbryan031 @mikebonnel @usvetram @ggentlemanirish @MyBrianLeyh Yeah,thats really heavy :)]]></document>
		<document><![CDATA[@KeecoWang5 @MyBrianLeyh @mikebonnel @rynx86 @FrankiesDad1 @BrianLeyh @IamMoxum @ont2alb @EuroRaver @EthnicAmbiguity time will take us there]]></document>
		<document><![CDATA[@KeecoWang5 @mikebonnel @rynx86 @FrankiesDad1 @jbryan031 @EthnicAmbiguity @ont2alb @usvetram @ggentlemanirish @MyBrianLeyh Chicken craving!]]></document>
		<document><![CDATA[@KeecoWang5 @rynx86 @FrankiesDad1 @jbryan031 @EthnicAmbiguity @mikebonnel @ont2alb @usvetram @ggentlemanirish @MyBrianLeyh Its beautiful!!]]></document>
		<document><![CDATA[@KeecoWang5 @FrankiesDad1 @jbryan031 @EthnicAmbiguity @mikebonnel @ont2alb @rynx86 @usvetram @ggentlemanirish @MyBrianLeyh A honorable death]]></document>
		<document><![CDATA[@KeecoWang5 @FrankiesDad1 @jbryan031 @EthnicAmbiguity @mikebonnel @ont2alb @rynx86 @usvetram @ggentlemanirish @MyBrianLeyh Is snow unusual?]]></document>
		<document><![CDATA[@allengwinn @Patriot18D That is him giving the Isis salute]]></document>
		<document><![CDATA[@KeecoWang5 @rynx86 @FrankiesDad1 @jbryan031 @EthnicAmbiguity @ont2alb @usvetram @ggentlemanirish @MyBrianLeyh A cold will do that to you.]]></document>
		<document><![CDATA[@rynx86 @KeecoWang5 @FrankiesDad1 @jbryan031 @EthnicAmbiguity @ont2alb @usvetram @ggentlemanirish @MyBrianLeyh She's a hardy woman.]]></document>
	</documents>
</author>