<author lang="en">
	<documents>
		<document><![CDATA[she throws
daggers
not realizing
I'll dodge
every flair
thinking
I'll catch
1 cause
i care
beware
I'll catch
one &amp;
then you'll care
#poetry]]></document>
		<document><![CDATA[@Shineann6 is a hypocrite, she's been contacting her that i love; knowing about her fragile state of mind; she is a #respiteworker in #oc]]></document>
		<document><![CDATA[@PeevishPenman @deplorable111 all it takes is #addbeer than we're all capable of being idiots; but guess what religion condones alcohol...?]]></document>
		<document><![CDATA[I've blacked out the red tape... https://t.co/XxmWwtPpYn]]></document>
		<document><![CDATA[@mavisv83by once i know you're not a bot; I'll follow back with all due respect...]]></document>
		<document><![CDATA[@V_of_Europe&lt;~you're a fucking moron; quit with the misleading info; talk about #fakenews @brassmonkey3434 @BreitbartNews]]></document>
		<document><![CDATA[her that i love: i bet all your tl is about football...
me: shusha, i follow people that care about this country...]]></document>
		<document><![CDATA[@KellyannePolls &lt;~dumbass (as #redforeman would say) https://t.co/cPk6MncvT2]]></document>
		<document><![CDATA[our country is coming to the ending of democracy with your dumb ass at the driver's wheel @realDonaldTrump @POTUS https://t.co/Aa9DTXKLZL]]></document>
		<document><![CDATA[@GOP  @DNC both of you status quo #politics https://t.co/stL3NIegyR]]></document>
		<document><![CDATA[fuck that murderous pig #assad https://t.co/FmYIrGmYr7]]></document>
		<document><![CDATA[@Epiphany301 
love of white flower
blossoming in due time
reminds me of the
purity of when i first met you
#mused
#poetry]]></document>
		<document><![CDATA[if you're bored bf the game watch "akeelah and the bee"
#movies #inspirational]]></document>
		<document><![CDATA[@jojokejohn @YouTube love you too brother./.]]></document>
		<document><![CDATA[@bleedingheartmx 
this song sung
was the song that
calmed me and my little ones down before i sung other songs at bedtime]]></document>
		<document><![CDATA[u are my sunshine
my only sunshine
u make me happy
when skies are gray
u never know thee
how much i love u
so don't take my sunshine away]]></document>
		<document><![CDATA[@realDonaldTrump @POTUS &lt;~in the ratingsl out of 350 million people you have .000000000000001 percent likability... https://t.co/QbRMCFLPqO]]></document>
		<document><![CDATA[@realDonaldTrump @POTUS &lt;~both of you are fucking stupid; gtfoh https://t.co/l3V6gIkBJs]]></document>
		<document><![CDATA[man of integrity
where have you been
lost in the rubble
deep within sin
ask for forgiveness
and I'll let you in
#poetry
#faith
#life]]></document>
		<document><![CDATA[them: what does this have to do with you?
me: nothing &amp; everything...]]></document>
		<document><![CDATA[fucking cowards #isreal fucking cowards https://t.co/XXvQwa01QU]]></document>
		<document><![CDATA[i'm not yet ready for this...btw after 55 years on earth you'd think I'd of learned how to sleep properly... https://t.co/ii6QYhHOeF]]></document>
		<document><![CDATA[find the perfect spot
underneath a tree
visions come to me
of how good life's
supposed to be
#picpoetry
#mypic… https://t.co/GCLxheQJtW]]></document>
		<document><![CDATA[#working for that #cheese
#reborn https://t.co/fndkrwNxYH]]></document>
		<document><![CDATA[@beezknez beautiful #picpoetry]]></document>
		<document><![CDATA[I'd rather have a lover
become a friend
than a friend
become a lover...
#mywords
#poetry]]></document>
		<document><![CDATA[i want to go home too... https://t.co/7NIkfhElcM]]></document>
		<document><![CDATA[@denisleary you'll win one with that sassyness...]]></document>
		<document><![CDATA[what hurt
you more
that you
shoved me
out the door
or that I've
knocked no more
#poetry]]></document>
		<document><![CDATA[@Shakestweetz i had 2 semesters in a community college on edu; i'm better qualified than #betsydeVos]]></document>
		<document><![CDATA[@Miliano5 @ChickFil @Uber @samsung&lt;~ damn it; i love that product; but i will boycott it also; i'm removing then fr. my email list]]></document>
		<document><![CDATA[when i step
my shadow dances
when i leap
my shadow prances
when i smile
my shadow sees you
#poetry
#joy
#life]]></document>
		<document><![CDATA[i made my day and blocked @ChickFil]]></document>
		<document><![CDATA[not paying for your services https://t.co/bz65el9SBD]]></document>
		<document><![CDATA[@bleedingheartmx in case u don't see the man climbing up the traffic light]]></document>
		<document><![CDATA[#BaconAQuote
she bacons me with her eyes]]></document>
		<document><![CDATA[#resistanceworks
stay #resistant #usa https://t.co/XmLV8U4yti]]></document>
		<document><![CDATA[them = christian republicans, right to lifers, @GOP https://t.co/xvNSmd6q8P]]></document>
		<document><![CDATA[#ReduceATVShow
un-friends-you]]></document>
		<document><![CDATA[@WanderinPoet oh bieber did? i don't watch inside hollywood or that pos @TMZ harvey levin]]></document>
		<document><![CDATA[what's this about i follow @MarkGKirshner &lt;~what's the dillio https://t.co/bj9rBT2Jr6]]></document>
		<document><![CDATA[#orangecounty
#life
#mentalillness https://t.co/zHgSdzmIeJ]]></document>
		<document><![CDATA[@POTUS @SpeakerRyan &lt;~both you #pos don't have to worry about your medicine; i hope you can sleep at night; wait yo… https://t.co/JWKvUqhplm]]></document>
		<document><![CDATA[oh my; @POTUS got his #std today...eww]]></document>
		<document><![CDATA[maybe @POTUS got his ftd today...]]></document>
		<document><![CDATA[@DNC bc science has proved people are born with tenancies to go left or right.. you've been straddling the fence for to long]]></document>
		<document><![CDATA[all we want from @DNC is your ultimate fight against the trump administration... period. quit with the selling and… https://t.co/9tLUzbclB5]]></document>
		<document><![CDATA[@Kenneth43446281 and you Kenneth are listed on the best...]]></document>
		<document><![CDATA[@dj13p wow.. i'm so humbled.. thank you]]></document>
		<document><![CDATA[@dj13p @RVAwonk thank you for the back up on my research...lol]]></document>
		<document><![CDATA[as much as i believe @POTUS44 loved usa; he is weeping for the country or laughing at @realDonaldTrump]]></document>
		<document><![CDATA[@realDonaldTrump &lt;~you're the metastasizing peach head]]></document>
		<document><![CDATA[i think this twitter medium is by far the best people and also the worst people; shit it's a cross section of humanity.. i love you all]]></document>
		<document><![CDATA[u haven't
smiled in a while
wilds got you mild
maybe i'ill turn
a frown after
u've come down
&amp; back around
#poetry 
#addiction
#depression]]></document>
		<document><![CDATA[the Laurel and fatty handshake
@POTUS https://t.co/Kqo2VPtV3l]]></document>
		<document><![CDATA[when you say i love you, but; you fucking lying....]]></document>
		<document><![CDATA[@DavidCornDC @jmdavid750 the @DNC should be ashamed of themselves for not having any balls]]></document>
		<document><![CDATA[the wedge
between you
and i is you
not us because
us would split
us in two

#poetry
#relationships]]></document>
		<document><![CDATA[@MaryEllenJazwin i don't even follow you remove yourself; block me]]></document>
		<document><![CDATA[me: oh I've never had a #ferrerorocher; are they good? (wink wink)
her: i can't have nothing!!]]></document>
		<document><![CDATA[@ticainuk 
be the bamboo
ever bending
piercing those
that land on
broken reeds
#poetry
#mused
#staystrong]]></document>
		<document><![CDATA[follow this thread https://t.co/Rr3pN8sPiJ]]></document>
		<document><![CDATA[@stephencrose he wants the oil....]]></document>
		<document><![CDATA[promise land; i guess it was only promised to you and wasps https://t.co/o88cNztn7i]]></document>
		<document><![CDATA[#corporateamerica; the people are fed up with your complicity in gouging rights so u can profit from the political… https://t.co/sNAQ7pO0UV]]></document>
		<document><![CDATA[this piece of shit tweeted this after the terrorist attack by white men https://t.co/vmXuxYXfQS]]></document>
		<document><![CDATA[@TH3_MAJ0R 
#healing in #writing]]></document>
		<document><![CDATA[#follow this #thread https://t.co/00eA0dHxZF]]></document>
		<document><![CDATA[@Freeyourmindkid and the emphasis on SAFE is your assurance;not the pesky unconstitutionality of the eo]]></document>
		<document><![CDATA[#FakeWallFacts
#titanatlas will do the environmental clean up after the wall is in place]]></document>
		<document><![CDATA[@ReadByStrangers me gonna quietly repost this thing at another site...😁]]></document>
		<document><![CDATA[hey they are calling your name @realDonaldTrump @POTUS https://t.co/iujzi6F1Gw]]></document>
		<document><![CDATA[#FailedAmericanSlogans
two mules and a covered wagon; #immigrants are the mules]]></document>
		<document><![CDATA[#undocumentedandunafraid
fuck off @POTUS 
reagan had the economy in mind when he granted me #amnesty]]></document>
		<document><![CDATA[@Mihero @thenation imo hrc normalised trump; using deplorables instead of calling him what he is; sociopathic misogynist liar.]]></document>
		<document><![CDATA[#1WordWrongASong
this is a man's worm..]]></document>
		<document><![CDATA[happy new year to all the cultures celebrating the #yearoftherooster https://t.co/OJC2oyq4ji]]></document>
		<document><![CDATA[@TheDailySchmuck @NYlegendd 
i love how ignorant folk dismiss the worst of our history and want to embrace the propaganda of usa]]></document>
		<document><![CDATA[@bleedingheartmx 2/2 there was movement towards equality the white establishment reeled it back; reconstruction/jimcrow/redlining/etcetc]]></document>
		<document><![CDATA[it's not at all crazy; the constitution never intended for women, or  black men (there were free-men at that time)… https://t.co/HPzMFx2bvX]]></document>
		<document><![CDATA[#mypic
#picpoetry
wind doth blow
turning wheel
moving gears
remaining sedentary
fixed in place
greeting every 
wisp… https://t.co/ClPwdoUJXq]]></document>
		<document><![CDATA[self imposed
blockades
dull &amp; atrophy
resolve &amp; desire
oh hurdles
I've hurled
at my feet
tripping up my mind
#poetry
#life
#hurdles]]></document>
		<document><![CDATA[follow #this #thread https://t.co/RF9Lycaw9a]]></document>
		<document><![CDATA[@WeakPokemon 
it's an illusion
mixed w/isolation
and mucho ass kissing...]]></document>
		<document><![CDATA[#instagram
him &amp; her bracelets https://t.co/8D9vflZqIt]]></document>
		<document><![CDATA[@lithub "the pigeon"
#poetry
#arabic https://t.co/2U2xGSyAvB]]></document>
		<document><![CDATA[i love you
what would
it be without you
it'd be sorrowful,
saddening, without
merit, without understanding
i still love you...
#poetry]]></document>
		<document><![CDATA[@spooney35 &lt;~sometimes i don't even check tweet; #ff both these lovely libs..~&gt;@cspanwj]]></document>
		<document><![CDATA[https://t.co/RnObNJDi8A via @youtube
#workersong
#revolution]]></document>
		<document><![CDATA[through valleys
down ravines
i see wooded
homes for birds
&amp; bees, squirrels
dance gathering
feed; i admire
love of life
4u &amp; me
#poetry]]></document>
		<document><![CDATA[#naughtyfoods 
bun cake
 honey buns&lt;~ prison exchange food https://t.co/9QrbPQgZ0x]]></document>
		<document><![CDATA[me: who's been the man; taking care of you
her: my biatch
me: yes]]></document>
		<document><![CDATA[@goth_librarian @JLoficial1 @BiblionetMx @1Atsuhimerose2 @noveliciouss 
my darling
once said to me
kiss me please me
or what would this be]]></document>
		<document><![CDATA[@zellieimani 
yes if one has ever seen the rage of a kardashian as opposed to the rage of a hard working person]]></document>
		<document><![CDATA[#revolution every #legislator needs to be on notice... we vote, we will not forget; this democracy is broken https://t.co/vHyroXBXaF]]></document>
		<document><![CDATA[wtf is wrong with you https://t.co/ady6KDuRSx]]></document>
		<document><![CDATA[#this https://t.co/TLksACvkYu]]></document>
		<document><![CDATA[@vicsepulveda that's the construction crew i don't want to see at a jobsite]]></document>
		<document><![CDATA[@HoodTaIk i'm down=let's do this]]></document>
		<document><![CDATA[@Frankie78209 @elonmusk &lt;~is a visionary.]]></document>
	</documents>
</author>