<author lang="en">
	<documents>
		<document><![CDATA[@MacGyverCBS @lucastill @cbswatchmag love them xx]]></document>
		<document><![CDATA[@AjohnBuckley @CBCPure hope we can see this (ireland) 😍]]></document>
		<document><![CDATA[@Smartiniful @shaunpcassidy @5star_tv aw what about over here shaun xx 😔]]></document>
		<document><![CDATA[@hwinkler4real loved this show xx 😍 https://t.co/KhFoo7cYCW]]></document>
		<document><![CDATA[@boyzlifetour @TheSun is there any Dublin dates xx]]></document>
		<document><![CDATA[@PLenkov yayyyyy macgyver starting here (ireland) on Wed xx 😍]]></document>
		<document><![CDATA[@boyzlifetour is Dublin included xx]]></document>
		<document><![CDATA[@Mark_Dacascos just watching season 1 episode 13 of H50 wofat rocked xx 😍]]></document>
		<document><![CDATA[@NBCChicagoPD aghhh no what haven't seen this yet 😍]]></document>
		<document><![CDATA[@HowardDonald does that include us across the water xx]]></document>
		<document><![CDATA[@RealGilbert @H50Europe loved mannix xx r.i.p Mike connors x]]></document>
		<document><![CDATA[@ThomasRFletcher @J0SHSTEWART @BackForkFilm that looks beautiful xx]]></document>
		<document><![CDATA[@derekhaas @angelkruzer aw no have a word with Voight we need Ruzek xx]]></document>
		<document><![CDATA[@derekhaas will we see any will and Jay storyline x]]></document>
		<document><![CDATA[@mchouen and I'm sure you will be x]]></document>
		<document><![CDATA[@NBCChicagoFire neverrrrrrr 😍 love the show so much x]]></document>
		<document><![CDATA[@PLenkov so that means we will get it here in Ireland aswell yayyyyy 😍]]></document>
		<document><![CDATA[@EvaLaRueDotNet @ImEvaLaRue @kayacallahan143 that's beautiful xx]]></document>
		<document><![CDATA[@yursar as brandon said you rock love your character otis on fire 😍]]></document>
		<document><![CDATA[@itvcorrie @shayneTward is it for u.k voters only because I've tryed and it's looking for postal code?]]></document>
		<document><![CDATA[@NBCChicagoFire love that man x]]></document>
		<document><![CDATA[@TaylorKinney111 love love this show so much xx 😍]]></document>
		<document><![CDATA[@H50Europe lol have I missed something what tweets 😃]]></document>
		<document><![CDATA[@JoeMantegna @rallywithripple thanks for letting us know xx]]></document>
		<document><![CDATA[@TaylorKinney112 @TaylorKinney111 omg 😍 wonder what the tat is x]]></document>
		<document><![CDATA[@HEPHNERJEFF @lizlongley wow love the look xx]]></document>
		<document><![CDATA[@mchouen wow you rock that look x]]></document>
		<document><![CDATA[@ChristianStolte I think he's a gd actor loved top gun x]]></document>
		<document><![CDATA[@lifeguardbox aw happy birthday 🎂 Geoff 😃]]></document>
		<document><![CDATA[@ericcolsen that was so beautiful xx]]></document>
		<document><![CDATA[@NCISLA @H50Europe couldnt believe it when I heard this morning so sad r.i.p Miguel x]]></document>
		<document><![CDATA[@derekhaas by letting us know when Ruzek is coming bk 😍]]></document>
		<document><![CDATA[@AjohnBuckley aw beautiful x]]></document>
		<document><![CDATA[@hwinkler4real just glad your here loves ye 😍]]></document>
		<document><![CDATA[@derekhaas I'm sure it was fantastic as usual haven't seen it here yet xx 😍]]></document>
		<document><![CDATA[@Nick_Wechsler @NBCChicagoPD not gd for us in Ireland aghhh eh are you a new member did I miss something seriously can't wait to see it here]]></document>
		<document><![CDATA[@HowardDonald @kaylazoe shat lol ye mean ye s--t 😂😂]]></document>
		<document><![CDATA[@randyflagler @NBCThisisUs would love to see this. loved Gerald in Simon and Simon x]]></document>
		<document><![CDATA[@DavidEigenberg omg I can't wait to see this episode over here in Ireland xx love you all xx]]></document>
		<document><![CDATA[@BloodyTourYork @shaunpcassidy @MsSarahPaulson @TheLucasBlack aw look at lucas so cute x]]></document>
		<document><![CDATA[@HEPHNERJEFF @DavidEigenberg @DRodinLA aw that's lovely you are all such great people luv ya xx]]></document>
		<document><![CDATA[@DylanBruno12 what beautiful pics xx]]></document>
		<document><![CDATA[@BenThapa82 @MezzoHelenJ congrats to you both xx]]></document>
		<document><![CDATA[@AjohnBuckley @CBCPure really hope we get to see it over here x]]></document>
		<document><![CDATA[@OfficialMarkO all my family including dad brother's my sons are all pool fans come on the pool x]]></document>
		<document><![CDATA[@ericcolsen seriously wish I didn't live in Ireland right nw xx]]></document>
		<document><![CDATA[@WillYunLee great pic aloha will xx]]></document>
		<document><![CDATA[@HowardDonald @JoHall30 it will at least take away the bugs going around x]]></document>
		<document><![CDATA[@HowardDonald want some here but we are not meant to get any x]]></document>
		<document><![CDATA[@GaryBarlow aw that's a beautiful pic happy anniversary to ye both xx]]></document>
		<document><![CDATA[@derekhaas look forward to it xx]]></document>
		<document><![CDATA[@DylanBruno12 @chrisbruno16 aw congrats to them both may they have many yrs of happiness xx]]></document>
		<document><![CDATA[@chrisbruno16 aw congrats to you both xx]]></document>
		<document><![CDATA[@shayneTward afternoon shayne have a nice day]]></document>
		<document><![CDATA[@H50Europe wow fab pic x]]></document>
		<document><![CDATA[@AjohnBuckley @CBCPure here's hopeing xx]]></document>
		<document><![CDATA[@TheLucasBlack ok what ever it means #RollTide just for you xx]]></document>
		<document><![CDATA[@JMRamos1701D @UKChicagoFire @ChicagoFireUK @UniversalChUK @NBCChicagoMed does that mean ireland aswell x]]></document>
		<document><![CDATA[@GaryBarlow sad sad people out there gary xx]]></document>
		<document><![CDATA[@NBCEmeraldCity @shaunpcassidy @sharilynns65 hope we get to see it in our emerald city xx]]></document>
		<document><![CDATA[@NBCChicagoMed there just isn't enough words xx 😍]]></document>
		<document><![CDATA[@AjohnBuckley @CBCPure @RyRobbins @baxtonpeesley @GordRand  @rosieperezbklyn @DylanTaylorEh I really hope we get to see it xx]]></document>
		<document><![CDATA[@HowardDonald well at least you don't have to listen to snoring all night 😠]]></document>
		<document><![CDATA[@FirefighterDem3 @randyflagler @squad2tony ahem it's Thursday lol xx]]></document>
		<document><![CDATA[@HowardDonald that counts me out so 😢]]></document>
		<document><![CDATA[@HowardDonald can we from Dublin enter 😃]]></document>
		<document><![CDATA[@GetDianeFarr @chrisbruno16 @DylanBruno12 ahhh what a great pic xx]]></document>
		<document><![CDATA[@derekhaas @snugasbug ireland??]]></document>
		<document><![CDATA[@DavidEigenberg how much are you like Herman in real life xx]]></document>
		<document><![CDATA[@DaphneS1980 me too I also like ncis LA and all the Chicago shows loved flashpoint csi miami and csi ny all those type of shows x]]></document>
		<document><![CDATA[@J0SHSTEWART happy new year from Dublin xx]]></document>
		<document><![CDATA[@OmarMiller happy new year to you too x]]></document>
		<document><![CDATA[@mchouen @RoddyMurray1 thank you]]></document>
		<document><![CDATA[@NCISNewOrleans happy new year to each and every one of you xx]]></document>
		<document><![CDATA[@ImEvaLaRue happy new year from Dublin ireland xx]]></document>
		<document><![CDATA[@elisasboy72 and what beautiful smiles they are xx]]></document>
		<document><![CDATA[@shaunpcassidy happy new year Sean to you and your family xx]]></document>
		<document><![CDATA[@mchouen happy new year to you Marc have a gd one x]]></document>
		<document><![CDATA[@jesseleesoffer I'm always like that lol gorgeous pic by the way xx]]></document>
		<document><![CDATA[@LG_Harries @Jethro_James happy new yr harries from us all here in Dublin ireland xx]]></document>
		<document><![CDATA[@TaylorKinneyTV @TaylorKinney112 @nickysgirl Oh for a min thought Taylor was leaving xx]]></document>
		<document><![CDATA[@shemarmoore happy new year xx]]></document>
		<document><![CDATA[@ricocolantoni just some happiness for once x]]></document>
		<document><![CDATA[@shanelynchlife happy new year to you and your family x]]></document>
		<document><![CDATA[@NBCChicagoFire can't wait happy new year to you all one Chicago rules x]]></document>
		<document><![CDATA[@TaylorKinney112 @TaylorKinneyTV what did I miss something xx]]></document>
		<document><![CDATA[@Selfridges @jeremypiven @MrSelfridge @ITV loved it xx]]></document>
		<document><![CDATA[@BbMrsbrownsboys @paddyhoulihan @Head54 looking forward to it xx]]></document>
		<document><![CDATA[@derekhaas hw will you be celebrating nye xx]]></document>
		<document><![CDATA[@MoonieCFC Oh how I'd love to be on that ice 😍]]></document>
		<document><![CDATA[@nicole_smith26 haha I used to be like that then I had kids lol 😜]]></document>
		<document><![CDATA[@ImThomasGibson and a happy new year to you and your family x]]></document>
		<document><![CDATA[@GaryBarlow happy new yr to you and your family love from Dublin ireland xx]]></document>
		<document><![CDATA[@FornellNCIS absolutely loved hill St blues xx 😍]]></document>
		<document><![CDATA[@DylanBruno12 omg that's beautiful xx happy new yr Dylan to you and your family love from us here in Ireland xx 😍]]></document>
		<document><![CDATA[@elisasboy72 would love to visit sometime x]]></document>
		<document><![CDATA[@elisasboy72 love your profile pic x 😍]]></document>
		<document><![CDATA[@GetDianeFarr hope your ok x]]></document>
		<document><![CDATA[@CBSIntlTweet @sky1 @PLenkov so the same for ireland]]></document>
		<document><![CDATA[@ricocolantoni @Shrkattak sharing is caring xx 😍 😜]]></document>
	</documents>
</author>