<author lang="en">
	<documents>
		<document><![CDATA[@TheRealDaveG Big turn out then 😜]]></document>
		<document><![CDATA[@paulcathcart81 They're mad for it.]]></document>
		<document><![CDATA[Our usual seats purchased for the derby. Online. Piece of cake!! #HMFC #derbyday]]></document>
		<document><![CDATA[@WeeFrah Still find it bizarre when technology is here to help.]]></document>
		<document><![CDATA[Why do folk still queue up in this day &amp; age? https://t.co/xRykNtM7tN]]></document>
		<document><![CDATA[I think you'll find Rossi &amp; Muirhead wanted to leave the club. That doesn't make such it a good read though, does i… https://t.co/FQK04Z7eGT]]></document>
		<document><![CDATA[The only time I ever witnessed Conor Sammon trap a football in a Hearts shirt, he was offside. #HMFC]]></document>
		<document><![CDATA[I'd love to say that you gave it your best shot, but you didn't. Thought you would have been decent but wasn't to be. 👋🏻 Sammon 🐠 #HMFC]]></document>
		<document><![CDATA["Efe doesn't do pub teams" #Hibs https://t.co/5dfloX3NQp]]></document>
		<document><![CDATA[@HeartsRant No less than 1 million.]]></document>
		<document><![CDATA[@TheRealDaveG 5 players (high earners) left, most if not all new signings on short term deals &amp; will be within our budget.]]></document>
		<document><![CDATA[@Kenny_Millar 10th signing for Hearts? 🤔]]></document>
		<document><![CDATA[@Freddiewhite23 @fuimus1980 That means he doesn't know 😜]]></document>
		<document><![CDATA[Some twat on Hearts FB post suggesting Tynecastle is no longer a fortress because you can't hurl abuse at opposition players. F**k me!]]></document>
		<document><![CDATA[@BarryAnderson_ As in bigger clubs will be sniffing about him? You've built him up now]]></document>
		<document><![CDATA[Getting into the Hearts team won't be the hardest task awaiting Goncalves. Walking past Wetherspoons without popping in will. 🍻#thoseprices]]></document>
		<document><![CDATA[Right @JamTarts, time to kick on and get this season back on track! #HMFC]]></document>
		<document><![CDATA[@anthonyabrown Ridiculous amount of signings for a Jan window. Another overhaul in the summer on the cards as well.]]></document>
		<document><![CDATA[I fully expect Hearts to release an "updated" 2017 calendar next week. #HMFC]]></document>
		<document><![CDATA[Roll up. Roll up. #livemusic #thesherlocks https://t.co/hwcHpkQdOs]]></document>
		<document><![CDATA[@The_Tman10 The boy must be loaded already. Money shouldn't be the most important part in this situation.]]></document>
		<document><![CDATA[What a rocket 🚀 https://t.co/t9UJrJKds7]]></document>
		<document><![CDATA[@kempy79 You would have thought so.]]></document>
		<document><![CDATA[@JenJ_ScotsGirl @scward2000 Thankfully for her she did on this occasion 👊🏻]]></document>
		<document><![CDATA[@kempy79 Honking mate. May as well just give the ball back to the opposition that pass it back to him.]]></document>
		<document><![CDATA[Hangover cure! https://t.co/R4Q4iwYL0z]]></document>
		<document><![CDATA[Patience is the key for all Hearts "supporters" at the minute. #hmfc]]></document>
		<document><![CDATA[Folk moaning about resting players in #facup. Same people quite happy when their clubs fork out shed loads of 💷 to get into Champs Lge.]]></document>
		<document><![CDATA[@AlistairDobbie Issues, yes but not major ones. New guys need time to bed in. Unfortunately looks like we'll need to wait till next season]]></document>
		<document><![CDATA[@AlistairDobbie "major problems"? I'm not having that.]]></document>
		<document><![CDATA[Someone (Gallacher) really needs to get Hamilton in and show him footage of his kicking &amp; sort it out pronto. Not good enough. #HMFC]]></document>
		<document><![CDATA[Avoidable goals conceded. Delivery from wide areas poor throughout. Caught out too many times down the right. Injury to Souttar. 👎🏻 #HMFC]]></document>
		<document><![CDATA[Doesn't look good for Souttar. 😩 #HMFC]]></document>
		<document><![CDATA[@RFBorthwick I've been very impressed by him. Looks a good acquisition for me.]]></document>
		<document><![CDATA[Jack Hamiltons distribution is woeful. The laddie cannae kick a ball properly. Worrying. #HMFC]]></document>
		<document><![CDATA[C'mon @JamTarts. Let's get into this pub team!!! 🙃 #HMFC]]></document>
		<document><![CDATA[Must still be pished. Just stuck a bet on Hearts to win 1-0. #HMFC]]></document>
		<document><![CDATA[@Russnpea Nice one. I'll check them out]]></document>
		<document><![CDATA[In a pub on Leith Walk. Guys just walked in and asked if he can BYOB. 😂]]></document>
		<document><![CDATA[@TheRealDaveG So I was hearing. Not heard much about him to be honest.]]></document>
		<document><![CDATA[@HeartsTickets @JamTarts Thanks for that.]]></document>
		<document><![CDATA[How long after kick off do the turnstiles close at Tynecastle @JamTarts @HeartsTickets?]]></document>
		<document><![CDATA[Need to get this under control, pronto!! https://t.co/nHAp3aMQkQ]]></document>
		<document><![CDATA[@Stenbizz Congrats to you all mate 👍🏻👶🏻]]></document>
		<document><![CDATA[@edinhelp "Page not found". Why is there such a hassle with your online rubbish/recycle collection pages?]]></document>
		<document><![CDATA[@pieandbov Whats his tipple?]]></document>
		<document><![CDATA[@PeteSwift1 He was in the 2nd row to the side of the dugout. #fud]]></document>
		<document><![CDATA[@shazxraz Geniune. He was at him as soon as we went 1 down. Embarrassing from anyone, let alone a grown man!]]></document>
		<document><![CDATA[The arsehole element of our support never ceases to amaze me. Boy trying to taunt Cathro with a PlayStation controller pic on his phone!]]></document>
		<document><![CDATA[Gowser chat is probably just paper talk but don't think we need that type of player. Experienced CB (not 37), winger &amp; 2 forwards please!]]></document>
		<document><![CDATA[@jamiekborthwick 3 million fee. 3 yr deal. 3 million signing on fee!]]></document>
		<document><![CDATA[@shogg89 Exactly.]]></document>
		<document><![CDATA[#Snodgrass linked with Burnley? No disrespect, but I'm surprised a bigger team hasn't taken a punt. Injury record putting them off?]]></document>
		<document><![CDATA[@Kenny_Millar Fingers crossed. Not one for "panic buys" just to get more bodies in, but so long as he can add to what we currently have.]]></document>
		<document><![CDATA[@Kenny_Millar @scotsunsport Cool. Always difficult to judge once they leave Scottish football &amp; return a few yrs later.]]></document>
		<document><![CDATA[@Kenny_Millar @scotsunsport Is he the answer to our current forward dilemma?]]></document>
		<document><![CDATA[Open &amp; honest piece. Need to see some signs of progress on the park, starting tonight! #HMFC https://t.co/ZMImSveVTV]]></document>
		<document><![CDATA[Folk like Brown, Boyd, Craigan, Fullerton etc are shit scared of change as there is no place for them in it. #FACT]]></document>
		<document><![CDATA[Robbie did "alright" at Hearts. Aye, ok then Billy. Clowns like this are the reason Scottish football will not prog… https://t.co/WHjZhoOBYM]]></document>
		<document><![CDATA[@chapstar09 @HeartsRant That doesn't mean he'd run the show. I'd drop him over Kitchen &amp; Novak.]]></document>
		<document><![CDATA[@chapstar09 @HeartsRant Run the show? I wouldn't agree with that]]></document>
		<document><![CDATA[@HeartsRant Cowie looked a yard of it today for me. Cathro has a decision to make as don't need all 3, unless it's away to Celtic.]]></document>
		<document><![CDATA[@HeartsRant That side doesn't need 3 defensive midfielders. Cowie was the poorest for me.]]></document>
		<document><![CDATA[@HeartsRant Was he the missing link for you today?]]></document>
		<document><![CDATA[@HeartsRant I don't think he's the (current) issue with the team.]]></document>
		<document><![CDATA[@shazxraz It is, but we need to improve. Not seeing many signs of that so far]]></document>
		<document><![CDATA[@shazxraz There's not much to go on just now, Sharon.]]></document>
		<document><![CDATA[Zero pace in that team. That needs to be addressed pronto! No need to play with 3 defensive minded midfielders. #HMFC]]></document>
		<document><![CDATA[@Russnpea Folk clapping in front of us.]]></document>
		<document><![CDATA[The Skacel love-in continues. Think some Hearts fans would have a defeat today just to cheer him on. #Embarrassing]]></document>
		<document><![CDATA[A money spinning return leg. #HMFC]]></document>
		<document><![CDATA[@PeteSwift1 @FionaMacF You should write a book on your seaside away days]]></document>
		<document><![CDATA[@kempy79 Mad for them...]]></document>
		<document><![CDATA[Man City vs Spurs

Or

Barnsley vs Leeds

Mighty whites for me! #LUFC #MOT]]></document>
		<document><![CDATA[I shall redress the balance tomorrow with a few light refreshments in Kirkcaldy. #HMFC #awaydays]]></document>
		<document><![CDATA[Drop wife off ✔️
Clean house ✔️
Go for a run ✔️
Supermarket ✔️
Walk the dog ✔️
Pickup wife ✔️]]></document>
		<document><![CDATA[Note to @scward2000: best not send me on the weekly "food" shop again! 🍻😜 https://t.co/0UQvApktTo]]></document>
		<document><![CDATA[Spot the dog! https://t.co/kpiXksft3u]]></document>
		<document><![CDATA[All the very best to Edinburgh's finest @Bonnyriggrose81 in their fourth round Scottish Cup clash today. #scottishcup]]></document>
		<document><![CDATA[@Kenny_Millar Might just be the player to help him get to the next level]]></document>
		<document><![CDATA[@TheThrifter70 I heard it came from your section!]]></document>
		<document><![CDATA[@TheRealDaveG You've really been called that?]]></document>
		<document><![CDATA[I find it funny that #Hibs have done nothing about the yrs of racist chants towards Skacel, yet on this ONE occasion they deny it happening!]]></document>
		<document><![CDATA[Westworld ✔️

Next to...Stranger Things.]]></document>
		<document><![CDATA[@fuimus1980 Saw a tweet about him back training there.]]></document>
		<document><![CDATA[@fuimus1980 Commons back to Celtic]]></document>
		<document><![CDATA[@Kenny_Millar Would Hearts have offered him a longer deal or Cathro not fancy him?]]></document>
		<document><![CDATA[CAN THE REAL CONOR SAMMON PLEASE STAND UP!! #HMFC]]></document>
		<document><![CDATA[Cannae wait to see the influx of new forwards!! 😐 #HMFC https://t.co/EKbzH2jTOo]]></document>
		<document><![CDATA[He's technically out of contract when he's due to return from injury 😉 https://t.co/2vmdGU84AB]]></document>
		<document><![CDATA[@HeartsRant Still think there's deals to be done in the lower leagues in Scotland.]]></document>
		<document><![CDATA[@TheRealDaveG Sign of the times sadly.]]></document>
		<document><![CDATA[Gone have the days of picking up the best Scottish talent from other (rival) clubs. 3/3]]></document>
		<document><![CDATA[Having said that, the Scottish market isn't always viable with the budget we have so more emphasis on developing within. 2/3]]></document>
		<document><![CDATA[It's a difficult juggling act but signing players from abroad at the risk of (potential) local talent isn't the way I want us to go 1/3]]></document>
		<document><![CDATA[What a story! There are other routes to getting back into football. Great work by @i2i_academy! #LUFC #Vieira https://t.co/LadwB6rKUo]]></document>
		<document><![CDATA[Let's hope this latest signing sees out his 3 year deal (for the right reasons). #HMFC]]></document>
		<document><![CDATA[Mick McCarthy's take on Berra leaving... #ITFC #HMFC https://t.co/cKBN7Qt84Z]]></document>
		<document><![CDATA[Tynecastle as we know it...for now! #HMFC #tynecastlestadium @JamTarts https://t.co/Fa2w15G6Rb]]></document>
		<document><![CDATA[The Girl on the Train novel (based in U.K.)

The Girl on the Train film (based in USA)

Have you got anything to do with this @ScotRail?]]></document>
	</documents>
</author>