<author lang="en">
	<documents>
		<document><![CDATA[The Netherlands welcomes Trump in his own words

https://t.co/Qtmex04Ybm]]></document>
		<document><![CDATA[Fact or fiction: Trump will tweet something incredibly controversial someday and subsequently claim that his Twitter was hacked.]]></document>
		<document><![CDATA[@danhardymma Congrats Dan, looking forward to reading it.]]></document>
		<document><![CDATA[@kevdcoffey Good lord. Read this - https://t.co/rMsXjGKwhk]]></document>
		<document><![CDATA[@Scroobiuspipyo I'm with The Mac Life now, would love to get you on a podcast one day down the line if you'd be interested in that.]]></document>
		<document><![CDATA[@Scroobiuspipyo I interviewed you years ago when Distraction Pieces came out and we chatted MMA for a good portion of it.]]></document>
		<document><![CDATA[@kevdcoffey It's the inevitable end point to the GOP pandering to the tea partiers to garner support for their anti-Obama policies.]]></document>
		<document><![CDATA[@JESnowden As mentioned in the article. It's more a hypothetical musing.]]></document>
		<document><![CDATA[@Scroobiuspipyo Hey man. I'm an MMA journalist and was just curious, do you do any coverage of the sport anymore?]]></document>
		<document><![CDATA[@kevdcoffey Obsessed is right. This crusade he's leading about illegal voters is unbelievable. You won, Donny. Let it go.]]></document>
		<document><![CDATA[@kevdcoffey I think there's a realistic chance he does of Pope Benedict and gets out of office because of failing cognitive ability.]]></document>
		<document><![CDATA[@kevdcoffey Interesting series of tweets here: https://t.co/Mlr6g44jRD]]></document>
		<document><![CDATA[@kevdcoffey Have you read the speculation about his deteriorating mental state?]]></document>
		<document><![CDATA[@JohnBalfe @kevdcoffey Those things are incredibly easy to hack.]]></document>
		<document><![CDATA[@kevdcoffey It's incredible. Obama wasn't allowed have a phone that had access to the internet but Trump is using his unsecured Android.]]></document>
		<document><![CDATA[@PetesyCarroll @SevereMMA It won't happen (they train together I think?) but from a skills perspective I'd love to see McColgan in there.]]></document>
		<document><![CDATA[@AndyFriedlander Well played, Andy. Well played.]]></document>
		<document><![CDATA[Okay, who had 6 days before the Trump administration tweeted out the nuclear codes? https://t.co/AqyYXlpDzj]]></document>
		<document><![CDATA[#NotTheOnion. https://t.co/ukKUMNm1L4]]></document>
		<document><![CDATA[@Immikesheridan @trotternell Watched the first one last night! Fantastic movie.]]></document>
		<document><![CDATA[Trump when asked about his first week in the White House: "These are the most beautiful phones I’ve ever used in my life." 

REAL LIFE.]]></document>
		<document><![CDATA[If/when Donald Trump resigns the presidency/gets impeached I bet you 50% of the news media will lead with 'Unpresidented' as their headline.]]></document>
		<document><![CDATA[Well, this isn't great. https://t.co/QIEjnn7FO0]]></document>
		<document><![CDATA[@jamesvmcmorrow I just admired your stride from afar. Solid speed, gait... well played.]]></document>
		<document><![CDATA[@jamesvmcmorrow Was that you running past me without even so much as a hello?]]></document>
		<document><![CDATA[@oscarswillis Surgery apparently.]]></document>
		<document><![CDATA[@Immikesheridan @Mikeyt086 Ah, that makes sense.]]></document>
		<document><![CDATA[Whatever happened with that Frankie Edgar event in Clonsilla?]]></document>
		<document><![CDATA[Trump is displaying a picture of his inauguration in the White House that has the incorrect date printed on it.… https://t.co/jDp39b7EpR]]></document>
		<document><![CDATA[@niallmcgrath4 Thought the exact same thing myself.]]></document>
		<document><![CDATA[I grabbed a few words with James Gallagher (@StrabanimalMMA) ahead of his bout in Belfast next month. 

https://t.co/noLjFRT7Cs]]></document>
		<document><![CDATA[@SeanSheehanBA @SevereMMAPod This is my favourite sentence in MMA history.]]></document>
		<document><![CDATA[@SeanSheehanBA @SevereMMAPod "I want to tell me me what you see, let's go ahead and see by the fight, what saw, in the ring".]]></document>
		<document><![CDATA[Man, this interview with Mike Goldberg...]]></document>
		<document><![CDATA[@TWooodley Excellent interview on #TheMMAHour today. Well done.]]></document>
		<document><![CDATA[You're out of your element, Donny.

Note: Obama won the popular vote in both of his elections. #AlternativeFacts https://t.co/LC27HpYrX4]]></document>
		<document><![CDATA[Had a chat with @RusHammerMMA, here's what we talked about. https://t.co/oVL2oLyaJg]]></document>
		<document><![CDATA[@elwinter Sorry to hear you are leaving, Eric. You did a fantastic job.]]></document>
		<document><![CDATA[@vjerkov "Shutted"]]></document>
		<document><![CDATA[Donald Trump is currently polling just six points higher than Richard Nixon post-Watergate.]]></document>
		<document><![CDATA[Well at least he pronounced all the big words correctly, with the excpetion of saying "factories shutted".]]></document>
		<document><![CDATA[Tunnels? Do we really need more tunnels?]]></document>
		<document><![CDATA[*WEIRD NOSE BREATHING NOISE*]]></document>
		<document><![CDATA["January 20th 2017 will be known...as the day Skynet became self-aware" - Pres. Donald J. Trump.]]></document>
		<document><![CDATA[The only positive of this whole thing is that we will have to see Trump raise his TINY, TINY hand while taking the oath of office.]]></document>
		<document><![CDATA[Look at Baron playing Candy Crush Saga in the background there.]]></document>
		<document><![CDATA[What's the over/under on Baron Trump doing a dab before this is all over?]]></document>
		<document><![CDATA[President-Elect Donald Trump who, don't forget, was once the recipient of a Stone Cold Stunner, is moments away from assuming the presidency]]></document>
		<document><![CDATA[You'd suspect that if Melania was capable of human emotion she would find this event quite moving.]]></document>
		<document><![CDATA[Why does Melania look like she's walking to the gallows?]]></document>
		<document><![CDATA[What happens if Hillary sprints to the front, mid-inauguration, puts her hand on the bible and quickly recites the oath?]]></document>
		<document><![CDATA[@KPnDC B/C Trump has 20 yr vendetta against a journo who described his hands as small, leading to DT bragging abt his penis size in a debate]]></document>
		<document><![CDATA[The size of his hands, lads. https://t.co/4gYofTyQrU]]></document>
		<document><![CDATA[Donald Trump's response when asked to recommend a book. This is actually a thing that's happening in the world we l… https://t.co/xSfuGEwP40]]></document>
		<document><![CDATA[Looking forward to the next episode of real life Black Mirror, broadcast live from Washington DC at around 4pm today.]]></document>
		<document><![CDATA[@Immikesheridan Yeah, despite the effort he puts in Tito has never been good at this sort of thing.]]></document>
		<document><![CDATA[@Immikesheridan See his interview with Raimondi yesterday?]]></document>
		<document><![CDATA[I watched 'Cell' last night, so you don't have to. Someone really needs to have a word with John Cusack.]]></document>
		<document><![CDATA[@SeanSheehanBA Yep. Needs to step up and prove it now. Good business for Chelsea, they have far better youth strikers on their books.]]></document>
		<document><![CDATA[@teabags18 That's definitely worth a revisit of Busy At Maths if you ask me. https://t.co/noATfpnZp0]]></document>
		<document><![CDATA[@Meteor_Mobile PIN to unlock my phone? Or is there another PIN?]]></document>
		<document><![CDATA[@Meteor_Mobile MeMeteor page says data isn't used at all. Though still listing payment due despite paying it yesterday. Is that the prob?]]></document>
		<document><![CDATA[@Meteor_Mobile Hi guys, is there any reason why my data isn't working? Phone working but data not. Paid bill in full yesterday.]]></document>
		<document><![CDATA[@simonhead Nothing but a minor blip, brother. Your expertise would be invaluable to practically any publisher.]]></document>
		<document><![CDATA[@CubSwanson The show was likely programmed before the fight. You and Choi is the fight of the year in my opinion. Amazing from you both.]]></document>
		<document><![CDATA[@CarolineForan What? I just did that ant it was like $20 or something.]]></document>
		<document><![CDATA[@HanrattyDave @BrianMLloyd Sandler's finest work.]]></document>
		<document><![CDATA[@HanrattyDave @BrianMLloyd The Waterboy is a work of art and I won't accept anyone saying otherwise.]]></document>
		<document><![CDATA[@sweetoblivion26 @DanceKatieKim It really is.]]></document>
		<document><![CDATA[Happy new year, everyone. You're all great folk.]]></document>
		<document><![CDATA[If you start Star Wars ep. 4 at exactly 10:02:43pm, the death star will explode at midnight. 

(Spoilers)]]></document>
		<document><![CDATA[I have watched practically every UFC card since around 2003 and Mike Goldberg has called the vast, vast majority of them. He'll be missed.]]></document>
		<document><![CDATA[@niallmcgrath4 Well, bad news for Thatch.]]></document>
		<document><![CDATA[@niallmcgrath4 Same here. About time Thatch delivers on his potential.]]></document>
		<document><![CDATA[@niallmcgrath4 Who you got?]]></document>
		<document><![CDATA[@SeanSheehanBA Completely with you. It's not going to be the same.]]></document>
		<document><![CDATA[The early weigh-ins, while a good idea, are looking more and more like a flawed system. https://t.co/cseI8tCzzn]]></document>
		<document><![CDATA[@JohnBalfe Carrie Fisher died today. She drowned in moonlight, strangled by her own bra.]]></document>
		<document><![CDATA[In her book Wishful Drinking, Carrie F. wrote: "No matter how I go I want it reported that I drowned in moonlight, strangled by my own bra'.]]></document>
		<document><![CDATA[@heftyhorse They had two bad matches all season. 10 clean sheets in last 12 games and Luiz has been central to that.]]></document>
		<document><![CDATA[@heftyhorse Regardless of system, he's been faultless and a key part of the best defense in the PL this season.]]></document>
		<document><![CDATA[It's interesting that, despite the questioning of his signing last summer, David Luiz has matured into (by far) the best centre half in PL.]]></document>
		<document><![CDATA[It's interesting seeing the same newspapers that castigated George Michael in the 90's eulogising him today.]]></document>
		<document><![CDATA[My seven and a half year old niece (and god daughter) today discovered that I'm her mother's brother. It was quite a moment.]]></document>
		<document><![CDATA[@JohnMcCarthyMMA In retrospect, how do you think you would have done if you had competed at UFC 1?]]></document>
		<document><![CDATA[Christmas card from El Presidente, Michael D. And here's to lots more. https://t.co/9iIrLDAFBG]]></document>
		<document><![CDATA[@IndoSport Incorrect photo caption guys, McCartney is on the right of the image and not the left.]]></document>
		<document><![CDATA[@Immikesheridan Pretty fucking unprofessional]]></document>
		<document><![CDATA[Wanderlei Silva watching the Brian Moore v Daniel Weichel fight like a hawk. https://t.co/y97aQ4rZTf]]></document>
		<document><![CDATA[@SeanSheehanBA Are you up in Dublin for the fights Sean?]]></document>
		<document><![CDATA[@LeGalaxie Not even joking, when the bass kicked in on your first song my friend's pint exploded spontaneously. No… https://t.co/wC3p34wvqr]]></document>
		<document><![CDATA[@JohnBalfe You can actually pinpoint the moment it all went wrong for him. Mourinho hasn't been the same since Chelsea lost 5-3 to Spurs.]]></document>
		<document><![CDATA[We are approaching the two year anniversary since a José Mourinho side has displayed any consistent form in the English league.]]></document>
		<document><![CDATA[@LIUX_TV Hello there. I am trying to log in to renew my membership but getting a 503 Gateway timeout error message. Any fix to this?]]></document>
		<document><![CDATA[Rathmines at 4pm in the winter. https://t.co/CW3IRCSRiy]]></document>
		<document><![CDATA[I have heard contrasting opinions about Westworld. Some love it, others despise it. Who am I to believe?]]></document>
		<document><![CDATA[@ChuckMindenhall Can you please ask Ratner to consult with the Norse gods and check the legality of this? Thanks Chuck.]]></document>
		<document><![CDATA[Max Holloway is a nice guy. https://t.co/l0YezC6MVg]]></document>
		<document><![CDATA[@johnkellytweets That's 'Nobel Laureate Bob Dylan' to you and me...]]></document>
		<document><![CDATA[Doo Ho Choi “trying not to think about” his mandated military service

https://t.co/tf09VukmbS https://t.co/kkwgc9PiAK]]></document>
	</documents>
</author>