<author lang="en">
	<documents>
		<document><![CDATA[When you realize Riverdale was filmed in your backyard hah]]></document>
		<document><![CDATA[Harry Potter and a poke bowl 👌🏼]]></document>
		<document><![CDATA[@xuggi_ im ded hooman. not so great tbh but keeping positive heh]]></document>
		<document><![CDATA[when you're searching for a pic and you're really excited you type it all in CAPS]]></document>
		<document><![CDATA[this is actually quite hard]]></document>
		<document><![CDATA[turning my brain off]]></document>
		<document><![CDATA[My snot is frozen 🎄]]></document>
		<document><![CDATA[#TheGivingEffect]]></document>
		<document><![CDATA[Concert night! 🤐]]></document>
		<document><![CDATA[when you're only their friend cuz they need something from you.. fucktard.]]></document>
		<document><![CDATA[when people just use you.. FUCK YOU]]></document>
		<document><![CDATA[shoot me now]]></document>
		<document><![CDATA[Sweet dreams that tend thee in thy sleep, to soothe thy rest 'til morning's light]]></document>
		<document><![CDATA[Finally some sun! https://t.co/98BFYAcwlj]]></document>
		<document><![CDATA[Gig at the Vancouver club hell yeah]]></document>
		<document><![CDATA[such a try hard little motherfucker #keeptrying]]></document>
		<document><![CDATA[surgery day!!]]></document>
		<document><![CDATA[finally a break from work and school]]></document>
		<document><![CDATA[early morning meeting no thanks]]></document>
		<document><![CDATA[When your waffles are 👌🏼 https://t.co/VNoXRxjdrW]]></document>
		<document><![CDATA[@omgsakura you're welcome love 😘]]></document>
		<document><![CDATA[MID SHOWER AND THEY FUCKING TURN THE WATER OFF. LIKE FUCK]]></document>
		<document><![CDATA[Back to pulling my lazy bum dog off the bed]]></document>
		<document><![CDATA[Heading home! 🇨🇦]]></document>
		<document><![CDATA[Home sick, sick at home]]></document>
		<document><![CDATA[When 6 kids jump on you #ded]]></document>
		<document><![CDATA[I don't get how my mom manages to take a video upside down.. Like how..???🙄]]></document>
		<document><![CDATA[Vegas bound!]]></document>
		<document><![CDATA[A shot of blue a day keeps the doctor away]]></document>
		<document><![CDATA[Missing Seattle https://t.co/AgFQ3mrnJY]]></document>
		<document><![CDATA[White coffee😌]]></document>
		<document><![CDATA[Can slow smile be a thing 🙂@Jenna_Marbles @JulienSolomita]]></document>
		<document><![CDATA[12 hours of sleep and rainy LA morning? Damnn]]></document>
		<document><![CDATA[Peace out VanCity ✌🏻✈️]]></document>
		<document><![CDATA[This sign was too damn sketchy. It looked like it was written with blood. https://t.co/ddbz8GgEfP]]></document>
		<document><![CDATA[Tonight was quite the night 😌]]></document>
		<document><![CDATA[The great wheel🎡 @ Seattle Great Wheel https://t.co/kcmIKatcJd]]></document>
		<document><![CDATA[finally got a haircut]]></document>
		<document><![CDATA[HOW DO U KNOW ALL MY SURPRISES FOR U 🙈😫🙃 @omgsakura]]></document>
		<document><![CDATA[That UGG lineup tho.]]></document>
		<document><![CDATA[bitchbitchbitchbitchbitch]]></document>
		<document><![CDATA[Food adventures 🍦🎂 https://t.co/sDTkXrLGfM]]></document>
		<document><![CDATA[Face ache]]></document>
		<document><![CDATA[when u so lazy u register your toe on your touch I.D.]]></document>
		<document><![CDATA[so glad I didn't have work at robson today]]></document>
		<document><![CDATA[I finally found sandwich heaven 🙌🏻 https://t.co/JFpF8riyOo]]></document>
		<document><![CDATA[bright and icy]]></document>
		<document><![CDATA[me when climbing https://t.co/Zvnn9N0CBO]]></document>
		<document><![CDATA[time for snoooow]]></document>
		<document><![CDATA[My snap story just shows how bored I am at work]]></document>
		<document><![CDATA[Every time I take her out on a date, she always gets the same thing. #allboutthatchickenparmesan https://t.co/7ujjn3XnFc]]></document>
		<document><![CDATA[germaphobe? or you don't touch anything in public places?]]></document>
		<document><![CDATA[we all get it.. you can't handle yourself]]></document>
		<document><![CDATA[When you try to be a good boyfriend and shop with her 🙈 https://t.co/qaP8FYNdqw]]></document>
		<document><![CDATA[spectre tho]]></document>
		<document><![CDATA[i just finished a 3 hour long youtube video.. what am i doing]]></document>
		<document><![CDATA[extra rainy vancouver why why why]]></document>
		<document><![CDATA[i'm dreaming of a white christmas]]></document>
		<document><![CDATA[Quite another rainy day https://t.co/Dh0aYQzoar]]></document>
		<document><![CDATA[When people come up to you with a grin on their faces and be like "what's that huh? 😏" lol shit.]]></document>
		<document><![CDATA[Time goes on and people get hurt. What's new]]></document>
		<document><![CDATA[Love is for everyone ❤️ https://t.co/dlpTLseYlJ]]></document>
		<document><![CDATA[Hot milk tea on this cold ass night]]></document>
		<document><![CDATA[Sometimes you just can't help but spoil each other ❤️ https://t.co/6wd3RSl6lP]]></document>
		<document><![CDATA[watching all of these wisdom teeth videos lol]]></document>
		<document><![CDATA[i swear @omgsakura is the cutest]]></document>
		<document><![CDATA[Love how people don't know how to line up]]></document>
		<document><![CDATA[Nothing beats the sweet smell of cow shit]]></document>
		<document><![CDATA[it's fun sending someone the middle finger emoji esp when you hate them and they dont see it lol]]></document>
		<document><![CDATA[stop being such a try-hard]]></document>
		<document><![CDATA[@80saesthetics just eat the humans]]></document>
		<document><![CDATA[these past two days have been such a blast! @omgsakura  u da bomb]]></document>
		<document><![CDATA[Dem beats tho. #bach]]></document>
		<document><![CDATA[Chopin and Bach vibes]]></document>
		<document><![CDATA[netflix, hot cocoa, and chill]]></document>
		<document><![CDATA[this medicine is gross af]]></document>
		<document><![CDATA[Take me to church was playing as a soundtrack to my dream. Wtf.]]></document>
		<document><![CDATA[finally home before 12]]></document>
		<document><![CDATA[LOLWTF🐷 even their wifi is closed? http://t.co/3mTYeORSgD]]></document>
		<document><![CDATA[defs wanna go for a timmy's run]]></document>
		<document><![CDATA[late night doughnut cravings]]></document>
		<document><![CDATA[when you sleep so great and your dream was spot on 😌]]></document>
		<document><![CDATA[When you're sitting on the train someone random knows you, hu u bish]]></document>
		<document><![CDATA[lying wont make things better]]></document>
		<document><![CDATA[empathy]]></document>
		<document><![CDATA[fuck u migrain you can eat shit]]></document>
		<document><![CDATA[egotistic motherfucker.]]></document>
		<document><![CDATA[The Martian with the ninja crew Tass]]></document>
		<document><![CDATA[when your room is furthest away from the router and you get choppy internet]]></document>
		<document><![CDATA[Fuck off]]></document>
		<document><![CDATA[4gb/s download speed? thank you good internet]]></document>
		<document><![CDATA[when you have a long day ahead, but you cant sleep]]></document>
		<document><![CDATA[@scoobsparebro screen crop and slick wraps bruh hahahaah jk]]></document>
		<document><![CDATA[tomorrow is d day]]></document>
		<document><![CDATA[cough cough]]></document>
		<document><![CDATA[exhausting and long ass day]]></document>
		<document><![CDATA[While most people were too busy observing the lunar eclipse, I was adoring the beauty of the sunset… https://t.co/BZ08kjKJR4]]></document>
		<document><![CDATA[why am i up so early. buu]]></document>
		<document><![CDATA[Didn't quite make it but #nationalcoffeeday ☕️ https://t.co/eUNf5QVcDN]]></document>
		<document><![CDATA[@sakurathehuman  sweeeet cherry pie woo o o oh...  it's stuck in my head.. #wronglyrics]]></document>
	</documents>
</author>