<author lang="en">
	<documents>
		<document><![CDATA[You usually favor a fair and balanced approach, but your capac... More for Libra https://t.co/ECISQz8evl]]></document>
		<document><![CDATA[Old memories bubble up to the surface accompanied by a bitters... More for Libra https://t.co/ECISQz8evl]]></document>
		<document><![CDATA[You are turning a new page and are no longer afraid to speak u... More for Libra https://t.co/ECISQz8evl]]></document>
		<document><![CDATA[A new chapter is beginning in which you're called to intellect... More for Libra https://t.co/ECISQz8evl]]></document>
		<document><![CDATA[You may have made one too many promises, and you plan to follo... More for Libra https://t.co/ECISQz8evl]]></document>
		<document><![CDATA[Your people skills are one of your best assets and it's gratif... More for Libra https://t.co/ECISQz8evl]]></document>
		<document><![CDATA[You might not understand why, but it seems as if people are ha... More for Libra https://t.co/ECISQyQDDN]]></document>
		<document><![CDATA[Your unusual approach to work today may baffle those around yo... More for Libra https://t.co/ECISQz8evl]]></document>
		<document><![CDATA[Your restlessness could get the best of you now unless you fig... More for Libra https://t.co/ECISQz8evl]]></document>
		<document><![CDATA[You won't likely share your action plan with anyone else today... More for Libra https://t.co/ECISQz8evl]]></document>
		<document><![CDATA[Your judgment is excellent today, especially when it comes to ... More for Libra https://t.co/ECISQz8evl]]></document>
		<document><![CDATA[Dealing with complex emotional issues isn't necessarily a walk... More for Libra https://t.co/ECISQz8evl]]></document>
		<document><![CDATA[You might feel as if you're dancing in the dark today, uncerta... More for Libra https://t.co/ECISQz8evl]]></document>
		<document><![CDATA[Maintaining your place in the social pecking order is easier t... More for Libra https://t.co/ECISQyQDDN]]></document>
		<document><![CDATA[Maintaining your place in the social pecking order is easier t... More for Libra https://t.co/ECISQz8evl]]></document>
		<document><![CDATA[Maintaining your place in the social pecking order is easier t... More for Libra https://t.co/ECISQz8evl]]></document>
		<document><![CDATA[Maintaining your place in the social pecking order is easier t... More for Libra https://t.co/ECISQz8evl]]></document>
		<document><![CDATA[You may believe that your reputation is at stake when the emot... More for Libra https://t.co/ECISQz8evl]]></document>
		<document><![CDATA[You may believe that your reputation is at stake when the emot... More for Libra https://t.co/ECISQz8evl]]></document>
		<document><![CDATA[You may feel intense pressure to define your long-term needs a... More for Libra https://t.co/ECISQz8evl]]></document>
		<document><![CDATA[Reestablishing your balance is tricky business when everything... More for Libra https://t.co/ECISQz8evl]]></document>
		<document><![CDATA[Reestablishing your balance is tricky business when everything... More for Libra https://t.co/ECISQz8evl]]></document>
		<document><![CDATA[Relationships may be the primary source of your angst today; y... More for Libra https://t.co/ECISQz8evl]]></document>
		<document><![CDATA[Relationships may be the primary source of your angst today; y... More for Libra https://t.co/ECISQz8evl]]></document>
		<document><![CDATA[Relationships may be the primary source of your angst today; y... More for Libra https://t.co/ECISQz8evl]]></document>
		<document><![CDATA[Relationships may be the primary source of your angst today; y... More for Libra https://t.co/ECISQz8evl]]></document>
		<document><![CDATA[Relationships may be the primary source of your angst today; y... More for Libra https://t.co/ECISQz8evl]]></document>
		<document><![CDATA[Surprisingly, having fun today may be quite challenging if you... More for Libra https://t.co/ECISQz8evl]]></document>
		<document><![CDATA[Surprisingly, having fun today may be quite challenging if you... More for Libra https://t.co/ECISQz8evl]]></document>
		<document><![CDATA[Surprisingly, having fun today may be quite challenging if you... More for Libra https://t.co/ECISQz8evl]]></document>
		<document><![CDATA[You may be itching to head out on the town and kick up your he... More for Libra https://t.co/ECISQz8evl]]></document>
		<document><![CDATA[An idea is being planted today and it's up to you to create an... More for Libra https://t.co/ECISQz8evl]]></document>
		<document><![CDATA[An idea is being planted today and it's up to you to create an... More for Libra https://t.co/ECISQz8evl]]></document>
		<document><![CDATA[The rush of the holidays may be dissipating, allowing you to t... More for Libra https://t.co/ECISQz8evl]]></document>
		<document><![CDATA[You believe in yourself more than ever and you can't wait to s... More for Libra https://t.co/ECISQz8evl]]></document>
		<document><![CDATA[Everything seems to sparkle, letting you know the day will be ... More for Libra https://t.co/ECISQz8evl]]></document>
		<document><![CDATA[Everything seems to sparkle, letting you know the day will be ... More for Libra https://t.co/ECISQz8evl]]></document>
		<document><![CDATA[Ironically, your possessions may begin to possess you today wh... More for Libra https://t.co/ECISQz8evl]]></document>
		<document><![CDATA[Ironically, your possessions may begin to possess you today wh... More for Libra https://t.co/ECISQz8evl]]></document>
		<document><![CDATA[You may not believe that you possess surfing skills, but the w... More for Libra https://t.co/ECISQz8evl]]></document>
		<document><![CDATA[You may be running around completing last-minute errands, but ... More for Libra https://t.co/ECISQz8evl]]></document>
		<document><![CDATA[You may be running around completing last-minute errands, but ... More for Libra https://t.co/ECISQz8evl]]></document>
		<document><![CDATA[You may be running around completing last-minute errands, but ... More for Libra https://t.co/ECISQz8evl]]></document>
		<document><![CDATA[Your warm and fuzzy feelings may cool off today when fears res... More for Libra https://t.co/ECISQz8evl]]></document>
		<document><![CDATA[Your warm and fuzzy feelings may cool off today when fears res... More for Libra https://t.co/ECISQz8evl]]></document>
		<document><![CDATA[Your warm and fuzzy feelings may cool off today when fears res... More for Libra https://t.co/ECISQz8evl]]></document>
		<document><![CDATA[Your warm and fuzzy feelings may cool off today when fears res... More for Libra https://t.co/ECISQz8evl]]></document>
		<document><![CDATA[It's a sunshiny day when everyone seems to give you a friendly... More for Libra https://t.co/ECISQz8evl]]></document>
		<document><![CDATA[You seem to create one amazing plan after another today, and b... More for Libra https://t.co/ECISQz8evl]]></document>
		<document><![CDATA[You seem to create one amazing plan after another today, and b... More for Libra https://t.co/ECISQz8evl]]></document>
		<document><![CDATA[Your partner's enthusiasm may inspire you to accept a new chal... More for Libra https://t.co/ECISQz8evl]]></document>
		<document><![CDATA[Your partner's enthusiasm may inspire you to accept a new chal... More for Libra https://t.co/ECISQz8evl]]></document>
		<document><![CDATA[Your partner's enthusiasm may inspire you to accept a new chal... More for Libra https://t.co/ECISQz8evl]]></document>
		<document><![CDATA[Your partner's enthusiasm may inspire you to accept a new chal... More for Libra https://t.co/ECISQz8evl]]></document>
		<document><![CDATA[Something is out of whack today, and everyone acts as if they'... More for Libra https://t.co/ECISQz8evl]]></document>
		<document><![CDATA[Shaking off the blahs is tricky today if you are feeling a lit... More for Libra https://t.co/ECISQz8evl]]></document>
		<document><![CDATA[If you peacemakers of the zodiac had it your way, everyone wou... More for Libra https://t.co/ECISQz8evl]]></document>
		<document><![CDATA[You've cut loose the anchors keeping you tied to family obliga... More for Libra https://t.co/ECISQz8evl]]></document>
		<document><![CDATA[It's prudent to manage any domestic affairs that need settling... More for Libra https://t.co/ECISQz8evl]]></document>
		<document><![CDATA[You're a natural-born dreamer and today you might find yoursel... More for Libra https://t.co/ECISQz8evl]]></document>
		<document><![CDATA[You can't help but express your creativity in nearly everythin... More for Libra https://t.co/ECISQz8evl]]></document>
		<document><![CDATA[There seems to be no end to the amount of communication that i... More for Libra https://t.co/ECISQz8evl]]></document>
		<document><![CDATA[The atmosphere is electrically charged with anticipation, yet ... More for Libra https://t.co/ECISQz8evl]]></document>
		<document><![CDATA[Ideas flow freely but you still want more openness and honesty... More for Libra https://t.co/ECISQz8evl]]></document>
		<document><![CDATA[For someone who is supposed to be indecisive, there is nothing... More for Libra https://t.co/ECISQz8evl]]></document>
		<document><![CDATA[Silence may be golden, but you probably won't find any quiet t... More for Libra https://t.co/ECISQz8evl]]></document>
		<document><![CDATA[Harmony at home and the approval of your friends are less impo... More for Libra https://t.co/ECISQz8evl]]></document>
		<document><![CDATA[Although you might be celebrating with friends and family toda... More for Libra https://t.co/ECISQz8evl]]></document>
		<document><![CDATA[Your fantasies come to an abrupt ending today as someone in yo... More for Libra https://t.co/ECISQz8evl]]></document>
		<document><![CDATA[You might have a specific agenda now but it's possible to get ... More for Libra https://t.co/ECISQz8evl]]></document>
		<document><![CDATA[You are bound to be distracted by one thing after another toda... More for Libra https://t.co/ECISQz8evl]]></document>
		<document><![CDATA[Accidentally spilling the beans may prove to be socially embar... More for Libra https://t.co/ECISQz8evl]]></document>
		<document><![CDATA[Romantic moments and inspirational experiences add up to make ... More for Libra https://t.co/ECISQz8evl]]></document>
		<document><![CDATA[Make sure you stick to the facts today because cerebral Mercur... More for Libra https://t.co/ECISQz8evl]]></document>
		<document><![CDATA[You might notice a shift from inspiration to perspiration now ... More for Libra https://t.co/ECISQyQDDN]]></document>
		<document><![CDATA[Blaming someone else for your current anxiety isn't the health... More for Libra https://t.co/ECISQz8evl]]></document>
		<document><![CDATA[Expressing your fantasies through artistic creations or romant... More for Libra https://t.co/ECISQz8evl]]></document>
		<document><![CDATA[Moderating your enthusiasm is part of an overall strategy to k... More for Libra https://t.co/ECISQz8evl]]></document>
		<document><![CDATA[You receive mixed signals from the cosmos today and may need t... More for Libra https://t.co/ECISQz8evl]]></document>
		<document><![CDATA[Nostalgia draws you back into the past, but the call of the fu... More for Libra https://t.co/ECISQz8evl]]></document>
		<document><![CDATA[You may wonder if your ideas are worthy of pursuit today as yo... More for Libra https://t.co/ECISQz8evl]]></document>
		<document><![CDATA[You are so certain about your own beliefs today that you can b... More for Libra https://t.co/ECISQz8evl]]></document>
		<document><![CDATA[It's rather annoying when prior commitments stop you from foll... More for Libra https://t.co/ECISQz8evl]]></document>
		<document><![CDATA[Your emotions continue to pick up additional intensity today, ... More for Libra https://t.co/ECISQz8evl]]></document>
		<document><![CDATA[You seem to possess the Midas touch today and can turn perfect... More for Libra https://t.co/ECISQz8evl]]></document>
		<document><![CDATA[No matter how many unfinished chores linger on your plate toda... More for Libra https://t.co/ECISQz8evl]]></document>
		<document><![CDATA[You're open to unusual forms of play today and your uninhibite... More for Libra https://t.co/ECISQz8evl]]></document>
		<document><![CDATA[You are standing on a solid foundation today and are capable o... More for Libra https://t.co/ECISQz8evl]]></document>
		<document><![CDATA[Someone may share a totally off-the-wall idea and normally you... More for Libra https://t.co/ECISQz8evl]]></document>
		<document><![CDATA[Your morning will likely be totally different than your aftern... More for Libra https://t.co/ECISQz8evl]]></document>
		<document><![CDATA[It's apparent that you can't fit much more into your day, but ... More for Libra https://t.co/ECISQz8evl]]></document>
		<document><![CDATA[Although you may believe your life trajectory is right on targ... More for Libra https://t.co/ECISQz8evl]]></document>
		<document><![CDATA[Although you may be recovering from an emotionally difficult e... More for Libra https://t.co/ECISQz8evl]]></document>
		<document><![CDATA[It's one thing to create a grand life plan; it's something els... More for Libra https://t.co/ECISQz8evl]]></document>
		<document><![CDATA[Plans involving someone else might unravel today when a cowork... More for Libra https://t.co/ECISQz8evl]]></document>
		<document><![CDATA[You might be worried that there are some difficult days loomin... More for Libra https://t.co/ECISQz8evl]]></document>
		<document><![CDATA[You can't miss today when it comes to setting your goals. In f... More for Libra https://t.co/ECISQz8evl]]></document>
		<document><![CDATA[You long to escape the mundane routine of everyday life and wi... More for Libra https://t.co/ECISQz8evl]]></document>
		<document><![CDATA[A sudden jolt of awareness can be upsetting, but only if you t... More for Libra https://t.co/ECISQz8evl]]></document>
		<document><![CDATA[There is little room for self-doubt in your life now, so put y... More for Libra https://t.co/ECISQz8evl]]></document>
	</documents>
</author>