<author lang="en">
	<documents>
		<document><![CDATA[i did wonder if they needed volunteers, as could happliy do one session. So i cover any tap changed :-D without being wasted all weekend]]></document>
		<document><![CDATA[Noooooo,  no one wants a pincer from a 10k egg 😱 https://t.co/vNcyegRRX1]]></document>
		<document><![CDATA[@pathansonnb @ratebeer @AndyUsherAndCo they're meant to be putting new smaller kit in.  So fingers crossed]]></document>
		<document><![CDATA[@canIgetaP 2nd equal in Edinburgh https://t.co/bF8yRO4Ls6  and click through and you see you get a reasonable number of rating visits]]></document>
		<document><![CDATA[@canIgetaP most probably have but years ago.  I know its clear on RB as a place to visit for anyone checking]]></document>
		<document><![CDATA[@canIgetaP i make sure to rerate all the places i still go to in Edinburgh every year.  As recent ratings count higher]]></document>
		<document><![CDATA[Edinburgh dominating the best beer places in Scotland https://t.co/oATRr0hCOv via @ratebeer]]></document>
		<document><![CDATA[@AdamSh @RideBrewingCo cheers.  If any of the beers on please let me know @MarchtownGla as maybe through on Wed]]></document>
		<document><![CDATA[@AdamSh tell me about ride.  Do they exist.  Where might i find]]></document>
		<document><![CDATA[Cheers @fiercbeerco oddbins worked out perfectly https://t.co/lCYOXYkslp]]></document>
		<document><![CDATA[@mattHawkshead @MagicRockRich @HarbourBrewing and RB does have that info. just like it does for evil twin]]></document>
		<document><![CDATA[@Stuu666 what day you doing]]></document>
		<document><![CDATA[@pilotbeeruk ive always suspected you were a bad dream]]></document>
		<document><![CDATA[@pilotbeeruk I did find out more. Key being that its guys with track record. unlike one that left serveral friends out of pocket]]></document>
		<document><![CDATA[@Stuu666 What. your gettiong to london and hotel for £50 wouldnt want to stay where your staying]]></document>
		<document><![CDATA[@MagicRockRich @HarbourBrewing I suspect we know level of input https://t.co/94xD3wyHLm but @mattHawkshead will really know :-)]]></document>
		<document><![CDATA[@Stuu666 Its 100 just to get to a london and more abroad. SO seems a bargain]]></document>
		<document><![CDATA[@HarbourBrewing @MagicRockRich I certainly dont think it should have been there. But follow how it got there]]></document>
		<document><![CDATA[@HarbourBrewing @MagicRockRich But the problem is not the ends it the middle ground, and how  can we be sure. Booths didnt have more input]]></document>
		<document><![CDATA[@HarbourBrewing @MagicRockRich Not much different than BOtths saying would like a 5 golden ale.]]></document>
		<document><![CDATA[@HarbourBrewing @MagicRockRich Yeah i agree. But i heard ET has phoned in a recipe like. Something aboput 10% dark with raspberries]]></document>
		<document><![CDATA[@BeerPressured @josephbrock Normally a consideration. But here, i think its a secondary thing. So if good company. prob all]]></document>
		<document><![CDATA[@MagicRockRich @HarbourBrewing how do you quantify the difference between like of evil twin and booths]]></document>
		<document><![CDATA[@BeerPressured be much more likely to do all in.  If i know others are.  But 1 RB comment.  Was not that many new in London]]></document>
		<document><![CDATA[@BeerPressured yeah so ive found out, so looks a safe bet. Now trying to work out. will it be worth an all in, or just 1 or 2 sessions]]></document>
		<document><![CDATA[@MagicRockRich @HarbourBrewing Its down to all the "brewers" with no kit. again twitter lmit makes it difficult to explain properly]]></document>
		<document><![CDATA[@ThornbridgeDom @MagicRockRich @pilotbeeruk @TempestBrewCo cheers. After one festival running of with folks money, just wanted to check]]></document>
		<document><![CDATA[@HarbourBrewing think its a hang up. over like of Mikkeller just ordering beer made for them. So it got extended to anyone contracting beer]]></document>
		<document><![CDATA[@HarbourBrewing Yeah there a few of us not happy about that. And a UK admin did bring it up. but was overruled]]></document>
		<document><![CDATA[@MagicRockRich @LCBFestival Na. Its GBBF week, so if i do london then,Its gbbf, and  I need balance kids and beer.]]></document>
		<document><![CDATA[@Ben_Hislop @Stuu666 @McNeillR @josephbrock @BeerPressured @whatjoewrote @msswiggy im trying gather more info, to  so see if I go all in]]></document>
		<document><![CDATA[@MagicRockRich ahh cool dont know @LCBFestival but thats good to know, as weve had a few dodgy operators in past in Edinburgh]]></document>
		<document><![CDATA[@Stuu666 @McNeillR @josephbrock @BeerPressured @whatjoewrote @msswiggy @Ben_Hislop  any thoughts https://t.co/lNOzkK2y3h]]></document>
		<document><![CDATA[@pilotbeeruk @MagicRockRich @ThornbridgeDom @TempestBrewCo well thats a start.]]></document>
		<document><![CDATA[anyone know anything more about this. @MagicRockRich @ThornbridgeDom @pilotbeeruk @TempestBrewCo https://t.co/lNOzkK2y3h]]></document>
		<document><![CDATA[@robsterowski @AdamSh so can do bon, then wander up for bus?]]></document>
		<document><![CDATA[@robsterowski @AdamSh Ok confused. What bus. is there 2 bus companies.  1 see 3,17 ans 77 I think they go along sauchiehall st. 1/2]]></document>
		<document><![CDATA[@BoakandBailey I love the Fact that i know thats one of my bottles. Due to my VIDEO label Dating System]]></document>
		<document><![CDATA[@BoakandBailey I dont think even most @ratebeer users think its the be all and end all. like all sytems/awards. its got it goo dand bad side]]></document>
		<document><![CDATA[@MagicRockBrewCo @MagicRockRich @ratebeer your welcome :-) any time]]></document>
		<document><![CDATA[thouth the top @HawksheadBrewer beer surprised me. https://t.co/q1tLHuhEWs  recon im due a revist to that set.]]></document>
		<document><![CDATA[No real surprises on Best English Regional Brewers https://t.co/q1tLHuhEWs @HawksheadBrewer @BuxtonBrewery @MagicRockBrewCo @redwillowbrew]]></document>
		<document><![CDATA[@BeifBrau @josephbrock did they have 60mm bore. I looked there a few years ago. but didnt find the wide bore]]></document>
		<document><![CDATA[@cerpintor I think its anyone from the listed countries who has duel citizenship.]]></document>
		<document><![CDATA[@TempestBrewCo which pubs did the LITTLE white cloud go into ? Cheers]]></document>
		<document><![CDATA[@BeerRugbyTravel @FyneAles camped with both of mine.  Chris was 3 months. Easier than you think]]></document>
		<document><![CDATA[Oh look another hoisted on his own tweet-ard https://t.co/hPH0qnFyS2]]></document>
		<document><![CDATA[@josephbrock really is best packing for 330s.  Ok for 50cl. But little bubble wrap helps]]></document>
		<document><![CDATA[@josephbrock I think it was there.  But it was ages ago,  and found it cheaper via some plumming site]]></document>
		<document><![CDATA[@josephbrock 60mm bore, 9mm padding is the best i have been able to find. in 2M lengths.]]></document>
		<document><![CDATA[@Luvians  @fiercebeer If i dont get one this week. I will get you hold one, and detour next time im in Dundee. So Cheers for info.]]></document>
		<document><![CDATA[@fiercebeer @corneliusbeers @TheBeer_Hive @salthorsebar Ahh. there one on Leith walk. I may try stop in there tommorow :-) Most appreciated]]></document>
		<document><![CDATA[Today's bread is looking good https://t.co/D8T7oPRyBS]]></document>
		<document><![CDATA[@Ben_Hislop @corneliusbeers Compared to all the other 15s weve watched was a lot more adult, and gross(skinning) in places]]></document>
		<document><![CDATA[@yeastieboys @whatjoewrote currently doing a Buffy and Angel Rewatch, with Firefly, and Flash lined up next]]></document>
		<document><![CDATA[@yeastieboys @whatjoewrote Oh sounds cool(on a google) but am sans netflicks, as we dont have time.]]></document>
		<document><![CDATA[@corneliusbeers @Ben_Hislop But then lost the plot when they rated Deadpool. Though Kids still loved it]]></document>
		<document><![CDATA[@corneliusbeers @TheBeer_Hive @salthorsebar @fiercebeer DOH.  and DAMN.  Its so tricky to keep up these days]]></document>
		<document><![CDATA[@corneliusbeers @TheBeer_Hive @salthorsebar any one got @fiercebeer night shift, i seem to have taken my eye off the ball.]]></document>
		<document><![CDATA[@Ben_Hislop Loving it as much this time. And Emily gets raging everytime i pause to get a beer.]]></document>
		<document><![CDATA[@Ben_Hislop and its an 18. Its gonna be Deadpool all over again but worse]]></document>
		<document><![CDATA[@Ben_Hislop I loved the First Hunger Games movie. Not seen the rest yet. But totally love the first one]]></document>
		<document><![CDATA[@whatjoewrote Drinking beer and watching the Hunger Games. So far im having a nice time]]></document>
		<document><![CDATA[Today's movie is the  Hunger games.  The kids are really excited about this as theyve just finished the books]]></document>
		<document><![CDATA[Oh thats tooo difficult https://t.co/CglNAPbeuD]]></document>
		<document><![CDATA[Today's winner on twitter https://t.co/MhR6258fdA]]></document>
		<document><![CDATA[Guys were gonna need another tasting https://t.co/K62s8sRq1U]]></document>
		<document><![CDATA[@BeerRugbyTravel @CrossBorderBrew they just know you haven't made it big,  if Craig doesn't turn up]]></document>
		<document><![CDATA[@OnkelGobber @BeerPressured @whatjoewrote @TheBeer_Hive its bloody obvious]]></document>
		<document><![CDATA[@corneliusbeers @TheBeer_Hive any one got @fiercbeerco nightshirt.  I seem to have taken my eye off the ball]]></document>
		<document><![CDATA[@TheBeer_Hive Dont stress it. NOt sure how oftebrew and repeat etc. My life goes on :-)]]></document>
		<document><![CDATA[@TheBeer_Hive suspect ite been and gone, ey somehow i missed it]]></document>
		<document><![CDATA[Has the @realDonaldTrump been told that if the number of lies he tells drops below 50% the country Explodes?… https://t.co/hFq6pu0DVZ]]></document>
		<document><![CDATA[@TempestBrewCo My Kids love beer evnts as they get unlimited Tablet time :-) unlike at home.]]></document>
		<document><![CDATA[@TempestBrewCo children ok?  Now that ive any idea how to get to you :-D]]></document>
		<document><![CDATA[@RichTheVillan SOmetimes its just click box and ok, as nothing changed. But one year Best in Edin was cause no one rated the better places]]></document>
		<document><![CDATA[@InnDeepBar Cool. Thanks]]></document>
		<document><![CDATA[@RichTheVillan every December.  I go and rerate all my regular edin places.  So they count in the best places of year calculations]]></document>
		<document><![CDATA[@InnDeepBar Can you tell me anything more about the Lunacy beer. Is it a williams rebadge or Drygate brew or other? cheers]]></document>
		<document><![CDATA[@RichTheVillan @tania_nexust @mediocre_dan @CarlDurose @Thirsty_Pilgrim @ratebeer Serves you right for not updating your reviews :-p]]></document>
		<document><![CDATA[@RichTheVillan @tania_nexust @mediocre_dan @CarlDurose @Thirsty_Pilgrim @ratebeer @WhatsOnBMail but your not bitter :-D]]></document>
		<document><![CDATA[@tania_nexust @mediocre_dan @RichTheVillan @CarlDurose Yeah (but thanks) weve had a discussion over on @ratebeer . I quite liked it.]]></document>
		<document><![CDATA[@GruntingGrowler Most apprecieted.]]></document>
		<document><![CDATA[@GruntingGrowler OH!! can you keep it for me please. I will be in tue or wed.]]></document>
		<document><![CDATA[Just waiting for @realDonaldTrump to claim his crowd only looked so small as it was a cold day.]]></document>
		<document><![CDATA[@whatjoewrote @BeerPressured @TheBeer_Hive More solid than normal though]]></document>
		<document><![CDATA[@BeerPressured @whatjoewrote @TheBeer_Hive  Only 1 in there thats a WTF]]></document>
		<document><![CDATA[Heh i wasnt asked!!! Not opened yet but if @SwannayBrewery Orkeny porter doesnt make the grade. people are gonna lo… https://t.co/OhIKlodxYx]]></document>
		<document><![CDATA[@AdamSh @robsterowski   ahhh good to know, but friends have lots of BD in London. but hope to find @GruntingGrowler own beers]]></document>
		<document><![CDATA[@robsterowski @AdamSh Cheers SUbway seems simple. about 20mins? no idea how long subway is /takes]]></document>
		<document><![CDATA[@TheBeer_Hive dont supose you have any Hurly Burly Giddy Goat]]></document>
		<document><![CDATA[Glasgow foks @robsterowski @AdamSh how easy is it to get to grunting Growler? and best way?]]></document>
		<document><![CDATA[Yeah thats @corneliusbeers for you https://t.co/BIQ1JmBAvO]]></document>
		<document><![CDATA[@71brewing cheers.  Hopefully manage to get to one of them.]]></document>
		<document><![CDATA[@71brewing Is there anywhere in Dundee i can find you beer on Saturday, when im back visiting my gran?]]></document>
		<document><![CDATA[@StowBrewery @HarrysBarEdin are the beers on Drafft. Will they be available tommorow?]]></document>
		<document><![CDATA[@fiercebeer did you just take some Umbongo,  add a little vodka and fizz up for your tropical tart?  😈]]></document>
		<document><![CDATA[Anyone enjoying the Fife Star wars can catch a little more of the same guy on @BBCRadio4 https://t.co/qYnefJ1RM7]]></document>
		<document><![CDATA[@Ben_Hislop @McNeillR @Stuu666 @_allmyvinyl @nickorient101 @canIgetaP eeah suspected Fri migth be an issue. But most can and best for Chris]]></document>
		<document><![CDATA[@canIgetaP oh and good to know about the rugby]]></document>
	</documents>
</author>