<author lang="en">
	<documents>
		<document><![CDATA[There are such beautiful places in the world that are ruined by disgusting people.]]></document>
		<document><![CDATA[I've been in bed sick all morning ughhh I have things to do]]></document>
		<document><![CDATA[@fernemccann can't wait 💜]]></document>
		<document><![CDATA[@CiaraAllenMUA went to see it last night - it's amazing! Have you seen it?]]></document>
		<document><![CDATA[In the past week I've been to the cinema 4 times 🎉]]></document>
		<document><![CDATA[There's a girl on my bus that's been sucking a Capri-Sun dry for the past 18 minutes. Girl, that bitch empty.]]></document>
		<document><![CDATA[@CiaraAllenMUA @BourjoisIreland that feels like so long ago!! 😘]]></document>
		<document><![CDATA[The Pusher soundtrack by Orbital has always been yummy]]></document>
		<document><![CDATA[@cnknny I googled it after as it didn't look write 😏]]></document>
		<document><![CDATA[@Conor_Merriman I spelt write as right like a thick but it was her right foot so it's not the worst]]></document>
		<document><![CDATA[My Mam is looking at her feet and says:
"My toe is deformed. Actually no this foot is a disaster, a right off. It used to be good"]]></document>
		<document><![CDATA[@Conor_Merriman this is because you havnt been to the gym in a month you disgust pot]]></document>
		<document><![CDATA[I forgot my locker lock ughh stress]]></document>
		<document><![CDATA[Working on something special for @Microsoftirl @EVOKE - exciting! #surfacepro4 #illustration #winter @ElevatePR https://t.co/IbHu4Szejr]]></document>
		<document><![CDATA[WIP of a Holidays illustration for @Microsoftirl done on the Microsoft Surface Pro 4! All will be revealed in a few… https://t.co/UsfxE854jN]]></document>
		<document><![CDATA[@JJLONG76 thank you! :)]]></document>
		<document><![CDATA[Lost my wallet on @dublinbusnews and the customer service in Ringsend were great - they found it! Crisis diverted 😰]]></document>
		<document><![CDATA[@gavmerriman1989 already at the village]]></document>
		<document><![CDATA[There is a woman on my bus who is loudly inhaling a pear like it's a corn on the cob. All while a child sings jingle bells off key. #thanks]]></document>
		<document><![CDATA[@andotherstories #andotherstoriesdublin launch - such a beautiful store! https://t.co/iJTCAbJwj0]]></document>
		<document><![CDATA[I illustrated my beaut of a friend @wellenRED for her birthday! Done using my @Microsoftirl #SurfacePro4… https://t.co/hpPSKXo0sx]]></document>
		<document><![CDATA[Rejected concept design for a client project - done using the @Microsoftirl #surfacepro4 #illustration #irosh… https://t.co/AB9g5AqQ64]]></document>
		<document><![CDATA[All I've done all week is drink and be hungover. Yes gawd.]]></document>
		<document><![CDATA[@bookdepository Hi, I had 31 items in my basket yesterday and when I logged in today they are all gone. Does the cookies expire this quick?]]></document>
		<document><![CDATA[@Conor_Merriman V proud of you for removing that one book making the list come WAY down to 31 books…]]></document>
		<document><![CDATA[@Conor_Merriman Youre now at 32 books... YOU DONT HAVE THE MONEY WALK AWAY]]></document>
		<document><![CDATA[I have 23 books in my @bookdepository basket. Ranging from Stanley Kubrick to Carson Ellis to Taschen Publishing. Merry Christmas to me!]]></document>
		<document><![CDATA[15 hours working today so far… amore to come! Yay!]]></document>
		<document><![CDATA[Delighted that I'm going back to Belgium this Christmas to illustrate with @MMVillage! Such wonderful people 🌿]]></document>
		<document><![CDATA[@AndreaKissane @DundrumTC !!! You're too kind ☺️]]></document>
		<document><![CDATA[@DundrumTC can't wIt to Spice Up Dundrum! Haha]]></document>
		<document><![CDATA[I subscribed to @audibleuk and am listening to @stephenfry's narration of Harry Potter. It's brilliant and I'm addicted already.]]></document>
		<document><![CDATA[Johnny Sexton is aptly named]]></document>
		<document><![CDATA[Hugely busy day tomorrow; Paper buying in the morning, illustrating a beautiful wedding in Meath, then illustrating the Film Fatale Party!]]></document>
		<document><![CDATA[Off to Belgium in the morning! Exciting work ahead!!! #fashion #illustration]]></document>
		<document><![CDATA[I eat so many carbs that I'm starting to look pregnant. I don't want to stop or workout, how do I solve this?]]></document>
		<document><![CDATA[I want a pastel pink Smeg fridge]]></document>
		<document><![CDATA[Danni - Hocus Pocus @1107miss
#illustration #halloween #disney https://t.co/jbP93mNYRJ]]></document>
		<document><![CDATA[Check out the full time lapse of my Danni from Hocus Pocus illustration on YouTube - https://t.co/U7kfhWfTuU… https://t.co/nMQWgD2eoX]]></document>
		<document><![CDATA[Someone keeps ringing me and I've no idea who's number it is. It sounds like a bum dial but I don't have their number... who are you?!]]></document>
		<document><![CDATA[@EatDrinkRunFun a cheeky introduction to the film ;) haha]]></document>
		<document><![CDATA[@EatDrinkRunFun I always forget theres 20% drink! It is literally the best €20 a month!!]]></document>
		<document><![CDATA[@EatDrinkRunFun OOOO! I have a Cineworld membership so I cannot wait to get my money's worth so!]]></document>
		<document><![CDATA[@EatDrinkRunFun overall good impressions? :)]]></document>
		<document><![CDATA[@DarrenMcMahon54 thank you!]]></document>
		<document><![CDATA[@EatDrinkRunFun @WideEyeMediaIRL I am LIVING for Wonder Woman!]]></document>
		<document><![CDATA[@Conor_Merriman I actually did walk by him, he seemed content which is nice.]]></document>
		<document><![CDATA[I walked passed the talented Cillian Murphy today. He was wearing army pants and flip flops, so I bought army pants and flip flops.]]></document>
		<document><![CDATA[Hahaha bitch this flesh ain't to be stretched for just anybody
- me, about sex]]></document>
		<document><![CDATA[I binge watched @NetflixUK @Stranger_Things and it is one of the best shows I've ever watched. Obsessed.]]></document>
		<document><![CDATA[As I'm now finished college, it feels weird not returning. I'm now officially an adult... #brilliant]]></document>
		<document><![CDATA[I'll never pass as normal, thank fuck!]]></document>
		<document><![CDATA[@UnaMullally i know who owns this! I asked him if it was his and it is, thanks for putting it up! :)]]></document>
		<document><![CDATA[@JustineKingxx @emmamanley @sweatershopIRL @mintvelvet @xChupi LOVING THIS LOOK]]></document>
		<document><![CDATA[Im finally home after spending 2 months travelling Asia! Fells weird to be back but looking forward to whats next.]]></document>
		<document><![CDATA[@ThreeCare currently looking at options, just seen them in the Apple Store at a great price and wondered if the network would support it?]]></document>
		<document><![CDATA[@ThreeCare Hi Three, I'm in Japan and I am hoping to buy an iPhone 6/Plus. I have an Irish sim, will the phone work when I return? Thanks!]]></document>
		<document><![CDATA[@HigginsHeidi thank you! :)]]></document>
		<document><![CDATA[@ThreeCare hi Fiona, thank you this is a great help! I appreciate it :)]]></document>
		<document><![CDATA[@ThreeCare thanks Fiona really appreciate it! :)]]></document>
		<document><![CDATA[@ThreeCare hi Fiona, I havnt looked into it properly yet but it would probably be the most recent iPhone 7 model? Is it worth the risk? :)]]></document>
		<document><![CDATA[@ThreeCare hi, if I buy a simless iPhone 7 in Japan will it work if I return to Ireland? I already have a Three sim. Thanks!]]></document>
		<document><![CDATA[Early]]></document>
		<document><![CDATA[@Gailkaneswaran it was an absolute pleasure! X]]></document>
		<document><![CDATA[Little gif I made with Thinkhouse for Orchard Thieves, both are great brands! https://t.co/OQKZJFjgUt]]></document>
		<document><![CDATA[Final vaccines today... 6 days and I'm gone! Wooooo]]></document>
		<document><![CDATA[@SharonSmurfit @xenaproductions @kenboylanmakeup @davidjcashman @shopthegarden @djdodea it was a pleasure!]]></document>
		<document><![CDATA[Havnt had Country Store since I was a child. Craving them oats now.]]></document>
		<document><![CDATA[@Conor_Merriman it was WAY too much food which is wasteful yet at least my waist isn't as full as it could be. #summerbod]]></document>
		<document><![CDATA[Just ordered a Dominos mega deal and the two Ben and Jerrys all for myself. ALL FOR ONE PERSON ON A SATURDAY. Single and ready to jiggle 💁🏻]]></document>
		<document><![CDATA[Munroe is such a nice name for a boy.]]></document>
		<document><![CDATA[Travelling Asia starting next Sunday for 2 months. I cannot wait!!! Expect daily observational drawings!!!]]></document>
		<document><![CDATA[Move your hand get out of her space you creep https://t.co/HirOu0BgC9]]></document>
		<document><![CDATA[Remember when your iPhone had enough battery to last the majority of the night, including taking pics? Hahfsahahagaccg]]></document>
		<document><![CDATA[@ciaracampbell I'm just thinking, it must have taken Miley hours to transform into Hannah Montana (pretending it's real life)...]]></document>
		<document><![CDATA[@ciaracampbell like, ew. It's not my fault I took 3 hours to get ready...]]></document>
		<document><![CDATA[@ciaracampbell OMG I'm literally fuming. Why is there someone at every stop? Why are we behind every red light? S N A P P I N]]></document>
		<document><![CDATA[When you're running late and the bus stops at every single bus stop. PRETEND THAT NOBODY IS THERE PLEASE KEEP GOING IM LATE XXX]]></document>
		<document><![CDATA[@CulturedCuppa @image_magazine thank you for having me!!! 💗]]></document>
		<document><![CDATA[The beautifully intricate @xChupi collection in the great space of @madedublin yesterday. Irish design at its best. https://t.co/TYqDoFSuJy]]></document>
		<document><![CDATA[@JamesKavanagh_ @madedublin @xChupi @currabinny_ @ShopPowerscourt ngl but I'm still thinking about couscous...]]></document>
		<document><![CDATA[She didn't even have a smile on her face. Flat, you've done this to yourself, I'm the popular one now kind of "bye".]]></document>
		<document><![CDATA[Two girls just walked down the bus stairs. The girl in front fell down and her friend stopped, looked down at her corpse and said "bye".]]></document>
		<document><![CDATA[I'm illustrating with @20CenturyFoxIRL for the Irish premier of @AbFabMovie @20thcenturyfox #AbFabMovie !!! https://t.co/uY6MHEb41l]]></document>
		<document><![CDATA[@MensGrooming_ie I'll try my hardest!! ☺️]]></document>
		<document><![CDATA[Oh and a working holiday to Spain for three days next week to illustrate a wedding... I'm gonna be soooooo tanned 🙌🏼]]></document>
		<document><![CDATA[Although, I have a lot of work and commissions between now and then so last hurdle of work until bliss]]></document>
		<document><![CDATA[LIVING for my 2 month trip to South East Asia in a few weeks!!! Thailand, Cambodia, Vietnam and Japan - hurry up!!!]]></document>
		<document><![CDATA[It's 11:50AM and I'm craving butternut squash and sage ravioli with tomato and cheese sauce. Summer bod?]]></document>
		<document><![CDATA[Happy gay pride everyone!!! 💗]]></document>
		<document><![CDATA[I'm in such a "poor me in the first world" mood right now.]]></document>
		<document><![CDATA[Why do Hailo drivers accept you and then not leave their location for 5 mins? Don't accept the job if you're delayed. 💁🏻]]></document>
		<document><![CDATA[Missed my bus and I ran in flip flops. Ugh life is SO HARD 💅🏻]]></document>
		<document><![CDATA[On route to get my haircut with @MensGrooming_ie! Cannot recommend them enough 👌🏻]]></document>
		<document><![CDATA[crying. this is still hitting hard. https://t.co/5TdPOwqtPP]]></document>
		<document><![CDATA[#LoveIsLove My thoughts go to all those in Orlando during this tragic moment. This is deeply horrific. #Orlando https://t.co/1WfJ3ekLCC]]></document>
		<document><![CDATA[I will be illustrating with @dubaidutyfree1 and #irishderby this evening in @themarkerhotel with @Fleishman #illustration #Ireland]]></document>
		<document><![CDATA[@DublinGail YASSS bbz! Next week??]]></document>
		<document><![CDATA[@edelmanireland @JenniferHyland_ @EdelmanDigital @EdelmanUK CONGRATS!!! No better person for the job!]]></document>
		<document><![CDATA[@CulturedCuppa @IMAGEie @FattiBurke @YourOneNikita @fuchsiamacaree @JessTobinArt @ja_yke @image_magazine honoured to be with such talent!]]></document>
	</documents>
</author>