<author lang="en">
	<documents>
		<document><![CDATA[Oh my goodness - just found out this gorgeous little Cupcakery has just opened in Avondale!!! Sooo going to visit... https://t.co/ss5J1ow5op]]></document>
		<document><![CDATA[Just read that @BillEnglishMP will be announcing the election date today at 2pm. Worth plugging back in for...for a bit :) #nzpol]]></document>
		<document><![CDATA[Kia orana Aotearoa from Rarotonga xo It’s still #TravelTuesday over here https://t.co/LLffvL2PiU]]></document>
		<document><![CDATA[Plugging in from Rarotonga for 5 minutes just to say how highly I think of Shanan Halbert! We first started... https://t.co/WOkLXC9sra]]></document>
		<document><![CDATA[Heading to #Rarotonga 2mrw for my bff's wedding &amp; I'm going #unplugged for 10 days #eek life w/o twitter! c u all on 6 Feb! miss u already..]]></document>
		<document><![CDATA[Heading to Rarotonga tomorrow for my best friend's wedding (YAY!) - AND I'm going #unplugged for 10 days - no... https://t.co/7XsUef2iOp]]></document>
		<document><![CDATA[The Simplest and Most Perfect Explanation of Privilege I’ve Ever Seen https://t.co/1jZYAw1CGO]]></document>
		<document><![CDATA[Statement from the family of Mrs Pat Wearn | New Zealand Police 😢 https://t.co/g6vX05TtqT]]></document>
		<document><![CDATA[The National Park Service Won't Be Silenced https://t.co/0CeNeekwnO]]></document>
		<document><![CDATA[Eeek offered to pick up a white umbrella for my bff's wedding in Rarotonga (forecast says rain) but no one seems to stock them in #Auckland]]></document>
		<document><![CDATA[@richardhills777 totally! Seeing u made my day😊so looking forward to working together with u to realise positive change for NZ!!! 💚]]></document>
		<document><![CDATA[@LucyHawcroft we are 😊just to give us a bit more flexibility/help with the juggle]]></document>
		<document><![CDATA[Has anyone had or been an Au Pair before?]]></document>
		<document><![CDATA[Mark Zuckerberg: Hawai'i is not your Kingdom! Building a wall &amp; filing a lawsuit is not how u 'do the right thing' by Kanaka Maoli 😡]]></document>
		<document><![CDATA[Aww 😂Love my husband so much! I was struggling to get out of bed this morning and then all of a sudden this comes... https://t.co/ZU3dDopm1J]]></document>
		<document><![CDATA[Hawaiians call Mark Zuckerberg 'the face of neocolonialism' over land lawsuits https://t.co/dPsHCgb6Vb]]></document>
		<document><![CDATA[Opinion | The true, correct story of what happened at Donald Trump’s inauguration https://t.co/LiP1XonirT]]></document>
		<document><![CDATA[What a nation chooses to remember and forget: the war for New Zealand's history | Vincent O'Malley https://t.co/7nw9SLbcN0]]></document>
		<document><![CDATA[@JashilReddy also want to be part of the movement that redesigns a fit-for-purpose forward looking 21st century social security system]]></document>
		<document><![CDATA[@JashilReddy for at least 5 days of domestic care leave under the holidays act (in addition to existing provision for sick leave)]]></document>
		<document><![CDATA[@JashilReddy properly valuing the work of caring for dependents (children/elderly parents/partners) - want to introduce provision]]></document>
		<document><![CDATA[@JashilReddy my professional background is in international relations/public policy. Im passionate about placing value on the role of carer]]></document>
		<document><![CDATA[Hey Auckland peeps, there is going to be a massive/important event THIS Sunday, 2pm at the Mt Albert War Memorial... https://t.co/2iFVk3c05v]]></document>
		<document><![CDATA[Are struggling families on govt's 2017 to-do list ? https://t.co/QHr7jD1sAW]]></document>
		<document><![CDATA[Barry Coates: NZ prices too high because the Govt has gone soft on cartels - Business - NZ Herald News https://t.co/DlU3sz4bSz]]></document>
		<document><![CDATA[@precariatqueer bloody good point! In the 50s and 60s families were given the opportunity to rent-to-buy their stat… https://t.co/vdBc2nnd0j]]></document>
		<document><![CDATA[@JashilReddy @NZGreens 💚full policy is here xo https://t.co/TKOQbzE0Ei]]></document>
		<document><![CDATA[@JashilReddy @NZGreens include civics &amp; financial literacy as core subjects in the curriculum (critical components 2 high quality education)]]></document>
		<document><![CDATA[@JashilReddy @NZGreens ensure every child has the opportunity to learn Te Reo and Tikanga Maaori (using a double 'a' as no macron on my ph)]]></document>
		<document><![CDATA[@JashilReddy @NZGreens 3/3 REDUCE class sizes (the sector have been telling the govt this for years but they have been ignored!)]]></document>
		<document><![CDATA[@JashilReddy @NZGreens 2/3 - FULLY fund state schools, get rid of the so-called donations really fees!) system!!!]]></document>
		<document><![CDATA[@JashilReddy @NZGreens thank u ❤1/3 - pay teachers more for the hard work they do!!!]]></document>
		<document><![CDATA[Decided to catch the non-express bus to work this morning (woke up late!) - it's pretty empty 😂#oh-oh #auckland… https://t.co/XRyjnEnQNW]]></document>
		<document><![CDATA[Six up for Cunliffe seat; Russell and Presland frontrunners https://t.co/lEUZyujTNN]]></document>
		<document><![CDATA[My aiga (family) on my grandfathers side, we had a #familyreunion last weekend 💚#Samoa #tonga #germany https://t.co/sbOTYSBuuY]]></document>
		<document><![CDATA[@BeehiveLetters you totally just made my week - thanks for the follow! love #satire 💚]]></document>
		<document><![CDATA[Sam Sachdeva: Greens take the lead as parties prepare candidates for 2017 election https://t.co/TDZykEFKt4]]></document>
		<document><![CDATA[Join the Green Party https://t.co/pJZIrWNyLS]]></document>
		<document><![CDATA[Spread the word peeps: @NZGreens @nzlabour State of the Nation event THIS Sunday, 2pm, Mt Albert War Memorial Hall 💚]]></document>
		<document><![CDATA[@Dovil Mt Albert War Memorial Hall, 2pm this Sunday 👍🌿😘]]></document>
		<document><![CDATA[Just phoned 40+ people in Mt Albert to let them know about the @NZGreens @nzlabour State of the Nation event this Sunday😊]]></document>
		<document><![CDATA[Former refugee Green Party candidate to focus on rangatahi https://t.co/T8YIY4DLE2]]></document>
		<document><![CDATA[America First: False Choice, False Promise | Oxfam America The Politics of Poverty Blog https://t.co/jur7SF3mAb]]></document>
		<document><![CDATA[Sit-in Occupation to Stop Niki’s Eviction Tuesday 24th January https://t.co/vCUdijKiXf]]></document>
		<document><![CDATA[Stop Niki's Eviction on Twitter https://t.co/racQl4DwAg]]></document>
		<document><![CDATA[Hell YES! And let's do something about it this year people xo going to head out to see Niki with the kids after wor… https://t.co/Qz7Pgh5ous]]></document>
		<document><![CDATA[@vivster81 exactly!!!!]]></document>
		<document><![CDATA[@Knhannah harrrrd out 💋💄😘]]></document>
		<document><![CDATA[@Knhannah so many powerful moments! So well done 🙌]]></document>
		<document><![CDATA[Just finished watching #Hiddenfigures - wow, just wow! It's a must see!❤]]></document>
		<document><![CDATA[Just finished watching #Hiddenfigures am in awe of Katherine G. Johnson, Mary Jackson &amp; Dorothy Vaughan !!! #WomensRights #BlackLivesMatter]]></document>
		<document><![CDATA[Instagram photo by Michelle Branch • Jan 20, 2017 at 5:59pm UTC https://t.co/mf9BP5fiQd]]></document>
		<document><![CDATA[Women's marches around the world – in pictures https://t.co/JdPFMlDgaj]]></document>
		<document><![CDATA[Full support and respect for Jeanette Fitzsimons and @coalaction for holding Fonterra to account for its coal consumption! #ClimateAction]]></document>
		<document><![CDATA[Treasury OIA to Bill English "This is inconsistent with good fiscal management..." BUT he did it anyway !!! #nzpol… https://t.co/khwD197MOI]]></document>
		<document><![CDATA[Treasury OIA: 'Information over the past 12 months re housing affordability' - FYI peeps; see the bit about about... https://t.co/hAHzVV6zD4]]></document>
		<document><![CDATA[@AretiMetuamate Kia ora! I'm a friend of Ara's 😊]]></document>
		<document><![CDATA[Have free movie tickets to see #hiddenfigures premier tonight. Husband is off work (not working night shift which... https://t.co/sre3B1unQS]]></document>
		<document><![CDATA[@DrJessBerentson @kaupapa @TheSpinoffTV perfect timing! Will read this on the plane to Rarotonga later this wk (going 4 my my bffs wedding)]]></document>
		<document><![CDATA[@monique_nz ❤exactly! It's about all of us - I want the game changer for all women and children!]]></document>
		<document><![CDATA[This working mum is running late! Can't find anything to wear and then... @cybele_thelabel comes to the rescue xo… https://t.co/M0trrSDybL]]></document>
		<document><![CDATA[Sam Sachdeva: Greens take the lead as parties prepare candidates for 2017 election https://t.co/haCJQjbqJ7]]></document>
		<document><![CDATA[Sam Sachdeva: Greens take the lead as parties prepare candidates for 2017 election https://t.co/gVYcX1O4nb]]></document>
		<document><![CDATA[Sam Sachdeva: Greens take the lead as parties prepare candidates for 2017 election https://t.co/y42tCDQImm]]></document>
		<document><![CDATA[Greens on top in candidate race as polling day looms💚@SamSachdevaNZ @SundayStarTimes @nzgreens #nzpol https://t.co/Pq3evl59fJ]]></document>
		<document><![CDATA[Fuck you Google. I refuse to be silent about this anymore. I am a mum, and I’m proud of it! https://t.co/WjBVb9Any7 via @LeilaniTamu]]></document>
		<document><![CDATA[@stormsofsos we marched here in thousands in city's across NZ yesterday - full support xo #WomensMarch]]></document>
		<document><![CDATA[@hollyrwalker @NicolaYoung15 @Kaitiakituturu let's work together to make them happen! It would be a game changer for NZ! I'll pm u now xo]]></document>
		<document><![CDATA[@Jacky_Braid having your support will be making a huge difference to her! We need a society that recognises the full value of care X]]></document>
		<document><![CDATA[@NicolaYoung15 @Kaitiakituturu @hollyrwalker - just read yr April OpEd - so many excellent ideas!!! Has anyone picked them up?]]></document>
		<document><![CDATA[@Kaitiakituturu great idea re job sharing ! Why not!]]></document>
		<document><![CDATA[@kaupapa I talk about it here https://t.co/GCW9XxErY2]]></document>
		<document><![CDATA[@kaupapa I have, I think it's great and we should introduce it (replace our existing social security system with it) will send you a link]]></document>
		<document><![CDATA[@LizzieMarvelly bloody brilliant hearing you today! this is for you xo https://t.co/WjBVb9Any7]]></document>
		<document><![CDATA[So here is - a really radical - idea. What if men/women decided to take time out from their career to look after... https://t.co/cF5FTFqEvh]]></document>
		<document><![CDATA[Just read my blog to Miss 6. She said - why does google define mum as 'dumb'?... https://t.co/e2W5OhZKtP]]></document>
		<document><![CDATA[Fuck you Google. I refuse to be silent about this anymore. I am a mum, and I’m proud of it. https://t.co/oY8biGkwcC]]></document>
		<document><![CDATA[If I have ONE VISION for our society that I would want to achieve through entering politics - it's that our... https://t.co/3u0yIj8S3G]]></document>
		<document><![CDATA[@LexieMatheson thank you xo - maybe I should read it to Miss 6 too; she's wondering what's going on!]]></document>
		<document><![CDATA[Miss 6 is asking me why I'm crying. This is why. 

https://t.co/WjBVb9RYWH https://t.co/DxGpTk2ZGz]]></document>
		<document><![CDATA[I refuse to be silent about this anymore. I am a mum, and I'm proud of it. And to all the mums, dads, teachers... https://t.co/qsP3czk3lo]]></document>
		<document><![CDATA[Thank you @phoenixmakeup ❤ https://t.co/zHN7SZtf6q]]></document>
		<document><![CDATA[@LizzieMarvelly our #wahinetoa speaking now 💚mad respect!!! X #WomensMarch #WMNewZealand @womensmarch https://t.co/sOJjEI0bcg]]></document>
		<document><![CDATA[Love is just as fierce as hate! Feminist rights ARE human rights! #solidarity #womenagainsttrump #aotearoa !💚… https://t.co/XpMTxGs2bA]]></document>
		<document><![CDATA[#solidarity #womenagainsttrump #aotearoa !!!💚@NZGreens #WomensMarchOnWashington #WMAkld https://t.co/wMV8iMbtOg]]></document>
		<document><![CDATA[#solidarity #womenagainsttrump #aotearoa !!!💚 https://t.co/ybCKmY1nu3]]></document>
		<document><![CDATA[#solidarity #womenagainsttrump #aotearoa !!'!💚 https://t.co/65H2k3NoJ3]]></document>
		<document><![CDATA[#solidarity #womenagainsttrump #aotearoa !!'!💚 https://t.co/4aANEYMCes]]></document>
		<document><![CDATA[If anyone ever asks me for my list for people I'd include at dinner that was going to change the world for the... https://t.co/0yZCZAQlnY]]></document>
		<document><![CDATA[@genevievedon hope u are ok 😓thinking of u all over there! This is so wrong and horrific 😓]]></document>
		<document><![CDATA[White Passenger Accused Black Artist of Not Having First-Class Ticket – And Was Swiftly Shut Down - Atlanta Black... https://t.co/g6VT2o3hca]]></document>
		<document><![CDATA[@polimericks @NZGreens thank u 💚]]></document>
		<document><![CDATA[If you want to know why I'm standing for Parliament for NZ Greens - check this out xo https://t.co/lSIQpJVTpV]]></document>
		<document><![CDATA[Get ready for a lunchtime podcast peeps. Just finished an interview, will post it shortly...💚]]></document>
		<document><![CDATA["Like a delicious tiramisu that turns out to be made entirely of cat craps.." shot @alexkc ❤👍 https://t.co/bm2L9NZRBC]]></document>
		<document><![CDATA[This is so interesting and well worth the read (over a cuppa!). Really fascinating in terms of key factors that... https://t.co/PHMKtszaDF]]></document>
		<document><![CDATA[The kids and I are very impressed with my husband's yummy dinner!! #yum https://t.co/iHieQ2UkWH]]></document>
		<document><![CDATA[@antipodeane @MorganGodfery FYI too - am recalling that earlier piece on Gabbard u shared]]></document>
		<document><![CDATA[Ha! @toby_etc how did u know? 23 Sept is my birthday! Possible #electionday #nzpol https://t.co/akTun34Bkn]]></document>
		<document><![CDATA[@WMNewZealand see you there! 💚 https://t.co/SgJe5hbu3s]]></document>
	</documents>
</author>