<author lang="en">
	<documents>
		<document><![CDATA[@OfficialFPL shocking game week]]></document>
		<document><![CDATA[WOW Andy Carroll]]></document>
		<document><![CDATA[What a win. Best performance this season #COYS]]></document>
		<document><![CDATA[#shapeofyou]]></document>
		<document><![CDATA[People need to understand the quality of Ericksens crosses today #coys]]></document>
		<document><![CDATA[Great goal]]></document>
		<document><![CDATA[Finally arrived! #adidas #yeezys #kanyewest https://t.co/7LvtdjvCPa]]></document>
		<document><![CDATA[Loving #bkchat on #youtube]]></document>
		<document><![CDATA[Copped a pair of #YEEZYBOOST350V2 #yeezy #adidas #yeezy350v2 https://t.co/VsKajwDkQG]]></document>
		<document><![CDATA[#ramos always popping up. #realmadrid]]></document>
		<document><![CDATA[Looking forward to listening to #jcole tonight]]></document>
		<document><![CDATA[LIVE on #Periscope: Tottenham v CSKA https://t.co/fFh9AWuVQ7]]></document>
		<document><![CDATA[@CoysNews lalana has to go in for alli eventhough i love him]]></document>
		<document><![CDATA[Anyone want 2 tickets to Tottenham v CSKA #coys #tottenham #spurs]]></document>
		<document><![CDATA[I saw your worst and i stayed]]></document>
		<document><![CDATA[Loving #starboy so far #reminder is the one!]]></document>
		<document><![CDATA[I love playing westham #COYS]]></document>
		<document><![CDATA[Happy that @GarethSouthgate was smart to let harry come back. He might be different to all the past England managers! #COYS]]></document>
		<document><![CDATA[#wembley #england lets bring home a win]]></document>
		<document><![CDATA[Similar to brexit. The people are tired of the same old political nonsense. People wanted change.]]></document>
		<document><![CDATA[Happy #trump won. People want change and he will give them that!]]></document>
		<document><![CDATA[Ill take that point #coys]]></document>
		<document><![CDATA[Really not looking forward to this north v south London derby #coys]]></document>
		<document><![CDATA[The Wembley curse continues ffs #COYS]]></document>
		<document><![CDATA[Watch on #Periscope: Tottenham champions league https://t.co/gZvPy9gzLJ]]></document>
		<document><![CDATA[Whats everyones thoughts on #noway #cadet #donaeo]]></document>
		<document><![CDATA[#PSGs winner oh my #ucl]]></document>
		<document><![CDATA[Just listening to #jonconnor. His got good lyrics.]]></document>
		<document><![CDATA[Lets see how the #spy will end up today]]></document>
		<document><![CDATA[Always remember someones effort is always a reflection of their interest in you. #mondaymotivation]]></document>
		<document><![CDATA[On route to the lane #COYS]]></document>
		<document><![CDATA[Rudness is the weak persons imitation of strength. #Motivation #realtalk]]></document>
		<document><![CDATA[Do not trust words. Trust actions. #Motivation #realtalk]]></document>
		<document><![CDATA[Chelsea are such pretenders]]></document>
		<document><![CDATA[@Kordolski never. Maybe 2nd at best. @AlderweireldTob is the best! #COYS]]></document>
		<document><![CDATA[What a brace #Shaqiri #EPL]]></document>
		<document><![CDATA[#Shaqiri what a banger #EPL]]></document>
		<document><![CDATA[Horrible when we dont get the 3 points #COYS]]></document>
		<document><![CDATA[#spy is going nicely for me today]]></document>
		<document><![CDATA[Whos seen the new nintendo? #NintendoSwitch]]></document>
		<document><![CDATA[@ThatBucketList what flavour is it though?]]></document>
		<document><![CDATA[Happy that im getting to see @Drake in London in the new year.]]></document>
		<document><![CDATA[@HealthRanger its plain wrong]]></document>
		<document><![CDATA[Hugos the man @SpursOfficial #COYS]]></document>
		<document><![CDATA[What direction is the S&amp;P gonna go? #trade #trading #forex]]></document>
		<document><![CDATA[Was yesterday the first time we've failed to score this season? #COYS]]></document>
		<document><![CDATA[@Daily_Hotspur he's the best.]]></document>
		<document><![CDATA[Punish them]]></document>
		<document><![CDATA[Lets bring home the gravy tonight lads #COYS @SpursOfficial]]></document>
		<document><![CDATA[Rooney for the winner?]]></document>
		<document><![CDATA[@LewWright27 i just want to see some action]]></document>
		<document><![CDATA[The north london derby puts this fixture to shame #coys]]></document>
		<document><![CDATA[Lets not forget this is 4thv7th in the league. Not the #elclassico that @SkySportsNewsHQ are touting]]></document>
		<document><![CDATA[This game is setup for a classic 1-0 mourinho]]></document>
		<document><![CDATA[Herbal tea, Check. Strawberry scone, Check. Sun, Check. Lets go.]]></document>
		<document><![CDATA[Charlie Austin may have salvaged my #fpl this week]]></document>
		<document><![CDATA[WBA cunts]]></document>
		<document><![CDATA[Leicester have been shocking. Another team making chelsea look good #EPL]]></document>
		<document><![CDATA[How mad is the #Weeknd s new music video  https://t.co/8RUwy7Rnbt via @YouTube]]></document>
		<document><![CDATA[@mustphha *to]]></document>
		<document><![CDATA[Mind. You can never put a value on determination.]]></document>
		<document><![CDATA[The people on #theapprentice are so dumb, how they run their own businesses successfully i will never no.]]></document>
		<document><![CDATA[How is it my friend ordered an iphone last week and received it today and i ordered a month ago and i am still waiting @CPWTweets ??]]></document>
		<document><![CDATA[thanks for another delay @CPWTweets @Apple you guys are a joke]]></document>
		<document><![CDATA[Nkoudou looks sharp, helped massively #COYS]]></document>
		<document><![CDATA[Good result #COYS]]></document>
		<document><![CDATA[Our national team is a joke #shambles]]></document>
		<document><![CDATA[COYS]]></document>
		<document><![CDATA[What a finish]]></document>
		<document><![CDATA[Back to the lane #coys]]></document>
		<document><![CDATA[Last episode of #Narcos]]></document>
		<document><![CDATA[Chelsea finally getting found out #EPL]]></document>
		<document><![CDATA[PSG need to show more composure in front of goal #UCL]]></document>
		<document><![CDATA[Celtic are being taken apart by the 3 amigos #UCL]]></document>
		<document><![CDATA[Beautiful day in London coupled with a pop in volatility in the market 👌🏽☀️]]></document>
		<document><![CDATA[Massive respect for @SpecialKBrook but @GGGBoxing is a beast. Will go on to be a great]]></document>
		<document><![CDATA[@kellbrook1 looks too confident. Its like he doesn't truly no who his fighting. @GGGBoxing]]></document>
		<document><![CDATA[Its begun #iPhone7]]></document>
		<document><![CDATA[feel ripped off #Sissoko]]></document>
		<document><![CDATA[would have paid 10mil more for ISCO, waste if you ask me. I hope im proved wrong #Sissoko #COYS]]></document>
		<document><![CDATA[#Sissoko is soo overated its a joke. A goal or assist every 400 odd minutes? Pleasse.]]></document>
		<document><![CDATA[If Marcus Edwards breaks through to the first team no one will care if we haven't signed a significant attacking mid.]]></document>
		<document><![CDATA[Undeserved point but we'll take that. Our attackers need a kick up the backside. #COYS]]></document>
		<document><![CDATA[Wanted a glamour tie! No excuses now we must finish top #coys]]></document>
		<document><![CDATA[@TheSpursBrain it will be in retail stores around mid September.]]></document>
		<document><![CDATA[@tastytrade very good topics being discussed right now on the phone segment]]></document>
		<document><![CDATA[Am i watching a London derby?]]></document>
		<document><![CDATA[Might have to get onto this #pokemon flex]]></document>
		<document><![CDATA[Cant believe rashford was bought on with 5 minutes to go. Roy you are a joke #ENG]]></document>
		<document><![CDATA[South France #nice #summer #euro #sand #sea #beach #instacool #sun @… https://t.co/bxFjljjCil]]></document>
		<document><![CDATA[Undeserved but why wouldn't you bring on vardy, it gave Russia the incentive.]]></document>
		<document><![CDATA[Feels like Bangkok in London today. #weather]]></document>
		<document><![CDATA[Cheque picker upper #4pm]]></document>
		<document><![CDATA[4PM IN CALABASAS - DRAKE by Jim Johnce #np on #SoundCloud https://t.co/svcCeHJAuD]]></document>
		<document><![CDATA[Off to #wearefstvl lego]]></document>
		<document><![CDATA[@George_Osborne are there any positives for leaving? Seems like the largest one sided argument ever. Wheres both sides to the debate?]]></document>
		<document><![CDATA[@BenPearceSpurs clever man]]></document>
		<document><![CDATA[Pochettino signing a new contract is massive for this club! #Tottenham]]></document>
		<document><![CDATA[Big win! It ain't over till it's over! #COYS]]></document>
		<document><![CDATA[The best teacher I've had @tastyfeed]]></document>
	</documents>
</author>