<author lang="en">
	<documents>
		<document><![CDATA[This thread is one to read if you are trying to work with Trump's executive orders to try and lessen their impact.… https://t.co/0jAPpNd96Q]]></document>
		<document><![CDATA[@everjanet @BeehiveLetters I found real Turkish Delight to be one of those things where my eyes are bigger than my stomach!]]></document>
		<document><![CDATA[....eating a Turkish Delight bar!
@BeehiveLetters]]></document>
		<document><![CDATA[And that concludes today's live tweeting of eating a Cherry Ripe.
#CherryRipeLove 
@BeehiveLetters 
Tune in next week when I live tweet....]]></document>
		<document><![CDATA[Last bit! The third bite! #CherryRipeLove 
@BeehiveLetters https://t.co/bkQHjGRW8X]]></document>
		<document><![CDATA[@grumpybirb when you can you'll pick as many back up as you can. Charity starts at home by looking after your own whanau first. 👪]]></document>
		<document><![CDATA[Can I make the little bit left of my Cherry Ripe into three bites? Or will it be devoured in two?
#CherryRipeLove… https://t.co/ZlMC9rQasU]]></document>
		<document><![CDATA[@dairymanNZ not even that can put me off my Cherry Ripe right now. #CherryRipeLove https://t.co/dr6oYP4s73]]></document>
		<document><![CDATA[@JennyWi18628806 it's going down sweet as Jenny. #CherryRipeLove https://t.co/qsfLaBwZ2D]]></document>
		<document><![CDATA[The cherry flavoured coconut encased in rich dark chocolate is divine! It's half gone already!
@BeehiveLetters… https://t.co/Kt27R9YZQD]]></document>
		<document><![CDATA[Look people!
The Cherry Ripe is open and a bite has been taken!
@BeehiveLetters 
#CherryRipeLove https://t.co/d1zO4bFmNM]]></document>
		<document><![CDATA[Crusher Collins is gonna crush petrol prices!
Well it's more than Bridges did when he was Energy Minister.
https://t.co/00JpoSRHKF]]></document>
		<document><![CDATA[I'll be live tweeting the eating of this Cherry Ripe as promised to @BeehiveLetters the other week. #CherryRipeLove]]></document>
		<document><![CDATA[Look what I've got Twitter!
Finally found a shop in Whitianga with Cherry Ripes! 
Big ups to the Buffalo Beach Four… https://t.co/fobATxsWQo]]></document>
		<document><![CDATA[Trump sinks to a new low.... well maybe another low as low as his other lows because I don't know how he can get lo… https://t.co/INo67Wfyc6]]></document>
		<document><![CDATA[@bullhale I hope your son has a great year.]]></document>
		<document><![CDATA[@DearMama_ what a winner person he is. *Block NOW*]]></document>
		<document><![CDATA[@EricCrampton I have scanned the report by failed to find a paragraph anywhere that explicitly stated methodology used, hence my question.]]></document>
		<document><![CDATA[Wow.
Some people have no filter and we have to share oxygen with them.
So glad to see Grant is staunch in the face… https://t.co/ZCvDTLpV6W]]></document>
		<document><![CDATA[@TouchMyPoly he also doesn't know what a feminist is or a real budget surplus without cutting vital spending. #BillEnglishPM]]></document>
		<document><![CDATA[For all teachers:
Look after yourselves and each other.
#edchatnz #BFC630NZ #digitalEDchat 
https://t.co/d7yVIZwvZF]]></document>
		<document><![CDATA[To my fellow teachers starting the new school year today (or yesterday) #KiaKaha 
I'm still at the beach. 😆]]></document>
		<document><![CDATA[@melulater after spending a year where I had to look hard at the concept of what a citizen is, I'd say Sean Spicer fails citizen standard.]]></document>
		<document><![CDATA[It's a privilege to come home and live in a country where you are a citizen/resident?
Wow. That's taking alt-truth… https://t.co/eY5oG6UWYB]]></document>
		<document><![CDATA[Just saw today's bed hair in the mirror.  Jeez that's a scary sight!]]></document>
		<document><![CDATA[@nzinitiative can you please tell me about the methodology used to research this report? Thank you.]]></document>
		<document><![CDATA[The fact that the New Zealand Initiative put out a report in favour of increased migrants to NZ is a discredit of the report in my opinion.]]></document>
		<document><![CDATA[This thread is so funny. Thanks Jermaine. https://t.co/M5R8JMxp3A]]></document>
		<document><![CDATA[I think the US may soon be impeaching a president for gross incompetence. Your action Mr Trump are incompetent. https://t.co/yPLeZflUIV]]></document>
		<document><![CDATA[Bill English &amp; Murray McCully:
Not what NZ would do.
https://t.co/yPhWgfGDOQ]]></document>
		<document><![CDATA[@pmbillenglish speaks re Trump's ban on Muslim immigration and refugees.
"Disagrees" with new directives. Not what… https://t.co/QPeRUGBNYt]]></document>
		<document><![CDATA[@HdizzyDizzle ...worthy opinions. Which is why I talk politics, current events, and all things news with my students from the day dot.]]></document>
		<document><![CDATA[@HdizzyDizzle I find kids like to know all sides of the story, will ask questions and will weigh up what they see and hear. They have...]]></document>
		<document><![CDATA[@jeffieh @2TAPU @tauhenare I heard that was fake news... but it could be alt truth too...]]></document>
		<document><![CDATA[McCully speaks on Trump's Muslim refugee/immigration ban. Has considerable concern &amp; not something NZ would do.
https://t.co/7wRVl3O4WT]]></document>
		<document><![CDATA[@JennyWi18628806 @2TAPU @PeggyPeggyb yes. The people who have continued to vote for him in local body politics.]]></document>
		<document><![CDATA[@wirehuntphoto Whitianga Waterways.]]></document>
		<document><![CDATA[@caniwikiwi @GrumpyYetAmusin ...line going through border control just to hop back on the very same plane in the very same seat.]]></document>
		<document><![CDATA[@caniwikiwi @GrumpyYetAmusin ...there was the briefest stop over in Hawaii until I checked in. Worst stop over ever. Spent whole time in...]]></document>
		<document><![CDATA[@caniwikiwi @GrumpyYetAmusin especially since you can fly direct to Vancouver on Air NZ. I flew from Vancouver to Fiji &amp; didn't realise...]]></document>
		<document><![CDATA[@GrumpyYetAmusin that's strange considering our passport is supposedly one of the best secured passports around.]]></document>
		<document><![CDATA[@GrumpyYetAmusin ...maybe they really do think NZers are a dodgy and dangerous lot after all.]]></document>
		<document><![CDATA[@GrumpyYetAmusin ...officials can't figure out the difference between a Sikh from a Muslim and lump them all together for scrutiny. Or...]]></document>
		<document><![CDATA[@GrumpyYetAmusin ...in the Punjab, but been in NZ since early 1970s. Both on NZ passports. But checked over ever time. I suspect that US...]]></document>
		<document><![CDATA[@GrumpyYetAmusin my bro's parents-in-laws get the 'hard look' in US everytime. He was born in Lahore, but in NZ since 1949. She was born...]]></document>
		<document><![CDATA[@GrumpyYetAmusin how long did it last and what was the reasoning?]]></document>
		<document><![CDATA[@nzdodo @robhosking @LewSOS @Dovil @publicaddress surely for that reason our PM would be on safe ground not to have to ask Cabinet?]]></document>
		<document><![CDATA[@nzdodo @robhosking @LewSOS @Dovil @publicaddress how about the fact that Trump's policy flouts international human rights &amp; laws.]]></document>
		<document><![CDATA[@Cheeky_Games loved the whole day. Especially Icehouse. I'm a big Iva Davies fan.]]></document>
		<document><![CDATA[@Boz23 
Nothing Too Serious https://t.co/LtB0RgfaQF]]></document>
		<document><![CDATA[@Icehouseband awesome at Whitianga Waterways but needed to hear My Obsession.  Thanks for Nothing Too Serious.]]></document>
		<document><![CDATA[Had an awesome time at Whitianga Waterways with some awesome people and awesome entertainment. #MercuryBay https://t.co/Aw7mucdZtp]]></document>
		<document><![CDATA[I got a broken heart and a broken head...
I had a little accident 
Nothing too serious...

#Icehouse]]></document>
		<document><![CDATA[We can get together 
We can get together 
Maybe some time...

There must be something we can talk about 

#Icehouse]]></document>
		<document><![CDATA[Great Southern land
You walk alone...

#Icehouse]]></document>
		<document><![CDATA[@steelbanks I was completely dedicated to Icehouse when I was 14. Even wanted my haircut like Ivan Davies. Hairdresser found a compromise.]]></document>
		<document><![CDATA[I am a man
A simple man
A man of colours...

#Icehouse]]></document>
		<document><![CDATA[She takes possession 
She takes control
Next to you I can't touch the fire.

#Icehouse]]></document>
		<document><![CDATA[What can I do?
Electric Blue.

#Icehouse]]></document>
		<document><![CDATA[Would you like to be the Labour candidate for Taranaki-King Country?
Go to https://t.co/IBzlI7gCjF for more details. https://t.co/EwHzDNEtMx]]></document>
		<document><![CDATA[I've got a pocket full of holes... https://t.co/MRA7qBBnzZ]]></document>
		<document><![CDATA[It's not defrosting fast enough to keep up with my hydrating. https://t.co/jmkouAX3Lc]]></document>
		<document><![CDATA[Drunk in charge of Twitter. 
Definitely not driving tonight.]]></document>
		<document><![CDATA[Hey little girl
Where have you gone?
Where can you run to now?
Hey little girl 
Where can you go?
Where can you go to now?
#Icehouse]]></document>
		<document><![CDATA[Icehouse is in da house. 
Whitianga having an 80s flashback.]]></document>
		<document><![CDATA[The Alan Parsons Project.
Still waiting for The Eye In The Sky - I know that song. https://t.co/1P413d5uMi]]></document>
		<document><![CDATA[I had plans for being the sober driver as I'm poor. Oops. My friends are too kind.]]></document>
		<document><![CDATA[@Dianne_Khan thank you. 💔]]></document>
		<document><![CDATA[@Cheeky_Games are you enjoying Whitianga?]]></document>
		<document><![CDATA[Bonnie Tyler just sang Total Eclipse of the Heart.  💖💗💞 https://t.co/hzREzFkGjL]]></document>
		<document><![CDATA[At Whitianga Waterways concert.
Bonnie Tyler on stage. She's a little bit Country.
Tip: take your ticket with you when you get out of car.😶]]></document>
		<document><![CDATA[@Megapope scary.]]></document>
		<document><![CDATA[New Blog Post: Maths Tumble. 
#edchatnz #BFC630NZ #digitalEDchat #edblognz
https://t.co/HQBKyIOkq6]]></document>
		<document><![CDATA[Too hot. Too cold. Too scratchy.  Too itchy.  Been awake since before 4am and that's not good. How will I last through the concert today?]]></document>
		<document><![CDATA[The impact of Trump's internationally illegal actions. 
https://t.co/GOYv1O69xu]]></document>
		<document><![CDATA[Me too. Aue. https://t.co/ARB1WA9SuG]]></document>
		<document><![CDATA[It's dispicable that people think they can treat migrants like slaves in NZ. This needs to be stamped out. 😠😬
https://t.co/h50dpe5Jfc]]></document>
		<document><![CDATA[What a beautiful story.It's a struggle my mother has gone through as a nurse, daughter, daughter in law &amp; niece too.
https://t.co/XHSPGmoNHr]]></document>
		<document><![CDATA[I really wish @NZStuff would teach their journalists how to spell, write correct grammatical sentences &amp; employ editors to edit.]]></document>
		<document><![CDATA[Dear @NZStuff 
Found another poor sentence:
"waking up unconscious during a London blackout".
If you're unconscious,you really aren't awake.]]></document>
		<document><![CDATA[From the New York Times regarding Trump's use of the term "fake news". https://t.co/PcF4ISI7oG]]></document>
		<document><![CDATA[Dear @NZStuff 
In the last 12 hours I've read 'tires' for 'tyres', 'way' for 'weigh' &amp; seen a lack of a possessive apostrophe.
Sort it out!]]></document>
		<document><![CDATA[#edchatnz something to consider for the new school year. #Wellbeing #BFC630NZ #digitalEDchat https://t.co/GzkDZCgmh8]]></document>
		<document><![CDATA[@farmerjase Te Wananga of Aotearoa has some good courses starting at beginner level.]]></document>
		<document><![CDATA[@Cheeky_Games I'm going to that concert in Whitianga tomorrow.]]></document>
		<document><![CDATA[@PeggyPeggyb @TheDailyPost so, k believe CoLs to be truly driven by bureaucrats &amp; not in best interests of students, teachers or education.]]></document>
		<document><![CDATA[@PeggyPeggyb @TheDailyPost ...his reputation &amp; his research will be maligned by CoLs being poorly implemented &amp; no true collaboration.]]></document>
		<document><![CDATA[@PeggyPeggyb @TheDailyPost I thought it was quite clear that IES/CoLs had mangled Fullan's research. I think he will be concerned that...]]></document>
		<document><![CDATA[@PeggyPeggyb @TheDailyPost ...is what IES/CoLs is based on. He made a number of digs at the Minister over how collaboration should develop.]]></document>
		<document><![CDATA[@PeggyPeggyb @TheDailyPost it was interesting listening to Michael Fullan speak with the Minister in the room at ULearn16. His research...]]></document>
		<document><![CDATA[New Blog Post: Maths Tumble. Has links and ideas. #edchatnz #edblognz #BFC630NZ #digitalEDchat 
https://t.co/hDZkHJAReh]]></document>
		<document><![CDATA[The trials of being the Queen - having to host the Trumps on a state visit. 
https://t.co/eqQKosm4Lj]]></document>
		<document><![CDATA[As you go back to school next week,whether you're a BT or experienced, think #talanoa #manaakitanga #edchatnz 
https://t.co/XgdjWCb6yL]]></document>
		<document><![CDATA[@blairensor @NZStuff it's linking to a story about a woman missing since 2002 presumed dead.]]></document>
		<document><![CDATA[Neighbours are cooking something yummy again.  Hmmm.]]></document>
		<document><![CDATA[@PeggyPeggyb @TheDailyPost I oppose how these Communities of Learning have been set up and the agenda that drives them.]]></document>
		<document><![CDATA[How convenient for Indy that there was a palm tree plantation.]]></document>
		<document><![CDATA[@lyndonhood and he's making it up as he goes.]]></document>
		<document><![CDATA[I'm going after that truck.

How?

I don't know. I'm making this up as I go.

Indiana Jones 

#Classic]]></document>
		<document><![CDATA[The stunt fighting in Indiana Jones is first class.]]></document>
	</documents>
</author>