<author lang="en">
	<documents>
		<document><![CDATA[Woodend in Chevy Chase Maryland offers a peaceful and natural setting for a great… https://t.co/Pdl6QyorcB]]></document>
		<document><![CDATA[Aki and Stephen’s elegant #wedding at #Willard on our blog https://t.co/sLKZTqGjXd #dcweddings… https://t.co/xKq3iSUDhM]]></document>
		<document><![CDATA[Experience Leslie and Mike’s charming #winerywedding at @StoneTowerWine #vaweddings on today’s… https://t.co/MrxDdX59iF]]></document>
		<document><![CDATA[Love when our couple have the time of there lives wedding at raspberryplainmanor #RaspberryPlain… https://t.co/JThedkxaW3]]></document>
		<document><![CDATA[The O'Byrne Gallery #DAR #darwedding #dcweddingplanner

No wonder it the most popular room… https://t.co/w0Hxj8QZpU]]></document>
		<document><![CDATA[Love the decor at this #wedding at ritzcarlton… https://t.co/HSzKWXnHGK]]></document>
		<document><![CDATA[Wedding at #Willard InterContinental in the crystal room. How could you have a better #chuppah.… https://t.co/eDbRZKFRLE]]></document>
		<document><![CDATA[DC wedding engagement #engaged #dcengaged #shesaidyes 
Any guesses on where this was taken in… https://t.co/oOcZMjkToY]]></document>
		<document><![CDATA[Pretty in white #oxonhillmanor #mdweddings 

@PrinceGeorgeCountyDepartmentParks
saramuchnick… https://t.co/2qlAE532fa]]></document>
		<document><![CDATA[Looking for some entertainment?
Wedding Savvy will be going LIVE today on Facebook between the… https://t.co/641kPL0I3e]]></document>
		<document><![CDATA[@lbcdesignco you are so welcome]]></document>
		<document><![CDATA[Winery Wedding in Virginia @StoneTowerWine 

#Caterer alacarte_catering #CakeDesigner… https://t.co/i1XHhYdgMk]]></document>
		<document><![CDATA[Wedding in the city meridianhouse #meridianhouse #dcweddings… https://t.co/IcMDOVwsdq]]></document>
		<document><![CDATA[margobrightoccasions's photo https://t.co/QRPgQoYGjj]]></document>
		<document><![CDATA[Love the decor at this  @watergatehotel #dcweddings  #weddingplannersdc @karsonbutler… https://t.co/wCPl8LRkdv]]></document>
		<document><![CDATA[eighttreestreetfloral's photo https://t.co/7o5fPBHMGx #dcweddings #weddingflorals]]></document>
		<document><![CDATA[Arlington VA Wedding Photographers https://t.co/fAD3AH80UH]]></document>
		<document><![CDATA[📷 See Michelle and Michael’s beautiful Washington DC wedding at Decatur House on our blog at... https://t.co/ojp5AQCqyC]]></document>
		<document><![CDATA[On our Blog A #DC #wedding at #DecaturHouse on our blog at https://t.co/dDt2OKRTGn #dcweddingplanners #dcweddings]]></document>
		<document><![CDATA[Inauguration Day  Jan. 20 2017
From the swearing-in ceremony to the parade route, the… https://t.co/o594qkR9Bz]]></document>
		<document><![CDATA[One of the best views in #WashingtonDC #newseum #capital for a… https://t.co/EU30v2rK3M]]></document>
		<document><![CDATA[Love when couples decide to have a sunset ceremony. #oxonhillmanor #mdweddings… https://t.co/viD0RMWveT]]></document>
		<document><![CDATA[Goodstone Inn Estate Wedding under a clear tent #vaweddings… https://t.co/EyYOz9WEkn]]></document>
		<document><![CDATA[Dr Martin Luther King Jr. #mlkday was the chief spokesman for non-violent activism in the Civil… https://t.co/EhqhJqy55Y]]></document>
		<document><![CDATA[Make your Dreams come true!
#makedreamscometrue… https://t.co/hYusc23WAp]]></document>
		<document><![CDATA[Kirkland Manor weddings on the  waterfront of #StMichaels #Maryland.
#mdweddings 

Jillian… https://t.co/vd5ShEAsU4]]></document>
		<document><![CDATA[Opening Reception, Takefumi Hori, New Work #longviewdc
#TakefumiHori @longviewgallery 
Tonight… https://t.co/M8OONkQnP9]]></document>
		<document><![CDATA[#nmwa #wedding #dcWeddings
national_museum_of_women  #NMWAwedding

 @simplychicwed #dcCaterer… https://t.co/cM83Fb0Vv4]]></document>
		<document><![CDATA[4 reasons to hire a wedding planner #DC #VA #MD
https://t.co/loIs1tGcxw
#vaweddinglanners#MDweddinglanners#DCweddin… https://t.co/V5Q0UsE2Xe]]></document>
		<document><![CDATA[CAKE
Selecting your wedding cake Washington DC,Maryland and Virginia
#yummy #dcweddingcake #dcweddings… https://t.co/p3SABetMBs]]></document>
		<document><![CDATA[#Proposalphotography is gaining popularity in #WashingtonDC grooms-to-be are teamed up #weddingphotographers to cap… https://t.co/hrJdrC00Ou]]></document>
		<document><![CDATA[#fourseasonsdc all dressed up for a white &amp; gold wedding. #dcweddings 
#fsdcweddings… https://t.co/4x9exAR4y4]]></document>
		<document><![CDATA[Let it snow, let it snow, let it snow!
#dcweddings #snow #snowwedding

#virginiawedding… https://t.co/pHXnfVLGA6]]></document>
		<document><![CDATA[Wedding at Washington National Cathedral #dcweddings 

Did you know that this cathedral is the… https://t.co/qK2eRcZqI5]]></document>
		<document><![CDATA[Ballroom can be beautiful and romantic for wedding ceremonies at ritzcarlton #dcweddings… https://t.co/nKmuVIfzfQ]]></document>
		<document><![CDATA[Reception is set for this beautiful wedding at #DecaturHouse less than a block away from the… https://t.co/GNzcBrHE9x]]></document>
		<document><![CDATA[Love the Inner Harbor Baltimore for engagement photos!
#baltimore #baltimoreweddings… https://t.co/XYgJ54TkmK]]></document>
		<document><![CDATA[Wedding at Gaylord National Resort &amp; Convention Center.
gaylordnational… https://t.co/ES6M9KkTAK]]></document>
		<document><![CDATA[How to propose ...
#engaged #proposal #dcengaged #vaengaged #dcweddings https://t.co/bHZQU74G0T]]></document>
		<document><![CDATA[#happynewyear #happynewyears2017 #newyeareve #newyear2017 #dcnewyears #dcweddings @ Washington,… https://t.co/icqcYI1rGx]]></document>
		<document><![CDATA[Georgetown engagement on the canal. #engaged #dcengaged #shesaidyes

#Georgetowncanal
#engaged… https://t.co/KvXgqAhiBB]]></document>
		<document><![CDATA[Newly Engaged? check out what you cant live without
https://t.co/GdRCWkjHl0
#engaged #dcweddings #shesaidyes… https://t.co/dgVMdqK3qg]]></document>
		<document><![CDATA[It's the small moments that mean so much.#mdweddings
#fswedd… https://t.co/JzD80llzKU]]></document>
		<document><![CDATA[Check this Pin out on Pinterest! https://t.co/1nlv99qQjf]]></document>
		<document><![CDATA[DAR is always a great venue choice.
#washingtondcphotographers
#darwedding #engaged… https://t.co/C71IZQHX1n]]></document>
		<document><![CDATA[Season's Greetings to you and yours!
May you be blessed with the warmth of love and family!… https://t.co/fdG7hkGTLv]]></document>
		<document><![CDATA[A wonderful ceremony themayflowerhoteldc #dcweddings #wedding #dc #mayflower

#Floral… https://t.co/7jZz6fHZTX]]></document>
		<document><![CDATA[Observe the amazing views at #dar  #dcweddings… https://t.co/Rq8qcMwWBe]]></document>
		<document><![CDATA[Wishing you a Happy 1st Anniversary, K &amp; A!

K &amp; A Wedding at @OurLadyIL ofVictoryChurch and… https://t.co/DOxTvZjuyr]]></document>
		<document><![CDATA[Manor house Wedding at @dumbartonhouse 

#dcCaterer 
@designcuisine #dcCake
simplydesserts… https://t.co/EJyBt4UsbP]]></document>
		<document><![CDATA[Another cray amazing party tonight by the talented Andrew #fsbaltimore
@featsinc @fsbaltimore… https://t.co/sIZG4nokmu]]></document>
		<document><![CDATA[Featured in #arlingtonmagazine
K + M wedding at… https://t.co/Uc9nixCyUU]]></document>
		<document><![CDATA[wedding with a view  #hayadamswedding #hayadams #dcweddings https://t.co/l03DvNdng4 https://t.co/ZphKVmWJl7]]></document>
		<document><![CDATA[#mitzvah fun with fluff_ness's photo https://t.co/38QNdff65N]]></document>
		<document><![CDATA[Need a wedding #floraldesigners in #DC https://t.co/edGMoPsGHv https://t.co/rbsHMICRNt]]></document>
		<document><![CDATA[Wow what a #dcWeddings
national_museum_of_women  #NMWAwedding

samantha @simplychicwed… https://t.co/YoPpuQNd5j]]></document>
		<document><![CDATA[Weddings at this manor house in Maryland always look amazing @oxonhillmanor… https://t.co/63JNrK1aY2]]></document>
		<document><![CDATA[Westwood country club ready for a great #vawedding eventsatwwcc @WestwoodccVA… https://t.co/URBJnEAGyv]]></document>
		<document><![CDATA[That time when there was a #piebar at a Farm #mdweddings Farm… https://t.co/sLDA4gqup6]]></document>
		<document><![CDATA[The Mellon Auditorium is one Washington DC’s largest… https://t.co/Cmz67ie291]]></document>
		<document><![CDATA[magnolia_bluebird's photo https://t.co/wxbMlqUlye]]></document>
		<document><![CDATA[Raspberry Plain is always a beauty.
#RaspberryPlain @raspberryplain… https://t.co/3v56Ust7yK]]></document>
		<document><![CDATA[The view always amazes me.
#Hayadamswedding
@hayadamshotel… https://t.co/RnY55sSQou]]></document>
		<document><![CDATA[When the bridal party is this gorgeous it makes my job easy. @longviewgallery… https://t.co/JYhd75FUAo]]></document>
		<document><![CDATA[evoke_dc's photo https://t.co/UpwCZRxieT #decaturhouse]]></document>
		<document><![CDATA[Imagine your ceremony at #DecaturHouse less than a block away from the White… https://t.co/PvYf0w3DxN]]></document>
		<document><![CDATA[Looking for a farm or estate wedding?
#woodlawnplantation @woodlawnpopel… https://t.co/AzaUASOcox]]></document>
		<document><![CDATA[Capture the joy the moment you pop the question. We work with you to photograph your #marriage proposal.… https://t.co/6W0CIDLuA8]]></document>
		<document><![CDATA[Great presentation by @Duff_Goldman today @MetroCookingDC #food #cooking #duffgoldmann #charmcitycakes https://t.co/HMbek1hgY4]]></document>
		<document><![CDATA[A perfect venue for a wedding.
#fswedd @fswashington #FourSeasonsHotelDC
#FourSeasonsHotel… https://t.co/Efj4HTwJTp]]></document>
		<document><![CDATA[Lighting can determine the outcome of a photograph. Hire a professional who can work in all lighting situations.… https://t.co/NJgM3FaVjL]]></document>
		<document><![CDATA[Happy 10 year anniversary @CarinesBridal 
#dcweddings
Flashback to a @WashBrideGroom Unveiled fashion show… https://t.co/XUx3a6pjkt]]></document>
		<document><![CDATA[Secret garden wedding in the… https://t.co/UTFoLX5j8g]]></document>
		<document><![CDATA[The #1 #accessory to wear on your #wedding day for the #best #pictures?  A #smile.  https://t.co/Hxj5MyObUQ https://t.co/bGAlNY00n5]]></document>
		<document><![CDATA[The #best way a #photographer can capture the joy at your #wedding, is to #document the #celebration as an witness.… https://t.co/XdjmRVPctx]]></document>
		<document><![CDATA[#photographerdc                         Michelle Peterson-Albandoz is finally back with a solo… https://t.co/q4UVTCch6J]]></document>
		<document><![CDATA[An amazing backdrop for a wedding in DC.
#dcweddingphotographer
#StRegis #StRegisDC… https://t.co/2XvG6SZnUg]]></document>
		<document><![CDATA[One of the #best things you can do when you are being #photographed, is be yourself! https://t.co/Hxj5MyObUQ https://t.co/3eQDWoWGbr]]></document>
		<document><![CDATA[Your proposal should be recorded by a gifted photographer so that it can become a the start of your wedding story!… https://t.co/DgPqXfgqBv]]></document>
		<document><![CDATA[Always chasing the… https://t.co/lKVDzBRWIF]]></document>
		<document><![CDATA[Bar and Bat #Mitzvah #photographs become family heirlooms. You want to be sure they are done to high standards!… https://t.co/ki1ibOrJpa]]></document>
		<document><![CDATA[Happy Thanksgiving!!! #dcphotographer #thankful #thanks #thanksgiving #greatfalls https://t.co/hON0NuY0AM]]></document>
		<document><![CDATA[#Wedding #Photojournalism by Rodney Bailey creates memories that last a lifetime &amp; beyond. Capture every second!… https://t.co/hanhOxPiJg]]></document>
		<document><![CDATA[Do you want your #wedding #pictures to look like everyone else? Think #creative wedding #photography in DC!… https://t.co/GCYEjfcjMV]]></document>
		<document><![CDATA[Autumn leaves at the… https://t.co/wkLmKT8dzf]]></document>
		<document><![CDATA[Before you propose be sure that you have a talented #photographer on board to #capture the #moment!… https://t.co/Nr3pKxxBoj]]></document>
		<document><![CDATA[imperialdecor's photo https://t.co/JOfqzHxl87 #weddingphotographer #ArlingtonVA]]></document>
		<document><![CDATA[An #award-winning #photographer can provide you with award winning #photographs of your #engagement!… https://t.co/csOxMbN63s]]></document>
		<document><![CDATA[Love in the shadows #dcengagementphotographer #dcengagement #dcwedding #blackandwhitephotography… https://t.co/c7TWiLvwjj]]></document>
		<document><![CDATA[You can only get your wedding photos right one time, make sure you choose the right photographer the first time!… https://t.co/c9g8cnusRR]]></document>
		<document><![CDATA[Top on a bride and #groom’s #wedding planning check list?  Their wedding venue and their wedding photography!… https://t.co/YywGoFP892]]></document>
		<document><![CDATA[Wedding at Four Seasons Maryland
#marylandphotographer #FourSeasonsBaltimore… https://t.co/JD5OU48KWu]]></document>
		<document><![CDATA[An award #winning #photojournalist can help you to showcase your wedding day in the best way possible!… https://t.co/CV3dQv0GbR]]></document>
		<document><![CDATA[Love the twilight
#marylandphotographer
#stmichaelswedding #stmichaelsmd #eastershorewedding… https://t.co/NKI8fqEmKL]]></document>
		<document><![CDATA[Your #marriage #proposal is the first page of your life story together. Make the memory last with photos!… https://t.co/Itr2kXZdKA]]></document>
		<document><![CDATA[In 25 years, when you look back on your #wedding #photos, how will you feel about them? We will make them great!… https://t.co/I7Q5JFQ3AD]]></document>
		<document><![CDATA[Your child’s Bar/Bat Mitzvah is a sacred occasion that you should capture forever with a great #photographer!… https://t.co/uFd7YZgC0Y]]></document>
		<document><![CDATA[#Wedding #photography has to be so much more than point and shoot. The #love of the art has to be there!… https://t.co/92uYnoatbP]]></document>
		<document><![CDATA[Loving your #wedding #photos is so important. Investing in an #award winning #photographer ensures the love!… https://t.co/6UNDjNB7ZS]]></document>
		<document><![CDATA[Fall in Love with Arlington VA, Taste of Marriott &amp; Renaissance… https://t.co/gsU1Gsg7Kz]]></document>
	</documents>
</author>