<author lang="en">
	<documents>
		<document><![CDATA[@BekahLamont @ShannanP_ well ok then fukin stay there]]></document>
		<document><![CDATA[@ShannanP_ rt to that]]></document>
		<document><![CDATA[@laurs99__ @Squevmoff 😂😂 clingy x]]></document>
		<document><![CDATA[Excited to get my tattoo booked 😅💉]]></document>
		<document><![CDATA[@BekahLamont @ShannanP_ ur location is off cheeky 😉]]></document>
		<document><![CDATA[@ShannanP_ train track]]></document>
		<document><![CDATA[Whenever I check my pals locations they are always in random as fuck places like fields or trampolines absolute creeps]]></document>
		<document><![CDATA[@KaiFinlayson kai when did u become cute 😭]]></document>
		<document><![CDATA[Really want to go to Thailand 🐘🌞🌅]]></document>
		<document><![CDATA[Ma mum just spiked me with chilli fuckin snake]]></document>
		<document><![CDATA[[Valentine] @adelemcguirex's Valentine should be @karleybarr! Who should be yours?
via https://t.co/dRl5O4XgG7 https://t.co/Lwv3DuOcFq]]></document>
		<document><![CDATA[Craving a Lucas slush 😞]]></document>
		<document><![CDATA[@BekahLamont rather sex on the beach over both of them x]]></document>
		<document><![CDATA[@BekahLamont why do u have ice tea instead of Fanta lemon]]></document>
		<document><![CDATA[Omg that has made me ill 🤒🤒 https://t.co/KRY5P6jSuN]]></document>
		<document><![CDATA[Actual sick of karley n her pish driving up roundabouts like it's a laugh nah]]></document>
		<document><![CDATA[@cammymcdonald67 happy birthday Cmac hope ur having a class day 🤗 xxx]]></document>
		<document><![CDATA[Honestly confused why a just seen James driving a family carrier]]></document>
		<document><![CDATA[@JamesMacleod7 yea he gets called pryda too James 🌚]]></document>
		<document><![CDATA[@_xcamelia_x happy birthday gal have the best day 😘🔞 xx]]></document>
		<document><![CDATA[@karleybarr what is oficallly]]></document>
		<document><![CDATA[It is only 9 o'clock n I'm goin raj I think I need anger management]]></document>
		<document><![CDATA[@Robynwalkerxxx @abbiegibson_ I said that and she went raj saying gizmos are brown not white]]></document>
		<document><![CDATA[@BekahLamont she's honestly upset and thinks it's true]]></document>
		<document><![CDATA[A hate bein specky]]></document>
		<document><![CDATA[@charleythomsonN u look beaut charley 😻]]></document>
		<document><![CDATA[@BekahLamont when karley was bambi on ice this was u showing off https://t.co/8UL1LHDTsc]]></document>
		<document><![CDATA[Of course Eric prydz tickets go on sale tomos when I'm so skint 🙂🙂]]></document>
		<document><![CDATA[If a see that St Johnstone video one more time a will kill myself]]></document>
		<document><![CDATA[Should not have napped]]></document>
		<document><![CDATA[@laurs99__ ur actually quite bad at it but it's cute]]></document>
		<document><![CDATA[@JamesMacleod7 sorry a dinny want a big black cock tattooed on ma leg James]]></document>
		<document><![CDATA[Picking a tattoo design I like is harder than I thought 🤔🤔]]></document>
		<document><![CDATA[That snapchat filter doesn't even make ma head go bigger just looks normal fuck ma life]]></document>
		<document><![CDATA[Abbie has got her math exam on her 18th bday hahaha chance u got 😂🤕]]></document>
		<document><![CDATA[Karley is actually my bf taking me out on a date with her first wage 😿😇]]></document>
		<document><![CDATA[What's occurin]]></document>
		<document><![CDATA[@BekahLamont bring me back a bong and nudey lighter]]></document>
		<document><![CDATA[No even exaggerating when a say Lyle hates me]]></document>
		<document><![CDATA[Some people actual just want a punch in the fuckin mouth]]></document>
		<document><![CDATA[Ok Sundays urself are not ok and very boring 😥]]></document>
		<document><![CDATA[It's actually just rude when someone doesn't reply in under 5 mins]]></document>
		<document><![CDATA[Emily is a fuckinf tramp actual sabatagting my pot noodle wi her sweecorn ew]]></document>
		<document><![CDATA["I always find myself gon to his so if I deh shave I can't go so I've no shaved" 😂😂]]></document>
		<document><![CDATA[@karleybarr answer FaceTime now rhino I want a McDonald's]]></document>
		<document><![CDATA[I am decked at shorty watching mhari slut drop 😂😂😂😂]]></document>
		<document><![CDATA[Actual ceebs wi my grandad playing his 60's music in the car tempted to let him run me over]]></document>
		<document><![CDATA[@EmilyWhitson @karleybarr she never it was me]]></document>
		<document><![CDATA[Fuckin bored]]></document>
		<document><![CDATA[Can someone plz drag me to the gym 😓 wtf is motivation n where do I get some]]></document>
		<document><![CDATA[@Beckax_ happy birthday beaut 💋 X]]></document>
		<document><![CDATA[Got absolutely nothing going for me at the minute 🙂hate life]]></document>
		<document><![CDATA[Only thing to drink in the fridge is bucky absolute perfect 🙂👏🏾]]></document>
		<document><![CDATA[Seems like no one has loyalty these days 😅]]></document>
		<document><![CDATA[@Nadineleslie_ happy birthday beaut 😘 x]]></document>
		<document><![CDATA[Oh my god actually makes me fuckin raging when rotten minging pedos send u pictures of their ugly squint Willys like fuck off mate]]></document>
		<document><![CDATA[Love bein wide awake at this time perfect 😅👌🏾]]></document>
		<document><![CDATA[Temptation to drown masel in the bath is real high]]></document>
		<document><![CDATA[Been in 1 min already bored x]]></document>
		<document><![CDATA[@karleybarr alright sexy]]></document>
		<document><![CDATA[@ShannanP_ that'll be ur fried phone]]></document>
		<document><![CDATA[@ShannanP_ it's not funny]]></document>
		<document><![CDATA[What the hell aaron fuckin psychopath https://t.co/KKhCo3xis8]]></document>
		<document><![CDATA[@rosshope99 happy birthday Ross have the best day 😊❤️]]></document>
		<document><![CDATA[@abbiegibson_ @karleybarr nut canny wait for karleys rhino to be shown]]></document>
		<document><![CDATA[@abbiegibson_ @karleybarr it's on now]]></document>
		<document><![CDATA[So lookin forward to creamfields with the best people 😛🔉]]></document>
		<document><![CDATA[@karleybarr in your car or on your heelys ?]]></document>
		<document><![CDATA[@jjkelly1999 @JoeyEssex_ trying to get out there x]]></document>
		<document><![CDATA[If I could go back a year there are soo many things I would do differently 💭💤]]></document>
		<document><![CDATA[Jordan Belfort what a guy 💅🏾]]></document>
		<document><![CDATA[There is gen nothing to watch on Netflix 😤]]></document>
		<document><![CDATA[Only 2 o'clock n I'm already having the worst day 😴]]></document>
		<document><![CDATA[Kendall Jenner is actually too far]]></document>
		<document><![CDATA[@craigreid39 happy birthday Craig 🎈 x]]></document>
		<document><![CDATA[Am always hungry it's ridiculous 🍴]]></document>
		<document><![CDATA[Can't believe what I'm hearing 😂😂]]></document>
		<document><![CDATA[Wahhhh hate havin to go see PG at the cinema 😫😫😫]]></document>
		<document><![CDATA[Anyone else that acts like my pal want to snake me ? Rats only x]]></document>
		<document><![CDATA[Wow mate as if my day couldn't get any worse 👏🏾]]></document>
		<document><![CDATA[What a tune shape of you by ed sheeran is 💅🏾]]></document>
		<document><![CDATA[Timehop can either make u really happy really sad or cringe for ur life 🤕😅]]></document>
		<document><![CDATA[Struggs havin a tickly throat 🤒]]></document>
		<document><![CDATA[Can't wait to stay in tonight 😴]]></document>
		<document><![CDATA[Far too much on my mind to sleep 😣]]></document>
		<document><![CDATA[@karleybarr baby we've made it]]></document>
		<document><![CDATA[@D_dudziak shut it scarface]]></document>
		<document><![CDATA[Voice away 😣😣😣]]></document>
		<document><![CDATA[Bekah's dog keeps shaggin me only action am getting x]]></document>
		<document><![CDATA[Do rate a sit down shower 💆🏽]]></document>
		<document><![CDATA[Gen think I've lost the plot been reading about kangaroos for an hour #productive x]]></document>
		<document><![CDATA[Sick of not being able to sleep 😣]]></document>
		<document><![CDATA[@abbiegibson_  combine harvester]]></document>
		<document><![CDATA[@abbiegibson_ such a farmer me laks ploughing the crops]]></document>
		<document><![CDATA[@MarkhamAaron fact :@]]></document>
		<document><![CDATA[It's so funny when people try to act like ur pal but snake behind ur back, FAK off 🖕🏾🖕🏾🖕🏾]]></document>
		<document><![CDATA[Crunk crunk crunk crunk]]></document>
		<document><![CDATA[Canny have prosecco without lauren taking a boomerang 🙄🙄🙄]]></document>
		<document><![CDATA[@BekahLamont new phone who dis]]></document>
		<document><![CDATA[@BekahLamont yea I'm makin up for u judasing me n trust me these aren't the worst 😂😂💅🏾 ❤️]]></document>
	</documents>
</author>