<author lang="en">
	<documents>
		<document><![CDATA[Love that @secondcaptains played out today's tennis segment with Serena's "Still I Rise." Had forgotten all about it]]></document>
		<document><![CDATA[Great line to finish @rustyjacko’s report on Federer-Nadal https://t.co/2tVr8NoIL3 https://t.co/jYz0muhFZx]]></document>
		<document><![CDATA[Omar checks in after watching the Australian Open final https://t.co/MGaE6pPdc5]]></document>
		<document><![CDATA[The dream was that we'd get a final worthy of two greats, and worthy of their rivalry.

A privilege.]]></document>
		<document><![CDATA[Epic.

All throughout that game , torn between wanting Fed to close it out quickly, and wanting to enjoy this for another two hours.]]></document>
		<document><![CDATA[Back on serve at 3-3 in the fifth. Whoever wins it from here, this has lived up to the billing and more]]></document>
		<document><![CDATA[Can't say Federer hasn't had his chances in this fifth set]]></document>
		<document><![CDATA[@decbruton Even towards the end of that 6-1 third, felt like momentum was shifting back towards Rafa]]></document>
		<document><![CDATA[(George Hamilton voice)

Was that the chance? Let's hope not

#Federer #Nadal]]></document>
		<document><![CDATA[@fotoole13 If this goes on much longer, the real victim will be the attendance in the Gaelic Grounds]]></document>
		<document><![CDATA[Going to take some performance by Fed to win it from here though]]></document>
		<document><![CDATA[So Federer - Nadal will go the distance. Was never really going to be any other way, was it?]]></document>
		<document><![CDATA[Ah that's sensational from Nadal]]></document>
		<document><![CDATA[LSC 116-114 for me but what do I know?]]></document>
		<document><![CDATA[Also, since when does 4am ringwalk actually mean 4am ringwalk?!]]></document>
		<document><![CDATA[For once, the plan of going to bed at 10 o’clock and getting back up again worked. Maybe that’s a good omen? #Frampton #SantaCruz]]></document>
		<document><![CDATA[@brianjohnspencr @Murray_Kinsella @The42_ie Hi Brian, that info is accessible through our Score Centre - click "Tod… https://t.co/0gaCFmY2bz]]></document>
		<document><![CDATA[Ruby Walsh asked about Faugheen's injury:

"I didn't know... that's made my day. I don't want to know"]]></document>
		<document><![CDATA[Matt Chapman on ITV says a pulled muscle and "still hope" for Cheltenham.

Hmmmm... https://t.co/P2zWryeVEJ]]></document>
		<document><![CDATA[Did Steve McManaman just say "He's probably offside but that's clutching at straws"?]]></document>
		<document><![CDATA[How badly did Serena want #23 this morning?

This badly. https://t.co/7XhswbVmc9]]></document>
		<document><![CDATA[Think I'd happily work every Saturday morning if I was watching Serena and Venus https://t.co/mXOrTzSXjt]]></document>
		<document><![CDATA[I mean, that's a win-win. Dimitrov plays his part in an epic semi final but doesn't deny us the dream final on Sunday]]></document>
		<document><![CDATA[13 minutes for the first game of the final set. Hope nobody in Melbourne was planning on sleeping tonight #Nadal #Dimitrov]]></document>
		<document><![CDATA[@sidlowe Yep, the Jamaican Olympic Council are responsible for getting the medals and returning them to IOC, presumably to be re-distributed]]></document>
		<document><![CDATA[Well played https://t.co/1X6rZo8yrr]]></document>
		<document><![CDATA[@RichieMcCormack What does that make Rafa v Roger?]]></document>
		<document><![CDATA[Guardian's @domfifield reporting that Crystal Palace have agreed a £9m+ deal for Robbie Brady https://t.co/lKygmEtQVV]]></document>
		<document><![CDATA[Dylan Hartley dips his toe into the world of stand-up comedy https://t.co/rzV4G3GB1D]]></document>
		<document><![CDATA[Such a shame. Means there will  be no defending champ in any of Cheltenham's four feature races this March https://t.co/WkoMhspf3u]]></document>
		<document><![CDATA[@RichieMcCormack You make a very good point, sir]]></document>
		<document><![CDATA[Washington on 11 March -- earmarked for Jermel Charlo v Charles Hatley -- also an option for Katie]]></document>
		<document><![CDATA[Eddie Hearn says Katie Taylor won't be on Golovkin v Jacobs NYC card - BUT could be on Joshua v Klitschko bill with 80,000+ crowd in Wembley]]></document>
		<document><![CDATA[@SharonNicG @offtheball I'd be lying if I said I haven't (over)used the 'Frampton Comes Alive' line...]]></document>
		<document><![CDATA[Carl Frampton has sparred 178 rounds in preparation for Santa Cruz, Barry McGuigan tells @offtheball]]></document>
		<document><![CDATA[@Ciaran_O Ha, definitely not, I spent the week telling anyone who would listen to back the Packers for the Super Bowl!]]></document>
		<document><![CDATA[@Ciaran_O Falcons seriously impressive, they could have called it at half time]]></document>
		<document><![CDATA[Just had a sizeable cup of coffee. Please don't let me down #Pats #Steelers]]></document>
		<document><![CDATA[Did he just steal the name of Green Day's next album? https://t.co/LQTMwz4kaG]]></document>
		<document><![CDATA[First comment: 

"Was the ref Santa Claus?" https://t.co/h5f23lNUc2]]></document>
		<document><![CDATA[Time to update the CV: Carl Frampton named Ring Magazine Fighter of the Year https://t.co/9exg8phrmk]]></document>
		<document><![CDATA[@earlymodernjohn I forgot you were about to be old soon!]]></document>
		<document><![CDATA[Running out of things to say about Aaron Rodgers]]></document>
		<document><![CDATA[He's doing it again #Rodgers]]></document>
		<document><![CDATA[After those last few minutes, I'm expecting Trent Alexander-Arnold to score a hat-trick of bicycle kicks for Liverpool]]></document>
		<document><![CDATA[Also, fair play to Lukaku for shepherding the ball over the line there without touching it...]]></document>
		<document><![CDATA["This Davies lad looks decent," he says to @fotoole13 20 seconds before the lad rips City to bits. Prescient.]]></document>
		<document><![CDATA[@MRodden Ha! Two of them are carried over from the 2016 list, in my defence]]></document>
		<document><![CDATA[Four down, seven to go... https://t.co/Z1LVOO3Stz]]></document>
		<document><![CDATA[Michael O'Leary on decision to retire Don Cossack https://t.co/pPrpLmmJrP]]></document>
		<document><![CDATA[That's a real shame, but can't have been a decision taken lightly. An absolute superstar. https://t.co/tlH1M36Nfz]]></document>
		<document><![CDATA[@me_stafford FFS, now I'm confused and hungry]]></document>
		<document><![CDATA[Probably not the big issue here, but there's something about sitting down to watch a match in Group P that just doesn't seem right #WC2026]]></document>
		<document><![CDATA[That's that. Goodnight, New York]]></document>
		<document><![CDATA[@SineadOCarroll He's a magician!]]></document>
		<document><![CDATA[Seriously, at what point does a Hail Mary just become known as 'an Aaron Rodgers'? Because we must be getting close]]></document>
		<document><![CDATA[@gavreilly There'd be four minutes of joy missing from the internet for starters]]></document>
		<document><![CDATA[Can we all just take a moment for Aaron Rodgers?

And another one.

Aaaaand another one...]]></document>
		<document><![CDATA[@gavreilly This has to be your finest Sunday night work since the video of you playing every theme tune ever on the piano 💯]]></document>
		<document><![CDATA[@PTHosford Ted has rumbled you and your blatant grasp for viewage. Hate that.]]></document>
		<document><![CDATA[@EoinLuc @_AndyHa Wall-to-wall coverage 😂]]></document>
		<document><![CDATA[And he's about four yards onside as well https://t.co/GcruJn0Ys7]]></document>
		<document><![CDATA[Determined to finish 2016 on a high https://t.co/UECrdRCwHu]]></document>
		<document><![CDATA[Super short video by @EoinLuc, serious honesty from Mark Enright in telling his story. Well worth five mins https://t.co/kELDHzc3AR]]></document>
		<document><![CDATA[So, what price Thistlecrack to win the World Hurdle and the Gold Cup on successive days? Sensational]]></document>
		<document><![CDATA[@RichieMcCormack Yeah, that's the only reason why I watch it to be honest]]></document>
		<document><![CDATA[@RichieMcCormack Surely the only take is that it's great and you should watch it, at least in part, whenever it's on?]]></document>
		<document><![CDATA[Take the day off, lad. It's Christmas. https://t.co/c0VjAXU7pX]]></document>
		<document><![CDATA[@gavreilly @oconnellhugh @TheresaNewIdea "Just watch it," he thought to himself, "you'll be grand sure..."]]></document>
		<document><![CDATA['In Ireland, there were roadblocks in my way. Here they want you to be successful' - @fenno21 speaks to Billy Walsh https://t.co/21dX4ajXFj]]></document>
		<document><![CDATA[@steveohrourke @Shin_Farrell On the TV or on your computer? Because watching without letting everyone get involved would cross a line]]></document>
		<document><![CDATA[Can we take a moment on this bleak Friday morning to appreciate that darts player Mark Frost's nickname is...

Frosty The Throwman]]></document>
		<document><![CDATA[Five-time national boxing champ, now leading the way in Irish MMA. Good piece by @Shin_Farrell https://t.co/KC8WdGihX5]]></document>
		<document><![CDATA[Dylan Hartley banned for six weeks and free to play again from 23 Jan. How incredibly convenient.]]></document>
		<document><![CDATA[Doesn't look good for Ciara Mageean who is in some discomfort and has to crawl over the line. Hopefully nothing serious]]></document>
		<document><![CDATA[@me_stafford @sundaysport @Sweeney_Peter Fire up a few extra servers for the studio web cam]]></document>
		<document><![CDATA[Brave and honest interview by Mikey Drennan, written by @RyanK_Bailey https://t.co/Ww4oYj4DXv]]></document>
		<document><![CDATA[You know it’s getting late when they cut Sweet Caroline short #Joshua #Molina]]></document>
		<document><![CDATA[@andymcgeady But splitting the rights between Sky and BT is better for the fan? 🤔]]></document>
		<document><![CDATA[The inimitable @MayKapes and @fightlikeapes do their thing one last time. Jake Summers is, and forever will be, the… https://t.co/9WTXURmZym]]></document>
		<document><![CDATA[Make yer over-sized World Cup a straight knockout competition and then maybe we can talk]]></document>
		<document><![CDATA[@MalachyClerkin Handwritten is a nice touch. We just get emails.]]></document>
		<document><![CDATA[@deccosmyth Ah cheers Dec, glad you enjoyed - Santa obviously arrived early in the Smyth house this year!]]></document>
		<document><![CDATA[If you need me, I'll be watching this on a loop https://t.co/XZqFwQA18F]]></document>
		<document><![CDATA[@RyanLarry @MolloyJoe @offtheball We're all entitled to our opinion - unless it's as blatantly incorrect as that #ClearEyes]]></document>
		<document><![CDATA[@RuthMcDonagh @silverchicken1 Thanks very much Ruth!]]></document>
		<document><![CDATA[@TheKavOfficial @steveohrourke Cheers lads, will check them out!]]></document>
		<document><![CDATA[Bit of a strange request - anyone know where you would get a jersey embroidered? Something like this https://t.co/WLNHTEgNMf]]></document>
		<document><![CDATA[Christina Aguilera's Genie in a Bottle was #1 the day he was born https://t.co/1FL8kPKMei]]></document>
		<document><![CDATA[@gavreilly Is the end of it "de la santé"?]]></document>
		<document><![CDATA[We're still no closer to solving the mystery, it seems https://t.co/OeUBjjsxc4]]></document>
		<document><![CDATA[Dublin title fight could be as early as next year, says Hearn #Katie]]></document>
		<document><![CDATA[Eddie Hearn: "You've got to get hold of these non-believers and let them know that Katie Taylor is here to fight."]]></document>
		<document><![CDATA[Absolutely - back to her old self, regardless of the opposition https://t.co/Wi00MoQ01h]]></document>
		<document><![CDATA[And that's that!]]></document>
		<document><![CDATA[Kopinska the type of opponent she should be beating handily enough - but Katie looking very sharp through first two]]></document>
		<document><![CDATA[The hands on that Argentinian try 😍]]></document>
		<document><![CDATA["A small puppet"? Behave yourself. https://t.co/GW6il8sbTa]]></document>
		<document><![CDATA[@KCsixtyseven Sure he's only there to facilitate the players' photos...]]></document>
		<document><![CDATA[Christina Desmond beaten by split decision. Takes home bronze from European Championships https://t.co/8Wf4skHe3Z]]></document>
	</documents>
</author>