<author lang="en">
	<documents>
		<document><![CDATA[Just some texts with my dad about our Saturday night plans - he's on the @westernbulldogs he tells me 😬… https://t.co/D8ZrVSAFS6]]></document>
		<document><![CDATA[Feel so humbled to be asked my opinion and to contribute to @ChangeHerGame 🙌🏾🙂🏉🤸🏽‍♀️ @womenCANplay https://t.co/hkJYjH69bh]]></document>
		<document><![CDATA[Classic @TitusOReily - well written as per usual 🙌🏾💁🏾 #aflw #womeninsport #tongueincheek #hilarious #makehistory 
https://t.co/DPstpq5jm6]]></document>
		<document><![CDATA[@JanelleMeager @outersanctum01 @theage She really was a gun at volleyball too - our school should be very proud of her as their alumni 🙌🏾🏉🏐]]></document>
		<document><![CDATA[@JanelleMeager @mfc_deefiant @outersanctum01 @theage @DaisyPearce6 You deserve all the kudos you get Dais - 💜 an old high school pal 😬⛹🏼‍♀️]]></document>
		<document><![CDATA[@UCCapitals @MariannaTolo @WNBL SHE'S INCREDIBLE ⛹🏼‍♀️]]></document>
		<document><![CDATA[Sooooo excited for @AustralianOpen final tonight!!!! @Venuseswilliams @serenawilliams #ausopen #bowdown #queens… https://t.co/ajRtEUqKZR]]></document>
		<document><![CDATA[@3AW693 @DylanAlcott SUCH A LEGEND]]></document>
		<document><![CDATA[Love getting my bike out and checking out Lake BG! 🚴🏻‍♀️🙌🏾 #canberra #ride #lakebg #saturdayvibes https://t.co/QOqtzY3GPq]]></document>
		<document><![CDATA[@TiffanyCherry1 @melissahickey18 @melbournefc @WomensFootyAFL  @Steph_Chiocci @moanahope @Katie_Brennan16 was thinking the same Tiff! 💪🏾]]></document>
		<document><![CDATA[@JaycoRangers singlet shorts 👌🏾]]></document>
		<document><![CDATA[@TheKooriWoman totally agree 👏🏾]]></document>
		<document><![CDATA[No words - @LeeLinChinSBS is 👌🏾 #legend #womeninmedia #WomensMarchOnWashington https://t.co/uI06YqWFgr]]></document>
		<document><![CDATA[We're still at Rod just getting settled in for a Grigor and Gasquet.... @AustralianOpen life = https://t.co/rLiidzEO8y]]></document>
		<document><![CDATA[Denis has a lot of fans here today 😬👏🏾⭐️😱 #AusOpen #denisthemenace #showcourt2 #loudandproud #uzbek https://t.co/vkWl9tekyn]]></document>
		<document><![CDATA[Having such a good time at the @AustralianOpen - Denis the Menace is going well in the first set 🎾🙌🏾✔️ #AusOpen… https://t.co/qvyrmgd518]]></document>
		<document><![CDATA[@UCCapitals @womenCANplay @WNBL @CarlyJWilson7 Well done Carly - you're a legend of the sport #shootlikeagirl 🙌🏾🙋🏽🏀⛹🏼‍♀️]]></document>
		<document><![CDATA[Good hold from @ashbar96 - let's go Ash! 🙌🏾🎾👑 #AusOpen #ashbarty #goaussies #bartyparty 🙋🏽🦄 https://t.co/bRHNLml45I]]></document>
		<document><![CDATA[@Mattykane10 @katetimmarty @tim_blackwell haha -does Kate have a deal with the Qantas mag too? #whatdoesshedowithhertime #justjokinglovekate]]></document>
		<document><![CDATA[@elisestrachan32 very luck shez 😬😬]]></document>
		<document><![CDATA[Not sure why Qantas differentiated thought-provoking discussions from your podcast! @katetimmarty @tim_blackwell… https://t.co/WNu7D6cF3l]]></document>
		<document><![CDATA[@sam_mcclure agreed - so frustrating.]]></document>
		<document><![CDATA[YEWWWW ASH! #ashbarty #ausopen #womeninsport #melbs #goash #legend 🎾🙌🏾🙋🏽✔️ https://t.co/pwtz6VNQPW]]></document>
		<document><![CDATA[Been over on Ash Barty channel - what is happening with Kyrgios?! Huge attitude shift. 😱 #AusOpen #Kyrgios #Seppi #ashbarty #whatisgoingon]]></document>
		<document><![CDATA[Doing 3 sit-ups whilst I watch the tennis makes me feel very active 🎾🤸🏽‍♀️ #womeninsport #ausopen #NickKyrgios #ashbarty #activewear]]></document>
		<document><![CDATA[@TiffanyCherry1 @Steph_Chiocci @CollingwoodAFLW @aflwomens @WomensFootyAFL @KateSheahan1 @moanahope @AFLFemale AHHHH ME TOO 🙌🏾✔️🏉]]></document>
		<document><![CDATA[@thejaredbush @womenCANplay @moanahope @DisneyMoana haha I have to keep telling my dad it's MoANA not Mona who kicks all those goals! 😂]]></document>
		<document><![CDATA[Oh Sam ☹️ Aus surface just isn't her jam. #AusOpen #womeninsport #samstosur 🎾 https://t.co/SCwxmelw6C]]></document>
		<document><![CDATA[@1800wheelchair awesome thank you! 🙌🏾]]></document>
		<document><![CDATA[Loving all the emails I'm getting as an @GWSGIANTS AFLW foundation member. Great choices for the leadership group.… https://t.co/8gC3TAaQEL]]></document>
		<document><![CDATA[Me excited that the #AusOpen has started today! 🎾👌🏾 #tennisfordays #latenightsforme #AusOpen2017 #tennislyfe… https://t.co/xuPhhnVROg]]></document>
		<document><![CDATA[A new taxi startup in CBR has its number come up instead of yours... (see pics) .. what the? Worst experience ever.… https://t.co/SBwqStZPVc]]></document>
		<document><![CDATA[@ashstreeterrrrr you will love it!!! ⭐️🇰🇵🇰🇷]]></document>
		<document><![CDATA[@ashstreeterrrrr have you read her book?! It's so good. I need to read that one you recommended to me👌🏾 https://t.co/xzyOZ9l84G]]></document>
		<document><![CDATA[Dear @YeonmiParkNK I was given your book for Xmas, have been non-stop reading it on my trip. I was captivated. Thank u for sharing ur story💟]]></document>
		<document><![CDATA[Look who I found clogging up my browser @katetimmarty #computerglossy #famous #notanotherQVad 🤗🍰 https://t.co/Tv2DeqRSzb]]></document>
		<document><![CDATA[Strong is #beautiful 🙌🏾 Had such a fun time at the Ladies of Lifting event at Burley Strength gym - #powerlifting… https://t.co/fcjxysSxou]]></document>
		<document><![CDATA[At least @Cronulla_Sharks had good news this week with #historymaking signing of Ruan Sims ⚫️⚪️🔵 #NRL #cronullasharks #league #womeninsport]]></document>
		<document><![CDATA[@LDH999 @womenCANplay thanks heaps 🙋🏽]]></document>
		<document><![CDATA[Had an incredible morning yday hearing from @seselja_k founder of The Hope Project. @Green_Dot was lucky to have yo… https://t.co/4Cd7erHUtF]]></document>
		<document><![CDATA[I am so proud of my friend @CaitFigueiredo WINNER Young Leader #100WOI She is truly inspiring &amp;an incredible woman-thnx for all your support]]></document>
		<document><![CDATA[So proud of my friend @CaitFigueiredo 4 being nominated for #100WOI  -so lucky to have such amazing women around me (you too @hannahwandel)]]></document>
		<document><![CDATA[@katetimmarty Marty using the driving gag again on @HYBPA 😂 #recycledmaterial #didhestealitfromblackers #hybpa]]></document>
		<document><![CDATA[Best.morning.ever - thanks @CaitFigueiredo for interviewing @hannahwandel @ashstreeterrrrr &amp; I - can't wait to do m… https://t.co/DQGmYDoX8E]]></document>
		<document><![CDATA[Thanks so much @salinasydney ! I was a bit nervous🙊 - espec. with so many amazing women&amp;girls tuning in🙋🏽 #IDG2016… https://t.co/vAw5D5MnOt]]></document>
		<document><![CDATA[Thanks for having me @CaitFigueiredo -that was so much fun! #whoruntheworld 🙋🏽👩🏼🙋🏿👩🏻👧🏽👸🏻💃🏽👯👧🏾]]></document>
		<document><![CDATA[Super excited to be attending this with @CaitFigueiredo and @hannahwandel #IDG2016 #empower #whoruntheworld #girls… https://t.co/ksU0wBEj5Y]]></document>
		<document><![CDATA[Today I launched womenCANplay with my wonderful cofounder Billi. CBR #legends @Melissa_Breen &amp; @DrDavid_Hughes incr… https://t.co/Oiohm0okOi]]></document>
		<document><![CDATA[The Shire will be going OFF tonight! Some happy fans right here ⚫️⚪️🔵 #NRLGF #upupcronulla #theshire #whynotus… https://t.co/wOdAWZSkOo]]></document>
		<document><![CDATA[#whynotus 🙋🏽 https://t.co/3TtW9FGyzs]]></document>
		<document><![CDATA[Sweet view 👌🏾🙀 Go Sharkies! Another great half plz #NRLGF #whynotus @Cronulla_Sharks https://t.co/Z6IuHjcIi1]]></document>
		<document><![CDATA[@UltJukeHire 14-8 to the Sharks!on a train right now- plenty of fans VERY excited. They are singing the song.… https://t.co/eaLA4Vc1WK]]></document>
		<document><![CDATA[@UltJukeHire @Cronulla_Sharks it's electric down here! Hope they can do it! #NRLGF #whynotus]]></document>
		<document><![CDATA[They're pumped here in the Shire! Up Up Cronulla!! @Cronulla_Sharks 🔵⚪️⚫️ #NRLGF #whynotus #sharkies https://t.co/OwtTCwsnY9]]></document>
		<document><![CDATA[HISTORY WAS MADE TODAY - @westernbulldogs believed. They worked hard and they fought for that ball. They wanted it… https://t.co/l0IDZhpcOj]]></document>
		<document><![CDATA[We are excited here!!! All set for a brilliant 4th quarter. #AFLGF #AFLSwansDogs #bemorebulldog @westernbulldogs… https://t.co/RuAllIivw5]]></document>
		<document><![CDATA[Cmon Dogsssss! On the edge of my seat with salt and vinegar chips &amp; a Boags. #AFLGF #AFLSwansDogs 🙌🏾🔵🔴⚪️ https://t.co/rnVoS9NQXW]]></document>
		<document><![CDATA[Congrats Danger - having a cheeky beer to celebrate 😝🍺 @dangerfield35 #BrownlowMedal #gocats #legend https://t.co/98trZlaNzW]]></document>
		<document><![CDATA[DOGS !!!!!! #historymade #wow #woofwoof #aflgiantsdogs #aflfinals]]></document>
		<document><![CDATA[Absolutely loving @GWSGIANTS v @westernbulldogs - what a game! #bemorebulldog #AFLGiantsDogs #AFLFinals #godogs https://t.co/93wDXPL4A8]]></document>
		<document><![CDATA[Sending good vibes from Tassie for my Mighty Cats tonight - I'll be cheering from a pub 😎🐈 @GeelongCats #gocats #AFLCatsSwans #nervoussssss]]></document>
		<document><![CDATA[Can't wait to watch the mighty @GeelongCats take on the @sydneyswans 😌 Carn the Catters 🙌🏾🐈💫 #AFLFinals #GoCats 🔵⚪️ https://t.co/OK5uTfKQ2S]]></document>
		<document><![CDATA[This #legend - 🙋🏽😎🙌🏾 thanks @SenSanders https://t.co/IjKzdhBEI6]]></document>
		<document><![CDATA[Another @RosieWaterland fan here @mamamia -a wonderful end 2 Rosie's huge contribution to pop culture #TheBachelorAU https://t.co/It9IfwNApt]]></document>
		<document><![CDATA[for Nikki #TheBachelorAU https://t.co/mX5AWI97j7]]></document>
		<document><![CDATA[Them "after the siren behind" feels. What a night - Go Cats! @GeelongCats #AFLCatsHawks #soproud #prelimherewecome https://t.co/XeFMF64zF6]]></document>
		<document><![CDATA[nervous about tonight 🌟 let's go Cats! #AFLCatsHawks @GeelongCats https://t.co/qS8cmjGy3F]]></document>
		<document><![CDATA[Quadriplegic cattle farmer Rob Cook proves it's about brains as much as brawn https://t.co/N8Wj0dsTln via @abcnews  ping @CountryCanberra]]></document>
		<document><![CDATA[10yo me kicking a footy in the backyard w. her dad &amp; brother would've loved 2 have known @moanahope &amp; @SusanAlberti1 Instead I played Bball.]]></document>
		<document><![CDATA[Happy #wearitpurple Day 💜😊🦄🙋🏽🌟 #inclusion #together #lgbti #diversity https://t.co/fRcKFn1mcA]]></document>
		<document><![CDATA[Congrats @GaiBrodtmannMP - my first time voting in CBR after moving from Melbs. Awesome to see you get up #gogai #ausvotes #canberra #labor]]></document>
		<document><![CDATA[Hello from the longest sausage sizzle line ever at Old Parliament House CBR #ausvotes #auspol2016 🙋🏽☑️📝 https://t.co/Vm466p7NE9]]></document>
		<document><![CDATA[@ClaireShake @outersanctum01 @womenCANplay @nichmelbourne @erinrileyau Just read Erin's chapter -awesome. Interesting from non-VIC influence]]></document>
		<document><![CDATA[Thanks for the recommendation- I definitely will. Ping @ClaireShake I'll get you one too 🏉 #aflobsessed #melburnians https://t.co/8km7AYXYb7]]></document>
		<document><![CDATA[@outersanctum01 @womenCANplay @aliciasometimes @nichmelbourne I grew up in Melbourne loving AFL-this book is seriously resonating with me 🌟]]></document>
		<document><![CDATA[.@erinrileyau read all about Eddie &amp;co but it hadn't yet filtered it was your writing that got the @afl to take it seriously #youareamazing]]></document>
		<document><![CDATA[Oh #GoT you were outrageous tonight #episode9 #wow #hounds #comeuppance #gameofthrones https://t.co/be28hVaCK7]]></document>
		<document><![CDATA[. @GeelongCats I always train harder when I'm wearing this jumper.Can't wait to watch tonight's match! #wearegeelong https://t.co/a0x4HvdlJ5]]></document>
		<document><![CDATA[Haha it's heaps of fun @cappertowers @LadiesWhoLeague @GWSGIANTS @aflnwl @AFLCanberra  https://t.co/pQwzTcG5ww]]></document>
		<document><![CDATA[@cappertowers @LadiesWhoLeague good call: the @ManukaOval will be looking forward to seeing the @GWSGIANTS 🙋🏽🏉🙌🏾 #reppinCBR @womenCANplay]]></document>
		<document><![CDATA[Haha - definitely I guess I am a proud Canberran now :) @GWSGIANTS I'm on board ✌🏽️🙋🏽 #whencanwegetmemberships  https://t.co/wqbzcQOBLM]]></document>
		<document><![CDATA[@aflnwl @LadiesWhoLeague @GirlsPlayFooty What do you think? 🏉👌🏾   https://t.co/39ol79CbOx]]></document>
		<document><![CDATA[Help required: which club should I support in the Women's National League since @GeelongCats didn't receive a licence? #notcollingwood 😜]]></document>
		<document><![CDATA[Avocado shortage fuels crime wave in New Zealand @katetimmarty #possiblecontent #onlyinNZ #Crimewave #fushandchups  https://t.co/44nfFHAopL]]></document>
		<document><![CDATA[I just read a terrible alternative - can't wait for it tomorrow 👏🏽😬🤗  https://t.co/rPEqZRvxA2]]></document>
		<document><![CDATA[@SamClench I don't know what to do - can't find your recap 😳#GameofThrones #seriouslythebestrecapoutthere https://t.co/5Q7HpbfPju]]></document>
		<document><![CDATA[Up up Cronulla! @Cronulla_Sharks #NRLSharksCowboys https://t.co/GNZRbDFnq7]]></document>
		<document><![CDATA[The only way to watch the Sharkies @Cronulla_Sharks #NRLSharksCowboys #smashem #valholmesisamazing https://t.co/4cLin6wJUf]]></document>
		<document><![CDATA[Tough match out there! @LadiesWhoLeague are you watching? #NRLSharksCowboys]]></document>
		<document><![CDATA[😍😍😍😍😍😍Danger😍😍😍😍😍😍 #AFLCatsNorth #danger #cmoncats #gocats @GeelongCats @dangerfield35]]></document>
		<document><![CDATA[#yassssssss #gocats #keepemcoming #AFLCatsNorth]]></document>
		<document><![CDATA[@DanielMenzel10 🙌🏾🙌🏾🙌🏾🙌🏾 #AFLCatsNorth #wow #thatgoal @GeelongCats https://t.co/zCLVRQxtlx]]></document>
		<document><![CDATA[A bit nervous at half time 😐 .. North looking good. Boomer #nailingit again 😤 #AFLCatsNorth #nervous #gocats https://t.co/MtyW2ySNWQ]]></document>
		<document><![CDATA[Very pumped to hear!Love everything you do @LadiesWhoLeague 🙋🏽👏🏽💫 It was a brilliant match; @GWSGIANTS are #realdeal https://t.co/NObCeaa2Pk]]></document>
		<document><![CDATA[Yahoooo that run of play was awesome!!!!! 😸 #AFLCatsGiants]]></document>
		<document><![CDATA[@LadiesWhoLeague Had a random thought...will we see Ladies who Layup as part of your org? 🏀🙋🏽💪🏾 also, shout out to my beloved @GeelongCats 😁]]></document>
		<document><![CDATA[#makehistory #womeninsport #worldchampions @Aussie7s https://t.co/QiGCV0k2di]]></document>
		<document><![CDATA[Technically not actually colder than Canberra... But it FEELS really cold 😬😂 #Melbourne #rainy #typicalmelbs]]></document>
		<document><![CDATA[#Melbourne you are colder than #Canberra 😵 just arrived for a freezing rainy Melbourne morning 😤 #itsgreattobehomethough #melbourne #cold]]></document>
		<document><![CDATA[@katetimmarty pretty interesting read from our friend Gwyn https://t.co/k6T5chRLnG]]></document>
	</documents>
</author>