<author lang="en">
	<documents>
		<document><![CDATA[@ChrisKeall One wonders how deep this low will go :-/]]></document>
		<document><![CDATA[@freitasm @guardian This is getting beyond a joke. US Govt apparatus is being dismantled with a sledgehammer, damn the consequence!]]></document>
		<document><![CDATA[@freitasm say hello to your incoming brick...]]></document>
		<document><![CDATA[@stevebiddle @OliverHMSmith @NotDrewBroadley @jpdanner can you imagine the cost of deploying 3.1 in the USA? The coverage footprint is yuge]]></document>
		<document><![CDATA[@stevebiddle @NZJon yep. Just better to use your CC]]></document>
		<document><![CDATA[@stevebiddle there are a lot of towns in there I would expected in ufb1.]]></document>
		<document><![CDATA[@stevebiddle @StuFlemingNZ @marvin_nz no they wouldn't... students are really honest]]></document>
		<document><![CDATA[@RachelMorris yes. Politics.]]></document>
		<document><![CDATA[@stevebiddle unpredictable and liable to change?]]></document>
		<document><![CDATA[@stevebiddle light drizzle in the city...]]></document>
		<document><![CDATA[@freitasm so did they venture into the Johnsonville badlands?]]></document>
		<document><![CDATA[@nzbaxter who uses free wifi anyway? Always comes with compromises. Thought you'd be on a 20gb mobile plan]]></document>
		<document><![CDATA[@nbcsnl guys please please please remove the geolock from your YouTube videos. SNL is easily the best satire from the US - we love it in NZ!]]></document>
		<document><![CDATA[@freitasm @stevebiddle @plambrechtsen  well stop watching pete]]></document>
		<document><![CDATA[@freitasm @stevebiddle @plambrechtsen who is slowing my internet down?]]></document>
		<document><![CDATA[@stevebiddle @freitasm @plambrechtsen "move along. These aren't the facts you're looking for"]]></document>
		<document><![CDATA[@stevebiddle according to the great leader, climate change is a myth. Right?]]></document>
		<document><![CDATA[@stevebiddle @FlyAirNZ um.... i seem to recall saying this just after the switchover was announced??]]></document>
		<document><![CDATA[@stevebiddle @nzherald you ask a lot of people to understand the basics of how insurance works]]></document>
		<document><![CDATA[@freitasm very true, my bad.]]></document>
		<document><![CDATA[@freitasm We should chip in and get him a rare note7 to use.]]></document>
		<document><![CDATA[@stevebiddle @jmelville epipen debacle was fun, $170 to buy a dose that should be $30 under negotiated contract.]]></document>
		<document><![CDATA[@peter_tan @stevebiddle Steve just use ie6 and tell them everything.]]></document>
		<document><![CDATA[@stevebiddle of course defence is different. Ok to spend $600bn a year.]]></document>
		<document><![CDATA[@stevebiddle because the bill will always go up. How much does NHS cost the UK, and it's still average?]]></document>
		<document><![CDATA[@stevebiddle this is getting too intrusive.]]></document>
		<document><![CDATA[@freitasm democracy in action.]]></document>
		<document><![CDATA[@freitasm @nathanm so please innovation moved designs along. Miss my E65 slider though. Flips not so much]]></document>
		<document><![CDATA[@megynkelly Classy.]]></document>
		<document><![CDATA[@stevebiddle @MetService Is there a live video feed? watching welly from 20 to 10C is always cool ;-)]]></document>
		<document><![CDATA[@LizzieMarvelly @1NewsNZ who is frank underwood in this house I wonder?]]></document>
		<document><![CDATA[@stevebiddle Good man. Is vodafone's traveller @$5 worth it for usa roaming?]]></document>
		<document><![CDATA[@stevebiddle So perhaps not such a bad idea to be going overseas in Jan?]]></document>
		<document><![CDATA[@stevebiddle I thought you meant the tv needed replacing]]></document>
		<document><![CDATA[@stevebiddle public services to airplanes? @plambrechtsen]]></document>
		<document><![CDATA[@musicallyapp hey guys, my daughter has changed iphones but still has about 100 recordings on her old phone. how does she move them?]]></document>
		<document><![CDATA[@stevebiddle @NZStuff I agree, only found out this was factually wrong from Pollys tweets. And I don't follow her]]></document>
		<document><![CDATA[@NZTAWgtn @WgtnCC there's blue smoke pouring out of the terrace tunnel]]></document>
		<document><![CDATA[@freitasm somebody should tell australia]]></document>
		<document><![CDATA[@stevebiddle the councils pbx. It's down]]></document>
		<document><![CDATA[@stevebiddle opportunity for you!]]></document>
		<document><![CDATA[@CTrevettNZH and now to the war: more commonly known as the mortgage]]></document>
		<document><![CDATA[@freitasm so I now have both U.K. And Euro short leads with IBM connectors. Want a pair?]]></document>
		<document><![CDATA[@juhasaarinen @stevebiddle @ChorusNZ downer is finally maintaining the cable network in welly for voda. Photo remin… https://t.co/ERzWP3wm4b]]></document>
		<document><![CDATA[@stevebiddle @ChorusNZ telehouse having wires between lvl14,12 on outside of building because no more premises fibre could be run.]]></document>
		<document><![CDATA[@HannahRogersx I gave up this morning. 3.6x surge from town to Greenlane? Feck it]]></document>
		<document><![CDATA[@avancenz @1NewsNZ I can see OSH going nuts. All those trailing wires!]]></document>
		<document><![CDATA[@scottjpalmer @stevebiddle $35 vs $189 at its cheapest. No contest. Those are airnz takes piss prices]]></document>
		<document><![CDATA[Wlg airport security line for Jetstar. https://t.co/1RavbLofWn]]></document>
		<document><![CDATA[@billbennettnz @StuFlemingNZ @stevebiddle @richms @tjh for umts. That speed was complete bull]]></document>
		<document><![CDATA[@billbennettnz @StuFlemingNZ @stevebiddle @richms @tjh certain product directors had the winxp connect dialogs updated to read "3.6mbps"]]></document>
		<document><![CDATA[@stevebiddle 'cablequick' ish.]]></document>
		<document><![CDATA[@NewshubPolitics @JudithCollinsMP good luck minister. Very good interview on PH, you made some good points. #itsnotinthebag]]></document>
		<document><![CDATA[@stevebiddle @plambrechtsen cheeky. The original telecom cellular business case said only 7 sites were required. 50watts feeding carkits...]]></document>
		<document><![CDATA[@plambrechtsen @stevebiddle only because our tyres had been taken and we needed a lift....]]></document>
		<document><![CDATA[@stevebiddle @plambrechtsen only stood on the car when I was in naenae]]></document>
		<document><![CDATA[@stevebiddle @plambrechtsen that was so biased. I personally tested every cell in Greater Wellington with my mighty Nokia1011.]]></document>
		<document><![CDATA[@plambrechtsen @stevebiddle hahahahahaha this is brilliant. We need this ingenuity in NZ, instead of all this fibre.]]></document>
		<document><![CDATA[@lyallbaynz @WgtnCC Remember that. We drove around to owhiro as well. Lots of concrete going in everywhere ;-)]]></document>
		<document><![CDATA[@lyallbaynz @WgtnCC good to know someone heard the call to 'build that wall!']]></document>
		<document><![CDATA[@stevebiddle that one phone call must have been the catalyst]]></document>
		<document><![CDATA[@SamHayes_ @johnkeypm That was a great line]]></document>
		<document><![CDATA[@kimchoe live feed via FB not working]]></document>
		<document><![CDATA[@freitasm @FlyAirNZ @stevebiddle what?]]></document>
		<document><![CDATA[@freitasm @stevebiddle @ajobbins I think their flight is delayed]]></document>
		<document><![CDATA[@JonoAndBen @therockfm @SharynCasey @TheEdgeNZ There is no nickelback on the edge]]></document>
		<document><![CDATA[@WgtnCC by visiting the tawa byelection?]]></document>
		<document><![CDATA[@HannahRogersx where you going?]]></document>
		<document><![CDATA[@stevebiddle https://t.co/Pba0ZaGvVO what did you do?]]></document>
		<document><![CDATA[@juhasaarinen did you get the right USB-c cable?]]></document>
		<document><![CDATA[@AirNZFairy my wife... 15 minutes ago!]]></document>
		<document><![CDATA[@HDPA @jonohutchison Jono whatever you started hasn't stopped.... makes me wonder who's left in the milk factory (!)]]></document>
		<document><![CDATA[@plambrechtsen @freitasm @dratsab @stevebiddle no, edgerouters for customers. See how many can be boted together into packet stormers!]]></document>
		<document><![CDATA[@plambrechtsen @freitasm @stevebiddle @dratsab just put him to work configuring edge routers for voda. 1k of them should just about do it]]></document>
		<document><![CDATA[@ChrisKeall so what's the alternative? A prolonged death drawn out even further as media continues to implode $$ wise?]]></document>
		<document><![CDATA[@CM_WLG @StrategyWgtn this looks awesome. really need to move faster and get my ticket next time!]]></document>
		<document><![CDATA[@freitasm Davy Crockett will be avenged. sigh.]]></document>
		<document><![CDATA[@freitasm it's merely restoring what was in place historically.]]></document>
		<document><![CDATA[@freitasm I'm sure it will become clearer once mexico is annexed. 'for room to breath']]></document>
		<document><![CDATA[@freitasm and it turns out there are no cloverleafs here. Just iec kettle type]]></document>
		<document><![CDATA[@freitasm high chance for U.K. Euro no]]></document>
		<document><![CDATA[@freitasm I might - will check later]]></document>
		<document><![CDATA[@stevebiddle @gentle_tech geez it was a $2m upgrade that had 85% GM over 5 years. Over 18?? Cash gusher]]></document>
		<document><![CDATA[@stevebiddle @gentle_tech dear god its still analog !? as in the one Telecom put in in 1998?? (I were there)]]></document>
		<document><![CDATA[@stevebiddle @gentle_tech kick the can down the road. is it still e-band digital?]]></document>
		<document><![CDATA[@plambrechtsen @ianbonnar @freitasm @stevebiddle they are very apple in their port supply :-/]]></document>
		<document><![CDATA[@ianbonnar @plambrechtsen @freitasm @stevebiddle cost me £25 in 2003. so no. Now I need a router for my gig cable. Ubiquiti?]]></document>
		<document><![CDATA[@ianbonnar @plambrechtsen @freitasm @stevebiddle I had my first broadband with them £23/mth. 256/128. DSL modem from ebuyer...]]></document>
		<document><![CDATA[@freitasm @plambrechtsen @stevebiddle @ianbonnar at least there was no acoustic couplers in my life!]]></document>
		<document><![CDATA[@plambrechtsen @stevebiddle @ianbonnar @freitasm good ol' pacnet, with its ability to never really be billed]]></document>
		<document><![CDATA[@freitasm hahahahaha. No QoS perhaps? or does Skype 'not need application QoS'? yeah right]]></document>
		<document><![CDATA[@stevebiddle @freitasm Interesting. I'm not using the new onesmart card for anything until I have cleared the $$$ off my old one (in Jan)]]></document>
		<document><![CDATA[@stevebiddle @freitasm These were general price discounts (in yellow), not red card discounts (clubcard).]]></document>
		<document><![CDATA[@stevebiddle @freitasm I was denied discounts at chaffers because I didn't have my nw card (only old OneSmart). Helluva surprise.]]></document>
		<document><![CDATA[@stevebiddle @NZStuff SST was just as bad in weekend (print edition too)]]></document>
		<document><![CDATA[@NZMorningReport I didn't realise you'd had funding cuts and a freeze. Perhaps NZ should be making donations to RNZ too]]></document>
		<document><![CDATA[@mcquillanatorz sorry I should have said signed receipts. Anyway.]]></document>
		<document><![CDATA[@mcquillanatorz umm you need to produce receipts as evidence of donation if you're claiming a deduction, on demand. Else it's fraud.]]></document>
		<document><![CDATA[@freitasm are you surprised? It's to a pricepoint]]></document>
		<document><![CDATA[@juhasaarinen @iTnews_au and still no ftth or fttp but fttc?]]></document>
	</documents>
</author>