<author lang="en">
	<documents>
		<document><![CDATA[Me: That's it, I'm done! I'm not drinking for a while 
Best Friend: You got time for Chisme &amp; Drinks ?
Also me: https://t.co/zYso7e6DFZ]]></document>
		<document><![CDATA[Still a better ending than what we got #HIMYMfinale 
#NeverForgetNeverForgive the writers https://t.co/wg3Q23jS35]]></document>
		<document><![CDATA[Yes!! Completely agree! https://t.co/8utU9d4VG6]]></document>
		<document><![CDATA[@DWStweets @realDonaldTrump Debbie, you should log out of twitter for a while, It's your fault that Baby Hands is now the U.S. President]]></document>
		<document><![CDATA[I bet Trump would hate this song if he spoke Spanish 
https://t.co/9prdoRlSDa]]></document>
		<document><![CDATA[Y'all need to go follow @RogueNASA  like right now!]]></document>
		<document><![CDATA[WHY TF IS THIS EVEN A QUESTION? IF YOU SEE A NAZI, YOU PUNCH A NAZI https://t.co/wHPZnC4Bc0]]></document>
		<document><![CDATA[@AskAngy People like Marlon is one of the reasons of why we can't have nice things]]></document>
		<document><![CDATA[The folks who support the Rebel Alliance in #StarWars are the same people who criticize the folks for standing up against Trump #Resist]]></document>
		<document><![CDATA[For real 😡 https://t.co/myj952gohu]]></document>
		<document><![CDATA[@orchards24 bruh you need friends, howbow dah?]]></document>
		<document><![CDATA[so done with the internet lmaoo https://t.co/1KKm352Dsr]]></document>
		<document><![CDATA["I am one with the Force and the Force is with me. 
I am one with the Force and the Force is with me." - Inner geek me for the next 4 years]]></document>
		<document><![CDATA[bruh too real https://t.co/RbhGbOF9aw]]></document>
		<document><![CDATA[@CW_TheFlash Damn it Barry, no more time traveling! You should know better https://t.co/FPTLbsZbrv]]></document>
		<document><![CDATA[Of course it does!!! https://t.co/AuBQu7aBom]]></document>
		<document><![CDATA[Me: the cold never bothered me anyway
*goes outside for 5 minutes*
Also me: https://t.co/ve0ZvJfr0M]]></document>
		<document><![CDATA[@APSVirginia why the hell are the buses late? 8 years old kids shouldn't have to wait over 25 mins in the freezing cold for their bus]]></document>
		<document><![CDATA[I just took a nap to recover from the first nap I took 5 hours before
#bruh]]></document>
		<document><![CDATA[One of my goals for 2017 that I'm working on is to stop overthinking stuff and be as confident &amp; bold as Drunk Me]]></document>
		<document><![CDATA[Este día de los reyes magos, just remember: it's better to get El Niño from la rosca than from an ultrasound 😂]]></document>
		<document><![CDATA[Me: new year, new me! Gonna go for a run! Tiempo para empezar la dieta!
*Mom makes tamales &amp; ponche*
Me: I'll try again next year]]></document>
		<document><![CDATA[Me: Awesome warm weather and hopefully it's gonna be sunny too
Texas: https://t.co/jkyMudb4hh]]></document>
		<document><![CDATA[Me: *Applying for internships to gain experience*
Internships: You need to have experience to apply 
Me: https://t.co/ZOIyJqyCRp]]></document>
		<document><![CDATA["I have to stop overthinking stuff" -Me, right before I start overthinking stuff]]></document>
		<document><![CDATA["I should probably be quiet, don't roast folks, don't be savage" - Me, before I don't stay quiet, roast folks and go savage on them]]></document>
		<document><![CDATA[Me at the beginning of 2016 vs me at the end of 2016 https://t.co/R3DInBmjkg]]></document>
		<document><![CDATA[@itsHIMYMquotes Nooooooo! Why are you like this?! It's only Monday]]></document>
		<document><![CDATA[Once, I told a bartender to get me a "Moon Light" instead of saying "Blue Moon".. a year later and my friends won't ever let me forget]]></document>
		<document><![CDATA[I found my nano i-pod that I bought back when I was in 9th grade 
It's so old it even has a "work out" playlist 😂🤔😶]]></document>
		<document><![CDATA[Me: I've made so much progress in the past couple of months! Go ahead, try me. I dare you!
*Sister plays Amor Etern… https://t.co/R3TERsPdmi]]></document>
		<document><![CDATA[Nobody is asking the most important question: Do they need Chambelanes?
No hay Quince sin Tiempo De Vals
#EnLosXVsDeRubi #xvruby]]></document>
		<document><![CDATA[@JuanSaaa first time I went to @innoutburger, I was disappointed when I found out that the animal style fries weren't shaped like animals]]></document>
		<document><![CDATA[gif that summarizes how I'm dealing with finals and life https://t.co/UCWRi6FeWt]]></document>
		<document><![CDATA[Me: today is gonna be a great day! Nothing can bring me down! 
*spills coffee all over his work desk, making a huge… https://t.co/SoSGEEhzYT]]></document>
		<document><![CDATA[*spoilers*
The ending works and it's real but it the whole season 9 was poorly done overall
#NeverForgetNeverForgive https://t.co/EkuavtEs7b]]></document>
		<document><![CDATA[If I was the main character in a sitcom, this would the part in the season where the character development goes ehh… https://t.co/pH6o915uVp]]></document>
		<document><![CDATA[@latinorebels @BarackObama promised to do so in his first "100 days" in office and democrats controlled senate &amp; house in 2009 &amp; 2010]]></document>
		<document><![CDATA[writing + listening to Electric Light Orchestra = Major Key
#StrangeMagic]]></document>
		<document><![CDATA[2016 broke me mentally &amp; emotionally.
I can't describe how thankful I am for my friends &amp; fam for helping me survived this year 🙌🏽]]></document>
		<document><![CDATA[My heart: I'll buy a lot of camera gear on cyber Monday!
My common sense: bruh, you better calm tf down! It's time for your DACA renewal 😶]]></document>
		<document><![CDATA[Me: *Learning to dance Duranguense *
*brother asks DJ to switch to Punta*
Me: this bitch
#LatinoParty… https://t.co/DJNOgkaKX3]]></document>
		<document><![CDATA[" I'm not going to be awkward" - me before I start being awkward]]></document>
		<document><![CDATA[Me: So yep, Trump's cabinet is DC's Legion OF Doom and I'm not talking about DC comics 
Dad: Mijo, no, Trump's cabinet is the 4th Reich]]></document>
		<document><![CDATA[Me: I'm going to be on time for class today 
Me to me: Don't https://t.co/aj6aKU6bUb]]></document>
		<document><![CDATA[@TheKamauChege @thechristian_m Yep I believe so, Kronos Times is a satirical news site, I think]]></document>
		<document><![CDATA[@TheWalkingDead like One day characters are wearing jackets &amp; coats and the next it's humid and 80 degrees]]></document>
		<document><![CDATA[As a someone who lives near Alexandria, VA @TheWalkingDead got the weather right!]]></document>
		<document><![CDATA[Beautiful beat get me out of this mess
Beautiful beat lift me up from distress

https://t.co/ssM6RvsuOK]]></document>
		<document><![CDATA[Oh if I must 😂😂
I'm not superstitious but I think fortune cookie might have a point lmao https://t.co/mrrE4qLBYc]]></document>
		<document><![CDATA[LOLOL Internet Win!
https://t.co/oII2UtxQk0]]></document>
		<document><![CDATA[@grantgust  Episode Idea: The Flash teaming up with Arrow and Supergirl to stop Earth's biggest threat- A Trump Presidency]]></document>
		<document><![CDATA["Si yo puedo dejar de ser muy Darks and not wear black shirts, you can do anything"
- me trying to motivate my friends]]></document>
		<document><![CDATA[Folks on my feed posting inspirational quotes by FDR
I guess they're just gonna ignore Japanese internment camps during his administration]]></document>
		<document><![CDATA[@_danalvarenga always keeping it real 👏🏽  🙌🏽 https://t.co/CNAWWqMCuh]]></document>
		<document><![CDATA[@_mariocarrillo_ @pilitobar87 Guatemala didn't just elect a clown, they elected a racist clown : /]]></document>
		<document><![CDATA[I mean I know Americans were racist pero se pasan de verga]]></document>
		<document><![CDATA[I'm starting to think that Back To The Future Part II was a Warning not just a movie #Elections2016]]></document>
		<document><![CDATA["Es incredible que hay gente tan mierda en este país" - my dad talking about the elections #KeepingItReal]]></document>
		<document><![CDATA[Co-workers say that I'm being too savage
but they don't understand that dark humor is the only way that can get me through today #anxious]]></document>
		<document><![CDATA[@NewFreedomFight 👽👽 Hola (you probably don't even know what that means but it scared the crap out of you)]]></document>
		<document><![CDATA[@ciomaurio @NewFreedomFight @Orchards I think NewFreedom misspelled Donald Trump]]></document>
		<document><![CDATA[@orchards24 Trying not to look worry by practicing saying my potential new name.."Hello, my name is Joseph but you can call me Joe"]]></document>
		<document><![CDATA[so done with the internet lmao https://t.co/3QQKlycYBp]]></document>
		<document><![CDATA[@LastWeekTonight This is why I'm suspicious when friends that I haven't talked to in a while are trying to meet up &amp; catch up #TrustIssues]]></document>
		<document><![CDATA[@isbeth_ciria sometimes! If the snap I made is great, I might do it a couple of times...a day 😶 #StorytellingProblems]]></document>
		<document><![CDATA[@dacaagedout thank you!]]></document>
		<document><![CDATA[@isbeth_ciria lol anything to increase them snapchat points]]></document>
		<document><![CDATA[@zenenjaimes bruh that's not a dream, that's a nightmare and at the same time it's so real too!]]></document>
		<document><![CDATA[SMH @timkaine The answer to DAPL question is #NODAPL 
#Shame 
https://t.co/LzepVj3QV7 via @fusion]]></document>
		<document><![CDATA[Rumor has it that she will also fight to end plagiarism #2016Elections #DumpTrump https://t.co/g6lg2DN5rT]]></document>
		<document><![CDATA[*Carries blank planner to meetings *  
It's not about being organize it's about creating the illusion that I know what I'm doing #Adulting]]></document>
		<document><![CDATA[Me Right now as I'm helping my sister gather documents to apply for #DACA Bittersweet moment but I'm so excited!… https://t.co/PJYTmoslxr]]></document>
		<document><![CDATA[for real https://t.co/Cr1qv84j1u]]></document>
		<document><![CDATA[Interviewer: Any Skills?
Me thinking: If there's an awkward situation I find a way to make it more awkward
Me: I'm bilingual 😶]]></document>
		<document><![CDATA[Biggest lie your parents can tell you: We don't have favorites, we love you all the same  👀🤔
#GrowingUpWithSiblings]]></document>
		<document><![CDATA[I don't want my brother to be detained again
I don't want my family to go through pain and fear again 
 #EndDetention #Not1More]]></document>
		<document><![CDATA[164 people have died in immigrant detention since 2003. @ICEgov needs to shut down facilities NOW. #EndDetention #Not1More]]></document>
		<document><![CDATA[On this #DayoftheDead we are raising awareness about the lives lost in @ICEgov run detention #DetentionDeaths #EndDetention #Not1More]]></document>
		<document><![CDATA[2017 Goals: Get yourself a squad who's willing to dress up as Selena &amp; Barrio Boyzz for Halloween #FashionGoals 
https://t.co/Kk3QmEpxY6]]></document>
		<document><![CDATA[When you are trying to be nice and have a good time but the squad won't stop roasting you  #NeverForgetNeverForgive https://t.co/qgud6l9NCh]]></document>
		<document><![CDATA[@itsHIMYMquotes unless @HimymCraig &amp; the writers kill your wife &amp; your Robin divorces her husband #HimymFinale #NeverForgetNeverForgive]]></document>
		<document><![CDATA[Where's the Chill?!?!? #TheWalkingDead https://t.co/sXMeHWB17q]]></document>
		<document><![CDATA[Bruhhh @orchards24 #TheWalkingDead https://t.co/dyJFrYhXeK]]></document>
		<document><![CDATA[When #TheWalkingDead season 7 premiere episode was so predictable but still... https://t.co/KMjF5wG5GD]]></document>
		<document><![CDATA[@orchards24 waiting for #TheWalkingDead  to reveal who the hell Negan killed 
*7 minutes into episode and still not… https://t.co/tBwopXgmzp]]></document>
		<document><![CDATA[Epitome of storytelling
Heartbreaking episode but also one of my top favorite ones #HIMYM https://t.co/ZneVroTBLT]]></document>
		<document><![CDATA[@laloalcaraz Donald Trump is a human?]]></document>
		<document><![CDATA[High school debates are definitely more professional than this crap #debatenight]]></document>
		<document><![CDATA[#BadHombres are misogynists who want to overturn Roe V. Wade while also supporting laws that will punish women #debatenight]]></document>
		<document><![CDATA["We got some bad Hombres here" - Trump, the guy who is a sexual predator, a misogynist, a homophobic and a racist #debatenight]]></document>
		<document><![CDATA[No matter what @realDonaldTrump &amp; @HillaryClinton policies on immigration are, We are #HeretoStay #DebateNight]]></document>
		<document><![CDATA[Everybody:Today is gonna be a great day!
@wmata: LOL
#DCMetroSucks]]></document>
		<document><![CDATA[@SalvaCultura OMG I haven't heard this song in a long time!!! Thank you #Throwback Too real! I just cried #GrowingUpInGuate]]></document>
		<document><![CDATA[90% of people watching  @jtimberlake + Tennessee Kids on @netflix are dancing or singing along to it
the other 10% are a bunch of liars]]></document>
		<document><![CDATA[if you are watching @jtimberlake + Tennessee Kids on @netflix without singing along or dancing to it, you are doing it wrong]]></document>
		<document><![CDATA[Before: Anyone can grow up to be the President!
Now: Anyone can grow up to be the President...pero no se pasen de verga]]></document>
		<document><![CDATA[35 Thoughts Immigrants Had During Hillary Vs Trump Debate https://t.co/RERSYWvo6J via @buzzfeeders]]></document>
		<document><![CDATA[Everybody in 2014: Anybody can be President!
Everybody in 2016: "Anybody can be President" pero no pasen de Verga
#2016PresidentialElections]]></document>
		<document><![CDATA[*asks couple for directions, accidentally becomes third wheel *]]></document>
	</documents>
</author>