<author lang="en">
	<documents>
		<document><![CDATA[Who IS she https://t.co/I84uJivsxZ]]></document>
		<document><![CDATA[The words "kitten heels" and "comeback" should never be in the same sentence https://t.co/as1fpJPbEq]]></document>
		<document><![CDATA[SWEAR IM NOT CRYING https://t.co/QHMnxtfAEf]]></document>
		<document><![CDATA[I'm constantly dehydrated and drank a bottle of water in college today and honestly this is me https://t.co/4itWhnOYyE]]></document>
		<document><![CDATA[Rebecca goes "how weird would it be if you actually married Lauren Jauregui one day"

Did you mean: Fantastic]]></document>
		<document><![CDATA[@loodoofoo em I'm going be grateful for that]]></document>
		<document><![CDATA[Whichthing ;) — This thing C==3 !! ;)) ;o https://t.co/NWzoFwIyoB]]></document>
		<document><![CDATA[My aesthetic: Lauren writing her own music https://t.co/cKwv64i1hg]]></document>
		<document><![CDATA[Do the thing https://t.co/krXwwGT6QL]]></document>
		<document><![CDATA[Meanwhile, people are being denied the right to travel from Ireland to America and are being detained in Irish airp… https://t.co/AYx2JS262H]]></document>
		<document><![CDATA[@EndaKennyTD what does Trump's ass taste like? Is it warm down there? Have you located your spine yet?]]></document>
		<document><![CDATA[I'm studying history between the years 1492 and 1997 this semester. 505 years in twelve weeks haha that's gas]]></document>
		<document><![CDATA[I feel really overwhelmed being in college rn]]></document>
		<document><![CDATA[I quenched ha thirst https://t.co/BHw3Y2jlEc]]></document>
		<document><![CDATA[Sydney just dm'd me "omg be funny on twitter. Your content is deteriorating" y'all better get this bitch ouh ma fac… https://t.co/LXytZq5fgF]]></document>
		<document><![CDATA[How are these two words even interchangeable]]></document>
		<document><![CDATA[I wasn't aware that I was away https://t.co/246U6m6WBV]]></document>
		<document><![CDATA[We get loud, don't think anyone can make me make a sound]]></document>
		<document><![CDATA[Paul, watching Titanic: "I actually really love when he draws her tit like that"]]></document>
		<document><![CDATA[I'm shy and just a little awkward, but you bring it out of me]]></document>
		<document><![CDATA[May this semester be one of many sessions]]></document>
		<document><![CDATA[@dixregui don't worry girl college is so much more fun]]></document>
		<document><![CDATA[Hopefully 2017 is the year Enda Kenny blocks me on twitter]]></document>
		<document><![CDATA[@GoChaela @EndaKennyTD Kenny's just gonna lick his arse anyway, that spineless fool would suck up to literally anyone in a position of power]]></document>
		<document><![CDATA[Politicians are so corrupt and immoral my friends. We're living in dangerous times. Welcome to the Middle Ages babes x]]></document>
		<document><![CDATA[HONESTLY YOU COULDN'T MAKE THIS SHIT UP. WHAT IS THE TRUTH MIKE???? YOUR BIG PAPA TRUMP DADDY JUST BANNED REFUGEES… https://t.co/DaGY0SMDiV]]></document>
		<document><![CDATA[@TheIncoming @LaurenJauregui that Kehlani reference]]></document>
		<document><![CDATA[Can you imagine having the neck to say "Syrians run away" THEY LIVE IN A FUCKING WAR ZONE @TomiLahren https://t.co/hBCm09tyJW]]></document>
		<document><![CDATA[The layout matches so well yes bitch https://t.co/3AuMdVmCyI]]></document>
		<document><![CDATA[I feel like I'm gonna end up falling asleep before Leah can FaceTime me]]></document>
		<document><![CDATA[I'm so sad about John Hurt]]></document>
		<document><![CDATA[@hunrealness define rough gay]]></document>
		<document><![CDATA[My dad on Trump: "you wouldn't put him in charge of a toilet pot"]]></document>
		<document><![CDATA[The meaning of life?? — THIS IS HEAVY, I'm gonna say chocolate  https://t.co/K99PKtMFje]]></document>
		<document><![CDATA[PLS PLS PLS ASK ANYTHING https://t.co/krXwwGT6QL]]></document>
		<document><![CDATA[I'm an over the top tipper like I always tip SO much, America would luv me]]></document>
		<document><![CDATA["Ay you know what it is boy's got his free taco"]]></document>
		<document><![CDATA[Gonna get myself a spicebag later and I'm buzzin]]></document>
		<document><![CDATA[I'm so invested in them this is fucking precious https://t.co/bAEWgU7yvv]]></document>
		<document><![CDATA[Pls stop forcing male gender roles on your sons, toxic masculinity is a disease to our society. Thanks ((:]]></document>
		<document><![CDATA[A guy tried to stop his son getting a girls magazine and I goes "ah let him get that one if he likes it" AND HIS LITTLE FACE LIT UP SO MUCH]]></document>
		<document><![CDATA[AND THEN GOES "it was only €6 so I have loads left" and was gonna buy sweets and then said "actually, I think I might give it to my brother"]]></document>
		<document><![CDATA[show me his hair when he got it cut 😭😭]]></document>
		<document><![CDATA[A little boy came into the shop with his friend and said he was scared to get his haircut by himself, and then he came back in to me to +]]></document>
		<document><![CDATA[A JELLY GOT STUCK IN MY TEETH AND THEN A CUSTOMER I FANCY CAME IN HAHAHA AW SEE YIZ]]></document>
		<document><![CDATA[The fact that my DS has been sitting dead for like 7 years upsets me, what condition are my nintendogs in?]]></document>
		<document><![CDATA[I'd sell my soul to be able to have a conversation with my leaving cert history teacher about all this Trump shit]]></document>
		<document><![CDATA["Christian refugees are given priority" that just says it all, really. The bias is so blatant it physically pains me https://t.co/1w2G87Vlcq]]></document>
		<document><![CDATA[@clairehealyy I wouldn't watch it if it was the only thing on telly]]></document>
		<document><![CDATA[I got so many compliments in work today I feel good]]></document>
		<document><![CDATA[Ever look at someone and think that you'd make an attractive couple cause same]]></document>
		<document><![CDATA[Dinah's snapchat story is stressing me out TAKE IT OFF MUTE AND LET ME HEAR THE SONGS BITCH IM NOT PLAYIN]]></document>
		<document><![CDATA[Game of Thrones lost the NTA to CASUALTY?! Hahahaha is that a joke or]]></document>
		<document><![CDATA[S(lay)weet S(lay)exy S(lay)avage https://t.co/qxKHOLdXPt]]></document>
		<document><![CDATA[She's so unreal https://t.co/PVzULVc8DC]]></document>
		<document><![CDATA[Curly headed fuck https://t.co/QvBDaHu2yG]]></document>
		<document><![CDATA[I'm wearing the cutest dress today, selfies will possibly happen]]></document>
		<document><![CDATA[I can hear your body when I pull your hair, what's my name]]></document>
		<document><![CDATA["I'm too much of a woman, too much of a bad ass bitch" WHAAAA]]></document>
		<document><![CDATA[The beat in Keep On live is gonna fuck me up]]></document>
		<document><![CDATA[The aggressive tap https://t.co/esRk5o2xwb]]></document>
		<document><![CDATA[2 female and 2 male singers you've never seen live ... — Kehlani (seeing her next month tho AHJISOFFHH) n La... https://t.co/7CSqSAN6P4]]></document>
		<document><![CDATA[Thoughts on camren? — Oh BOI well the fact that it makes Lauren so uncomf... https://t.co/Jq7dq0jDz0]]></document>
		<document><![CDATA[It's bad if they've stopped talking about it]]></document>
		<document><![CDATA[*whispers* my boo https://t.co/QbQU5wjZhw]]></document>
		<document><![CDATA[Friendship :) https://t.co/RI71soI8rL]]></document>
		<document><![CDATA[I stg if twitter has a story option next I'm deactivating all of my social media]]></document>
		<document><![CDATA[Wtf is this no stop https://t.co/sp9cTF5LwK]]></document>
		<document><![CDATA[I'm listening to @LaurenJauregui on @THEBOSSYSHOW and honestly, yes queen]]></document>
		<document><![CDATA[Can u tell what my dad and I had in common when I was younger]]></document>
		<document><![CDATA[I was cleaning my room and found all my jerseys from growing up and needed to take a pic cause I had no idea I had… https://t.co/7tD5yjjWmY]]></document>
		<document><![CDATA[My dog forces himself onto my dad's lap every morning after his breakfast for a nap like what a toddler]]></document>
		<document><![CDATA[Me: is jealous that my bitmoji is prettier than me]]></document>
		<document><![CDATA[You love blow and I love puff]]></document>
		<document><![CDATA[Sydney Kavanagh appreciation tweet just BECAUSE]]></document>
		<document><![CDATA[That whole thread about mental illness is so interesting and important, I just rt'd a few but I suggest reading them all]]></document>
		<document><![CDATA[Lush being hella gay with their advertising https://t.co/w2kj13qAQP]]></document>
		<document><![CDATA[I miss school https://t.co/Crbp81OdWD]]></document>
		<document><![CDATA[Wearing VS underwear on ur period is a risky game I'm willing to play]]></document>
		<document><![CDATA[There's over 400,000 children in foster care in the US at the moment, this is not a better alternative. https://t.co/4WrVD5NqME]]></document>
		<document><![CDATA[Similarly, Virginia's husband Leonard Woolf also knew about her affair with Vita and didn't object because he wanted her to be happy]]></document>
		<document><![CDATA[Sackville-West and her husband were both bisexual and in an open relationship IN THE 1920s]]></document>
		<document><![CDATA[Virginia Woolf about Vita Sackville-West during their romance: "her in short (what I have never been) a real woman."]]></document>
		<document><![CDATA[I'm so happy we get to celebrate Virginia Woolf today, what a wonderful human she was]]></document>
		<document><![CDATA[Every single pro-life argument is incoherent and I'm tired of it, let's all just have a big fat referendum and legalise abortion]]></document>
		<document><![CDATA[I love how she was like "do you have a boyfriend or a girlfriend?" inclusive lap dance queen https://t.co/Qk7qwjW1uV]]></document>
		<document><![CDATA[The Oscar nominations are so much more diverse this year that makes my heart so happy!!!!]]></document>
		<document><![CDATA[@striving2befree thank you!! ☺️]]></document>
		<document><![CDATA[He's so afraid of being stripped from his male privilege that he feels like he's being deprived of his "masculinity"]]></document>
		<document><![CDATA[Piers Morgan feels "emasculated" by the concept of equality]]></document>
		<document><![CDATA[TAINA TAINA I KNOW I CANT WAIT TO SEE MY NAME IN LIGHTS NO ONE'S GONNA STOP ME YOU'LL SEE I WILL GO FAR]]></document>
		<document><![CDATA[@SydneyKavanagh that's cos u EXTRA]]></document>
		<document><![CDATA[@SydneyKavanagh I get pains during as well, I mean about eating habits and temp. depression. My cramps ALWAYS come the third day (&amp; before)]]></document>
		<document><![CDATA[I literally followed this girl on insta 5 mins ago and then this comes up on my tl, truly a blessing https://t.co/8PFcB9ScYz]]></document>
		<document><![CDATA[What am I even talking about]]></document>
		<document><![CDATA[Maybe I'm wrong but that's my understanding of it ???]]></document>
		<document><![CDATA["Girls on their period" posts annoy me cos if u suffer from PMS it should go when u bleed, so it should be "girls coming up to their period"]]></document>
		<document><![CDATA[This makes my heart so happy https://t.co/KhFYALjfX1]]></document>
		<document><![CDATA[To everyone who said "Trump's all talk, he won't actually do anything". THIS IS FACISM. THIS IS PATRIARCHY. THIS IS… https://t.co/NJm61qFJIn]]></document>
		<document><![CDATA[Piers Morgan is such a childish loser hahahahaha]]></document>
	</documents>
</author>