<author lang="en">
	<documents>
		<document><![CDATA[@TinieTempah please release soon]]></document>
		<document><![CDATA[@btsportfootball clean your bloody cameras at the #sutton vs #lufc game, it's ridiculous]]></document>
		<document><![CDATA[@ballsdotie when it's New Zealand and not Australia 😡]]></document>
		<document><![CDATA[@officialcwood hi Chris is there anyway I could grab a photo at tomorrows game? Its my last before I go back 2 NZ, would be great way 2 end]]></document>
		<document><![CDATA[@atletienglish whats up with the website guys? https://t.co/V6M8ljgcwR]]></document>
		<document><![CDATA[@LUFC glad he at least is showing some passion, cmon guys get up for a point]]></document>
		<document><![CDATA[@WACCOE could have been better for sure]]></document>
		<document><![CDATA[@weareleeds_ quality kiwi effort]]></document>
		<document><![CDATA[Yeah boy @LUFC that's more like it, bring on @Official_ITFC]]></document>
		<document><![CDATA[@WACCOE fuck de Rossi tho the diving cunt]]></document>
		<document><![CDATA[@WACCOE it was incredible]]></document>
		<document><![CDATA[@WACCOE I've got the dvd to prove it 😂]]></document>
		<document><![CDATA[@WACCOE 2010 World Cup tho #unbeaten]]></document>
		<document><![CDATA[@WACCOE haha somehow he is the best striker we've got, and captain when Reid can't be fucked]]></document>
		<document><![CDATA[@PhilHayYEP up the kiwi lad]]></document>
		<document><![CDATA[@WACCOE celebrating here]]></document>
		<document><![CDATA[@guywilliamsguy good shout by you, not exactly something I do in my spare time]]></document>
		<document><![CDATA[@EmeryCharlotte @BrynLufc @WACCOE thank god for pie cam]]></document>
		<document><![CDATA[@ESPNFC twats where is Leeds score @WACCOE]]></document>
		<document><![CDATA[@BrynLufc @WACCOE his paper must just say shite]]></document>
		<document><![CDATA[@WACCOE @BrynLufc think I'm heading up again finally this weekend]]></document>
		<document><![CDATA[@WACCOE @BrynLufc rate that]]></document>
		<document><![CDATA[@BrynLufc @WACCOE worth a shot]]></document>
		<document><![CDATA[@WACCOE @BrynLufc great shout]]></document>
		<document><![CDATA[@Radebe_Leeds @WALMOT3 I for one would love to be there]]></document>
		<document><![CDATA[@Nick28T @LUFC @Rovers yeah boy switching to your stream now]]></document>
		<document><![CDATA[@MrROSSii1990 it feels that well]]></document>
		<document><![CDATA[@LUFC waiting for confirmation of a win pretty please]]></document>
		<document><![CDATA[@LUFC fuck that]]></document>
		<document><![CDATA[@miniminter you are the ultimate gc]]></document>
		<document><![CDATA[@wph1990 @FootyAccums yes cash out]]></document>
		<document><![CDATA[@GoalsOnSunday can you ask Steve what he thinks of Leeds start to the season and what they need to do better? #MOT]]></document>
		<document><![CDATA[@Spotify @TinieTempah you have the wrong JME credited for the song 'been the man'! @JmeBBK]]></document>
		<document><![CDATA[@MattNeedhamPR travelled that far for absolute shit https://t.co/quTvB8aeDl]]></document>
		<document><![CDATA[@AucklandCity_FC hopefully no doctors are required then!]]></document>
		<document><![CDATA[@AucklandCity_FC Touche, but good point hopefully a victorious match report it is]]></document>
		<document><![CDATA[@AucklandCity_FC How come the names are all in caps]]></document>
		<document><![CDATA[@EASPORTSFIFA Are all ps3 accounts unlocked now? As i go away soon and would like to be able to play FIFA]]></document>
		<document><![CDATA[@EASPORTSFIFA shame I can't pack any as my account is still down. C'mon guys this is ridiculous]]></document>
		<document><![CDATA[@EASPORTSFIFA @EASPORTSFIFAANZ How long till I can play Fut again? I have all the time in the world come Wednesday and I still cant get on]]></document>
		<document><![CDATA[@EASPORTSFIFA how come my PS3 account is locked still? I am missing out on the bargains, please help]]></document>
		<document><![CDATA[@EASPORTSFIFA awesome apart from the fact my account is still locked? Any reason, please explain]]></document>
		<document><![CDATA[@EASPORTSFIFA could you please explain why my fut is still locked please, I am getting really worried and I am losing money]]></document>
		<document><![CDATA[@DoonansNDragons so if we have the message in the bottom right of the main menu our account is still locked and will not be accessed?]]></document>
		<document><![CDATA[@EASPORTSFIFA I'm thinking of buying a PS4 next year, upgrading from my PS3 In terms of Fifa and UT, What gets carried over players?, coins?]]></document>
		<document><![CDATA[@Nicoffifa @EASPORTSFIFA @Haytamchourafi3 Estimated time of arrival or in this case finish of the three days worth of maintanence]]></document>
		<document><![CDATA[@EASPORTSFIFA are we looking at later today for reboot of ps3? This starting to get ridiculous]]></document>
		<document><![CDATA[@EASPORTSFIFA ok sweet as. Is the maintenance also looking at match making]]></document>
		<document><![CDATA[@EASPORTSFIFA How far away is PS3 from being back online?]]></document>
		<document><![CDATA[@LUFC @officialcwood @NZ_Football we finally won, it only took in excess of 15 months]]></document>
		<document><![CDATA[@SmarbaTV sweet thank you]]></document>
		<document><![CDATA[@Nick28T what is the site that you used in your stream to check active prices]]></document>
		<document><![CDATA[@SmarbaTV @YouTube hey Smarba do you know any good sights for checking current prices on fut? Love your vids bro keep it up]]></document>
		<document><![CDATA[@EASPORTSFIFA does yesterday (Saturday 24th Oct) count if I'm from NZ?]]></document>
		<document><![CDATA[@LeedsEditor @Lufc_Michael_4 terrible penalty but a goal is a goal]]></document>
		<document><![CDATA[@LUFC manager merry-go-round, pick one and stand by them, we need consistency]]></document>
		<document><![CDATA[@ImKerryNorton yeah that was very convincing]]></document>
		<document><![CDATA[@ImKerryNorton it definitely is starting to look that way! Let's go the @AllBlacks]]></document>
		<document><![CDATA[@ImKerryNorton anything could still happen it is the #RWC2015]]></document>
		<document><![CDATA[@ImKerryNorton an @AllBlacks win obviously! So far so good]]></document>
		<document><![CDATA[@LUFC hopefully I can still go then]]></document>
		<document><![CDATA[@HuishGregg @LUFCTickets @LUFC yeah unfortunately it's all about the money]]></document>
		<document><![CDATA[@HuishGregg @LUFCTickets @LUFC it'll be that that's peak and the last Saturday is Preston isn't]]></document>
		<document><![CDATA[Hey @officialcwood, my family &amp; I r travelling to England and watch @LUFC in December and would love the opportunity to meet up, any chance?]]></document>
		<document><![CDATA[@EASPORTSFIFA wasn't bale supposed to be out of position?]]></document>
		<document><![CDATA[although @SpursOfficial fans might be gutted by Lloris breaking his wrist, at least no one will buy him now]]></document>
		<document><![CDATA[@EASPORTSFIFA when is ultimate team back online]]></document>
		<document><![CDATA[@FIFAcom @CA2015 @JimmyConrad don't worry FIFA got it wrong]]></document>
		<document><![CDATA[@JimmyConrad it's Peru isn't it]]></document>
		<document><![CDATA[@LUFC @football_league I've signed up all the way from New Zealand, it sucks that now they have stopped showing live games @LUFC games]]></document>
		<document><![CDATA[@football_league @LUFC Leeds fan from nz definitely doing this]]></document>
		<document><![CDATA[@MadMaclegend @EASPORTSFIFA haha and Beckford]]></document>
		<document><![CDATA[@FIFAcom @CF_America @AucklandCity_FC when Auckland came 3rd #ProudToBeKiwi]]></document>
		<document><![CDATA[@manuz05 what was the link I can't open it]]></document>
		<document><![CDATA[@DerekRantsGames @EASPORTSFIFA how does that work?]]></document>
		<document><![CDATA[@BBCSport Good on him, doing New @NZ_Football proud]]></document>
		<document><![CDATA[@MrROSSii1990 Can't wait for this IF @MarcoSilver1991 card (and Sol Bamba if we are lucky)]]></document>
		<document><![CDATA[@EASPORTSFIFA it seems to be all players on the first page of my club, after that it is working http://t.co/fzzvKb7AbF]]></document>
		<document><![CDATA[Why does my app keep showing me this when I try sell IF Griezmann and IF Fernandez???? @EASPORTSFIFA http://t.co/Ia5YCAAzZh]]></document>
		<document><![CDATA[@JuanObiMikel na he is at least 30k]]></document>
		<document><![CDATA[@EASPORTSFIFA HELP! for some reason I can't sell any of my players and on my phone it is selling the items don't exist? On web app, out sync]]></document>
		<document><![CDATA[@EASPORTSFIFA finally haha hopefully some big changes]]></document>
		<document><![CDATA[@EASPORTSFIFA how far away till the end of maintenance]]></document>
		<document><![CDATA[@NepentheZ for your best team in FIFA series, use this false 9. I have been using it in Div 1 and it is sick. Cheap 2 http://t.co/0V1sqaeMeX]]></document>
		<document><![CDATA[@kiwiscotsman @skysportnz @SommetSports @SkyBetChamp I would certainly hope so, @SommetSports were doing a great job]]></document>
		<document><![CDATA[@EASPORTSFIFAGBfuck off]]></document>
		<document><![CDATA[@EASPORTSFIFA why did you take away my wins in my current div]]></document>
		<document><![CDATA[The guys at @futheadsite &amp; @futheadnews are giving away In Form Vela! http://t.co/sFoYylA6TL]]></document>
		<document><![CDATA[The guys at @futheadsite &amp; @futheadnews are giving away In Form Pogba! http://t.co/7KMq63zB5M]]></document>
		<document><![CDATA[@LUFC this is the news I want to wake up to every Sunday. What a win! http://t.co/pRyTREvh3I]]></document>
		<document><![CDATA[@Romadinho10Jr thats ridiculous, now is the time that people play fifa 14 before christmas]]></document>
		<document><![CDATA[@Romadinho10Jr what do you mean by the last bit]]></document>
		<document><![CDATA[@Romadinho10Jr your right that is ridiculous, I understand that it is an old game with minimal users but 1.5k is ridiculous]]></document>
		<document><![CDATA[@Romadinho10Jr 50k then]]></document>
		<document><![CDATA[@Romadinho10Jr give me 100k on fifa 15 and we got a deal, 1.5k is ridiculous]]></document>
		<document><![CDATA[@Romadinho10Jr about 250-300k you want some]]></document>
		<document><![CDATA[@iDingerzHD ok i have only playstation]]></document>
		<document><![CDATA[@iDingerzHD what console how much]]></document>
		<document><![CDATA[@adryantavares are you eligible for the Brazil U-20 side for the world cup in New Zealand next year?]]></document>
		<document><![CDATA[@GCIIMessi have you made a squad builder with him? Absolutely love him but can't find a good squad]]></document>
	</documents>
</author>