<author lang="en">
	<documents>
		<document><![CDATA[Aaand... that’s a wrap for @modelco_cosmetics. Made it to dinner with only lip gloss touch-ups! Thanks to... https://t.co/tSjbaeNHFQ]]></document>
		<document><![CDATA[#blowdry on point today with @victoriaelizabethmontano #killinit https://t.co/cUamYHZwhM]]></document>
		<document><![CDATA[BEAUTY TAKEOVER 💋  Hi #ModelCo fans and friends! @vanessadeluca here to take over @modelco_cosmetics Instagram... https://t.co/SfBHerfpYe]]></document>
		<document><![CDATA[#shooting for #peoplecare campaign at @skyzone today #toofun with @dan_gosse_images https://t.co/yPjUzox20J]]></document>
		<document><![CDATA[Currently https://t.co/RH3vc1DB0X is down. Working hard to get it back up. Emails are also down. Will keep you updated]]></document>
		<document><![CDATA[#tbt to #blowdry by me #makeup by for #vipclient @victoriaelizabethmontano 

Happy new year gorgeous people! For... https://t.co/K62Gv0DNT5]]></document>
		<document><![CDATA[Crazy/cool Hair Art https://t.co/agrAUpSpOF]]></document>
		<document><![CDATA[Hairdressing is in the De Luca blood! My Great Uncle Tony De Luca is retiring from his career as a barber at 82... https://t.co/yvYespTOtW]]></document>
		<document><![CDATA[Blowdry curls for @bondi_mumma's newborn shoot with @katesommer_photography last weekend! Photos coming soon!... https://t.co/xnvoCIPR2v]]></document>
		<document><![CDATA[#tbt of one of my loveliest long term clients @thehostess from The tale of Stephanie Conley &amp; Hugo &amp; Freddy Buhre... https://t.co/20gHsoQxz0]]></document>
		<document><![CDATA[#repost of my girl @cassey.miller #hairbyvanessadeluca #virginaustraliahatvalet ❤️️love you babe! Have fun at the... https://t.co/6UW4Q32NTi]]></document>
		<document><![CDATA[Fresh spring highlights today on uber babe @bondi_mumma getting in before her new bubba arrives! #ombrehair... https://t.co/5aW6wNGEjl]]></document>
		<document><![CDATA[#repost doing hair for @tegan.martin at @virginaustralia #hatvalet with @deki.l for @modelco_cosmetics https://t.co/aLafvvScgM]]></document>
		<document><![CDATA[The big reveal! Oh the satisfaction! https://t.co/kOkyunA6oP]]></document>
		<document><![CDATA[Did anyone see how gorgeous moon The Full Moon looks right now? It's energy is so strong! I most certainly have... https://t.co/3W8942uImX]]></document>
		<document><![CDATA[My favourite mobile spray tan in the eastern suburbs :) https://t.co/vMxfoj0H7o]]></document>
		<document><![CDATA[#Repost @rachael_brook
・・・
Love your work girl! And love these looks and the simple transition! #lessismore... https://t.co/hbEO9hElTq]]></document>
		<document><![CDATA[Such a fun weekend! Thank you for having a birthday Dean! And thanks for welcoming us to Cronulla lodge :) ⛷󾟘 https://t.co/8R7KSQ2Mry]]></document>
		<document><![CDATA[Love this always! https://t.co/T2i4o4LoNZ]]></document>
		<document><![CDATA[Still of #megababe @lacey_lopez #hairbyvanessadeluca #hairandmakeup #photoshoot with expert @marceauphotography https://t.co/GJADFdqtdt]]></document>
		<document><![CDATA[Nak! I love this Haircare brand https://t.co/DH35O6RUuT]]></document>
		<document><![CDATA[This babe @_cassey_miller_ (who also happens to be one of my fabulous hair clients for the past 7 years) had her... https://t.co/aZRzwjhSDH]]></document>
		<document><![CDATA[Meet @fran_kunz ! She will be leading a FREE core based beginners vinyasa class tomorrow morning, 9am, at the... https://t.co/HmdZKdXPgY]]></document>
		<document><![CDATA[Sick at home getting some work done between clients and enjoying it all the more now because, I have this... https://t.co/9rMUGvnJO3]]></document>
		<document><![CDATA[#hairandmakeup on point for @lacey_lopez #photoshoot with 📸 expert @marceauphotography #hairbyvanessadeluca https://t.co/L0J7e8KTdL]]></document>
		<document><![CDATA[I think my hairspray selections are pretty darn good. But I guess this guy is a hair expert. He truly understands... https://t.co/gsL4NpCne5]]></document>
		<document><![CDATA[The ever fabulous @victoriaelizabethmontano last night at #fashionweek #netaporter #hairandmakeup... https://t.co/FP3uZNuSdz]]></document>
		<document><![CDATA[#winteriscoming should I cut a fringe again? My last one is still growing out! #mickjagger #bangs #fringe #hair https://t.co/F7Z73ZNv6F]]></document>
		<document><![CDATA[#tbt my #hairandmakeup #work on the lovely @pixielevinson for @bodyscience shoot a little while back 📸 by... https://t.co/PltAzgPNVu]]></document>
		<document><![CDATA[Who knew this was a thing?! https://t.co/U6cfz0P4NT]]></document>
		<document><![CDATA[The gorgeous @lacey_lopez and her long golden tresses! She tells everyone I make her look good but it's so hard... https://t.co/CwIHrmaQi0]]></document>
		<document><![CDATA[We are so very proud to introduce Tess Williams to our Soul Flow timetable teaching Vinyasa Yoga classes and... https://t.co/CxQ2PuyNTt]]></document>
		<document><![CDATA[Love this :) Raffaele Deluca how cute! https://t.co/on7QquXVlU]]></document>
		<document><![CDATA[Oh yes!! New @tangleteezeraustralia products! These are without doubt the least damaging brushes on your hair. I... https://t.co/Yskxg8mOKS]]></document>
		<document><![CDATA[My lovely friend Pixie is starting her very own vlog! Hair, makeup and myself featured in this one ;) https://t.co/KvXhmbZXif]]></document>
		<document><![CDATA[My work in this vid with the lovely @pixielevinson #hairbyvanessadeluca #makeup #vanessadelucahairandmakeup for... https://t.co/5mSkpLRiGo]]></document>
		<document><![CDATA[#tbt of @roxyjacenko #hairbyvanessadeluca #blowdry #hairstyle #blonde https://t.co/2ERljiTKy8]]></document>
		<document><![CDATA[#repost of @huntercurtis14 They don't make 'em much cuter than this! #shortbackandsides for this handsome guy... https://t.co/4op7YkzxWz]]></document>
		<document><![CDATA[#tbt of #hairandmakeup for @pixielevinson #fishbraid #hair #makeup #hairbyvanessadeluca https://t.co/ln7LnXInB4]]></document>
		<document><![CDATA[#repost of @roxyjacenko enjoy Paris Rox! #hairbyvanessadeluca #blowdry #blowout #waveyhair https://t.co/10F12E33U4]]></document>
		<document><![CDATA[One of my favourite shots of @osmaravindel by 󾓯 @dan_gosse_images #levitation #levitating #hairbyvanessadeluca... https://t.co/9mGc125qHM]]></document>
		<document><![CDATA[The only appropriate hair on a day like today is salty beached hair! It's only 9am and I need to be completely... https://t.co/nRBztpXaxE]]></document>
		<document><![CDATA[󾌴󾌴󾌴󾌴󾌴󾌴 #repost #via @smallgirlbigblog #dryshampoo #hair https://t.co/1FVtq2fl0c]]></document>
		<document><![CDATA[#latergram of the #romantic #braids in #Bondi for the lovely @alintajh yesterday going to her brothers wedding... https://t.co/EKU3bMA6ao]]></document>
		<document><![CDATA[Some #hairart from the archives of one of my favourite pages @charcoalalley #sketch #hair #charcoal #art https://t.co/zVQ0GGMQND]]></document>
		<document><![CDATA[#tbt to one of my first #photoshoots with @dan_gosse_images I don't even remember the name of this model but I... https://t.co/Qfak4FsYOV]]></document>
		<document><![CDATA[Email address info@vanessadeluca.com.au is currently down. Please text or Facebook message if you need to contact me.]]></document>
		<document><![CDATA[This beauty @alintajh and her gorgeous #ombre #hair #hairbyvanessadeluca #haircolour #blowdry #blonde https://t.co/PLwcAGv2zF]]></document>
		<document><![CDATA[Happy birthday to this gorgeous girl! I hope Saturday was a great day for you @cassey.miller xxx... https://t.co/hqiLdBIvOv]]></document>
		<document><![CDATA[#repost check my girl @celesterussohair's gorgeous #undercut work here! Love love love this babe #hairofmydreams... https://t.co/nj7So9dhmr]]></document>
		<document><![CDATA[#repost of @bufbride in @cosmobride (link to the full bride program: https://t.co/NB7SnCx3uZ) 
To all the... https://t.co/niSbSbPbfr]]></document>
		<document><![CDATA[The gorgeous @lacey_lopez werkin' my #hair work!! 󾓯 @marceauphotography  for @winkmodels #colour #cut... https://t.co/u3w3MKlHgI]]></document>
		<document><![CDATA[Photography callab "Aorta" work "Artificial Storm"
Love this so much! #artimmitatingmylife https://t.co/16INho6nog]]></document>
		<document><![CDATA[#tbt #boho #photoshoot in the park with @allthesmallthings_photography 

I just want to let y'all know that I am... https://t.co/dJCUUDorzW]]></document>
		<document><![CDATA[This babe @rosefacekilla my hair curling lesson and killin' it! #bob #highlights #hairbyvanessadeluca #haircut... https://t.co/3kDza76f0Y]]></document>
		<document><![CDATA[Dear @NRMA you are awesome! These warnings are amazing :) I love them #syndeythunderstorm https://t.co/vXWGPb9fJD]]></document>
		<document><![CDATA[#repost of the lovely @laurenlang01 yesterday at her cousins #boho #summer birthday do #hairbyvanessadeluca... https://t.co/DocpK8oh97]]></document>
		<document><![CDATA[So proud of this babe @veronicawallington competing in last weeks #miss bondi comp! Such an inspiring little go... https://t.co/DaHat279ZA]]></document>
		<document><![CDATA[Bobby pin art #via @kmsalvagedesign  #bobbypinsfordays #hair #bobbypins #art #pink https://t.co/H92mrqBIJK]]></document>
		<document><![CDATA[Was so fun to play with @nudebynature on the lovely @victoriaelizabethmontano over the weekend #hair #makeup... https://t.co/eza4KkmrAn]]></document>
		<document><![CDATA[The girl with the golden hair #haircolor  by me 󾌬󾌬󾌬 @lacey_lopez #hairbyvanessadeluca #goldenhair #blonde #bronde... https://t.co/LKgLE5Bi3t]]></document>
		<document><![CDATA[It's true my curly haired clients :( https://t.co/5Lx6Zlb0MM]]></document>
		<document><![CDATA[#repost of my @victoriaelizabethmontano #hairandmakeup by me #hairbyvanessadeluca #makeup have fun tonight gorgeous https://t.co/bAVDhyI7Ne]]></document>
		<document><![CDATA[Will this be the new #mostrequested #haircut this #summer ? #bingle #hairbyvanessadeluca 

#Repost... https://t.co/1stydbCnqO]]></document>
		<document><![CDATA[#repost #hairandmakeup for this lovely #photoshoot with the gorgeous @lacey_lopez  @marceauphotography... https://t.co/oKBE0o2PfO]]></document>
		<document><![CDATA[#raceseason has arrived!! I'm back at @virginaustralia again this year heading up the blowdry bar to go along... https://t.co/dFVMYHvnqD]]></document>
		<document><![CDATA[Babet couple @cassey.miller &amp; @n_a_t_h_a_n #themillers looking hot #hothair #couplehair #hairbyvanessadeluca https://t.co/Z1W5Gwyvoj]]></document>
		<document><![CDATA[Thanks so much @shelley_barrett for the mention your @beauticate interview last week. Always a pleasure coming to... https://t.co/cGUDYbzpEG]]></document>
		<document><![CDATA[:: HEADS UP BEAUTIES :: 

Hi gorgeous clients and friends! This post is to give you all notice for the rest of... http://t.co/hHqb3xpvrC]]></document>
		<document><![CDATA[Pretty in pink  my dearest @jarra_c #pinkhaurdontcare #hairbyvanessadeluca #prettyinpink http://t.co/JH3ZmiYVdJ]]></document>
		<document><![CDATA[These two gorgeous cheeky girls  I have some of the loveliest clients! @wholeveganpantry and cutie Olivia!... http://t.co/ZePZFHJmuf]]></document>
		<document><![CDATA[My #hair and #makeup work on #photoshoot for the beautiful managing director of @skinstitut Fiona Tuck... http://t.co/j17cBs6N5G]]></document>
		<document><![CDATA[#repost of #bufbride #bridewhisperer @cassey.miller @bufbrides 
For the ultimate pre-wedding 8 week online... http://t.co/Ydvhg2mTrm]]></document>
		<document><![CDATA[Did anyone else catch @theapprenticeau last night? Classic and so entertaining! I'm hooked and had the pleasure... http://t.co/R8zUblY2Vj]]></document>
		<document><![CDATA[#repost of #hairmodel @victoriaelizabethmontano at it again, making me proud #hairbyvanessadeluca #balayage... http://t.co/aYUPjFc1be]]></document>
		<document><![CDATA[Finally updated my price list for my private clients! Not much has changed changed but check for new packages and... http://t.co/qxsK47wBDh]]></document>
		<document><![CDATA[#tbt #photoshoot #repost from the vault of #photograper @andrewbabarczy #hairmodel #hairbyvanessadeluca @model621 http://t.co/tphb4bkHlP]]></document>
		<document><![CDATA[#repost of #baben client @victoriaelizabethmontano #killinit #VIP #hairmodel #blonde #blowdry #hairbyvanessadeluca http://t.co/yP0LGRZx0z]]></document>
		<document><![CDATA[#hairbyvanessadeluca for this past shoot with @dan_gosse_images and @lyndlkean wish I knew where I put the... http://t.co/JKb9vsIicv]]></document>
		<document><![CDATA[Excited to now stock @cureplex products! Looking forward to happier healthier blondes  to celebrate I am giving... http://t.co/VJCFCRtkN3]]></document>
		<document><![CDATA[#via @kristin_ess #edited #hair #braid #redhair #hairlove http://t.co/9U3SkKvReX]]></document>
		<document><![CDATA[Chop chop chop #hairbyvanessadeluca http://t.co/JAS2vxmMcH]]></document>
		<document><![CDATA[For more images follow me on Instagram : http//:http://t.co/W13FNSuisE  or just type @vanessadeluca into... http://t.co/T6dBMCpgpc]]></document>
		<document><![CDATA[And the #mostrequested #haircut and #haircolour award this month goes to @jessicaalba and I'm still not bored... http://t.co/FglyobpbYp]]></document>
		<document><![CDATA[#love my job #love my life #happyhumpday lovers #hairbyvanessadeluca http://t.co/gyOKQjjy4a]]></document>
		<document><![CDATA[#love my job #love my life #happyhumpday lovers #hairbyvanessadeluca https://t.co/cRrOSBTT4h]]></document>
		<document><![CDATA[#Hair and #makeup for the lovely Coutenay from @wholeveganpantry  by @tealily and when I say hair I mean #blonde... http://t.co/9e3YMzY6R9]]></document>
		<document><![CDATA[#Hair and #makeup for the lovely Coutenay from wholeveganpantry 📷 by tealily and when I say hair I… https://t.co/biSZstnvH5]]></document>
		<document><![CDATA[Very excited to be styling CEO of @modelco_cosmetics (my favourite australian cruelty free cosmetics brand )... http://t.co/uTK5Hcoaf5]]></document>
		<document><![CDATA[Very excited to be styling CEO of @modelco (my favourite australian cruelty free cosmetics brand… https://t.co/OmyAbRlCLo]]></document>
		<document><![CDATA[Sunday's are reserved for the VIPs @pixiecurtis the professional. Still as a statue. http://t.co/BjWMZ9wTxq]]></document>
		<document><![CDATA[Sunday's are reserved for the VIPs pixiecurtis the professional. Still as a statue. https://t.co/hxYH3S8Jtm]]></document>
		<document><![CDATA[To all my soon to be brides out there prepping for there big day, check out this link:... http://t.co/xieldXqFVE]]></document>
		<document><![CDATA[To all my soon to be brides out there prepping for there big day, check out this link:… https://t.co/1z0ZLwi7oX]]></document>
		<document><![CDATA[Thinking of giving myself a fringe like this this winter. What do ya reckon? Fringes are usually a winter thing... http://t.co/FBpGECbTXH]]></document>
		<document><![CDATA[Thinking of giving myself a fringe like this this winter. What do ya reckon? Fringes are usually a… https://t.co/1px2tRKPrz]]></document>
		<document><![CDATA[One more week of sand salt and sun! Back to work on the 20th http://t.co/6XmS5CWBp4]]></document>
		<document><![CDATA[One more week of sand salt and sun! Back to work on the 20th 😘 @ Seminyak Beach https://t.co/pjvYAbGVMM]]></document>
		<document><![CDATA[Very excited that #BUFbride 8 week program has launched! A 15minute yoga sequence led by me is… https://t.co/gdZihiEz1n]]></document>
		<document><![CDATA[#hair #hairstyle #hairbyvanessadeluca http://t.co/mMslAeZCm1]]></document>
	</documents>
</author>