<author lang="en">
	<documents>
		<document><![CDATA[this is a once a year event :) please feel free to add yourself and pm for the info :) https://t.co/RQ4wFgMgo7]]></document>
		<document><![CDATA[Put this on Your Calender for tomorrow :) https://t.co/4ndZ6qLYNX]]></document>
		<document><![CDATA[Not long now to our fantastic Mega Psychic Fair, so looking forward to it all..... Fantastic stalls.... If your... https://t.co/qAdUjcw53X]]></document>
		<document><![CDATA[Nearly time for our Mega Psychic Fair. 48 stalls Free Entry https://t.co/oSIDVnkoxW]]></document>
		<document><![CDATA[Not long to go now.  48 stalls.  loads of amazing gifted people, fantastic retailers with lots of lovely... https://t.co/qoDqI1YRQY]]></document>
		<document><![CDATA[Feel free to add yourself and share this event https://t.co/wRQUxo1mvS]]></document>
		<document><![CDATA[Great News we have finalised our stall holders and we have 47 stalls!! some stalls 5 metres long.... this is a... https://t.co/JTAkgqY9U2]]></document>
		<document><![CDATA[Psychic Readings: Life guidance and future with your guides or hear from a loved one.  I have available times... https://t.co/06MpkAUfy7]]></document>
		<document><![CDATA[If you would like to have a stall then private message me for details, booking stalls now.. https://t.co/6llkO6BRbP]]></document>
		<document><![CDATA[If your looking for something fun to do this Sunday, join us at the Cossie Club Upper Hutt, FREE Entry, over 35... https://t.co/o1Y0ypGXuR]]></document>
		<document><![CDATA[Only 13 days to go to our amazing fair... don't miss out https://t.co/LFBVYZ9NnB]]></document>
		<document><![CDATA[18 days to go to this amazing event.  Free entry.  Over 35 stalls.
Psychic's, Tarot Readers, Healers, Crystal... https://t.co/uUykYcBgRs]]></document>
		<document><![CDATA[My Book will be on sale for $25 instead of $30 for ticket holders
Tickets selling well remember there is a limit... https://t.co/KbTjTnAK69]]></document>
		<document><![CDATA[After two great shows I'm highly looking forward to this show in my home town, limited tickets and they are... https://t.co/Px67438JWX]]></document>
		<document><![CDATA[The countdown begins.... Yay nearly time for this show... tickets available from The Porirua Club or evenfinda https://t.co/WAbI9qfPLb]]></document>
		<document><![CDATA[still a few tickets left don't miss out this is my one and only in Wellington and half the profits are going to SPCA https://t.co/aA7T2R4RN4]]></document>
		<document><![CDATA[Due to some people not paying for their bookings on different dates of the hunts we have available spots in... https://t.co/s2VIATxqYw]]></document>
		<document><![CDATA[Please some one help this cat in Wairarapa https://t.co/9IWdifJrlj]]></document>
		<document><![CDATA[a fun charity night with a chance to hear about the ghosts https://t.co/oaXKHF30h9]]></document>
		<document><![CDATA[Tickets are on sale now for this event... https://t.co/vgJZqDk24Q]]></document>
		<document><![CDATA[there is a number of dates listed for a number of ghost investigations at this venue for this year.  please read... https://t.co/zCgwJhkGqU]]></document>
		<document><![CDATA[Our new business https://t.co/QCfXhpBZRf]]></document>
		<document><![CDATA[This is a one off, not doing this special again, only offering it the once for a special reason :) https://t.co/mfdCojiaVM]]></document>
		<document><![CDATA[Great Christmas Holiday Read https://t.co/NtTsp0t9kr]]></document>
		<document><![CDATA[I will be there doing readings https://t.co/G9GxGXDJGn]]></document>
		<document><![CDATA[NOW 2 PLACES LEFT (due to 2 people not paying) http://t.co/FbxGVBrbDo]]></document>
		<document><![CDATA[If you were thinking of booking a personal or phone reading, then make sure you Book it prior to 1st October,... http://t.co/UkM4h2nWC5]]></document>
		<document><![CDATA[for some reason im having problems getting messages as can't access any new ones.  so if you want to private... http://t.co/l9nJYtptMU]]></document>
		<document><![CDATA[Appointments available this week are Tues 5.30 or 6pm
Wed and Thurs 2pm
Friday 2pm
Saturday 3pm
Get in before the... http://t.co/ehuXKwTx2G]]></document>
		<document><![CDATA[My friend's dog and puppy have gone missing from Trentham Upper Hutt, the puppy is brown/tan and white and about... http://t.co/DzpbXZw60u]]></document>
		<document><![CDATA[just add yourselves if you want to take up this offer but please read the info on the event http://t.co/PmtygVMJRd]]></document>
		<document><![CDATA[We have a development and social monthly group called white wolves.  We still have two places extra to fill.  We... http://t.co/fYPWyusbZn]]></document>
		<document><![CDATA[The winners are Athena Starr, Andrea Bean and Sarah Symes with Red Panda Yay.  Ok that's all for tonight but maybe do this another time :)]]></document>
		<document><![CDATA[Last winner choose 18 now we have a new competition... again must be posted on my Psychic page only http://t.co/ZfbPG3PmdL]]></document>
		<document><![CDATA[Should we have another go??? ok I am going to pick a Zoo animal and it must be from a NZ Zoo and if you get this... http://t.co/zr8N7bXSB5]]></document>
		<document><![CDATA[and the winner is Lynette MacDonald with 18]]></document>
		<document><![CDATA[Ok hope everyone is reading this lol.  I am thinking of a number between 1-20 if you get that number right you... http://t.co/ioOaFoSdkU]]></document>
		<document><![CDATA[I have finally got around to adding more info about my services.  This is under "About"  it even has my prices etc]]></document>
		<document><![CDATA[Cleansing Yourself Or Others:
Sit in a chair with your feet flat on the floor or stand with your feet flat on the... http://t.co/bxEu9zK6p4]]></document>
		<document><![CDATA[if your doing the lucky colour offer make sure you make a comment on the post so i can give you your colour]]></document>
		<document><![CDATA[i want to see how many people are looking at my page.  so for the next 30minutes i will give you a lucky colour... http://t.co/ZWIsgR7OD8]]></document>
		<document><![CDATA["A Different Kind Of Normal"
My story of my life as a person , as a Psychic Medium and as a ghost investigator... http://t.co/qsdas3iARS]]></document>
		<document><![CDATA[Last chance to get your tickets for Friday's show in Masterton

Have you ever wanted to know if you have... http://t.co/x2AFi9l85O]]></document>
		<document><![CDATA[Have you ever wanted to know if you have Spiritual Gifts?
Who your guides are?
If your photo of the orb, is it... http://t.co/Yq3sB5zsBr]]></document>
		<document><![CDATA[Everyone that has "liked" this page will go into a draw next Friday
to win a email reading of 2 questions you can... http://t.co/TXpnGRz150]]></document>
		<document><![CDATA[Still room for some new people to join, if your interested then pm me smile emoticon
https://t.co/oXg6vujgXK]]></document>
		<document><![CDATA[Part proceeds going to the Upper Hutt Animal Rescue Shelter
Only approx 10-20 tickets left http://t.co/hUK39LAzCs]]></document>
		<document><![CDATA[Not long to go now!! really excited, tickets are going fast 
Approx 90mins of a jammed pack information and fun... http://t.co/r4aIhr7yOV]]></document>
		<document><![CDATA[Tickets are selling well, don't miss out!! :) http://t.co/qgMwHuN9FD]]></document>
		<document><![CDATA[feel free to click on this offer and add yourself and share http://t.co/sSjcZSXqai]]></document>
		<document><![CDATA[Tickets are selling now from me or the Cossie Upper Hutt 
Approx 90mins of a jammed pack information and fun
You... http://t.co/Ox6xJzyceX]]></document>
		<document><![CDATA[please keep a look out for our missing cat believed stolen http://t.co/IeIYJxBzgP]]></document>
		<document><![CDATA[Feel free to add yourself and share
Evening to learn about spiritual gifts, orb or dust, protection, guides,... http://t.co/BBs25mLDqk]]></document>
		<document><![CDATA[two more days to go, don't miss out on this great offer :) http://t.co/o8jccuadjb]]></document>
		<document><![CDATA[feel free to share cheers http://t.co/14jquxKRJG]]></document>
		<document><![CDATA[free phone readings http://t.co/F3DN7xH7cO]]></document>
		<document><![CDATA[Hi everyone, since I'm still getting likes on this page, I thought I may as well keep it going.  Just so you know... http://t.co/bYY3D3EUTM]]></document>
		<document><![CDATA[Hi everyone, i will be deleting this page in the next few days if you still would like to keep in contact then... http://t.co/BsKTuC9mVb]]></document>
		<document><![CDATA[Im missing my cat Yoda from Upper Hutt New Zealand, he could be anywhere as he may be stolen. Please keep a look out http://t.co/trAlNxqXga]]></document>
		<document><![CDATA[Welcome to Where Pets Are Found http://t.co/JTdkzLhqjD]]></document>
		<document><![CDATA[Hi everyone I am starting a new Development Group. The way it works is that we meet up on my new development... http://t.co/CfkZSz3Nsa]]></document>
		<document><![CDATA[Finishes this Friday last chance to take up this offer http://t.co/7Yi2xAD8Yy]]></document>
		<document><![CDATA[BEEN SO POPULAR, SO I HAVE EXTENDED THE OFFER http://t.co/a8dHXs08ge]]></document>
		<document><![CDATA[Last chance to get yourself on a serious ghost hunt.... This is a proven haunted place... don't worry we do look... http://t.co/DStSLoQgLL]]></document>
		<document><![CDATA[Hi everyone, I do need to know if you are interesting in coming to this hunt, payment doesn't need to be in to... http://t.co/QEHeAsBKzj]]></document>
		<document><![CDATA[still some spaces left for this one this saturday http://t.co/t3O3f4uenf]]></document>
		<document><![CDATA[Starting to book up this ghost hunt, so if your interested hit on the link below and get your name down as going.... http://t.co/OURXdUKpkD]]></document>
		<document><![CDATA[One of lovely ghost hunters can't make this Saturdays event due to illness, so there is one spot free, if you... http://t.co/mj6WkyvENf]]></document>
		<document><![CDATA[Please feel free to put your name down for this event and share it. http://t.co/fXNagATuXw]]></document>
		<document><![CDATA[Hi everyone just to clear any confusion I am still doing readings etc until further notice, then I will be on... http://t.co/LUruwNl3R2]]></document>
		<document><![CDATA[Hi Everyone, I will be at this Ladies Day at Trentham Races, doing free mini shows, make sure you come along http://t.co/mDRteV2XUH]]></document>
		<document><![CDATA[last day to make contact with me by private message for this special http://t.co/YwbSEVkmYe]]></document>
		<document><![CDATA[click on this for the details http://t.co/tfwHYJonxM]]></document>
		<document><![CDATA[major announcement: I will not be working as a psychic medium as from 12th march that means no more psychic... http://t.co/nZa2SWMrDC]]></document>
		<document><![CDATA[Due to a change in plans I have some appointment times free on Saturday 15th from 1pm - 5pm.]]></document>
		<document><![CDATA[Finally the FREE Feb Number Horoscopes, so just think of a number 1-6 the first number that comes into your head... http://t.co/kGaSOanbZC]]></document>
		<document><![CDATA[$15 email copy, $22 if you pick up and $26.50 for courier in nz and not too rural http://t.co/LqhC4nJT08]]></document>
		<document><![CDATA[First official ghost hunt of the year, Only can take 10 people
Please put your name down in going if you really... http://t.co/z48YfF25Of]]></document>
		<document><![CDATA[i am running some of these on my usual page under kathy mc bride so become a friend of mind to get others or to... http://t.co/iiSP5PyjLQ]]></document>
		<document><![CDATA[first 5 lucky colour for tomorrow (please new people)]]></document>
		<document><![CDATA[ok FIRST THREE people that answer this i will tell you a past life title (eg: sailor) three only]]></document>
		<document><![CDATA[the first three people who answer this with a question i will give a no or a yes to your question from your guides]]></document>
		<document><![CDATA[Psychic Parties | Ghost Hunts | Wellington http://t.co/2hGxekYPQl]]></document>
		<document><![CDATA[only two more places left for my monthly beginners group, don't miss out http://t.co/BOiOqK1R3y]]></document>
		<document><![CDATA[ok please people that are interested in this workshop please register with me asap ive had a couple of... http://t.co/0ESjHcWFZi]]></document>
		<document><![CDATA[looking forward to this http://t.co/NbVkGIeyce]]></document>
		<document><![CDATA[still room for 4 more people for my monthly group.  You do need to let me know if you wish to attend. http://t.co/ymgzQAkISW]]></document>
		<document><![CDATA[Happy New Year Everyone
Here is the start of the Hints for 2014 (don’t forget to let me know what sort of things... http://t.co/bkMz2aYrOK]]></document>
		<document><![CDATA[Here is the first FREE number horoscopes of the year (sorry for the delay) hopefully you know how they work now,... http://t.co/Q4tdbHPCaQ]]></document>
		<document><![CDATA[I would like to wish everyone a very Merry Christmas and a wonderful New Year... I hope you all have a wonderful... http://t.co/Wp4WgDkR79]]></document>
		<document><![CDATA[Taken by one of our ghost hunters at the last ghost hunt at Fever Hospital and no, there was no one in the hall... http://t.co/TckeY3SVPY]]></document>
		<document><![CDATA[Christmas Vouchers are available to purchase for 30min $50 and 60min $90 personal appointments OR 3 email... http://t.co/kysVYQhrle]]></document>
		<document><![CDATA[Tip 7.: How to deal with spiritually gifted children during the school holidays.  Spiritually gifted children are... http://t.co/CfZaI8cSIe]]></document>
		<document><![CDATA[I have two available times left for this week, they are Friday at 3.30pm or sat 2.30pm for personal readings at... http://t.co/qqisylxvU0]]></document>
		<document><![CDATA[I now have a venue for my workshop, I have also knocked off $20 off the normal price as a Xmas present for my... http://t.co/ckBDVPbSj3]]></document>
		<document><![CDATA[If your wanting to book a reading with me before Christmas.  Here are my available dates: Tues 17th from 1pm... http://t.co/RBALogmkSv]]></document>
		<document><![CDATA[Chance of a life time !!!!! contact Roni Evans if your interested http://t.co/IdRLD8zGVE]]></document>
		<document><![CDATA[Here is the December Number Monthly Horoscopes.
 Please think of a number between 1-6. Take the first number that... http://t.co/Ewa9AISfWb]]></document>
		<document><![CDATA[Last chance to get in on this offer as it's closing this Sunday, so you do need to get payment details off me... http://t.co/zLdnXXXm9B]]></document>
		<document><![CDATA[What things would you like covered in the Tips??? please let me know]]></document>
	</documents>
</author>