<author lang="en">
	<documents>
		<document><![CDATA[@tarastrong yay! Never should have lost it in the first place but still yay! ❤]]></document>
		<document><![CDATA[@meriamber aw I liked Peter although his episodes were very hit and miss he was brilliant]]></document>
		<document><![CDATA[@tarastrong we are with you Tara]]></document>
		<document><![CDATA[@MelEHart finally a bit of summer]]></document>
		<document><![CDATA[Chinese New Year celebration at Wellington Night Market https://t.co/jPRxF7BVFt]]></document>
		<document><![CDATA[@tarastrong thats awful Tara. So sorry for all the hate thats going on. Stay strong ♥]]></document>
		<document><![CDATA[My Trump supporter customer was back today, wanted to tell me how pleased he was with all Trump has done this week. Did I miss something?]]></document>
		<document><![CDATA[@meriamber lovely song and beautiful video]]></document>
		<document><![CDATA[Everyone could use a dose of #CinemaZ this week, even if its a repeat https://t.co/ndAsPYPd5X]]></document>
		<document><![CDATA[Nice end to a nice almost summers day #SkyWellington https://t.co/Ede2pdrykU]]></document>
		<document><![CDATA[Every day the news about Trump gets more bizarre and terrifying. And this is only week one.]]></document>
		<document><![CDATA[@meriamber everything is better with cats :)]]></document>
		<document><![CDATA[@kiwi_local nice and calm and sunny at the moment!]]></document>
		<document><![CDATA[@kiwi_local oh wow that is gorgeous!]]></document>
		<document><![CDATA[The rain this morning made for some nice photo ops. https://t.co/CaGQoje2V7]]></document>
		<document><![CDATA[Came across a free-range Tuatara catching some sun on Tui Terrace at @zealandia  today https://t.co/XbMTYRhToU]]></document>
		<document><![CDATA[Checking in with the friendly neighborhood Ruru https://t.co/Pl4R0reqlS]]></document>
		<document><![CDATA[I moved to Karori two years ago today. What a great two years its been]]></document>
		<document><![CDATA[@DelilahRose77 good night to be at home with a hot drink]]></document>
		<document><![CDATA[Hartnell is such a grizzly old Doctor but hes awesome]]></document>
		<document><![CDATA[Swan plants took quite a beating today, lost a few more branches. They've been through worse though theyll be ok]]></document>
		<document><![CDATA[How is everyone on this miserable night]]></document>
		<document><![CDATA[@MelEHart worth it for fresh veges!]]></document>
		<document><![CDATA[@MelEHart just another Wellington summer day]]></document>
		<document><![CDATA[There will be tough times ahead, for everybody. Just remember to look out for each other. This is our opportunity to be bigger on the inside]]></document>
		<document><![CDATA[How quickly the lessons of history are forgotten]]></document>
		<document><![CDATA[Plato predicting much of what is happening in America in describing the fall of the Democratic State is not much comfort]]></document>
		<document><![CDATA[I fear the inauguration has somehow validated something awful, inside more people than we realise]]></document>
		<document><![CDATA[A worryingly high number of people I served at work today felt the need to tell me how happy they were that Trump was now President]]></document>
		<document><![CDATA[@meriamber wicked cool makeup]]></document>
		<document><![CDATA[Confirmed yesterday that the family of ruru are still nesting in the same spot and look to be doing well]]></document>
		<document><![CDATA["Then I realised the movie I was watching was in Spanish" says the eyewitness on the scene
https://t.co/tA3rvRTLBe]]></document>
		<document><![CDATA[Nice way to finish a four seasons day #SkyWellington https://t.co/1YOTwhQbpc]]></document>
		<document><![CDATA[More from Gardens Magic last night https://t.co/91rtgw4Rzw]]></document>
		<document><![CDATA[Lightshow at Gardens Magic last night https://t.co/wNyYGB8sff]]></document>
		<document><![CDATA[Awesome performance from Christina Cusiel last night at Gardens Magic despite the lousy weather https://t.co/yIwhtARYy2]]></document>
		<document><![CDATA[@christocusiel thankyou for a fantastic performance. Made the weather bearable :)]]></document>
		<document><![CDATA[@meriamber very cool nice work]]></document>
		<document><![CDATA[@meriamber a cat ray would solve oh so much]]></document>
		<document><![CDATA[@MelEHart @TheZoneNZ isnt it great! William Hartnell is awesome]]></document>
		<document><![CDATA[@tarastrong keep doing what you're doing Tara you are fantastic ♥]]></document>
		<document><![CDATA[Flights to Chch booked for #Armageddonexpo]]></document>
		<document><![CDATA[@zealandia up in semi forested area in West Karori. There were two (I assume) parents also but they were sleeping]]></document>
		<document><![CDATA[@Jewel_Lia thanks it was awesome to see them all just sitting up in the tree staring at me.  Such a great surprise]]></document>
		<document><![CDATA[Better res pic of the baby Ruru in Karori today
https://t.co/CUkgfDbEr6]]></document>
		<document><![CDATA[@lyallbaynz for sure. We definitely have something special in Wellington.]]></document>
		<document><![CDATA[What a stunning Wellington day. 10km walk from Evans Bay round the coast to Seatoun https://t.co/hRpcQSH9KY]]></document>
		<document><![CDATA[Guys something very special to share today; came across a family of Ruru while I was walking home! (Halo effect fro… https://t.co/Uq7bCaBBKu]]></document>
		<document><![CDATA[Planning a 10km walk tomorrow. Mostly flat coastal walk nothing too major to get back into it. Feels like its been forever]]></document>
		<document><![CDATA[Stop monkeying around, it's time for war! https://t.co/7mxo6W6pEK]]></document>
		<document><![CDATA[@TheZoneNZ Has to be Rogue One]]></document>
		<document><![CDATA[Hanging out with the chimps at Wellington Zoo https://t.co/Gc6Lmje9fK]]></document>
		<document><![CDATA[Woop bring it on! #12Monkeys #Grimm #Shannara https://t.co/5CDumwmhdq]]></document>
		<document><![CDATA[@MelEHart it had a good run. Wind ripped it apart this morning. Frame is still good so might modify it to grow beans or something]]></document>
		<document><![CDATA[Well my little greenhouse lasted two years of Karori winds but finally gave in this morning.]]></document>
		<document><![CDATA[Nothing better to herald in 2017 that fog and gale force winds]]></document>
		<document><![CDATA[Maybe my favourite bird encounter of 2016; NZ Falcon outside the Zealandia Perimeter near Wrights Hill https://t.co/tlGbFZ5iJV]]></document>
		<document><![CDATA[Awesome bay life of 2016; Seals, skinks and dolphins #wellingtonwildlife #LyallBay #RedRocks https://t.co/1LajBVKxL2]]></document>
		<document><![CDATA[A nice achievement of 2016; climbing Hawkins Hill, 495m high https://t.co/20hxWbvHco]]></document>
		<document><![CDATA[To all of you I havent thanked yet, thankyou for being fantastic.]]></document>
		<document><![CDATA[I have more people to thank but probably not tonight]]></document>
		<document><![CDATA[To @zealandia you have been my happy place this year. The work you do is incredible and I will be making many more visits in 2017. Thankyou.]]></document>
		<document><![CDATA[To @kiwi_local and @Cheyns_k your stunning photos have been an inspiration and a joy. I wish you the best for the new year.]]></document>
		<document><![CDATA[To @TheZoneNZ and the #CinemaZ gang I cant wait to rip into another steaming pile of Z-grade goodness in 2017. You guys rock.]]></document>
		<document><![CDATA[To @meriamber and @KalaGeneral , your music has been my soundtrack to 2016 and a comfort and retreat in some unpleasant times. Thankyou.]]></document>
		<document><![CDATA[To @Armageddonexpo , I dont know how you do it but each year you outdo the last. Thankyou for your tireless work and look forward to 2017]]></document>
		<document><![CDATA[Despite 2016 being full of crap, here are some shoutouts to people that helped to make it somewhat bearable...]]></document>
		<document><![CDATA[@meriamber thats an awesome song Meri and super catchy as always :) Thankyou for making me a part of it!]]></document>
		<document><![CDATA[Did I miss something or were a lot of the scenes from the #Rogueone trailors absent from the movie?]]></document>
		<document><![CDATA[Might have to go see #RogueOne again I think]]></document>
		<document><![CDATA[#RogueOne #nospoilers AWESOME movie. Not without criticism but overall thoroughly enjoyed it. Jyn Erso WOW ❤❤❤]]></document>
		<document><![CDATA[#RogueOne at the Roxy]]></document>
		<document><![CDATA[One of my favs from Retro Sherbert https://t.co/GEELXuJLYp]]></document>
		<document><![CDATA[@TheZoneNZ did I mention lately how awesome you guys are??!!]]></document>
		<document><![CDATA[Going to #RogueOne Monday!]]></document>
		<document><![CDATA[@TheZoneNZ haha yes that definitely comes to mind]]></document>
		<document><![CDATA[Thankyou @TheZoneNZ for bringing us the hilariously depraved S2 of #AshvsEvilDead, and showing us things we will never be able to unsee...]]></document>
		<document><![CDATA[@ImDanaDeLorenzo Kelly is the best! What an awesome season absolutely loved it]]></document>
		<document><![CDATA[Aw is this the last week of Dr Who on @TheZoneNZ ?]]></document>
		<document><![CDATA[More of the front rolling through Wellington https://t.co/rG1nL2kKmb]]></document>
		<document><![CDATA[Front closing in on Wellington https://t.co/OMRW08BqdI]]></document>
		<document><![CDATA[Weta on the rocks https://t.co/pW3hwfcNlz]]></document>
		<document><![CDATA[Last of the sun over Karori https://t.co/PNWd6NDaHZ]]></document>
		<document><![CDATA[@kiwi_local for sure! Looking forward to some good #PeakBragging this season]]></document>
		<document><![CDATA[@kiwi_local happy summer!]]></document>
		<document><![CDATA[Some excellent tips here for your next (or first) @Armageddonexpo ! https://t.co/woYqZKoGNW]]></document>
		<document><![CDATA[@MelEHart i love living in Welly. Especially on days like today]]></document>
		<document><![CDATA[Renewed the lease for another year in Karori. Here's to 2017 🍻]]></document>
		<document><![CDATA[Looking back on the week we've all had still feels surreal]]></document>
		<document><![CDATA[Sorry Amy I love you but introducing the opening credits in S6 is just so so wrong #DrWho]]></document>
		<document><![CDATA[Sick of this damn wind]]></document>
		<document><![CDATA[@Cheyns_k love the colours. Beautiful photo]]></document>
		<document><![CDATA[@kiwi_local ill bet. Our poor city! I work in lower hutt though and practically nothing is open there yet]]></document>
		<document><![CDATA[@kiwi_local yeah getting there thanks. Home was ok but work pretty trashed. Normal never seemed so nice!]]></document>
		<document><![CDATA[The worst of times always brings out the best in people. This is why I love New Zealand, this is why I love Wellington. You're all fantastic]]></document>
		<document><![CDATA[Big thanks to @metlinkwgtn for keeping public transport going as much as possible in difficult circumstances past few days]]></document>
		<document><![CDATA[@WeatherWatchNZ thanks for your efforts keeping us updated!]]></document>
		<document><![CDATA[Here Wellington, take your mind off earthquakes and flooding for a few minutes. Great song! #TeamLove https://t.co/pKU8sYYUUE]]></document>
		<document><![CDATA[@MelEHart i tried to get in to work to clean up but sh2 closed]]></document>
		<document><![CDATA[Hope everyone is doing a bit better tonight. I had another day of no work, this time due to flooding. Maybe back to semi normal tomorrow]]></document>
	</documents>
</author>