<author lang="en">
	<documents>
		<document><![CDATA[@laurentennantt  when you have no one, no one can hurt you. It's ok to be alone but not lonely.]]></document>
		<document><![CDATA[If a guide dog takes a 💩, who cleans up after? 😜]]></document>
		<document><![CDATA[Dunno best team goal I've seen that I can remember. https://t.co/fm66ZQJjT3]]></document>
		<document><![CDATA[Could be goal of the season. https://t.co/tZwsBPp3Gh]]></document>
		<document><![CDATA[Gap so big it can be seen from space.🚀 https://t.co/QrBEmJmD5y]]></document>
		<document><![CDATA[Agrred. Really is mournful stuff. https://t.co/1DGUr3P3ig]]></document>
		<document><![CDATA[ooft that was SEXY https://t.co/RyFxiN4bqA]]></document>
		<document><![CDATA[@MDembele_10 hat trick in 25 mins. 🍀🍀🍀]]></document>
		<document><![CDATA[Unfuckingstoppable!!!! Sinclair wi 4]]></document>
		<document><![CDATA[£500m please. 🤣🤣🤣]]></document>
		<document><![CDATA[Terrible decision, never a pen. However prolly makes up for the stonewallers we dinnae get over the course of a sea… https://t.co/3JhJGFqITJ]]></document>
		<document><![CDATA[The juggernaut just keeps steamin' ahead. Mon the Hoops🍀]]></document>
		<document><![CDATA[One of the most influential bands on the planet. The reason I got into music in the first place. Master of Reality… https://t.co/G8ZnRLl0Q1]]></document>
		<document><![CDATA[Yer no supposed to break promises, how can anyone trust you again? https://t.co/Swuuw7Rabn]]></document>
		<document><![CDATA[Like McCoist during "the journey" Warbs must stay! https://t.co/nglSKXRmjc]]></document>
		<document><![CDATA[Also this from Chris "If second is the target who sanctioned the 55 banner on the opening day" https://t.co/HxmRPFqCFf]]></document>
		<document><![CDATA[Cannae argue wi that logic. https://t.co/j6Tqr7J1UE]]></document>
		<document><![CDATA[@laurentennantt says you who's noo a 'Beath fan!!!]]></document>
		<document><![CDATA[25 points/years in front not sure which? Perhaps both]]></document>
		<document><![CDATA[gonna be fun in work the morra. Ma wee pet hun is always saying "it's all about the rangers" Indeed, quality entertainment weeman.]]></document>
		<document><![CDATA[maybe this world is just another planets hell https://t.co/3zD6StT3ZC]]></document>
		<document><![CDATA[@laurentennantt indeed, just no ur style. Get yersel on the pitchers...😉]]></document>
		<document><![CDATA[Record breakers and history makers. 🍀🍀🍀🍀]]></document>
		<document><![CDATA[Get in there 3-0 Paddy Boab]]></document>
		<document><![CDATA[Am hearing Trainspotting 2 rips the piss out of the huns... I guess it's a must see then eh?]]></document>
		<document><![CDATA[Tunnocks coconut covered marshmallow really are messy fuckers, just hoovered tae, nuthin tae dae wi bein drunk of course...]]></document>
		<document><![CDATA[ooft controversial lol https://t.co/0QkWL2ydpe]]></document>
		<document><![CDATA[@lewis_rankin and out 2 cup competitions in the space of 4 days, that's gotta be a record mate. 😉Feel yer pain dude, nuthin against 'pool]]></document>
		<document><![CDATA[Ulver's cover album of psychedelic tunes fae the sixties, Childhoods End is, well pretty psychedelic even in the absence of marie joanna 😏]]></document>
		<document><![CDATA[Used to play football wi a hun who had a poor living room tattoo. To this day he's still known as Gary Bangers. https://t.co/A2FkzuSovy]]></document>
		<document><![CDATA[If I were to play one fictional character, I would choose Harvey Specter. Cool guy quick-witted, wise words &amp; ever ready quotable one-liner.]]></document>
		<document><![CDATA[A three day drinking sesh disnae hawf cripple the immune system. 🤧]]></document>
		<document><![CDATA[@laurentennantt 
Yer feart an quiverin
An weel ye ken
That Brendan's Bhoys
Will gang past 10]]></document>
		<document><![CDATA[When the opposition are enraged at a Celtic winning goal it makes me https://t.co/P3lIbTWhxE]]></document>
		<document><![CDATA[Er you are. The inevitable. 🍀]]></document>
		<document><![CDATA[@Elle_Chessar @Sarcastrophic you're very welcome. Sorry am a bit late wi reply, been in Oban all w/end. How was the movie? recommended?]]></document>
		<document><![CDATA[Gotta love the 'stig https://t.co/UYvVoBKVGQ]]></document>
		<document><![CDATA[Stoking up the fantasists and knuckle draggers!! Where's the frothy mouthed emoji when you need one... https://t.co/TV9OxDBw74]]></document>
		<document><![CDATA[@laurentennantt which is healthy and means yer no actually a mess!😉
https://t.co/WbxdPMyoPs]]></document>
		<document><![CDATA[If you don't already know about Moone Boy, check it out on YouTube. .]]></document>
		<document><![CDATA[I had the burd moaning last night. "Give it to me, I'm so wet, give it to me now!"
I told her. "eff off it's my brolly"]]></document>
		<document><![CDATA[Took my girl out 4 a romantic meal last nite &amp; played footsie under the table while we were eating. I had steak &amp; she got toed in the hole..]]></document>
		<document><![CDATA[I've been dating a homeless woman recently and I think it's starting to get serious.
She's asked me to move out with her
I'll get ma coat..]]></document>
		<document><![CDATA[@the_banister He actually didn't die but is seriously ill in hospital.
The nurses are bending over backwards to help him.]]></document>
		<document><![CDATA[The inventor of inappropriate innuendo jokes died suddenly yesterday.
His wife is taking it really hard.]]></document>
		<document><![CDATA[Love a cheeky wee Friday.]]></document>
		<document><![CDATA[It's bad luck to be superstitious especially on #friday13th]]></document>
		<document><![CDATA[Gordon
Lustig Eric Jozo Teirney
         Broony Eboui
Forrest Armstrong Sinclair
             Dembele
Quite Formidable I'd say 🍀]]></document>
		<document><![CDATA[Hope it lives up to expectations. Might just binge watch it like the previous series. A week between eps is too long #PrisonBreak]]></document>
		<document><![CDATA[The difference between genius and stupidity is that genius has its limits]]></document>
		<document><![CDATA[Why do they sterilize the needles for lethal injections?]]></document>
		<document><![CDATA[@laurentennantt  That'll be the ghost of rangers past! 
 I can resist anything but temptation. 💣Gonna lose ma invite?😢]]></document>
		<document><![CDATA[How do you know when you are too drunk to drive?
When you swerve to miss a tree then realize it was your air-freshener.]]></document>
		<document><![CDATA[fighting to the end....and beyond!!! https://t.co/ikzAajbIA7]]></document>
		<document><![CDATA[Yup Man Flu is a thing bitches https://t.co/ktdRmXIpn0]]></document>
		<document><![CDATA[War Dogs is a good way to kill a couple of hours on a school night. Entertaining movie with a quality sound track.]]></document>
		<document><![CDATA[@laurentennantt get up earlier in morning, get fresh air/go for a walk, exclude caffeine intake after 6pm. Have an orgasm then lights oot 💤]]></document>
		<document><![CDATA[he's got a point tbf https://t.co/03G629T7zG]]></document>
		<document><![CDATA[#Procrastinationin4words aye in a minute]]></document>
		<document><![CDATA[Ah those halcyon days caught on film for Celtic posterity. Eternally grateful. https://t.co/5Aj1fkIesG]]></document>
		<document><![CDATA[YOUS BUY THE PIES!!!! https://t.co/ezZbl85vCd]]></document>
		<document><![CDATA[Makes me laugh everytime I hear or see this. Comedy gold https://t.co/kFzUKSzqcW]]></document>
		<document><![CDATA[@lewis_rankin  hahaha ffs he was only about 5 yrs old]]></document>
		<document><![CDATA[High pitched squeaky farts are an infinite source of comedy and mirth. FACT]]></document>
		<document><![CDATA[Don't ye just hate wen ur down to ur last 45 grand and payday's still three days away!!]]></document>
		<document><![CDATA[Is it true that it was snowing in Zante today?]]></document>
		<document><![CDATA[oot playin pool and caught wee boy picking his nose who subsequently wiped it on my jacket. Wtf dae ye dae? #Mortified]]></document>
		<document><![CDATA[Last night I lay in bed looking up at the stars in the sky and I thought to myself, where the fuck is the ceiling!]]></document>
		<document><![CDATA[Gold, Frankincense, and Myrrh. Of the three, I would use the Gold and buy a dictionary to figure out what the other two are.]]></document>
		<document><![CDATA[Mustapha Warchest? https://t.co/4ybTQC4iPw]]></document>
		<document><![CDATA[That's what it's all about! #footballfamily https://t.co/TpIrmiNNAl]]></document>
		<document><![CDATA[@laurentennantt and I've not bathed since 2016. Guess we both done the other!]]></document>
		<document><![CDATA[Sure Celtic r aware of big money offers and obv tempted but we r ok for cash at present wi CL app. Up to Moussa tho https://t.co/xcSo6lJJlM]]></document>
		<document><![CDATA[Indeed! Failed to sign, going nowhere! https://t.co/obFQb8s3Vj]]></document>
		<document><![CDATA[@lewis_rankin or not...lol]]></document>
		<document><![CDATA[@lewis_rankin  goatwhore is another]]></document>
		<document><![CDATA[@lewis_rankin indeed they are Google and see]]></document>
		<document><![CDATA[#UnpleasantBandNames Snot, Pungent Stench, Anal Cunt. All genuine bands.]]></document>
		<document><![CDATA[@laurentennantt that was exactly my response on numerous occasions during the 90's. Making hay etc. Didnae mean for u to be tagged  😇]]></document>
		<document><![CDATA[@nnovo1010 @laurentennantt Gonna be freezing the night 
-19 I hear]]></document>
		<document><![CDATA[Literally frothin' at the mouth waiting for Hoops fans to break the silence. We're just no like them at aw. https://t.co/BHpiwdpdKw]]></document>
		<document><![CDATA[They trash our toilets, we leave scented candles! Contrast and compare!! https://t.co/cjFG6jjIvN]]></document>
		<document><![CDATA[@laurentennantt until you see the 3 retweets about the printer... 👍]]></document>
		<document><![CDATA[Passengers was quite good. Thought provoking at least. J-Law has lost a little weight must've been the 30+ years in hibernation pod.🤔]]></document>
		<document><![CDATA[We would've pumped barca twice if we scored tons of goals against them and they didn't score any of theirs. We would've given them a doing🙄]]></document>
		<document><![CDATA[Consider this for #NewYearsResolution  or just a conscious life style change. https://t.co/i91pPmSPUH]]></document>
		<document><![CDATA[That skint? No private health care? Anyhoo nurses were heard singing, "we've got joey garner we've got joey garner" https://t.co/k2jD78zkSB]]></document>
		<document><![CDATA[Posted by one of their own. Einstein was right human stupidity is infinite! https://t.co/Qo9OVppD9L]]></document>
		<document><![CDATA[Dembele holding onto the ball in the corner while running down the clock was a joy to behold. https://t.co/Z3Mwrem71p]]></document>
		<document><![CDATA[That sky post-match 'highlight' package was an utter disgrace. So utterly one-sided it makes me wanna shit lumps. Fuckoff sky u hurtin much?]]></document>
		<document><![CDATA[One things for sure, the ranjurs are back.

Where they belong.]]></document>
		<document><![CDATA[News just in, naw in fact it's common knowledge. There are assholes of the highest order in every support. Let the outrage junkies be told.]]></document>
		<document><![CDATA[@laurentennantt regardless of who won, have 2 question the inclusion of a RFC fan as ref for game at Ibrox!]]></document>
		<document><![CDATA[@laurentennantt yeah he's defo a rangers fan. Why tho? Imagine for a second if the ref was a Tim. It's never happened.,.ever!!]]></document>
		<document><![CDATA[@laurentennantt what circumstances? he should be unbiased irrespective of "circumstances" That his job description.]]></document>
		<document><![CDATA[hahaha Craigy White another hunskelper https://t.co/sVw8hsR3ka]]></document>
		<document><![CDATA[no much of a party here eh? https://t.co/B8rjjlLAlD]]></document>
		<document><![CDATA[It was always going to be 3 out of 3. Mind the ever increasing gap]]></document>
		<document><![CDATA[Closer than it needed to be. Will take a win against 12 men anyday. Can't be sour grapes if we win but ref's a cheating hun 🍀🍀]]></document>
		<document><![CDATA[Huns dressed as seats already, there's yer subway loyal.]]></document>
	</documents>
</author>