<author lang="en">
	<documents>
		<document><![CDATA[This incredible cloud stopped a lot of people in their tracks this morning. Take the time to… https://t.co/TEH3kSEt3C]]></document>
		<document><![CDATA[I heart Thursday #weekend #almostthere #cocktails #martini #january #booze #drinks #blogger… https://t.co/0VTdAOh8Re]]></document>
		<document><![CDATA[Over on the blog today, a post about being good to yourself. Because why would you do anything… https://t.co/8SBqwnIaUq]]></document>
		<document><![CDATA[January 2017 finds https://t.co/ZXyLFgIr9i on @bloglovin]]></document>
		<document><![CDATA[Five things that are awesome this month https://t.co/aSlcGaFvcK]]></document>
		<document><![CDATA[Mixing up my morning snack with some @ItsuOfficial seaweed thins. Seriously good. Like, can't get enough of them good #healthyeats]]></document>
		<document><![CDATA[Have you seen my latest post? https://t.co/jcd41NI1oF #bekind #january]]></document>
		<document><![CDATA[Among the list of this morning's mishaps are reversing into a wall and spilling a full mug of coffee all over my desk. Surely I'm done now?]]></document>
		<document><![CDATA[@angloyankophile you're welcome lovely :-) Happy new year! Looking forward to seeing where 2017 takes you x]]></document>
		<document><![CDATA[Blogged: the alternative guide to surviving January https://t.co/jcd41NI1oF. P.S it doesn't involve giving up anything #january]]></document>
		<document><![CDATA[Be good to yourself: the alternative January survival guide https://t.co/QLoHQjttkz on @bloglovin]]></document>
		<document><![CDATA[How to survive January? A new blog post on being good to yourself is live now https://t.co/jcd41NI1oF #calm #january]]></document>
		<document><![CDATA[Today I've had kale for breakfast, lunch and dinner. If that's not embracing January I don't know what is #kale #JanuaryBlues]]></document>
		<document><![CDATA[Reason for meagre tweet activity? Food coma 🥓🍗🍖🍪🍩🍷🍸 #foodcoma #Christmas]]></document>
		<document><![CDATA[@_harriet_emily sounds incredible!]]></document>
		<document><![CDATA[Sundays were made for lighting the fire #weekend #sunday #christmas #chill #chilling… https://t.co/6ElWdr1nOS]]></document>
		<document><![CDATA[Decorations: the alternative edit https://t.co/Q3EDMfnyr1 on @bloglovin]]></document>
		<document><![CDATA[For when only baked eggs will do #winter #edinburgh #eggs #brunch #foodporn #food #instafood… https://t.co/0Ii125qwVh]]></document>
		<document><![CDATA[When your walk to work is this beautiful there's only one thing to do. Take a moment to sit down… https://t.co/J3xz4LmHOY]]></document>
		<document><![CDATA[Looking forward to  the @RefineryEdin launch party tonight @DrakeandMorgan know how to put on a party #edinburgh #party]]></document>
		<document><![CDATA[@HolsRussell @StylistMagazine me neither, sounds amazing!]]></document>
		<document><![CDATA[New blog post, a little Sunday styling session in my new home https://t.co/JhItjMux44 #blogger #interiors]]></document>
		<document><![CDATA[@layingthetable maybe I'm jaded after months of trying to strip layers of it off every wall in the house ;-)]]></document>
		<document><![CDATA[While researching my recent blog post it turns out you can still buy anaglypta wallpaper. Why? Better still, why? #interiors #why]]></document>
		<document><![CDATA[Sunday afternoon styling sesh. Martini out of shot #home #homedecor #homesweethome #homestyle… https://t.co/3ahQtQSxyS]]></document>
		<document><![CDATA[@jenvmcclure thanks for letting me know Jen. Looking forward to seeing you next week.]]></document>
		<document><![CDATA[I swear they add cream to the porridge at my work. It is the nicest most warming porridge I have ever tasted #breakfast]]></document>
		<document><![CDATA[Chilling out, Tuesday style #chill #holiday #staycation #magazine #martini #cocktails… https://t.co/3KqPHnM6XP]]></document>
		<document><![CDATA[I kid you not, I've just had a press release about Valentine's Day. We haven't even had xmas yet. Wait, we haven't had bonfire night yet!]]></document>
		<document><![CDATA[October's happy list https://t.co/QEoOf3uilG, includes @aesopskincare handwash, which is the best smelling thing in the world. Fact.]]></document>
		<document><![CDATA[Things that made me smile: October 2016 https://t.co/znOMksbkk1 on @bloglovin]]></document>
		<document><![CDATA[Hygge up your life with this post from @AvantHomes. After all, it is the time to get warm and cosy https://t.co/ILVeltutuF]]></document>
		<document><![CDATA[A thing of true beauty. Agnes Obel has done it again #music #citizenofglass #agnesobel… https://t.co/aohW2t6RUd]]></document>
		<document><![CDATA[Getting a whole row to yourself on a plane is a bit like winning at life #smallwins 🎉🎈🎊]]></document>
		<document><![CDATA[Cardamom buns for the win #breakfast #brunch #bun #scandinavia #food #cake #coffee #instafood… https://t.co/Lndhill75W]]></document>
		<document><![CDATA[🍸🍸🍸now, please #weekend #friyay]]></document>
		<document><![CDATA[The hoops you have to jump through to change anything with @AskHalifaxBank are ridiculous. Go online and print out a form - it's not the 90s]]></document>
		<document><![CDATA[When you know without question that your renovation is making progress #instahome #homestyle… https://t.co/UuVcLW4ZXI]]></document>
		<document><![CDATA[Morning people rejoice, here are my top tips for making the most of them with @RachelsOrganic https://t.co/CdMMA81Ajz #morning]]></document>
		<document><![CDATA[Is it wrong to want aperitivo at 10.30am in the morning? @AperolSpritzUK #itstartsnow]]></document>
		<document><![CDATA[@Terri_White @MagazineFest on it #gogirl]]></document>
		<document><![CDATA[Seriously inspiring stuff from @Terri_White at @MagazineFest. I'm now going to totally own it #Magfest16 #awesome]]></document>
		<document><![CDATA[My morning routine https://t.co/XVk0ZUuncQ on @bloglovin]]></document>
		<document><![CDATA[After weeks of ripping out, we finally put something back in. Boom. #homeinterior… https://t.co/OdbfY4C1s2]]></document>
		<document><![CDATA[For when only a spritz and some nibbles will do #spritzcityguides #aperol #aperitivo #drinks… https://t.co/hZpRjSrqZc]]></document>
		<document><![CDATA[As interview locations go, this morning's will be hard to beat #edinburgh #architecture #history… https://t.co/mpnwIJncz1]]></document>
		<document><![CDATA[@tapeparade @lcndotcom I did wonder what was happening as I visited yesterday but your site wasn't there. Good luck getting it sorted :-)]]></document>
		<document><![CDATA[@jenninscotland now that is the kind of influencing that plagues me everyday 😂😂😂]]></document>
		<document><![CDATA[I'm talking bedroom decor in my latest post https://t.co/dSGHkt725D with the most gorgeous @thewhitecompany bedding #interiors]]></document>
		<document><![CDATA[@jenninscotland I know what you mean. I could never imagine ever describing myself, or thinking of myself like that.]]></document>
		<document><![CDATA[I may stand alone here but am I the only person that thinks referring to yourself as an 'influencer' is a teeny bit arrogant? Thoughts?]]></document>
		<document><![CDATA[My evening's plan. Jealous? #bliss #homeinterior #bath #bathroomdesign #blogger #travel… https://t.co/oS8FkPSbL4]]></document>
		<document><![CDATA[New house update: the bedroom edit https://t.co/fnHdY9kpNR on @bloglovin]]></document>
		<document><![CDATA[New blog post, sharing my colour scheme and favourite items for the new bedroom https://t.co/dSGHkt725D #interiordesign #homerenovation]]></document>
		<document><![CDATA[Even amidst the chaos of home renovations, there's still time for a cocktail #cocktails #drinks… https://t.co/pAEw5a7lSe]]></document>
		<document><![CDATA[Another perfect night for a Spritz! Edinburgh, you have been beautiful today #blogger #spritz… https://t.co/p4IMQmKF6H]]></document>
		<document><![CDATA[Because there is nothing better to do in summer than drink aperolspritzuk, eat aperitivo… https://t.co/5C0NvBtyVa]]></document>
		<document><![CDATA[Can somebody make this happen in my house please? #interiordesign #interior #homedecor… https://t.co/mn8Apr1mkE]]></document>
		<document><![CDATA[Because prosecco is always a good idea #wine #prosecco #edinburghfringe #edinburgh #drinks… https://t.co/yh8g3it0kL]]></document>
		<document><![CDATA[In what looks set to be a day of eating, this crab on toast @saltmorningside was the bomb #eats… https://t.co/skrudqxigP]]></document>
		<document><![CDATA[Chilling with my fried the cactus and an Asti with a view @kcafeglasgow. Who says you can't have… https://t.co/gqbJZNk4tG]]></document>
		<document><![CDATA[BLT of dreams at the @sculleryglasgow #blogger #food #glasgow #foodporn #instafood… https://t.co/Rd9m852WmN]]></document>
		<document><![CDATA[All my August favourites over on the blog today https://t.co/S33cUowsxF, happy Sunday y'all #chill]]></document>
		<document><![CDATA[Monthly finds: August 2016 https://t.co/F6YKLBqsaC on @bloglovin]]></document>
		<document><![CDATA[Blogged: my monthly finds, including some serious love for @MDM_EN https://t.co/S33cUoO3pd #interiors #blogger]]></document>
		<document><![CDATA[@ClaireLBlackler @PetersYard so true, Claire. Would it be wrong to have a second one?😉]]></document>
		<document><![CDATA[An @PetersYard cinnamon bun has seriously improved my Friday morning 😊 #FriYAY]]></document>
		<document><![CDATA[If you do just one thing today, go see @phlaimeaux @edfringe. Never laughed so much #EdinburghFringe #comedy #EdSheeran]]></document>
		<document><![CDATA[Iced skinny chai tea latte for the win #tea #edinburgh #chill #drinks #instashot #blogger https://t.co/hy1mBAMGzN]]></document>
		<document><![CDATA[Excited about dining @3birdsedinburgh tonight. Roll on dinner time #FridayFeeling]]></document>
		<document><![CDATA[@anton1r ha ha, too true 😂 hope life is good with the wee one!]]></document>
		<document><![CDATA[New blog post: the renovations have begun https://t.co/nicrj6azMf #renovation #interiordesign]]></document>
		<document><![CDATA[Key day and a home update https://t.co/lLP0KOhVPh on @bloglovin]]></document>
		<document><![CDATA[Blogged: key day and an update on our new home and the renovations https://t.co/nicrj6azMf #homeownership #renovation #blogger]]></document>
		<document><![CDATA[@mflynnpete too true! It's such a great feeling x]]></document>
		<document><![CDATA[It's funny how when your knee deep in a home renovation, you start seeing inspiration… https://t.co/zZp5cVY90h]]></document>
		<document><![CDATA[@angloyankophile @tommasseyuk @SchellevisBBV OMG amazing! What a beautiful space, I am super jealous 😍]]></document>
		<document><![CDATA[@amindfullmom @ChristinaCucina @mflynnpete wow! I'm hungry just looking at them 😉]]></document>
		<document><![CDATA[What to do when you discover your new house needs rewired? Take solace in a glass of this 🍷 #wine #TuesdayMotivation]]></document>
		<document><![CDATA[Renovations have started. To sand or not to sand that is the question #renovation #interior… https://t.co/Y72EMv9q05]]></document>
		<document><![CDATA[New digs #edinburgh #friyay #happiness #home #homedecor #interior #instasexys https://t.co/8hhzWjhU0s]]></document>
		<document><![CDATA[Excited about the @Foundry39 event tonight. The pizza has been calling me all day 🍕🍸🍔]]></document>
		<document><![CDATA[Blogged: an interiors wish list in advance of getting the keys to our new home https://t.co/q4a7XA5ky5 #interiors #blogger]]></document>
		<document><![CDATA[@loafhome the poste coffee table, postino side table and the bobble rug, in among a million other things 😊]]></document>
		<document><![CDATA[@twinklingjules it's close to that, no joke 😂]]></document>
		<document><![CDATA[New post: 4 days until we get the keys to our new digs and I have my @loafhome shopping list ready to go https://t.co/q4a7XA5ky5 #interiors]]></document>
		<document><![CDATA[I have eaten healthily for a whole morning. By current standards, this is a massive, massive achievement 🤗]]></document>
		<document><![CDATA[To put this into perspective, we don't get the keys until Friday. What has become of me? 😳]]></document>
		<document><![CDATA[Did not get a wink of sleep last night after stressing about which shade of grey to paint the living room in the new house 🙄]]></document>
		<document><![CDATA[Because sometimes it just has to be cake #cake #cupcakes #treatyoself #blogger #food #foodporn… https://t.co/GtsLaLrbrH]]></document>
		<document><![CDATA[Wine definitely tastes its best on Friday night #wine #FridayFeeling 🍷🍷🍷]]></document>
		<document><![CDATA[@TheBarkerBaker @The_Lady_Sybil @Marriages_flour wow! Edinburgh needs this😋]]></document>
		<document><![CDATA[@Julianna_glass love this! Makes the coffee even better ☕️]]></document>
		<document><![CDATA[@anton1r @BBCNews @anton1r @BBCNews exactly! And I can think of at least 3 million ways that money could have been better spent.]]></document>
		<document><![CDATA[@O2 I'll DM, thanks.]]></document>
		<document><![CDATA[@O2 no, no outstanding bill. My bill date, tariff etc have all remained the same, I've just had this extra charge applied.]]></document>
		<document><![CDATA[@O2 I could see the extra line rental thing if I was a new customer but this was an upgrade. I'm totally baffled.]]></document>
		<document><![CDATA[@O2 on live chat one of your colleagues admits I should be refunded for this but only when I upgrade in 2 years time. That's ludicrous!]]></document>
		<document><![CDATA[@O2 I find it really odd that I'm charged an extra months line rental even through I've just upgraded and been with o2 for over 10 years]]></document>
		<document><![CDATA[Seriously unclear and the only I discover this was going onto live chat. Not cool @Deliveroo]]></document>
	</documents>
</author>