<author lang="en">
	<documents>
		<document><![CDATA[@FPSpencer @evolution1079 People who leave their cars awfully parked, especially in crowded lots. Have some consideration, people!]]></document>
		<document><![CDATA[How do I stop Twitter from showing me promoted tweets for all of these horror movies? I don't want this. I never asked for this. Please.]]></document>
		<document><![CDATA[@SarahEllen_4 Not sure how I missed this tweet. Love you 💛 Hope your week is going well so far!]]></document>
		<document><![CDATA[Grammar - it's really not that hard.]]></document>
		<document><![CDATA[There's nothing like tripping over shit on your floor &amp; nearly severing your little toe from the rest of your foot to start off the morning.]]></document>
		<document><![CDATA[... Which is, incidentally, the name of the radio documentary about sleep paralysis that @crthompson0809 and I made.]]></document>
		<document><![CDATA[After every @DineOutVanFest meal, me: "I can't move."]]></document>
		<document><![CDATA[⬇️ The nugget fund is in need of funds. https://t.co/c40NaQXA1W]]></document>
		<document><![CDATA[@SarahEllen_4 Take a lot of naps, drink a lot of tea, and wear all the sweatpants you want. You're so close, you can do it! 💪]]></document>
		<document><![CDATA[@CStefiuk15 Just giving you the answer you were looking for 🙃]]></document>
		<document><![CDATA[In fact, yes, I have noticed this... because it's usually me. https://t.co/CN5v75QQs2]]></document>
		<document><![CDATA[Me: "I'm broke."

Also me: makes a @DineOutVanFest reservation with no remorse]]></document>
		<document><![CDATA[Which is fine. I don't need sleep anyway. 🙃]]></document>
		<document><![CDATA[Living across from a pub

Pros: Pub food

Cons: Drunk people beating their chests and yelling "MOOORE" outside my window at all times of day]]></document>
		<document><![CDATA[I had the opportunity to sleep for a full nine hours and I blew it. This is why I can't have nice things.]]></document>
		<document><![CDATA[Can you believe I stayed up until 3am reading episode recaps for a Korean melodrama while bawling my eyes out]]></document>
		<document><![CDATA[The adventures of Dearka Elsman('s arm). #GundamSEED https://t.co/sbodGKpz7p]]></document>
		<document><![CDATA[It is not a mug cake if I have to mix the ingredients in two separate bowls before pouring them both into the mug. 😠]]></document>
		<document><![CDATA[Soooo where's the snow at?]]></document>
		<document><![CDATA[@SouthlandsJared breach of contract? 😂]]></document>
		<document><![CDATA[Every time I look at my Snapchat story, I die a little inside but I force myself to leave it up - I cannot fail my 2017 resolution on day 1.]]></document>
		<document><![CDATA["Holiday Overeating" should be my middle name, considering how I stuffed my face tonight and as a result have become incapable of moving.]]></document>
		<document><![CDATA[@missngquips thank you, friend]]></document>
		<document><![CDATA[@klinothedino My Natalie Tung is fine, but I'm worried about my Natalie Lungs... the cold air isn't good for me 😷]]></document>
		<document><![CDATA[I ate too much curry last night and now I can't move. Send help.]]></document>
		<document><![CDATA[NOOOOOO NOT CARRIE FISHER NO]]></document>
		<document><![CDATA[Today could've so easily been a bad day... and then I had @NandosPeriPeri for dinner. #thankgodfornandos]]></document>
		<document><![CDATA[Honestly really disturbed by the amount of fanny packs I've seen so far at Contact...]]></document>
		<document><![CDATA[@klinothedino But... I don't want to win this game...]]></document>
		<document><![CDATA[Randomly thought about my law final just now and retched. I don't need this at 1 in the morning!!! 😖]]></document>
		<document><![CDATA[Of course the one day I get the chance to see the PM at work is the day I decide to face my fears and go to the dentist's.]]></document>
		<document><![CDATA[Why. Do. I. Keep. Uploading. Work. Stuff. To. My. Personal. Social. Media.]]></document>
		<document><![CDATA[Guy on the skytrain: "Why did she send you a poo emoji? Is she saying she's taking a shit or you are a piece of shit?"]]></document>
		<document><![CDATA["I'm going to go to school early so that I can study some more." Hahaha shut up Natalie]]></document>
		<document><![CDATA[I want Nando's. Right now.]]></document>
		<document><![CDATA[Leave that bullshit on your personal social media instead of using a public platform as if your opinions represent all of us.]]></document>
		<document><![CDATA[You know you need to go back to sleep when you wake up, look at photos of giraffes and start crying because they're SO. FRIGGIN. CUTE.]]></document>
		<document><![CDATA[If anyone was curious, they're sour gummy worms now. https://t.co/bEcXareTcd]]></document>
		<document><![CDATA[I'm that person who says no to doing something because I'm trying to save money but then goes home and does online shopping.]]></document>
		<document><![CDATA[Looking at my credit card bill like... https://t.co/bs0elgJ99Y]]></document>
		<document><![CDATA[It's the middle of the day, why do you even have your high beams on!?]]></document>
		<document><![CDATA[@samanthacarley9 @czerwinskier meanwhile I just reached level 14... 😲]]></document>
		<document><![CDATA[@samanthacarley9 omg please yes]]></document>
		<document><![CDATA[Considering taking transit to work today so that I can get Poke Balls at each skytrain station along the way✌️]]></document>
		<document><![CDATA[Thinking about how I'll get to sleep in until 8:30 tomorrow morning makes me really happy.]]></document>
		<document><![CDATA[Meta... Except they're granola bars now. I love my snack drawer. https://t.co/IRUBYpl8Z0]]></document>
		<document><![CDATA[That awkward moment when you accidentally tweet a work tweet from your personal account... Oops.]]></document>
		<document><![CDATA[We're at @Rogers at Tsawwassen Mills Mall giving out goodies! I think @thearashow is more interested in their great… https://t.co/7o9o4iNzYy]]></document>
		<document><![CDATA[@thearashow Sounds like your brain is unconsciously getting ready for when the baby arrives!]]></document>
		<document><![CDATA[I just threw up. https://t.co/NKp5kt3KVj]]></document>
		<document><![CDATA[I'm going to throw up. https://t.co/lAQg55oUga]]></document>
		<document><![CDATA[Finding cotton candy in your hair and having no more f--ks to give because you've accepted that it's just a part of your life now]]></document>
		<document><![CDATA[Me as an adult: "Which filing cabinet should I buy?"]]></document>
		<document><![CDATA[Glanced into my garbage bin and all I saw were empty chocolate wrappers. My life is a mess.]]></document>
		<document><![CDATA[Why do I always sleep in when I need to wake up early and wake up early when I want to sleep in?????]]></document>
		<document><![CDATA[My dear laptop, why are you refusing to charge? All I want to do is watch Netflix in bed. Is that too much to ask for!? 😫]]></document>
		<document><![CDATA[I'm SO LATE to the game but Solange's new album = 👌👌👌👌]]></document>
		<document><![CDATA[Friends who are late together stay together. #driftcompatible https://t.co/BLtSlUPtP3]]></document>
		<document><![CDATA[@evolution1079 @FPSpencer Clowns, spiders, wasps, heights, ghosts. Oh, and @klinothedino because he's tall and scary.]]></document>
		<document><![CDATA[Apparently I was so tired last night that I set my alarm for 8:30PM instead of 8:30AM 😂 https://t.co/ryOSNmbbIZ]]></document>
		<document><![CDATA[@anne_mckenna Thanks for the follow! Hope you're enjoying classes so far 😊]]></document>
		<document><![CDATA[@SouthlandsJared @KanikaChantelle I hate both, let's be real]]></document>
		<document><![CDATA[@Dextacular Pottermore let me believe that I'm a Slytherin for five years, then asked me to retake the Sorting Hat test... I'm so upset.]]></document>
		<document><![CDATA[After years of insisting I'm a Slytherin, I've just been resorted into Gryffindor. I feel like the last 10 years of my life have been a lie.]]></document>
		<document><![CDATA[@gracewyc PHOSDAY WAS MY PUN FIRST, STOP HIJACKING IT]]></document>
		<document><![CDATA[@klinothedino Hah! That pun made me laugh very freely. I definitely Felt that in my belly!]]></document>
		<document><![CDATA[Puns give me so much joy. I wish more people would make puns.]]></document>
		<document><![CDATA[@gracewyc Are you so desperate to go to sleep that you disrespect me with such an uninspired response? https://t.co/sQtfkpxEr5]]></document>
		<document><![CDATA[@gracewyc Neither have I! Cultural osmosis is a magnificent beast.]]></document>
		<document><![CDATA[@gracewyc Did you know that in the novel, "frankly" isn't actually part of that line?]]></document>
		<document><![CDATA[@gracewyc MEAN GIRLS QUOTES WON'T GET YOU ANYWHERE]]></document>
		<document><![CDATA[@gracewyc NATALIE COMING AT YOU WITH ALL THE RECEIPTS 📝]]></document>
		<document><![CDATA[@gracewyc I like how it took you 24 hours to come up with a response... https://t.co/NIO7VQqQXp]]></document>
		<document><![CDATA[Everyone, chill out. It's the last skytrain stop, we're all getting off here. There is absolute no need for pushing.]]></document>
		<document><![CDATA[@gracewyc you're making a terrible decision]]></document>
		<document><![CDATA[@gracewyc stop watching supernatural]]></document>
		<document><![CDATA[Saw my dad reading on his laptop in the dark and said to him, "You're going to ruin your eyes." I think I'm turning into my mom.]]></document>
		<document><![CDATA[Hey Apple, thanks for deleting nearly 40GB of local music files off of my computer. Thanks. I really appreciate it.]]></document>
		<document><![CDATA[ALL I WANTED WAS FRESH AIR WHY ARE YOU SMOKING UNDER MY WINDOW MR NEIGHBOUR?????]]></document>
		<document><![CDATA[@SouthlandsJared Half-asleep me forgot to add "compared to when you were 18" 😭]]></document>
		<document><![CDATA[Staying up late bingeing on TV is a lot more exhausting the next morning when you're 23 😴]]></document>
		<document><![CDATA[Just found out falafel is an add-on option at @freshii... https://t.co/zmytVdsT5r]]></document>
		<document><![CDATA[@SouthlandsJared 4 weeks early is a little extreme 😭]]></document>
		<document><![CDATA[Why. Am. I. Awake. I. Just. Want. To. Sleep. In.]]></document>
		<document><![CDATA[I... don't have anything to do tomorrow? I can sleep in? 😭 &lt;- those are tears of joy]]></document>
		<document><![CDATA[Even while on opposite sides of the country... Is this what they call "great minds think alike"? https://t.co/CcJXz0Yw30]]></document>
		<document><![CDATA[#WhyDoSomePeopleHashtagEntireSentences?]]></document>
		<document><![CDATA[Me: I'm going to bed at a decent time! I'm so proud of myself!

Also me: Oh. It's 2AM.]]></document>
		<document><![CDATA[Where were y'all when nearly 300 people were killed in Baghdad during Ramadan? Where were your "Pray for Baghdad"s or "Pray for Iraq"s then?]]></document>
		<document><![CDATA[Ab... crack... 😑😑😑😑😑😑]]></document>
		<document><![CDATA[Very disappointed to see a group that I've been supporting since 2010 do something like this. #notcool https://t.co/eVNGgAtch6]]></document>
		<document><![CDATA[This TV show has ghosts. Ok, I'm out.]]></document>
		<document><![CDATA[Every time I start a new TV show: "Do I really want to do this? Am I really ready to commit to another show?"]]></document>
		<document><![CDATA[I went into London Drugs to kill time today and accidentally came out $4 poorer with two bags of candy.]]></document>
		<document><![CDATA[Oh my god YES. https://t.co/SQ6SKDdKGY]]></document>
		<document><![CDATA[@klinothedino I see that you're putting to good use the skills you gained in online design]]></document>
		<document><![CDATA[Why. Is. It. So. Hot. Today.]]></document>
		<document><![CDATA[When you realise that the live stream you'd been trying to access for the past half hour is US only... 😑😑]]></document>
		<document><![CDATA[That feel when your foot falls asleep midstep and you're left stranded in the middle of the sidewalk, slowly dying inside.]]></document>
		<document><![CDATA[Wow. Woooow... #Brexit]]></document>
	</documents>
</author>