<author lang="en">
	<documents>
		<document><![CDATA[@dude_brick they are threatened by our game and try protect their own interests ie nrl and afl.]]></document>
		<document><![CDATA[Great result for Spurs with teams close by on the laddet dropping points #plfanzone]]></document>
		<document><![CDATA[@SpursOfficial @HarryWinks  Birthday greetings from down under Harry. How is the boomerang going?]]></document>
		<document><![CDATA[@dude_brick couldnt agree more Sam. Horrible couple]]></document>
		<document><![CDATA[@TheRealBozza well done Bozza. God bless your family mate]]></document>
		<document><![CDATA[@Mel_Mclaughlin please come back "home" to football]]></document>
		<document><![CDATA[Wanyama has been an unbelievable signing for Spurs this season. He was my Man of the Match today #plfanzone]]></document>
		<document><![CDATA[@dude_brick @Ticketek_AU dont bother Sam.... i dont even think their phone call centre exists. Its a joke]]></document>
		<document><![CDATA[@LucyZelic woeful pitch.... not fair to players and spectators.]]></document>
		<document><![CDATA[@FOXSportsNews @DanielGarb @PerthGloryFC Another ex Socceroo who failed in the a league]]></document>
		<document><![CDATA[@HarryWinks so happy for you Harry. Fantastic starting epl debut. Hope you still have your boomerang?? Lol]]></document>
		<document><![CDATA[@julesbreach @OfficialFPL first year we have been able to watch @OfficialFPL  show in Australia. Love it. Great work Jules]]></document>
		<document><![CDATA[@tomijuric9 best of lucky in recovery Tomi. Look forward to seeing you back terrorising defences soon]]></document>
		<document><![CDATA[@FOXFootballLive @FOXSportsNews mt seat is on half way line but feel i have the worst seat in the stadium. Too far away from the action.]]></document>
		<document><![CDATA[@nicola1charles so weak.... no wonder the worlds a mess. Minority is overtaking the world]]></document>
		<document><![CDATA[@wswanderersfc ok as i am yet to receive mine and my sons membership packs]]></document>
		<document><![CDATA[@SpursOfficial @HarryWinks congrats Harry on your new contract. Future of the club #COYS]]></document>
		<document><![CDATA[@dude_brick no chance..ac milan are an average team at best]]></document>
		<document><![CDATA[@HarryWinks congrats Harry on your Premier League debut. Hopefully many more appearances to come mate.]]></document>
		<document><![CDATA[@ScottJamieson absolutely gutted if theworldgame story is true... you are a wsw legend]]></document>
		<document><![CDATA[@dude_brick the team and our game needs you Sam.....]]></document>
		<document><![CDATA[@SpursOfficial @HarryWinks that was me!!!!]]></document>
		<document><![CDATA[@HarryWinks Enjoy the boomerang mate... awesome to meet you Harry. TTID!!]]></document>
		<document><![CDATA[@tommysvr hope i have more luck with Jetstar tomorrow Tommy]]></document>
		<document><![CDATA[@DanielGarb @FOXSportsAUS well done Garby. Outstanding job and always the ultimate pro. Was a pleasure to have met you at white hart lane]]></document>
		<document><![CDATA[@DanielGarb @Paul_Attard19 yes that is the problem... most likely to a lower tier english team. Mooy is better than that]]></document>
		<document><![CDATA[@DanielGarb bad move if you ask me Garby.... not good for the Socceroos or for him. City have ruined careers of many players like him]]></document>
		<document><![CDATA[@dude_brick shit team lol]]></document>
		<document><![CDATA[@dude_brick for sure... will be the coaches faults. Me and you can keep teaching our boys the right way to play]]></document>
		<document><![CDATA[@dude_brick  that is the bone of my frustration. That is seriously bad coaching. They are not preparing their players for the offside rule]]></document>
		<document><![CDATA[@dude_brick you guys obviously should be Div 1. Yes we are Div 1]]></document>
		<document><![CDATA[@dude_brick i think the comp is much weaker this seasom without the hills teams (castle, baulko etc). Are you guys Div 1?]]></document>
		<document><![CDATA[@dude_brick we won all but 1 against kellyville BLK. How is your team going?]]></document>
		<document><![CDATA[@dude_brick oh that sux... we won 4-0. I hope we run into each other again soon mate.]]></document>
		<document><![CDATA[@dude_brick we played Sam... what happened to your game??]]></document>
		<document><![CDATA[@DanielGarb yeah totally understand mate. Hopefully get to meet you again in person at a spurs match one day]]></document>
		<document><![CDATA[@DanielGarb thanks for trying to appease us fans Garby. Your a true gentlemen. But we just want live football]]></document>
		<document><![CDATA[@Gatty54 i will be putting my money on it... they cant be that arsey again next season]]></document>
		<document><![CDATA[@MickLynch_Age our Spurs will give it a massive shake next season... mark my words]]></document>
		<document><![CDATA[@9NewsAUS @Gatty54 you dumb shits at channel 9... it was a 2-2 draw]]></document>
		<document><![CDATA[@ScottJamieson @thepfa @wswanderersfc so well deserved. Socceroos call up should be next]]></document>
		<document><![CDATA[@tatiyanayitat way too close]]></document>
		<document><![CDATA[@SpursOfficial Rebel Sport in Canberra Australia have been selling these... are they legitimate? https://t.co/UWwhPMaRHd]]></document>
		<document><![CDATA[@rebelsport this was found in one of your Canberra stores... sorry but Tottenham Hotspur do not wear this shirt??? https://t.co/oKgaY1Xgdo]]></document>
		<document><![CDATA[@DanielGarb @Dylantombides great work Daniel. Your a class act mate. Love the work you do for the Tombides family]]></document>
		<document><![CDATA[@adampeacock3 you do a great job Adam. Dont worry about Graham Arnold... thats just him being a sore loser]]></document>
		<document><![CDATA[@tatiyanayitat typical east sydney yuppies with no f/#@&amp;^n idea...]]></document>
		<document><![CDATA[@nicola1charles about time. Can't wait]]></document>
		<document><![CDATA[@tommysvr welcome back to Sydney transport Tommy.]]></document>
		<document><![CDATA[@FOXFOOTBALL @DanielGarb great article Garby. Football journalism at its best! Well done mate]]></document>
		<document><![CDATA[@adampeacock3 got this great read today. Engrossed already. And i signed copy to top it off. Great work Adam https://t.co/OyDSspuUcZ]]></document>
		<document><![CDATA[@DanielGarb Daniel, I told you when we met at white hart lane, you should support Spurs!!]]></document>
		<document><![CDATA[@ScottJamieson you were my man of the match today Scotty. Thank you for always giving 150% in a wanderers shirt. Your a legend]]></document>
		<document><![CDATA[@Gatty54 us wsw fans wont be crying gatty]]></document>
		<document><![CDATA[@tatiyanayitat so happy for you. My vote counted for a change..]]></document>
		<document><![CDATA[@TheRealBozza happy birthday Bozza. Your a champion mate.]]></document>
		<document><![CDATA[@russellwsw @wswanderersfc i live in The Hills and picked Spotless Stadium too. ANZ is way too big with no atmosphere]]></document>
		<document><![CDATA[@PerfectGuzzi @Tim_Cahill awesome picture Dom.... A real honour to meet a true aussie football legend and a brilliant bloke]]></document>
		<document><![CDATA[@tatiyanayitat @Copa90 just voted for you Tatiyana. You are the best and most interesting person on Twitter]]></document>
		<document><![CDATA[@russellwsw blame vidosic. He gave the ball away twice!!]]></document>
		<document><![CDATA[@TheStefanCiric great to meet you yesterday. Watched you on youtube. Awesome mate. Keep in touch. Come on You Spurs...]]></document>
		<document><![CDATA[@DanielGarb @AdrianW79617970 pleasure to meet you Daniel and thanks for the photo. Your a champion. https://t.co/AXVkwQ6RWc]]></document>
		<document><![CDATA[@MissKymmie77 congrats Kym]]></document>
		<document><![CDATA[@TheRealBozza @adampeacock3 really boys, no more epl on foxtel next season? This is a disaster? You guys were our Saturday night highlight!!]]></document>
		<document><![CDATA[@Tim_Cahill absolutely loving your book Legacy. A truly inspiring read. You are a champion mate. Every aussie football fan should buy it.]]></document>
		<document><![CDATA[@FOXFOOTBALL did Aurelio Vidmar just throw his chewing gum behind the seat??]]></document>
		<document><![CDATA[@SantoSamEd so gutted the show is no longer on. Best tv program ever.]]></document>
		<document><![CDATA[@SpursOfficial brilliant. Class player. Saw him play live here in sydney australia for the asian cup. He was all class]]></document>
		<document><![CDATA[@WeRTheParkLane we can only hope.... its clear as day we have no depth at all]]></document>
		<document><![CDATA[@R9Soldado congrats Roberto. So happy for you]]></document>
		<document><![CDATA[@R9Soldado Looks like you are leaving Spurs. All the best mate. You have been a truly great professional whilst at Spurs. U will be missed]]></document>
		<document><![CDATA[@BesartBerisha7 what a legend this guy is... genuine great guy. Thanks for the photo Besart http://t.co/WP2q3bRfbf]]></document>
		<document><![CDATA[@jerradtyson i will always be a wsw fan, and always be a Jerrad Tyson fan. Congrats on your Perth Glory contract.  So well deserved]]></document>
		<document><![CDATA[@tommysvr great job Tommy. Amazing experience for all spurs fans. All the best in Japan mate]]></document>
		<document><![CDATA[@Kelcompsec ted horwood is open]]></document>
		<document><![CDATA[@vitorsaba cheer up Vitor. Everything will work out in the end mate]]></document>
		<document><![CDATA[@Tim_Cahill loving the updates from China and on Shanghai Shenhua. Keep 'em coming Tim.]]></document>
		<document><![CDATA[@tommysvr so good Tommy. I was there at scg as a 12 year old last time they came to Sydney in 1985. COYS!!]]></document>
		<document><![CDATA[@ryangriffin89 Ryan, eurovision is very popular in Aus... dont know why??]]></document>
		<document><![CDATA[@nicola1charles great photo]]></document>
		<document><![CDATA[@wswanderersfc performance so awful. Hard to stomach]]></document>
		<document><![CDATA[@Kwabsappiah best of luck Kwabeena. You have always been a true professional at wsw. God bless mate]]></document>
		<document><![CDATA[@vitorsaba all the best Vitor in the future. Sorry we didn't get to see you play that much.]]></document>
		<document><![CDATA[@tommysvr I hope linesman gets the sack. Bullshit call]]></document>
		<document><![CDATA[@AlanMtashar @wswanderersfc totally agree Alan. This is embarrassing]]></document>
		<document><![CDATA[@MissKymmie77 Happy New Year Kim to you and your family]]></document>
		<document><![CDATA[@ryangriffin89 he is dead now Ryan... but unfortunately 2 hostages also killed]]></document>
		<document><![CDATA[@R9Soldado congrats Roberto. All of us Spurs fans in Sydney Australia are so happy for you... we wish you many more goals this season.]]></document>
		<document><![CDATA[Couldnt agree more Ryan. Spurs are almost the worst team im the EPL]]></document>
		<document><![CDATA[@lesmurraySBS Les, loved your interview on Santo, Sam and Ed. You are all class and a true gentleman.  Thanks for everything]]></document>
		<document><![CDATA[@tommysvr @SydneyFC haha... geez tommy, I hope you found a seat... lol]]></document>
		<document><![CDATA[@ryangriffin89 been lovin your tweets whilst in oz. Hope you enjoyed it here. Bon voyage. Keep the funny tweets coming]]></document>
		<document><![CDATA[@Mel_Mclaughlin all the best for the new show tonight. Im sure you will kill it]]></document>
		<document><![CDATA[@tommysvr A big spurs victory on sunday against 'pool will top it off... #COYS]]></document>
		<document><![CDATA[@tommysvr haha unlucky Tommy... you keep supporting those fc show ponys!! #WSW]]></document>
		<document><![CDATA[@MissKymmie77 Kym, great to have you back on Neighbours. Is that a maltese cross tattoo on your ankle? #malteseandproudofit]]></document>
		<document><![CDATA[@lesmurraySBS congratulations on a wonderful career.You are a big reason why I am so passionate about football. Forever a legend. Thank you]]></document>
		<document><![CDATA[@10Archie im a wanderers supporter but im stoked you will still be in the a-league Archie. You are a credit to MVFC and the Australian game]]></document>
		<document><![CDATA[@AlanMtashar haha.... im just glad I will be there. Hopefully see you there Alan. Go Wanderers]]></document>
		<document><![CDATA[@matthew_hall  I know you released it years ago but just finished reading The Away Game.Brilliant read into something Im passionate about]]></document>
	</documents>
</author>