<author lang="en">
	<documents>
		<document><![CDATA[Any other small business owners who can recommend a VOIP provider.  Looking into migrating my number. Our phone bills really seem too high.]]></document>
		<document><![CDATA[@BrianBraz54 @taylors_32 u can get at Waitrose or order on line nice for prezzies]]></document>
		<document><![CDATA[Toothpaste has arrived, beautiful packaging, beautiful product and a bamboo brush!  Love… https://t.co/NopCgHjpg6]]></document>
		<document><![CDATA[@rizmc is there a UK site that works in ££'s not $$'s]]></document>
		<document><![CDATA[@entertainmentIE is it Paper Boi?]]></document>
		<document><![CDATA[Fact check: White House claims 109 affected by travel ban - it's more like 90,000 https://t.co/XVjDyeuK7a #PinocchioTest #FourPinocchios]]></document>
		<document><![CDATA[hoping to be on my feet tomorrow.  weak tea and a gentle reacquaintance with the desk and @floizentaylor and @maxwellgrant93 #BringItOn]]></document>
		<document><![CDATA[next up 'camping' at the urging of @DanHubbard - it's a gap in my education]]></document>
		<document><![CDATA[it's not all bad getting to drink ginger ale, eat white toast and watch an endless stream of great tv - apple tree yard, atlanta, barracuda]]></document>
		<document><![CDATA[i'm crediting Fever-Tree Ginger Ale with getting me on the road to wellness away from this viral tummy thing]]></document>
		<document><![CDATA[@JoanneBurtonMe @lepetitgenerale sorry, yes meant scene worked for me completely, decision not to report i find difficult to believe]]></document>
		<document><![CDATA[@Ed_Miliband doing a Fantastic job at this debate, putting all the most important points across. Let's not be compl… https://t.co/JrTtOAc3gz]]></document>
		<document><![CDATA[@TRaeMorton he's doing a great job right now]]></document>
		<document><![CDATA[@lepetitgenerale yes I'm struggling with that too]]></document>
		<document><![CDATA[Yes, loved this scene.... https://t.co/onElHCiW5N]]></document>
		<document><![CDATA[@RobertEmms panel discussion on casting obvs, not politics just 2b clear!]]></document>
		<document><![CDATA[Am so sick and have had to pull out of panel discussion that I would have been at, but I will be there in spirit. https://t.co/vPmMadwO6a]]></document>
		<document><![CDATA[@WtfAmerica4 @MSNBC @WaPoSean @maddow @MMFlint @BBC https://t.co/RebMnAeKUI IDK if this will work?]]></document>
		<document><![CDATA[@NYTimesComm @realDonaldTrump @nytimes have subscribed to this wonderful paper for #realnews not #alternativefacts]]></document>
		<document><![CDATA[Prevent Donald Trump from making a State Visit to the United Kingdom 🇬🇧 -
68,599 signatures in the last hour!!]]></document>
		<document><![CDATA[https://t.co/RebMnAeKUI my constituency is nearing 1,500 signatures - get signing, do what @theresa_may failed to do &amp; stand up to a bully]]></document>
		<document><![CDATA[@johnscougall hmmm dunno I watched on iTunes]]></document>
		<document><![CDATA[@NickPearseActor @THR hope other nominees are having a good think about best way to show support for this film-maker]]></document>
		<document><![CDATA[Academy Rips Trump's "Extremely Troubling" Travel Ban That May Keep Iran Filmmaker From Oscars https://t.co/nGDxmo8UjT via @thr]]></document>
		<document><![CDATA[Appalling news about The Salesman director banned from traveling U.S. for #theoscars]]></document>
		<document><![CDATA[RIP John Hurt such a gent, and I loved him in Jackie had some of the best lines.]]></document>
		<document><![CDATA[@MrsSalCarr thank you Sally - you literally saved the day!]]></document>
		<document><![CDATA[@StachaHicks but thank you!]]></document>
		<document><![CDATA[@hammersmithandy I am relatively new constituent and will email as I also am hoping you will not support the triggering of article 50]]></document>
		<document><![CDATA[@deeactingcoach on character building https://t.co/TGJ9yCTYjW]]></document>
		<document><![CDATA[Thinking of going to a matinee tomorrow just to get warm]]></document>
		<document><![CDATA[@CBeebiesHQ @RobbieO85 Truman Capote's "In Cold Blood"?]]></document>
		<document><![CDATA[Cool, this installation is now on itinerary for imminent New York hol #hewillnotdivideus https://t.co/zVyl6LIqbi]]></document>
		<document><![CDATA[Airs BBC Tuesday 7 February at 9pm, looking forward to hearing what everyone thinks, directed by #PaulWhittington… https://t.co/dCTPGgTGJy]]></document>
		<document><![CDATA[Sad to have finished Westworld.  They really knocked it out of the park, so to speak.]]></document>
		<document><![CDATA[The Moorside: Trailer - BBC One https://t.co/1GwKcqJztx via @YouTube]]></document>
		<document><![CDATA[#childline do such an amazing job. confronted with something i didn't know how to handle i at least knew to say call @childline]]></document>
		<document><![CDATA[anyone know good after school comedy workshops for teens? i know there is school of comedy in chiswick - anywhere else? grateful for tips.]]></document>
		<document><![CDATA[@tha_kn0ws no, thank YOU]]></document>
		<document><![CDATA[@oliverazis always great to see you!]]></document>
		<document><![CDATA[This time last year was casting it in Yorkshire, it's one of the very special ones, so grateful to be involved]]></document>
		<document><![CDATA[Coming out of hibernation for #TheMoorside screening, pretty much worship the ground the creatives, cast &amp; crew walk on....]]></document>
		<document><![CDATA[@KermodeMovie @washingtonpost oh FFS]]></document>
		<document><![CDATA[My new favourite twitter account https://t.co/0e8w9rAGhu]]></document>
		<document><![CDATA[@olivia_chappell oo I like that #alternativeactingfacts]]></document>
		<document><![CDATA[@JodiGramigni @NW10KTRA @ParkLifeBlog @KensalRiseRA so sad to hear this]]></document>
		<document><![CDATA[@davidsmithactor @POTUS @seanspicer it's the #selfrighteousanger along with #alternativefacts combo - difficult to get it right (aka wrong)]]></document>
		<document><![CDATA[@davidsmithactor @POTUS @seanspicer not sure most actors let alone civilians can lie that well.]]></document>
		<document><![CDATA[@SophieMercer89 no, not really!  might i suggest you checkout #SeanSpicerSays]]></document>
		<document><![CDATA[Casting Directors love a montage at the beginning of a showreel.  Period. https://t.co/sHkGdeotYE]]></document>
		<document><![CDATA[@johnscougall westworld next!]]></document>
		<document><![CDATA[Young person from Peterlee near Sunderland just called me - desperate to get into acting - anyone know any opportunities round there?]]></document>
		<document><![CDATA[@iainsmith @guardian strongly agree @VictoriaCoren]]></document>
		<document><![CDATA[@porridgebrain @rosieatlarge genius,  much mirth for the ranks behind you]]></document>
		<document><![CDATA[One of the best placards I saw read "IS THIS THE QUEUE FOR HAMILTON TICKETS?"]]></document>
		<document><![CDATA[#WomensMarch love, hope, nasty women, and a pitstop at M&amp;S - what more could you want of a Saturday. Well done ladies!]]></document>
		<document><![CDATA[@mumstrokesactor you're setting out early?! I better get up and at 'em and procure a sign.]]></document>
		<document><![CDATA[@michaellegge @rufusjones1 looks like she's had her boobs re-angled to point towards him]]></document>
		<document><![CDATA[ok all pencils to be kept out of sight when @PatrickGibson00 next in office #TheOA]]></document>
		<document><![CDATA[Retweeting Donald Trump https://t.co/RsS0yuNNsY]]></document>
		<document><![CDATA["basically I want to be Joanna Lumley....we all do" #miriammargolyes]]></document>
		<document><![CDATA[Our The Man Who Invented Christmas cast member Miriam Margolyes now on Radio 4 with Jenny Murray.  Unadulterated joy to listen to as always.]]></document>
		<document><![CDATA[@GuyLodge Dev is only in a third of the film apparently (although it feels like more) and aiming for the more winnable category]]></document>
		<document><![CDATA[More Liverpool top talent. Casters gotta cast! https://t.co/d3VGXOzJOV]]></document>
		<document><![CDATA[@johnscougall tough call, both exceptional and completely different. Get on with both!]]></document>
		<document><![CDATA[Good on you B-street band you have done the right thing by The Boss]]></document>
		<document><![CDATA[@johnscougall like it a lot. What is your current urgent?]]></document>
		<document><![CDATA[Oh my Jason Isaacs - high drama on The OA 😱]]></document>
		<document><![CDATA[Sorry I'm late to The OA party it's great and so are you @PatrickGibson00]]></document>
		<document><![CDATA[@annalisagordon @TheAPartnership @bhumi_ambasna bet it will limp into Monday....ARGH!!]]></document>
		<document><![CDATA[Plus Saul Dibb's Journey's End mentioned which J&amp;R Hubbard cast (and are so so proud of) https://t.co/jJfRVnOuOp]]></document>
		<document><![CDATA[@cliobarnard's Dark River is on its way.... https://t.co/jJfRVnOuOp]]></document>
		<document><![CDATA[@SimonePereiraHi he is so great. His hard graft and painstaking prep always pays off.]]></document>
		<document><![CDATA[@SimonePereiraHi couldn't disagree more.  thought it was style over substance.  a series of vignettes.  good cast tho'.]]></document>
		<document><![CDATA[@rufusjones1 @prattprattpratt talking doing Only Way is Essex accent on Graham Norton and @lenadunham writing about Andrea Dunbar]]></document>
		<document><![CDATA[@timothyeraw @crowmedicine saw them at the Ryman last New Years Eve Eve - really hope they come to Lpndon this year 🎻]]></document>
		<document><![CDATA[Laura Marling was incredible on #mastertapes @BBCRadio4 eloquent, interesting, a beautiful voice to listen to even when talking not singing]]></document>
		<document><![CDATA[Loooong drive home. Radio kept me going thanks @NewstalkFM @BBCRadio4 @BBCRadio2 and a touch of @crowmedicine for the last leg (LOUD).]]></document>
		<document><![CDATA[Happy Birthday !! @OrangeTreeThtr]]></document>
		<document><![CDATA[@acting_updotcom yes! couldn't find this tweet shortly after it appeared....had to quote the vintage one]]></document>
		<document><![CDATA[yet another heated discussion at home with family over Christmas https://t.co/WL8kIIlgMs]]></document>
		<document><![CDATA[Looking fw to last few days of binge watching movies, without the binge eating. Hoping to see Denzel Washington win Actor Oscar for Fences.]]></document>
		<document><![CDATA[2016 was a personal rollercoaster, so grateful for all that is good in my life and excited for 2017 !!]]></document>
		<document><![CDATA[#EthelAndErnest so brilliant, poignant and sad. To grow up with Raymond Briggs and now have a chance to see into his life story.]]></document>
		<document><![CDATA[@rtenews @DanHubbard he's not off page]]></document>
		<document><![CDATA[No actors in this one, just inspiring activists, left me motivated to know as much as possible about how the world… https://t.co/5TRMrcixFV]]></document>
		<document><![CDATA[watch from 0:12 seconds for #littleboyblue we can't wait https://t.co/F45hRDtQZM]]></document>
		<document><![CDATA[@SteveGarti well I was talking about you but YES]]></document>
		<document><![CDATA[@SteveGarti and we had our dream actor!]]></document>
		<document><![CDATA[@Brynmoor yes please - will you e me?]]></document>
		<document><![CDATA[any tips for nice place to stay in Manhattan? we usually stay at The Jane but looking around for new suggestions....]]></document>
		<document><![CDATA[@JillyMcFrilly LOVING IT]]></document>
		<document><![CDATA[@GaryOSullivan3 @OnBlindness @BIFA_film yay!! Welcome to Twitter uber agent.]]></document>
		<document><![CDATA[@JillyMcFrilly @Tesco ocado is your only man]]></document>
		<document><![CDATA[Loved this film. Loved the raw sound recording which David Lynch did himself. https://t.co/PcCZwNiqZI]]></document>
		<document><![CDATA[@NW10KTRA sad. Love a gas holder (if that's what they are called).]]></document>
		<document><![CDATA[Brilliant product by a friend for your #hollywoodsmile https://t.co/Lq1CwCCStv]]></document>
		<document><![CDATA[@TalentAgentGifs I like this Amy. She's thin.]]></document>
		<document><![CDATA[With self-tapes the world really is your oyster when casting a project.]]></document>
		<document><![CDATA[@JarettSays sharing both covers with a man. Sorry to nit pick.]]></document>
	</documents>
</author>