<author lang="en">
	<documents>
		<document><![CDATA[I may or may not have thrown away the winning car cup, and I may or may not have stopped thinking about it ever since... 🤔 #RollUpTheRim]]></document>
		<document><![CDATA[Snow days are in effect for work as well... Right? 🙄]]></document>
		<document><![CDATA[Having an organized iTunes is such a good feeling]]></document>
		<document><![CDATA[Listening to Colton on the radio will never get old 🤗]]></document>
		<document><![CDATA[Fall &amp; Winter https://t.co/DZqo0ewCZc]]></document>
		<document><![CDATA[You are never too important to be nice to people https://t.co/7pitPZP3FK]]></document>
		<document><![CDATA[@SheepishNate 🙄 you're drunk, go to bed.]]></document>
		<document><![CDATA[Throwback to that time I watched Queen and Adam Lambert perform right in front of me. So neat hearing they're going back on tour!]]></document>
		<document><![CDATA[#BellLetsTalk Because you never truly know who's fighting what battle!]]></document>
		<document><![CDATA[#BellLetsTalk Because mental health is just as important as physical health!]]></document>
		<document><![CDATA[You could say I have a type 😏💄 https://t.co/0ExmeDxwIq]]></document>
		<document><![CDATA[Now that "all day breakfast" is a thing they should start working on serving burgers and fries in the AM. #unpopularopinion #goldenarches]]></document>
		<document><![CDATA[A little Monday Motivation ☕️✨ https://t.co/AEMY8rLEho]]></document>
		<document><![CDATA[Throwback to 2012 when I may or may not have had #happyhayley trending at some point... https://t.co/ZUlFqabJ6J]]></document>
		<document><![CDATA[Still hella curious as to why @KATVONDbeauty is/was in Vancouver!! #potentialcollab?? 💄]]></document>
		<document><![CDATA[Happy Monday ☕️✨ https://t.co/gWnFD95XKy]]></document>
		<document><![CDATA[Happy Birthday ❤️ https://t.co/LNvdJmzxn0]]></document>
		<document><![CDATA[@nicolewhitford7 that's* a fancy looking elastic you've got there 😏]]></document>
		<document><![CDATA[*spends morning watching videos of dogs opening presents*]]></document>
		<document><![CDATA[Merry Christmas to you all! Hope you have a wonderful day celebrating with family and friends ❤️ Wishing you all a… https://t.co/vFarHH6D9z]]></document>
		<document><![CDATA[❤️ "if we don't trust each other, what do we have" https://t.co/TYWDpGL1F9]]></document>
		<document><![CDATA[@shannonmccormck ohh my 😬 little do they know....]]></document>
		<document><![CDATA[My heart goes out to the people of #Aleppo. Can't described the feeling I get watching the torture these innocent people are going through!]]></document>
		<document><![CDATA[*Patiently waiting for everything to fall into place*]]></document>
		<document><![CDATA[I become so numb every time I think about you. You're so strong. You'd be amazed by the love &amp; support you have received❤️ love you Britt.]]></document>
		<document><![CDATA[When I forget I'm an anxious nail picker and taking off my acrylics was a bad idea... 💅🏼]]></document>
		<document><![CDATA[My heart 😭❤️ https://t.co/P30rOPPJlH]]></document>
		<document><![CDATA[@nicolewhitford7 and I are already obsessed 😍😍 @theweeknd]]></document>
		<document><![CDATA[@ConnorHasiuk thank you funcle!!]]></document>
		<document><![CDATA[Feeling so loved today 😇❤️]]></document>
		<document><![CDATA[68 miles away and he still makes it feel like he's here ❤️ https://t.co/uiAIPIxEEe]]></document>
		<document><![CDATA[@BrittKaufmann thank you gorgeous! 💕]]></document>
		<document><![CDATA[@chantalfletcher thank you beautiful! ❤️]]></document>
		<document><![CDATA[So sad, these animals are kept in captivity for our entertainment when we don't even own them in the first place 💔 https://t.co/JfK82682Og]]></document>
		<document><![CDATA[Happy to know too faced products will stay cruelty-free but the profits are still going to a company that test https://t.co/jOnuVYkI4x]]></document>
		<document><![CDATA[From the other day 💄 Details https://t.co/cge2UXtjZC https://t.co/c6JaJ7HfAk]]></document>
		<document><![CDATA[The perfect nude by @Maybelline in "Nude Lust" #920 https://t.co/U15YeMlhQP]]></document>
		<document><![CDATA[Spotify's "Throwback R&amp;B (90-00s)" playlist by Maria Raniela 👌🏼]]></document>
		<document><![CDATA[Incredibly thankful for the love and support I receive daily ❤️]]></document>
		<document><![CDATA[When you need experience to gain experience...]]></document>
		<document><![CDATA[Happy Monday 🌸 https://t.co/g69XKxEVuQ]]></document>
		<document><![CDATA[Excited for what these next few days have in store for me https://t.co/zH4GG30SjP]]></document>
		<document><![CDATA[Having control of the heat in my own room is such a delight]]></document>
		<document><![CDATA[Tune in at 6:45pm to catch Colton on the radio with his pre game followed by the 7pm puck drop!! https://t.co/e95bSp4lgK]]></document>
		<document><![CDATA[Forever wishing I knew when my next trip to the island was 💭 https://t.co/EmGkhCJMHp]]></document>
		<document><![CDATA[@taylorrmauer You don't want to be one of those!! Work hard girl, it will be way more rewarding! ❤]]></document>
		<document><![CDATA[Coffee in the AM has become my favorite time of day ☕️]]></document>
		<document><![CDATA[Crossing tasks off your to-do list is so rewarding 😇😇]]></document>
		<document><![CDATA[Now if only @COVERGIRL would stop testing on animals... Congratulations @jcharlesbeauty ❤️💄 #covergirl #firstcoverboy]]></document>
		<document><![CDATA[@samslaterxo no, no. You're too sweet gorgeous ❤️]]></document>
		<document><![CDATA[Happy birthday sis. Hope you get spoiled!❤️🎈🎉 @lachandalynnn https://t.co/xEu20Zs3ov]]></document>
		<document><![CDATA[Behind the scenes with Red Line Productions today. Makeup by me 💄 https://t.co/iD7NuMpK5f]]></document>
		<document><![CDATA[Halsey and Nirvana all day 🎶👌🏼]]></document>
		<document><![CDATA[Take a shot every time I confidently sing the wrong song lyrics 🙈]]></document>
		<document><![CDATA[ATTENTION GRADS‼️🎓 Email me @ hayleydarmstrong@gmail.com for for more info and my price list💄https://t.co/cge2UXtjZC https://t.co/zh302vLm1P]]></document>
		<document><![CDATA[Forever thinking of how convenient it would be to have mirrors in the @MorpheBrushes palettes 💄 #tooconvenient]]></document>
		<document><![CDATA[Today's the Cowichan home opener!! Tune into 89.7Juice FM at 645pm to hear Colton! https://t.co/e95bSp4lgK]]></document>
		<document><![CDATA[Would be ecstatic if I were to meet @SsssamanthaaMUA &amp; @jamie_genevieve this Saturday 😍💄]]></document>
		<document><![CDATA[Three weeks too long, 🏡]]></document>
		<document><![CDATA[Living through the photos my mom is sending me while I'm in bed 😍😍 https://t.co/Lh1folunKI]]></document>
		<document><![CDATA[Casually looking like this after getting wisdom teeth pulled 👍 https://t.co/WiKOb21QFk]]></document>
		<document><![CDATA[Surprise flowers are the best flowers 😍 So lucky https://t.co/gOxyOXWUVa]]></document>
		<document><![CDATA[@HaayleyDawn Photo 1, concentrating on NOT freaking out. Photo 2, wanting them to come after I scared them away... https://t.co/vbfQ6rKzY6]]></document>
		<document><![CDATA[Attempted to let cute little birds eat out of my hand until I would drop the food and run when they came close...]]></document>
		<document><![CDATA[Only going to the theatre to watch Bad Moms to see Mila on the big screen 😍😍]]></document>
		<document><![CDATA[Happy Birthday Gorgeous! Thank you for being a great, positive, fun person in my life. Can't wait to celebrate ❤️ https://t.co/12tjPewHxA]]></document>
		<document><![CDATA[@HaayleyDawn then why am I still driving around the 604 with one damn headlight...]]></document>
		<document><![CDATA[When the guy at the oil change place looks at me like I'm crazy when I tell him I need my headlight replaced as if it wasn't burnt out...]]></document>
		<document><![CDATA[It's a good day when your online purchases arrive when you least expect it! Hello 9BZ, 9B and 350 palettes 😍 @MorpheBrushes came through!]]></document>
		<document><![CDATA[Finally adding this beautiful highlight to my kit! My clients are going to be loving their glow #champagnepop https://t.co/CtSKytMsF9]]></document>
		<document><![CDATA[It's a good day when you get the chance to finally order the 350 eyeshadow pallet from @MorpheBrushes! Thank you @Jaclynhill for the code 💄]]></document>
		<document><![CDATA[Saw some views, learned some history and tasted some wine. Great way to end our trip. https://t.co/qZBOhmrqM4]]></document>
		<document><![CDATA[Reunited with the pup https://t.co/ciJXGP02JR]]></document>
		<document><![CDATA[Missing my pup the most on days like today. https://t.co/ZVy2IIm48j]]></document>
		<document><![CDATA[@Jaclynhill @lachandalynnn throwback to Cuba when you had to do my makeup 😂😂]]></document>
		<document><![CDATA[I saw a pantene hairspray commercial today... Then went out and bought it... Props to their marketing team.]]></document>
		<document><![CDATA[When you ask your vegan friend to go for milkshakes...]]></document>
		<document><![CDATA[Week long adventuring in the Okanagan officially booked off! 🚗]]></document>
		<document><![CDATA[First of many weddings this summer, completed 💄]]></document>
		<document><![CDATA[Interesting but very true. Color pop for the win! https://t.co/MyD6ZUpsbm]]></document>
		<document><![CDATA[Not usually a fan of cats... But Lola has won me over! https://t.co/VbBeZonYUf]]></document>
		<document><![CDATA[New products for the kit is always exciting 😍💄 #gradseason]]></document>
		<document><![CDATA[Excited to work with this girl again ❤⛳ https://t.co/u8wAxl1AxH]]></document>
		<document><![CDATA[Listen to Colton talk sports for the last time on Evolution 107.9 @ 12:12pm!! 
https://t.co/PylV2MI4yo]]></document>
		<document><![CDATA[So thankful for my friends and all their support ❤️❤️]]></document>
		<document><![CDATA[When my brother sends me photos of him and my pup! So precious ❤️❤️ https://t.co/XGtnwvtjjD]]></document>
		<document><![CDATA[Back at it, adventuring with my favorite. Happy to have you home 😙 #soft https://t.co/cjPTuv6zYv]]></document>
		<document><![CDATA[Cheesy but missing this handsome guy 💙 https://t.co/DPeoodacpN]]></document>
		<document><![CDATA[Feeling confident in your own skin is such a great feeling 😇]]></document>
		<document><![CDATA[@Khotannn girl! You're one of the few people that has the most flawless skin that I've applied makeup on before! 😍😍]]></document>
		<document><![CDATA[Waiting for the day my surprises aren't ruined 🙈]]></document>
		<document><![CDATA[Current mood: https://t.co/TrW8golYOh]]></document>
		<document><![CDATA[In love with the Soft Touch #162 lashes from @Ardell_Lashes]]></document>
		<document><![CDATA[My 5am shifts have me awake at 4am for my 12 o'clock shift 🙈]]></document>
		<document><![CDATA[One of the worst things you can do is give someone the power to influence your mood.]]></document>
		<document><![CDATA[Cruelty Free Makeup Brands. Just thought I'd share. https://t.co/5qrOPQgsZC]]></document>
		<document><![CDATA[@chantalfletcher aw! Missing you gorgeous ❤️ we need to get together soon!]]></document>
		<document><![CDATA[Throwback to when I attempted to turn @TKAKBC into yoda for the movie premiere... https://t.co/t3FMIuvXgO]]></document>
		<document><![CDATA[Being in a happy state of mind is such a great feeling.]]></document>
		<document><![CDATA[You know the rest of your day is going to go well when you find your favorite Mac lipstick #lustre 💄]]></document>
	</documents>
</author>