<author lang="en">
	<documents>
		<document><![CDATA[A Three re-brand! @daihenwood @SamHayes_ https://t.co/X9Ozti0eqt]]></document>
		<document><![CDATA[Sound check #GnFnR Or should that be raincheck?? @WestpacStadium @NewshubNZ https://t.co/mWQdkng9Rs]]></document>
		<document><![CDATA[So does anyone know where #GnFnR are staying in Welly?  Or have they choppered off to #wharekauhau  or similar??  @NewshubNZ]]></document>
		<document><![CDATA[Oh yeah https://t.co/ifnuXDlVVD]]></document>
		<document><![CDATA[Just saw a blunt umbrella blown inside out .. 'onya Wellington #yuck]]></document>
		<document><![CDATA[Genius take on a mildly irritating custom https://t.co/OTyUDHuCmZ]]></document>
		<document><![CDATA[About to see @jimjefferies in wellington and already feel like I needed to be a man with a beard to come here]]></document>
		<document><![CDATA[@slow_tri_guy Ha! This tramp is a replacement for the last one which blew away! #weatherbomb]]></document>
		<document><![CDATA[I find myself wondering how many others are crawling around under a trampoline trying to get the lawn mowed before the #weatherbomb hits ..]]></document>
		<document><![CDATA[10 yr old son (in New Zealand!) says "Just 5 more days". For what? I ask. "To enjoy no Trump!" #trump]]></document>
		<document><![CDATA[Great story @SimonHampton9 Bloody Wellington! @NewshubNZ]]></document>
		<document><![CDATA[Wellington's @ReadingCinemas car park .. down she goes @NewshubNZ https://t.co/E5QxfHV13X]]></document>
		<document><![CDATA[@MaikiSherman oh she's gorgeous! Well done x]]></document>
		<document><![CDATA[Earthquake just felt in Hatepe @newshubnz]]></document>
		<document><![CDATA[You can now charge EVs @zealandia Cool. Man-in-the-know tells me I'll still be early adopter if I get one now, only… https://t.co/A8FjYDG2Ht]]></document>
		<document><![CDATA[Burst water main next to Westpac Stadium. Free car wash @NewshubNZ https://t.co/lxwUogWC55]]></document>
		<document><![CDATA[Lovely story @WilShrimpton Brought a tear to my eye! Happy Xmas! @NewshubNZ]]></document>
		<document><![CDATA[61 Molesworth Street that was @NewshubNZ https://t.co/4aHqvVI1KK]]></document>
		<document><![CDATA[Happiness is .. a little patch of sunshine https://t.co/rELV7zNAnY]]></document>
		<document><![CDATA[Enjoying listening to you @annetterongotai Love the banter! with @GuyonEspiner @NZMorningReport]]></document>
		<document><![CDATA[@Bubsthemonkey @TheStoryNZ @NewshubNZ Hi Helen, in addition to the interpreter?]]></document>
		<document><![CDATA[Syncing our interpreter for @TheStoryNZ story tonight about Coffee Educators @DeafAction @NZSLTA https://t.co/QeUCvglQ4w]]></document>
		<document><![CDATA[Billy Weepu and his new bestie Gage. Gage has autism &amp; inspired mum to create barista training for the "differently… https://t.co/ZLk7m03SPI]]></document>
		<document><![CDATA[Molesworth Street closed as a bit more of # 61 comes down @NewshubNZ https://t.co/sn72tAYmRS]]></document>
		<document><![CDATA[@em_cooper23 Why does this make me think of you?? x https://t.co/v4t9x4Cppl]]></document>
		<document><![CDATA[@LloydBurr @RadioLIVENZ Two someone's! John in car too x]]></document>
		<document><![CDATA[@LloydBurr you're in my car! I'm enjoying listening to you talk about the regions @RadioLIVENZ]]></document>
		<document><![CDATA[Post-quake Wellington busy with Xmas shoppers, numerous car parks closed and parking wardens out in force. Meanies.]]></document>
		<document><![CDATA[Cute, you two! @TheStoryNZ @Amanda_Gillies drives a boy magnet @DuncanGarnerNZ]]></document>
		<document><![CDATA[Does @JudithCollinsMP ever go by "Judy"?  Colleague suggests more "Punch" than "Judy" ..]]></document>
		<document><![CDATA[@johnsolvander @NewshubNZ Family reasons? Hmm]]></document>
		<document><![CDATA[@LokeshKalburgi @MediaWorksNZ @TheStoryNZ it's Billy's!]]></document>
		<document><![CDATA[Two monster fish burgers for 5-bucker-50! Gotta love Palmy's Golden Takeaways @DuncanGarnerNZ @TheStoryNZ https://t.co/9fzAzTm8vi]]></document>
		<document><![CDATA[Can someone tell me what's with these orange guys all over the worksite for Transmission Gully at Paekakariki? https://t.co/UdW74kYY2O]]></document>
		<document><![CDATA[This is what's holding up northbound traffic out of Wellington just out of terrace tunnel right now @NewshubNZ https://t.co/LKcNFWoPjp]]></document>
		<document><![CDATA[Grab 'n go bags grabbed 'n gone! Moore Wilson sold out Monday, re-supplied 200, which sold in 4 hrs. Now not available 'til Feb #eqnz]]></document>
		<document><![CDATA[I notice Mt Vic tunnel has returned to tooty-mc-toot-toot!  A bit of earthquake-fear camaraderie?? #wellington #eqnz]]></document>
		<document><![CDATA[Instructions unambiguous in Japan @NewshubNZ Expecting 3m tsunami. https://t.co/nqLEXTLEBL]]></document>
		<document><![CDATA[An unusual sight in Wellington harbour @NewshubNZ #eqnz https://t.co/7gONroQnS4]]></document>
		<document><![CDATA[Thanks for the offer, but we'd rather keep it here #savethecapitalnz #whywellington https://t.co/P1beuGlFpV]]></document>
		<document><![CDATA[The housing crisis is the only thing that'll stop our capital from being moved to Akl.  For that I'm grateful #savethecapitalnz @NewshubNZ]]></document>
		<document><![CDATA[Move the capital to Akl? A city full of volcanoes and chocka roads. How many civil servants will be able to afford a house?? @JohnJCampbell]]></document>
		<document><![CDATA[But imagine if the seabed had dropped! What would that have done to sea level rise? @JohnJCampbell]]></document>
		<document><![CDATA[@PeterDunneMP But why shouldn't we tax churches?]]></document>
		<document><![CDATA["Adulting" "drowning in a cesspool of truthiness".  Learning new things from @radionz]]></document>
		<document><![CDATA[Some people are seriously good at this sleeping on the move business.  A quake evacuee onboard HMNZS Canterbury… https://t.co/WVLN1AX2ke]]></document>
		<document><![CDATA[Thanks to Commander Rooke for safely delivering 450 quake trapped tourists to Lyttleton #nzdf #eqnz @NewshubNZ https://t.co/AZA8Jgbc6z]]></document>
		<document><![CDATA[The navy has been amazing enroute to Lyttleton. Look, they've even given me a heater - outside! - for my live cross… https://t.co/gfuJ15MJCy]]></document>
		<document><![CDATA[Canterbury ready to set sail (yes they sometimes use that term) with a 'shipload'of relieved but weary passengers o… https://t.co/GheIvADZoE]]></document>
		<document><![CDATA[And there goes that luggage onto the Canterbury @NewshubNZ #eqnz https://t.co/ov0btoNXT9]]></document>
		<document><![CDATA[Those 1200-odd tourists being evacuated from Kaikoura sure come with a lot of luggage @thetvnews #eqnz https://t.co/KuspoOvbS3]]></document>
		<document><![CDATA[Public mtg Kaikoura. All tourists can leave today; boil water, sanitise hands- we don't need gastro. Don't eat the… https://t.co/gnrvUYnGDb]]></document>
		<document><![CDATA[Wi-fi central at Kaikoura Health #eqnz @NewshubNZ https://t.co/kOqwVF0eOP]]></document>
		<document><![CDATA[Esmae from Chc and her dog Bandit getting into the boat taking 10 at a time to HMNZS Canty , Kaikoura, for evac to… https://t.co/PRTdkXzah4]]></document>
		<document><![CDATA[Flying over abandoned trains north of Kaikoura, listening to Richie McCaw on the Comms #eqnz https://t.co/l9dgZASchn]]></document>
		<document><![CDATA[#cow territory #eqnz @newshubnz @chrisjonesnz https://t.co/ECRhu3UWvT]]></document>
		<document><![CDATA[@girvana Perhaps not my most creative description]]></document>
		<document><![CDATA[@IsobelEwing The size of a small child, I believe]]></document>
		<document><![CDATA[Munted @TheStoryNZ @ 7 https://t.co/qnnBKFpbxE]]></document>
		<document><![CDATA[Dave reckons a tonne of warenui stone fell on his bed, moments after he scrambled out of it @TheStoryNZ tonight @ 7 https://t.co/sbBujZbuVy]]></document>
		<document><![CDATA[This is high tide, yep, high tide, at Ward Beach @NewshubNZ https://t.co/5jMENl2CWx]]></document>
		<document><![CDATA[The road to Ward from Blenheim just now. Bucketing down here @NewshubNZ https://t.co/CBpsygNBlz]]></document>
		<document><![CDATA[At least the people of Ward haven't lost their sense of humour @NewshubNZ https://t.co/iTU1cgL2HB]]></document>
		<document><![CDATA[Tourists arrive Blenheim by unimog after being evacuated from Ward. Most in high spirits @NewshubNZ https://t.co/yFKC35QbUi]]></document>
		<document><![CDATA[Petone aquifer .. filling up for the next one @NewshubNZ #eqnz https://t.co/Prj1eRnYMe]]></document>
		<document><![CDATA[Gates up. Wellington CBD starting to look suspiciously like Christchurch @NewshubNZ #eqnz https://t.co/Npde0IPHph]]></document>
		<document><![CDATA[Wall collapses on Katherine Mansfield house, Tinakori Road @NewshubNZ https://t.co/KJ9xo8IvJq]]></document>
		<document><![CDATA[Chimney of Fijian High Commission fell into this neighbour's Pipitea St  kitchen @NewshubNZ #eqnz https://t.co/10ErsiQSQz]]></document>
		<document><![CDATA[@Phil_Wheeler @NewshubNZ It was taken by our news crew up in a chopper @LauraMacd63]]></document>
		<document><![CDATA[What a bloody great bulletin @RadioLIVENZ You're everywhere! @LauraMacd63 @AlexBaird]]></document>
		<document><![CDATA[@NewshubNZ 'quake special on 9am with @SamHayes_ and @tommcrae_nz after @PaulHenryShow]]></document>
		<document><![CDATA[Just been notified that both Ngaio school and Raroa Intermediate are closed today for checks @NewshubNZ]]></document>
		<document><![CDATA[And here I was, thinking the car-sick dog vomiting up the sheepshit it just ate was the worst thing to happen this weekend #rattled #eqnz]]></document>
		<document><![CDATA[And still shaking #wgtn @newshubnz https://t.co/Qz1HFZQJTy]]></document>
		<document><![CDATA[Still quaking .. actually still quaking. @NewshubNZ]]></document>
		<document><![CDATA[@JulesHickey Oh to be so oblivious! Love to you Jules x]]></document>
		<document><![CDATA[Power apparently out in the Hutt? @NewshubNZ]]></document>
		<document><![CDATA[All wakened by big rolling earthquake .. family up and standing in doorways.  All ok here. #wgtn Thinking of those further south #eqnz]]></document>
		<document><![CDATA[@TaikaWaititi @MsKateRodger Hi Taika, could we please talk to you about whether "brown faces" will be allowed into the US? @TheStoryNZ ?]]></document>
		<document><![CDATA[@TraceyBarnett "Trump is the biggest blind date in American political history" @PaulHenryShow .  Even more frightening in the light of day]]></document>
		<document><![CDATA['On ya @NewshubNZ We glued to extended #ElectionNight coverage]]></document>
		<document><![CDATA[Ok America. The joke that is Trump just isn't funny anymore #ElectionNight]]></document>
		<document><![CDATA[Wow, what a backdrop! @RossKarl1 @NewshubNZ]]></document>
		<document><![CDATA[#rainyday #testingpatience https://t.co/Qa73NYNTWF]]></document>
		<document><![CDATA[Irish long-term-Wellington-resident husband feeling pretty torn just now! #allblacks @NewshubNZ]]></document>
		<document><![CDATA[Ireland beating the All Blacks .. is this for real?? #allblacks]]></document>
		<document><![CDATA[My kids asking, is your economist also a race caller or auctioneer, by any chance? @PaulHenryShow]]></document>
		<document><![CDATA[Cockayne Road, Ngaio, just now. Single car accident. Older male driver ok @NewshubNZ https://t.co/RkC8mMb8AW]]></document>
		<document><![CDATA[Fire crews called to 15-21 Stout Street @newshub https://t.co/vycFH5y7JJ]]></document>
		<document><![CDATA[I missed the beginning of interview talking about Bill Murray but I've so far counted 36 uses of the word "like" in 3 mins. Ugh @radionz]]></document>
		<document><![CDATA[Some are clearly ready for the onslaught #halloween https://t.co/ZJUvdiX5P1]]></document>
		<document><![CDATA[In Wellington listening to my lovely friend @JosephineMcK in Rome talking earthquakes @radionz Take care Jo x]]></document>
		<document><![CDATA[#dreamworld closed until further notice following Thunder River Rapids deaths @NewshubNZ]]></document>
		<document><![CDATA[@BillBailey Bloody hilarious! Thank you for the biggest belly laugh I've had in a long time! #wgtn]]></document>
		<document><![CDATA[Just south of paekek @NewshubNZ https://t.co/ioxG32HcNN]]></document>
		<document><![CDATA[@rnz_news Northbound traffic barely moving along centennial highway https://t.co/0P8WfjrdiQ]]></document>
		<document><![CDATA[Traffic still slow, northbound, down Pukerua Bay hill after #SH1 crash Paekakariki @NewshubNZ @NZTAWgtn https://t.co/gj0N7XsUB4]]></document>
		<document><![CDATA[Northbound traffic crawling back to Whenua Tapu following crash #SH1 at Paekakariki @NZTAWgtn @NewshubNZ https://t.co/PxXPhMgGoZ]]></document>
		<document><![CDATA[@WgtnCC parks plans to install $200k traffic lights at quirky Abel Smith/Cuba St 4-way stop sign @NewshubNZ]]></document>
		<document><![CDATA[Look who I met! @TheStoryNZ https://t.co/TuzYVYkazv]]></document>
	</documents>
</author>