<author lang="en">
	<documents>
		<document><![CDATA[@heavycalibre when will it be Waluigi's turn]]></document>
		<document><![CDATA[@saerianne I was wondering where you had gone to]]></document>
		<document><![CDATA[@basicallybubble what's up? Talk to me, I'm here when you need]]></document>
		<document><![CDATA[@browfan they are my fancy, expensive dice which I hope will roll well &gt;.&gt; 
They are made of actual Opalite!]]></document>
		<document><![CDATA[Small haul from my local tabletop games con. Celtic buttons, Opalite dice w/ pendant, and the Curse of Strahd Tarok… https://t.co/UTSrjrXksy]]></document>
		<document><![CDATA[@browfan I thought you meant our magnus for a sec lmao]]></document>
		<document><![CDATA[@basicallybubble Always will be your friend, so never forget that I still love ya, my dude]]></document>
		<document><![CDATA[@AtelierHeidi Ferocious floofbeast enjoys love and care of sleepless cosplayer]]></document>
		<document><![CDATA[Happy Birthday to the coolest animator around! https://t.co/btVThkHmqm]]></document>
		<document><![CDATA[@browfan let's work on stuff together!]]></document>
		<document><![CDATA[Experiments with copics: Emily Kaldwin, Empress of the Isles, and Marked by The Outsider
#Dishonored2 #EmilyKaldwin… https://t.co/pZ2yNukgbl]]></document>
		<document><![CDATA[I made things. Thinking of selling on Etsy https://t.co/b42EJy3WJM]]></document>
		<document><![CDATA[@AtelierHeidi ferocious fluffy hunter]]></document>
		<document><![CDATA[After that incredibly sobering reminder of how awfully things are headed, time for bed]]></document>
		<document><![CDATA[@144hurts @bethesda @ArkaneStudios geez could you be any more condescending?]]></document>
		<document><![CDATA[It's two and a half minutes to midnight
#doomsdayclock]]></document>
		<document><![CDATA[The Doomsday Clock will likely be adjusted in two hours....and I really am scared]]></document>
		<document><![CDATA[Also shoutouts to @shoesenpai for being the best bro of a mutual I could ask for]]></document>
		<document><![CDATA[@ThatScarletMoth (cont) games like Oxenfree or Superhot or Abzu win some awards for trying new things, being different. But they won't]]></document>
		<document><![CDATA[@ThatScarletMoth We all know that it's going to be a popularity contest and not based on the merit of the game. I'd love to see-]]></document>
		<document><![CDATA[@ThatScarletMoth Yes I am extremely salty about Overwatch having nominations in categories which don't apply. And it is public vote.....ugh]]></document>
		<document><![CDATA[Also I would like to take this time to say that Gaming Awards need to get off of Overwatch's dick. Tracer for "Most Memorable Character"? NO]]></document>
		<document><![CDATA[Gotta vote for Dishonored 2, most memorable game of the year for me. On my 5th playthrough and still discovering ne… https://t.co/siJG8pbFdH]]></document>
		<document><![CDATA[@144hurts @bethesda @ArkaneStudios Except they are fixing it and patching it and doing beta patches on PC predominantly? Stay salty]]></document>
		<document><![CDATA[@saerianne It's (not) Wednesday, my dudes]]></document>
		<document><![CDATA[@nix_aurinko me @ lack of FloWelch]]></document>
		<document><![CDATA[@triplej @MiikeSnow really thought this would be Top Ten]]></document>
		<document><![CDATA[Such a gorgeous song https://t.co/KnNjTBjCG4]]></document>
		<document><![CDATA[@ShadowsenseEDM *points at self* Reformed League trash]]></document>
		<document><![CDATA[@ShadowsenseEDM It was fun but made my pc so slow. And I have a lot to say about Smite and bad character design]]></document>
		<document><![CDATA[@ShadowsenseEDM I mean, when you are making a "foxy" schoolgirl skin for Amaterasu, a god stil worshipped, that's just fucked]]></document>
		<document><![CDATA[@ShadowsenseEDM I liked it until they started fucking with "living" religions. I'm not be religious myself, but it demands tact and respect]]></document>
		<document><![CDATA[@ShadowsenseEDM I hate Smite even more than I already did now]]></document>
		<document><![CDATA[There is no god https://t.co/tnLF97q6JI]]></document>
		<document><![CDATA[@browfan Me after every dead Sunday shift tbh]]></document>
		<document><![CDATA[@browfan think of Scrooge McDuck-ing it once you get paid]]></document>
		<document><![CDATA[@ElodiaTheTyrant @basicallybubble also "you who is courted by few" is super awful to say]]></document>
		<document><![CDATA[@ElodiaTheTyrant @basicallybubble omfg wait til they find out that Bubble is salty as fuck]]></document>
		<document><![CDATA[@shoesenpai cook em on the pavement]]></document>
		<document><![CDATA[@Lonjanis @MissHenchwench the Mei skin is currently bugged is what we're saying]]></document>
		<document><![CDATA[@ShadowsenseEDM @Mort3mer @Blizzard_Ent @PlayOverwatch it was actually messing with the hitboxes by crouching quickly in succession]]></document>
		<document><![CDATA[@MissHenchwench they really need to go back to life drawing class]]></document>
		<document><![CDATA[@ChrisPerkinsDnD @cwgabriel @TychoBrahe @PatrickRothfuss @MorganWebb upsetting that Binwin's gone, but happy to have Morgaen back]]></document>
		<document><![CDATA[@MissHenchwench how can people believe an inaccurate drawing from a pro gamergate icon? So fucked]]></document>
		<document><![CDATA[@Morrowindian This image is too real]]></document>
		<document><![CDATA[@ElodiaTheTyrant I gotta go watch some Dr Pimple Popper to heal this unjustice now]]></document>
		<document><![CDATA[@ElodiaTheTyrant Now you made me do it too and I hate everything]]></document>
		<document><![CDATA[@KililaSpirit @HollyConrad @AnnaProsser @ProJared @NateWantsToBtl THIS IS ADORABLE! Great job!]]></document>
		<document><![CDATA[Look at what just arrived in the mail!! I'm a very happy chook ♡ 
Thank you, @HollyConrad https://t.co/PaDjQGGiiM]]></document>
		<document><![CDATA[@GodsfallDC @HollyConrad @ChrisPerkinsDnD @ProJared @AnnaProsser @NateWantsToBtl @Wizards_DnD Non humans gotta stick together, you know?]]></document>
		<document><![CDATA[@HollyConrad @GodsfallDC @ChrisPerkinsDnD @ProJared @AnnaProsser @NateWantsToBtl @Wizards_DnD Gonna hope for Drizzt and Strix being besties]]></document>
		<document><![CDATA[DRIZZT MOTHEREFFIN DO'URDEN HOI YEAH I AM READY 
#wafflecrew]]></document>
		<document><![CDATA[@HollyConrad getting chased by furries, just wafflcrew things]]></document>
		<document><![CDATA[@loremaiden83 your edgelord diath gives me life]]></document>
		<document><![CDATA[UNCANNY DOG
@ProJared #wafflecrew]]></document>
		<document><![CDATA[Diath: "humanity curses etc etc"
Paultin: "Stop being such an edgelord!"
#wafflecrew]]></document>
		<document><![CDATA["Does Leomund's Tiny Hut include plumbing?"
-Paultin, 2k17
#wafflecrew]]></document>
		<document><![CDATA[Remember, he's not murderbot, but Alternative-Facts-bot
#wafflecrew #DiceCameraAction]]></document>
		<document><![CDATA[@HollyConrad @ChrisPerkinsDnD @AnnaProsser @NateWantsToBtl @ProJared As if murderbot hadn't given me enough nightmares!]]></document>
		<document><![CDATA[@browfan I'd pay to see it tbh]]></document>
		<document><![CDATA[@browfan you should embroider Min'rhe as a blood hawk holding daggers]]></document>
		<document><![CDATA[@HollyConrad @AustenMarieTV when are you streaming next? So sad that I missed it!]]></document>
		<document><![CDATA[@heavycalibre he hears you with his heart]]></document>
		<document><![CDATA[@AtelierHeidi so well made! I'm hype for this]]></document>
		<document><![CDATA[@heavycalibre bailey is adorable]]></document>
		<document><![CDATA[@ThatScarletMoth I meant to say "grief" ugh I don't even care anymore.
Shit sucks]]></document>
		<document><![CDATA[Dealing with gried never gets any easier. You think you know what it's like, then it comes and knocks the breath right out of you again]]></document>
		<document><![CDATA[@CatRoulett3 I NEED YOUR SNAPCHAT NO TIME TO EXPLAIN]]></document>
		<document><![CDATA[@AtelierHeidi they'll have to get through me first. I'll beat them up and take their lunch money]]></document>
		<document><![CDATA[@ChattyAnny @archistrateges @ElodiaTheTyrant RIP Keely, death by snazzaroo grey]]></document>
		<document><![CDATA[@CatRoulett3 get you a girl that can do both]]></document>
		<document><![CDATA[A completed Keyleth to celebrate badass ladies. Fight for your future
#criticalrole #criticalrolefanart #keyleth https://t.co/tBJ1NgMJge]]></document>
		<document><![CDATA[@AtelierHeidi oh wow, that's so nice and neat! Glad to hear it's finally working]]></document>
		<document><![CDATA[Though I can't march today, know that I stand with you all. March for our rights and our freedom.]]></document>
		<document><![CDATA[@heavycalibre mlem is always good. Lawful pbbt, chaotic blep]]></document>
		<document><![CDATA[@ChiefsESC @Swip3rR "I didn't like Sppokz's birthday cake, can we get caramel next time?"]]></document>
		<document><![CDATA[@AtelierHeidi here is a photo of my doggo. She's real floofy https://t.co/YPMXduE29P]]></document>
		<document><![CDATA[@dearHadrian Man, I know those feels. Makes me glad I work at an art shop and get a discount]]></document>
		<document><![CDATA[@AtelierHeidi that face is so blissful omg]]></document>
		<document><![CDATA[@RealFlashFrosty TOO GOOD TOO TALENTED I CANNOT HANDLE]]></document>
		<document><![CDATA[@browfan I can't colour in because my hands are shaking this is the weirdest problem to have]]></document>
		<document><![CDATA[Today has been a really good day &lt;3]]></document>
		<document><![CDATA[@ProJared Smol Jared made a good roll when levelling up, it seems]]></document>
		<document><![CDATA[@bottleofstars It captures the tone so perfectly, and the casting is great! I am so in love with this series already]]></document>
		<document><![CDATA[@Morrowindian @actual_sauce this drawing has brought me enlightenment]]></document>
		<document><![CDATA[@ChrisPerkinsDnD that sucks ...I really wanted to make a drow who's afraid of the dark]]></document>
		<document><![CDATA[@thediscoheat oh shit how did I miss that? ?!]]></document>
		<document><![CDATA[@thediscoheat If you need someone to beat at fantasy LCS, let me know. I'm awful at these things!]]></document>
		<document><![CDATA[@HollyConrad This app is doing me a concern. It even took away your hair colour!!]]></document>
		<document><![CDATA[Look at my beautiful and talented friend! https://t.co/VRztiLQmMq]]></document>
		<document><![CDATA[@UltraPrimal I love the way you added your watermark! Very clever]]></document>
		<document><![CDATA[@DrewGamblord PAT 👏THAT 👏DOG 👏]]></document>
		<document><![CDATA[@DrewGamblord I would have said he is better at making miniseries, but with this latest season of Sherlock I'd say no to even that]]></document>
		<document><![CDATA[@DrewGamblord These are the gamb-rants I live for]]></document>
		<document><![CDATA[Okay so whilst mashing my keyboard I somehow turned off the keyboard lights?? I.....someone help, please?]]></document>
		<document><![CDATA[@ChattyAnny @AgentPluto always remember to bless those rains for rye]]></document>
		<document><![CDATA[@moriart_ish Percahlia and Vaxleth. Maybe also a bit of Kimallura in there too]]></document>
		<document><![CDATA[My owlbear sketch is still getting likes wHAT IS HAPPENING]]></document>
		<document><![CDATA[@meginatree Twitter thinks this is dutch. 

huh]]></document>
		<document><![CDATA[@meginatree just the iconic ones, pls]]></document>
	</documents>
</author>