<author lang="en">
	<documents>
		<document><![CDATA[Major chair lust what has become of me? https://t.co/Z7JFhPJPLX]]></document>
		<document><![CDATA[Prize for most random suggestion of the day goes to Twitter. https://t.co/7KANAAliBM]]></document>
		<document><![CDATA[The Simplest and Most Perfect Explanation of Privilege I’ve Ever Seen https://t.co/TdBeqEsZ1q via @]]></document>
		<document><![CDATA[What's Wrong With This Picture? Pregnancy-Test Ad Is Met With Howls of Laughter https://t.co/hDwicgZEqC]]></document>
		<document><![CDATA["ad agencies have let marketers down by not giving them the support &amp; the evidence they need to prove their case...… https://t.co/wIr4gkqK4K]]></document>
		<document><![CDATA[@Deebodee @T2Trainspotting I forgot how freaky it gets! Unreal 😱]]></document>
		<document><![CDATA[Re-watched Trainspotting last night to warm up for @T2Trainspotting https://t.co/yq53QJht59]]></document>
		<document><![CDATA[Facebook's Creative Shop: What can it do for small businesses (and itself)? https://t.co/ope7zmIvdA by @ruthreader via @FastCompany]]></document>
		<document><![CDATA[A solemn snowman from the end of the Christmas cake https://t.co/X0h4ZUUsxS]]></document>
		<document><![CDATA[Bitchin old school @Meteor_Mobile ad in Ranelagh. https://t.co/TCNoONtdK7]]></document>
		<document><![CDATA[@TheHill_Pub Are you still doing the Tuesday offer? https://t.co/WCivRTgTdB]]></document>
		<document><![CDATA[Love this! https://t.co/teSqFB1hGC]]></document>
		<document><![CDATA[Get Cancer in Ireland https://t.co/o08t4Mjq8o]]></document>
		<document><![CDATA[Spot my face? #WheresWally https://t.co/oP996Rh3NQ]]></document>
		<document><![CDATA[#streetphotography https://t.co/FoZu30jrfZ]]></document>
		<document><![CDATA[People leave sticks at this dogs grave in Edinburgh: can't cope 😭 https://t.co/8s9jLpYYH5]]></document>
		<document><![CDATA[Perfect day in Edinburgh tbh https://t.co/coLUaImvPV]]></document>
		<document><![CDATA[Love this. The Strangest Neighborly Tradition We've Ever Witnessed https://t.co/CFV6edh8gg via @HPLifestyle]]></document>
		<document><![CDATA[Instagram Is Dropping Ads Into Its Stories Feature, Now 150 Million Daily Users Strong https://t.co/vY4r9g0ugb]]></document>
		<document><![CDATA[Facebook Dynamic Ads Update: Expand Reach to Broad Audiences https://t.co/GrpoUNvWpL via @jonloomer]]></document>
		<document><![CDATA[Poor little lad. He figured out the cotton candy after the 3rd try. https://t.co/O5Qd3sGSoo]]></document>
		<document><![CDATA[This Is What Facebook "Sees" In Your Uploaded Photos https://t.co/FG5DhfC6at via @WeRSM]]></document>
		<document><![CDATA[Facebook Advancing Video Strategy, Adds Mid-Roll Video Ads https://t.co/5EasNFaAA2 via @socialmedia2day]]></document>
		<document><![CDATA[@RosemaryMacCabe oooh! I must admit I haven't dabbled in her lip products. Foundation let me down, eyeshadows don't stay on me long enough 😟]]></document>
		<document><![CDATA[Charlotte Tilbury is overrated 
#ComeAtMe]]></document>
		<document><![CDATA[This world is fantabulous sometimes 💓 https://t.co/qjUXHxh3mR]]></document>
		<document><![CDATA[@APMC_Ireland UK figures, right?]]></document>
		<document><![CDATA[Sliming is the new dieting tbf. https://t.co/BgYgZgB5lw]]></document>
		<document><![CDATA[@HollyShortall You'll be in their next campaign at this stage! https://t.co/mgZJrEnMp2]]></document>
		<document><![CDATA[Incredible!! Film student's emotional Adidas ad goes viral as viewers urge the brand to take notice https://t.co/YeAmCGCvVR via @thedrum]]></document>
		<document><![CDATA[The most iconic Reuters photo from nearly every country in the world in 2016 https://t.co/3wsZyCgOUi via @]]></document>
		<document><![CDATA[I am proud
I am delighted

Estate agents when they put a gaff up on Daft.]]></document>
		<document><![CDATA[Fact check. https://t.co/UrTsd7jxcT]]></document>
		<document><![CDATA[In case it ever comes up in a table quiz 🕷 https://t.co/4AkcADhTrq]]></document>
		<document><![CDATA[@JenniferHyland_ I was all bones back then 😹]]></document>
		<document><![CDATA[This is not a picture of me FYI.]]></document>
		<document><![CDATA[This time last year I was on the Salt Flats in Bolivia 🦄 #OffGallivanting https://t.co/ssmTPJucaO]]></document>
		<document><![CDATA[Errry Instagram story this week ✋️ https://t.co/2nk9xS9T7a]]></document>
		<document><![CDATA[@jess1hickey @wowburgerdublin where itsa bagel was 🙌🏃🏽‍♀️]]></document>
		<document><![CDATA[A very welcome neighbour: @wowburgerdublin in Ranelagh 👋 #foodporn https://t.co/Xeh1cUTKUZ]]></document>
		<document><![CDATA[@vickinotaro asshats!]]></document>
		<document><![CDATA[What a beautiful account https://t.co/SnSJYGj5lh #WallyFound]]></document>
		<document><![CDATA[Dunnes and Supervalu are the only people who text me anymore wb x]]></document>
		<document><![CDATA[10 Ways to Search Google for Information That 96% of People Don’t Know About https://t.co/fnYPceJJt4 via @]]></document>
		<document><![CDATA[Best Trips 2017 — National Geographic Travel https://t.co/zUKOlmb3hA]]></document>
		<document><![CDATA[A Suburban Family Takes Care of a 700lb Tiger in This Magical WWF Spot https://t.co/OBiDfdg1Pt]]></document>
		<document><![CDATA[@HollyShortall get him to give the dog small treats, might help 🙏]]></document>
		<document><![CDATA[@johnpeavoy just trying to read this and @patphelan has blocked me! It wasn't me who was meant to meet him 😳]]></document>
		<document><![CDATA[@HollyShortall showed this babe to my sis and her reply was "oh my god he's ridiculous" 💓]]></document>
		<document><![CDATA[I got: "You have as much holiday spirit as Clark Griswold!" (11 Right!) - Can You Guess The Chris... https://t.co/i6swoQblmW via @play_buzz]]></document>
		<document><![CDATA[Props to the photoshopper on this Guinness ad who just wanted to get out of the office on Christmas Eve. https://t.co/FbYEm0lgUo]]></document>
		<document><![CDATA[@vickinotaro @PA holy shit 😰]]></document>
		<document><![CDATA[Fantastic work @AaronGoodliffe 👊 https://t.co/mhRkceosQp]]></document>
		<document><![CDATA[Just found a packed wallet in a taxi in Rathmines - hope it makes its way home in time for tomorrow 🙏]]></document>
		<document><![CDATA[@Leech_Pharmacy my Christmas is made ❤ @ranelaghlife https://t.co/U1sLurEw6K]]></document>
		<document><![CDATA[I'm delighted thanks so much @Leech_Pharmacy 😘🎅🏼 https://t.co/MqPlDrfsrC]]></document>
		<document><![CDATA[This time last year 👩‍🎤 https://t.co/Lu2c0WJl1R]]></document>
		<document><![CDATA['If you can speak in cliche, you can get the job': Confessions of a disillusioned social strategist https://t.co/9kxBnz1B2s via @digiday]]></document>
		<document><![CDATA[Luffly house in #Ranelagh @RanelaghLife 🎀 https://t.co/GeiV22wAaZ]]></document>
		<document><![CDATA[Another @facebook update in Messenger - video filters: they don't stop coz they can't stop 👩‍🎨 https://t.co/jBnDu2kjc0]]></document>
		<document><![CDATA[Such a diverse panel 🙅 Brand 2020: How Coca-Cola, Mondelez, BBC &amp; Paddy Power are facing up to the diversity debate https://t.co/4cL8wtIumB]]></document>
		<document><![CDATA[⚡️ “Russian fisherman shares his ungodly deep-sea discoveries ”

https://t.co/symwybJWWl]]></document>
		<document><![CDATA[@Leech_Pharmacy oooh yes please! 🎉💕]]></document>
		<document><![CDATA[Are colourful backgrounds enough to boost personal text updates on Facebook? https://t.co/zdo1mzUJuD via @WeRSM]]></document>
		<document><![CDATA[@xChupi oh Im sorted thank you! x]]></document>
		<document><![CDATA[Most Moving Photos of 2016 https://t.co/pVBW2VQnkf via @NatGeo]]></document>
		<document><![CDATA[@xChupi thanks for sorting me out ✨💕 https://t.co/Vm8u6SNL6x]]></document>
		<document><![CDATA[Recycling Panti balloons with dad 🎈 https://t.co/7JeUeHDqKF]]></document>
		<document><![CDATA[@xChupi hi, sent an email today. Still waiting on my order for Christmas, Post Office confirmed you guys have to contact them as the sender!]]></document>
		<document><![CDATA[@merthyrlibrary @BWBUK fab news thanks! 🙌]]></document>
		<document><![CDATA[I want to win Westbury Overnight and dinner at WILDE #TheTaste #WildeDublin #WinOvernightatTheWestbury @TheTaste_ie @WestburyDublin]]></document>
		<document><![CDATA[Berlin tips this way please! The cat is out of the bag...]]></document>
		<document><![CDATA[@merthyrlibrary I bought a book on Amazon and its got stamps from you on it - are you missing a copy of Lean In?]]></document>
		<document><![CDATA[OK sorry this PSA is unbelievable 
https://t.co/4CI2RWeoLe #SandyHookPromise]]></document>
		<document><![CDATA[Wow. Why "Evan" Works: Behind the incredible @sandyhook PSA https://t.co/TZAxYlQgJT by @jeffcbeer via @FastCoCreate]]></document>
		<document><![CDATA[The 10 Best Ads of 2016 https://t.co/RBTtGgbCBL]]></document>
		<document><![CDATA[@TiggyHolls saw a crash on the canal just now. Thank God there was no kids in the car! Poor fella was rear-ended by a van into another van.]]></document>
		<document><![CDATA[I've just discovered @profgalloway on YouTube - fantastic digital marketing content. May be here for the night watching.]]></document>
		<document><![CDATA[@Primark #thankshunpenneys @StreetStyleIre https://t.co/qQ6mweksVi]]></document>
		<document><![CDATA[Unbelievable shot shows lion milliseconds from attacking photographer https://t.co/ZgqHLtnder via @BI_Europe]]></document>
		<document><![CDATA[Rushing to @Primark to grab these tomorrow plz be there shoes 🙏 https://t.co/agIkn2G8Ny]]></document>
		<document><![CDATA[Simon "set an Olympic record for breathing" into the breathalyser according to the soundest Guard ever (Dublin) 😂 @GardaTraffic]]></document>
		<document><![CDATA[@KateSugrue that's amazing Kate! Enjoy every minute x]]></document>
		<document><![CDATA[@KateSugrue where you off to Kate?]]></document>
		<document><![CDATA[Obsessed with @Facebook direct #facebookdirect 👍 https://t.co/yOupoWvPoq]]></document>
		<document><![CDATA[Stop everything @facebook have released CAMERA FILTER! https://t.co/nxPpZPNJ8L]]></document>
		<document><![CDATA[@AidanCoughlan Daryll is trippin']]></document>
		<document><![CDATA[Jesus Christ Google I was only looking up a Fr. Ted quote. https://t.co/a3xLInwLV0]]></document>
		<document><![CDATA[Justice for ^Daryll]]></document>
		<document><![CDATA[Light a candle for poor Daryll with two Ls who is trending tonight #PrayForDaryll #virginmedia]]></document>
		<document><![CDATA[@mrhotspots @VirginMediaIE errrybody! Check my last tweet, DNS change seems to fix it]]></document>
		<document><![CDATA[Super! Thanks David 👏 https://t.co/GBbLILlOj8]]></document>
		<document><![CDATA['It's on every media plan': Media buyers hail Facebook's dedicated video tab https://t.co/SYrdlrS5A7 via @digiday]]></document>
		<document><![CDATA[Facebook Is Planning A Competitor To Snapchat Discover https://t.co/3gUO9CVomV via @WeRSM]]></document>
		<document><![CDATA[This Cheryl ad reminds me of Zoolander https://t.co/Ky2zNvc1vI https://t.co/4hVrZ6zrZD]]></document>
		<document><![CDATA[@vickinotaro same! Is it "This works" stuff? Wake up spluttering at 3am every time 😿]]></document>
		<document><![CDATA[@KevoC2 @NiamhHoran never mind Kevo I'm too different to you to even try to start explaining 👋]]></document>
		<document><![CDATA[@KevoC2 @NiamhHoran this is the one I was referring to... https://t.co/FdJxnTnXcT]]></document>
		<document><![CDATA[@KevoC2 @NiamhHoran where's your most recent tweet?]]></document>
		<document><![CDATA[@KevoC2 @NiamhHoran think your most recent tweet sums up where your mind lies Kev 🙄]]></document>
	</documents>
</author>