<author lang="en">
	<documents>
		<document><![CDATA[@JulieKoksharova @1SHeRA1 Really hope so.😄]]></document>
		<document><![CDATA[Nice shoes, btw. 👞🤞😋 https://t.co/yE41ir1eAA]]></document>
		<document><![CDATA[@AKoenigsmann @terr6210 can't agree more!]]></document>
		<document><![CDATA[@UltraVeloce @AKoenigsmann I feel so sad about it, don't know why, just feel sad, even though it Chinese New Year. 😿💔]]></document>
		<document><![CDATA[@UltraVeloce Beard on this role actually looked very nice, I can say that.😉]]></document>
		<document><![CDATA[OH, MY GOD! Someone please give him an action role! 😍 https://t.co/UZj4epxIE6]]></document>
		<document><![CDATA[How come I just realize that the German spy lady was in Ripper Street. Like her character and performance in Ripper… https://t.co/6N8MpYuNJN]]></document>
		<document><![CDATA[@MatiasFmatias I watched Captain America in theater, though Kruger was played by a German actor. He really looked like a Geaman in it. 😋]]></document>
		<document><![CDATA[@MatiasFmatias @more2screen @yfarber @RCArmitage Yes! Yes! Yes! Though I have seen it in Old Vic and own it through digital Theater.]]></document>
		<document><![CDATA[Is it coming to Canada? Please!!! https://t.co/xXpQSKEQct]]></document>
		<document><![CDATA[Same here! Miss him so much. 💞 https://t.co/hxdrzDHHsU]]></document>
		<document><![CDATA[@MatiasFmatias @RArmitage_US Hannibal, really?! I mean, he gave a strong performance, but I would not fall for a character like that. 😋😋]]></document>
		<document><![CDATA[@RArmitage_US Haven't seen him as Thorin?! How do they become fans then? 😜]]></document>
		<document><![CDATA[@RealHughJackman What are you talking about? Of course we will LOVE it!❤️]]></document>
		<document><![CDATA[@suzie_writer @UltraVeloce Good to hear!]]></document>
		<document><![CDATA[The powerful Pink Sea. https://t.co/DXsHN3AaUy]]></document>
		<document><![CDATA[@UltraVeloce Take care! I told you he would come back✌️]]></document>
		<document><![CDATA[@RCArmitage ❤️❤️❤️So Proud of You!]]></document>
		<document><![CDATA[He's Back!!! https://t.co/3ENhKvNc1d]]></document>
		<document><![CDATA[@UltraVeloce I guess because he was a dancer.]]></document>
		<document><![CDATA[What a good boy and a great principal. https://t.co/4i0y2MsWoY]]></document>
		<document><![CDATA[@UltraVeloce What do you mean he isn't here any more? He will be back, I believe.]]></document>
		<document><![CDATA[Couldn't they make it permanent? And including the Shake please!😋 https://t.co/09GiqUvxBi]]></document>
		<document><![CDATA[@dave03102313 @MatiasFmatias @MarleneLugo13 Damian Lewis will be the villain and ex-lover of Sandy.]]></document>
		<document><![CDATA[@MatiasFmatias @MarleneLugo13 But Sandy's love interest is already occupied😋]]></document>
		<document><![CDATA[@MatiasFmatias @MarleneLugo13 A lawyer would be very nice, imagine him in fancy suits...😍😍😍]]></document>
		<document><![CDATA[Who doesn't! https://t.co/4AJMEgm5io]]></document>
		<document><![CDATA[@_naughTAY2968 same here, right this moment.]]></document>
		<document><![CDATA[Asking the same question! https://t.co/204IcEbMsu]]></document>
		<document><![CDATA[Library is always my favorite part of my city. It is no longer only a place to borrow a book. IT IS COMMUNITY! https://t.co/FTDktVfb9H]]></document>
		<document><![CDATA[So proud of our boys! Our national treasures. ❤️❤️ https://t.co/0g3z9AQdMW]]></document>
		<document><![CDATA["Ryan, like all the nicest people, is Canadian." Love you for that, Meryl! ❤️🤞 https://t.co/mjktxxnGbY]]></document>
		<document><![CDATA[No wonder she has a son like this.😍 https://t.co/LdAHiqeIKg]]></document>
		<document><![CDATA[@UltraVeloce  How did you get this? I'd like to have one too!]]></document>
		<document><![CDATA[@kiwi_all_blacks What a beautiful photo book!]]></document>
		<document><![CDATA[@RCArmitage Very delighted to see you again! 😋❤️Happy New Year! 💐And waiting for more fantastic characters that you will bring us.]]></document>
		<document><![CDATA[@MatiasFmatias❤🎉🎆💐Lots of love, happiness and fun!]]></document>
		<document><![CDATA[Watching #RockinEve from #TimesSquare, LA, New Orleans &amp; Las Vegas. AWESOME! Waiting for the #balldrop. 🎤🎶🎉 https://t.co/A9V08Ybpss]]></document>
		<document><![CDATA[Richard Armitage United Kingdom https://t.co/A828LjhDcj]]></document>
		<document><![CDATA[Who didn't. https://t.co/NR8eThbzwl]]></document>
		<document><![CDATA[I was right there last Thursday. Miss NYC already. https://t.co/y5l41Cx6SQ]]></document>
		<document><![CDATA[I am watching #Hannibal right now! Enjoying the last few days of my holidays. https://t.co/9kShFCZeMX]]></document>
		<document><![CDATA[Reminds me of the unforgettable experience. ❤️ https://t.co/uIgg61F61B]]></document>
		<document><![CDATA[Just saw #StarWarsRogueOne The young princess was in the last scene. #ripcarriefisher #RIPMyPrincess 💔You are with… https://t.co/6eWlaMyWRM]]></document>
		<document><![CDATA[To #MidtownComics twice when in New York, couldn't find the Thorin mini-statue, staff said someone bought the whole… https://t.co/IgW7Qi69Z2]]></document>
		<document><![CDATA[These high quality photos are amazing!!! You all need to take a look! Not only for #LLLplay. https://t.co/j7YylHtCUX]]></document>
		<document><![CDATA[Merry Christmas, London! 🎄🎅🇨🇽 https://t.co/pR7iZTMDyy]]></document>
		<document><![CDATA[My eyes got wet when I was watching this 💔so many memories coming up from the past...Life is fragile. https://t.co/FHqCMk6vAd]]></document>
		<document><![CDATA[Merry Christmas and Happy New Year to all my twitter friends! Back from #NewYork 🎅🎄🎆⛄🌆 https://t.co/sxUnTLQw8E]]></document>
		<document><![CDATA[@kiwi_all_blacks I'm going to Brooklyn Museum today! But heard Red Dragon is not on display.]]></document>
		<document><![CDATA[@MatiasFmatias Thanks!]]></document>
		<document><![CDATA[@MatiasFmatias Can I use them for Twitter profile pic?]]></document>
		<document><![CDATA[@RCArmitage The last performance of #LLLplay was wonderful! Have a nice holiday with your family and a safe, fun ski trip! ❤✈🎄🎅🎁🏂❄⛄]]></document>
		<document><![CDATA[The last performance was great! Most of  the audience were seniors. No SD. Chilly out there, but morning was like s… https://t.co/vzpvPJ7hat]]></document>
		<document><![CDATA[@MatiasFmatias Finally we took off at 5pm.]]></document>
		<document><![CDATA[Still at airport, so so bored, tired and getting upset now😵]]></document>
		<document><![CDATA[@1SHeRA1 Actually it's not too bad in Toronto, but Newark is worse.]]></document>
		<document><![CDATA[@RCArmitage Looking forward to season 2!❤Stuck in Billy Bishop Airport now, every flight was delayed. Hope I won't miss your play tomorrow.😯]]></document>
		<document><![CDATA[Until you stuck in the airport 😢😕😨 https://t.co/4IWQ0bYshi]]></document>
		<document><![CDATA[@MatiasFmatias Thanks dear! I only hope the flight won't be cancelled even delayed to the evening 🙏]]></document>
		<document><![CDATA[Newark Airport stopped any in or out flight due to snow and ice! 😱 Hope I won't miss the play tomorrow.🙏🙏🙏]]></document>
		<document><![CDATA[#PorterAirline  staff was very nice, put me on an earlier flight for free which delays from 10 to 11, still earlier than the one I booked✌]]></document>
		<document><![CDATA[Waiting at the Central Island Airport to NYC for #LLLplay #Porterairline #terribleweather https://t.co/Q8MYqMlSYs]]></document>
		<document><![CDATA[@MatiasFmatias  white &amp; black is great!]]></document>
		<document><![CDATA[@Abiwim Actually it's not cold enough for me to put on Canada Goose even here in Canada.😎]]></document>
		<document><![CDATA[I wonder if he got it here when he was shooting Hannibal... https://t.co/A2D6D9Vk9E]]></document>
		<document><![CDATA[@rashisama1 Oh,yes, I noticed, such a big coat! Canada Goose, hehehe...]]></document>
		<document><![CDATA[He is just too cute, bringing up the water melon again 😍😛😋 https://t.co/IjgUgyPSK9]]></document>
		<document><![CDATA[Richard Armitage United Kingdom https://t.co/A828LjhDcj]]></document>
		<document><![CDATA[Our agency holds Toy Drive every year for newcomer kids from low income families. Would you come over to be our elf… https://t.co/1zAace032W]]></document>
		<document><![CDATA[@MatiasFmatias Happy Birthday, my dear! 🎂🥂🌷💖]]></document>
		<document><![CDATA[@MatiasFmatias The first time I saw him was in Strike Back. I like this guy though he's not our guy.😜]]></document>
		<document><![CDATA[@UltraVeloce It was originally on October Vanity Magazine, I believe. There was a very small article about BS.]]></document>
		<document><![CDATA[HE IS AMAZING! https://t.co/uAan7Zxcxd]]></document>
		<document><![CDATA[😍You really astonished me! 😛 https://t.co/s2wXJ3fCzV]]></document>
		<document><![CDATA[@DebHarkness @BadWolf_TV Thanks for the reply! Love All Souls Trilogy so much! ❤ Looking forward to the TV series.]]></document>
		<document><![CDATA[Any casting information? https://t.co/lqMOELE4Wo]]></document>
		<document><![CDATA[@kiwi_all_blacks My heart 💔 watching this scene in the theater 2 years ago because I knew what would happen next. 💔]]></document>
		<document><![CDATA[International distribution? DVD release? https://t.co/MHHtAfxcxn]]></document>
		<document><![CDATA[@MatiasFmatias  We are poor Canadians, literally. Hug. :)]]></document>
		<document><![CDATA[Of Course! Grocery prices rise every year but never our salary. https://t.co/U4nH3KmjYw]]></document>
		<document><![CDATA[I don't understand Italian, just like this gif, him being shy... https://t.co/fVApVWNPq8]]></document>
		<document><![CDATA[@isabellamisceo I am working and this comes along....]]></document>
		<document><![CDATA[@UltraVeloce Safe travel back home! Thanks for all your pics, gifs and videos!]]></document>
		<document><![CDATA[@Kimanneshaw hahaha, the closer the better? Just because he is perfection.]]></document>
		<document><![CDATA[@MatiasFmatias @LadyJuliet6 @_naughTAY2968 Hector is Thomas Shaw, as I've seen it. But probably Thomas Shaw is not only one person?]]></document>
		<document><![CDATA[@MatiasFmatias I like it. Did you do it? Where does the original RA pic come from?]]></document>
		<document><![CDATA[@verdandi21 Yes, now I see it. It looks better with your edit.]]></document>
		<document><![CDATA[@verdandi21 @kiwi_all_blacks Never seen this pic before, is it a new one? Love it!]]></document>
		<document><![CDATA[Fantastic! 👍Will there be an exhibition of these works? https://t.co/HTcqfWUkWv]]></document>
		<document><![CDATA[@UltraVeloce @sahraobsessed I love this gif! He took my gift bag just like this at SD Old Vic, hahaha!]]></document>
		<document><![CDATA[I love it! I really do! https://t.co/DM63e4Ks74]]></document>
		<document><![CDATA[What happened? ! https://t.co/xXDEuSoJm2]]></document>
		<document><![CDATA[How come I missed these when in British Museum! https://t.co/HmnyqVnJAR]]></document>
		<document><![CDATA[Want to go there some day... https://t.co/gPsELZ6LVo]]></document>
		<document><![CDATA[Of course! Everything is good with you in it. https://t.co/hPrT1EPtkl]]></document>
		<document><![CDATA[@MatiasFmatias Yes, the first time for 3 of us. Excited. Some of us met in China, US and Toronto, but never for all of us together.]]></document>
		<document><![CDATA[@RealHughJackman My heart is broken...]]></document>
		<document><![CDATA[@MatiasFmatias @RCArmitage @BerlinStation Fingers crossed! 🙏]]></document>
		<document><![CDATA[@MatiasFmatias Yes! I have 6 close friends from high school, 2 in China, 3 in US. We'll meet all together next year, first time in 30 years.]]></document>
	</documents>
</author>