<author lang="en">
	<documents>
		<document><![CDATA[When you ain't got nothing better to do than take selfies https://t.co/YmUfugk6w3]]></document>
		<document><![CDATA[I would also like to point out that through my recent adventures in eating better, my jawline is making a comeback.]]></document>
		<document><![CDATA[TIL the lighting in our break room is great for selfies #whoknew https://t.co/5D4RdEPfWL]]></document>
		<document><![CDATA[Best way to eat avocado? On its own, with salt and pepper, with a spoon 👌]]></document>
		<document><![CDATA[@jason_aldous he is such a good boy 😍]]></document>
		<document><![CDATA[@southstarbrew well that's encouraging I guess 😂 I've never actually used Tinder though!]]></document>
		<document><![CDATA[@StephanieMarija congratulations!]]></document>
		<document><![CDATA[@LeighboNZ I'll be living in Paraparaumu so Driving Miss Daisy can come and pick me up for our dates]]></document>
		<document><![CDATA[@LeighboNZ oh wow that really sells it]]></document>
		<document><![CDATA[@StuFlemingNZ it has been duly noted and added to your record]]></document>
		<document><![CDATA[I'm not internet dating at the moment but if I do, I get the feeling that the pool in Kapiti isn't gonna be that deep 😅]]></document>
		<document><![CDATA[@Greeniecg that'll learn ya. You've been DUMPED.]]></document>
		<document><![CDATA[@PalairetNathan @sararoseflips n0t_rEaLlY-007xx@yahoo.com]]></document>
		<document><![CDATA[@ogierkj crying shame! It's like the main reason I own a crock pot]]></document>
		<document><![CDATA[@sararoseflips I'm down with the kids]]></document>
		<document><![CDATA[I am taking early applications to be my Valentine this year. Please send your resume and best selfie to pleasedontletmediealone@hotmail.com]]></document>
		<document><![CDATA[@savanhan04 you should try again! Cooked nice and slow.]]></document>
		<document><![CDATA[@buzzandhum well you don't see it on too many gourmet menus! But I love it.]]></document>
		<document><![CDATA[@Polychromantics yes, must be done in the crock pot. We're having it tonight 👌]]></document>
		<document><![CDATA[Corned beef is a highly underrated meat.]]></document>
		<document><![CDATA[@iamSimon_A nope! Only a couple of normal busses. And they're showing in Lower Hutt too.]]></document>
		<document><![CDATA[Does anyone else's Google Maps show lots of the bus stops around Wellington/Kapiti as having gondola lifts?! https://t.co/Ts6hY1w0k0]]></document>
		<document><![CDATA[[Valentine] @Katieshould's Valentine should be @MarcusDCook! Who should be yours?
via https://t.co/27NnK7QEtD https://t.co/FiFe18Ko5x]]></document>
		<document><![CDATA[Everyone in the room is eating cake except me 😭]]></document>
		<document><![CDATA[@theunfocused oh, really? I wonder why it is!]]></document>
		<document><![CDATA[I have more than twenty tabs open. I need to calm down.]]></document>
		<document><![CDATA[As counter-intuitive as it seems, I feel SO much better when I don't eat breakfast.]]></document>
		<document><![CDATA[@NedGilmore this is v. inspiring]]></document>
		<document><![CDATA[@Capt_Caffiend thank you!]]></document>
		<document><![CDATA[@mikokiko haha 😂 I'm on six weeks of low carb to break my sugar addiction! Cake ain't in the plan.]]></document>
		<document><![CDATA[Please send me your strength today, friends. There's an office birthday. There is cake. Cake is not part of my plan at the moment.]]></document>
		<document><![CDATA[@Pseudony_Ms three jet planes is a whole day worth of carbs 😭]]></document>
		<document><![CDATA[I hold a deep-seated resentment for whoever keeps refilling the lolly jar at work. Every time I go to make a cup of coffee, it taunts me.]]></document>
		<document><![CDATA[@N0RTHERNER that's wonderful! Glad you've found something that works well for you and can do long term!]]></document>
		<document><![CDATA[@N0RTHERNER do you fast often? I've been doing intermittent - eat between 12pm and 8pm.]]></document>
		<document><![CDATA[When someone across the office is eating from a block of Whittaker's and you're fasting 'til 12 https://t.co/YM3SM2Mhsp]]></document>
		<document><![CDATA[@savanhan04 it was Life After (although I've finished that one now!)]]></document>
		<document><![CDATA[Lost 2.2kg on the first week of eating keto. I know it's mostly water weight but it's still nice to see!]]></document>
		<document><![CDATA[Put on a podcast to do some cleaning, ended up on the couch with coffee just listening to the podcast 🙃]]></document>
		<document><![CDATA[@megdnz haha yeah but if I buy em now I'll have to store them and move them twice!]]></document>
		<document><![CDATA[I have a Farmers giftcard to spend and I'm having to restrain myself from going homewares crazy before I'm even in my house.]]></document>
		<document><![CDATA[@gamerswift13 seems like a lotta work for a cup of coffee]]></document>
		<document><![CDATA[The only time I really feel sad that I'm single is when I don't have someone to bring me a cuppa in bed. So, like, right now.]]></document>
		<document><![CDATA[@duckalini the best day 😍😍😍]]></document>
		<document><![CDATA[@morgy85 Why Oh Why, Death Sex and Money, This American Life, Life After, The Moth]]></document>
		<document><![CDATA[@kmpb_ glad it's sorted but ugh that is so shit. Hope you are okay xx]]></document>
		<document><![CDATA[@kmpb_ are you okay? Are you safe? Can I call anyone for you?]]></document>
		<document><![CDATA[I'm not a person anymore, I'm just a vessel for sugar cravings.]]></document>
		<document><![CDATA[@jgmccl I have the Kapiti curse - rum is always too far away. https://t.co/lxqH8ZDq7g]]></document>
		<document><![CDATA[@jgmccl well in that case, I NEED a rum!!]]></document>
		<document><![CDATA[Housesitting is such a drag. https://t.co/Cd4Apm9L5w]]></document>
		<document><![CDATA[@shaxhuxmo I wasn't buying cash unfortunately]]></document>
		<document><![CDATA[@theunfocused @Pseudony_Ms @grumpybirb I got a front loader! You can all be proud of me now.]]></document>
		<document><![CDATA[@MrMegamowman you're most welcome]]></document>
		<document><![CDATA[@jgmccl glad to be of service (also now I want a rum)]]></document>
		<document><![CDATA[@seawall they're EVERYWHERE according to the clickbait article! 😂]]></document>
		<document><![CDATA[@StuFlemingNZ I don't think they ever left]]></document>
		<document><![CDATA[@clevermezzo bless her https://t.co/eEZibZi7Ec]]></document>
		<document><![CDATA[My neighbor has put shoulder pads in her Adidas workout shirt 😂😂😂]]></document>
		<document><![CDATA[@Capt_Caffiend that seems pretty steep! I don't think I've ever paid more than $3.80 for a long black and this was $4.20]]></document>
		<document><![CDATA[@stueethedog that's what I thought too!]]></document>
		<document><![CDATA[My outrage is easing, but that could be the caffeine hitting my system.]]></document>
		<document><![CDATA[@msskips congratulations! Keep up the great work!]]></document>
		<document><![CDATA[@GalletaPoco or why not make all black coffee $3.50 and stop punishing takeaway customers who don't take up space or make dishes??]]></document>
		<document><![CDATA[@gavinmiddleton well you can get a really cheap black coffee there if you sit in!]]></document>
		<document><![CDATA[@Lukeurmyson well for that extra dollar I'd better get extra goodness]]></document>
		<document><![CDATA[@Wheronui1 I called her out on it, even pointed at the blackboard which said $3.20 but she just shrugged and said it was another dollar.]]></document>
		<document><![CDATA[$4.20 😑 DON'T THEY KNOW I OWN A HOUSE NOW?! I can't afford these luxury cups. https://t.co/rxNtNXnTE5]]></document>
		<document><![CDATA[@GalletaPoco very uncool.]]></document>
		<document><![CDATA[@flickkky I know! It can't be that much! Surely more expensive for someone to wash my dishes!]]></document>
		<document><![CDATA[They didn't even double cup it (common courtesy with a long black) so I nearly burnt my hand 🙁]]></document>
		<document><![CDATA[@Wheronui1 Relish Cafe in Waikanae. They're lovely in there but this seems a bit ridiculous.]]></document>
		<document><![CDATA[@georgemary_ apparently this one does. Their menu board didn't say it though.]]></document>
		<document><![CDATA[Paying an extra dollar to get your long black to takeaway as opposed to drinking it in the cafe is ridiculous and makes me grumpy 😐]]></document>
		<document><![CDATA[@structconz a good point! Thank you.]]></document>
		<document><![CDATA[@dawnsbreath @theunfocused @Pseudony_Ms I get a suspicion I'll be doing laundry at my parents place for a while while I sort this all out 😂]]></document>
		<document><![CDATA[@theunfocused @southerncrumble @Pseudony_Ms mines not one of those.]]></document>
		<document><![CDATA[@dawnsbreath @theunfocused @Pseudony_Ms thanks! Just mentally planning my teeny laundry]]></document>
		<document><![CDATA[@theunfocused @Pseudony_Ms can you just plonk a dryer on top of your front loader?]]></document>
		<document><![CDATA[@theunfocused @Pseudony_Ms that's so cool! This is my tiny laundry so I'm not sure where it'll all fit (plus a free… https://t.co/PAxICpLgxq]]></document>
		<document><![CDATA[@theunfocused @Pseudony_Ms silly question, but can you wall mount a front loader?]]></document>
		<document><![CDATA[@theunfocused I want to do rewiring, new lighting, ceiling insulation, paint and flooring before I move in. Hard to estimate all that.]]></document>
		<document><![CDATA[@theunfocused dare I ask why?]]></document>
		<document><![CDATA[@theunfocused oh dear, I've already decided on a top loader 🤐]]></document>
		<document><![CDATA[However tomorrow I get the very grown up task of purchasing a washing machine and a dishwasher! Adulting or what?! 😆]]></document>
		<document><![CDATA[Intense budgeting and planning tonight but I still feel like I have no idea what the work on this house is going to cost #firsthomestress]]></document>
		<document><![CDATA[@Phil_Tanner Hmmmm, and I can get an Apple TV too! That's very appealing. @Orcon]]></document>
		<document><![CDATA[Any recommendations for ISP's in Kapiti/Wellington? I can get fibre to the house but don't have a router at the moment.]]></document>
		<document><![CDATA[Eating low carb is great but sometimes someone offers you @WhittakersNZ dark ghana peppermint and you just can't say no to a square or two 😋]]></document>
		<document><![CDATA[@TroyRF @fibbyccino I'm so spooked right now 👻]]></document>
		<document><![CDATA[@fibbyccino @Megapope ha! Is yours silver or gold sparkles? Coz if it's gold too I'll definitely have to go home and change 😂]]></document>
		<document><![CDATA[Happy Friday! #coffeeselfie today features ho filter, dark circles and disembodied arm photobomb https://t.co/z3twUwezIN]]></document>
		<document><![CDATA[Massage today might have been too intense, shoulders and neck are sore to the touch 😔]]></document>
		<document><![CDATA[@gurrlwithacurl my life is a tragedy]]></document>
		<document><![CDATA[@flickkky I have a Samsung Galaxy S5 and S7, neither of them have it.]]></document>
		<document><![CDATA[@mellopuffy @georgemary_  it seems I'm not sophisticated enough. https://t.co/pmJ3BTt9m8]]></document>
		<document><![CDATA[Quite disappointed there isn't an avocado emoji though.]]></document>
		<document><![CDATA[@philiplyth hahaha giving me so much to look forward to! 😂😭]]></document>
		<document><![CDATA[I don't know what animal this is supposed to be but it's pretty adorable. https://t.co/hpPe6O4lpq]]></document>
		<document><![CDATA[@KaroriBee @Pseudony_Ms hehe I ate it in the car! Pork crackle and dance party.]]></document>
	</documents>
</author>