<author lang="en">
	<documents>
		<document><![CDATA[The view from our flat is about the only thing that makes living on a third floor almost worthwhile]]></document>
		<document><![CDATA[@KerryGarrahan I've located a Maggie thatcher poster which I would like to be purchased as my birthday gift x]]></document>
		<document><![CDATA[When u try to head stand but your jeans rip :/:/:///

Tragic https://t.co/7T68EQiiiA]]></document>
		<document><![CDATA[Coma would be noice atm]]></document>
		<document><![CDATA[My heart is sore today x]]></document>
		<document><![CDATA[Never in my entire existence have I been in a worse way]]></document>
		<document><![CDATA[People are so difficult I actually cannot be bothered with any of them 😂]]></document>
		<document><![CDATA[Seen my mum for no more than 5 mins before she started reciting burns poems to me ..... Not today Jules not today]]></document>
		<document><![CDATA[@LouieVRee @KerryGarrahan @c0urtneymilne @carrismatthewsx @eilidhmongan @nancybeee_ I'm in actual tears]]></document>
		<document><![CDATA[Need Friday with my entire heart and soul two weeks of staying in I don't even recognise myself anymore x]]></document>
		<document><![CDATA[Think I've just genuinely spewed https://t.co/KIdSUI5Jvk]]></document>
		<document><![CDATA[Trick master https://t.co/kVNUmUcAUT]]></document>
		<document><![CDATA[Crossed so many roads going to work and not a single car has hit me fs]]></document>
		<document><![CDATA[Why would I even agree to work today I just don't understand]]></document>
		<document><![CDATA[Actual fuck my life]]></document>
		<document><![CDATA[Cut it OOT https://t.co/vaOdFoQ3Xu]]></document>
		<document><![CDATA[How much do you hate feminists tho like oh let's be honest]]></document>
		<document><![CDATA[@KerryGarrahan fuck feminism so much btw]]></document>
		<document><![CDATA[Actually hate Twitter for politics Y u all so annoying xo]]></document>
		<document><![CDATA[Jäger is what dreams are actually made of ily xxx]]></document>
		<document><![CDATA[Went to my mum and dads with the intention of having a quiet night and come home with 2 bottles of wine, WHY do my parents do this to me 🙃]]></document>
		<document><![CDATA[Getting so bored of so many people and their shit 😭]]></document>
		<document><![CDATA[Beyond buzzing for Leo's bday next weekend 👭🍭]]></document>
		<document><![CDATA[Why am I up at 7am why did I sleep in jeans how did I get to bed]]></document>
		<document><![CDATA[@KerryGarrahan I've woken up very confused where am I where are you]]></document>
		<document><![CDATA[2 angry notes, 2 noise complaints, shouting at us and coming to wake us up at half 6 in the morning gee it a rest]]></document>
		<document><![CDATA[Dunno if our neighbours could have it in for us anymore than they do]]></document>
		<document><![CDATA[Nice stroll through the meadows for a junkie to ask if I've had a rough night, well actually no this is me being good at life so thnx]]></document>
		<document><![CDATA[Not a chance did our fucking arsehole neighbours just wake us up by continuously ringing the buzzer !!!!! I fucking hate yous haha xoxo]]></document>
		<document><![CDATA[Who said our generation lacks skills 🤔 @KerryGarrahan https://t.co/G8XDGcbtoh]]></document>
		<document><![CDATA[Hilarious that our group of pals is going to ladies day this year 😭😭😭 ladies aye]]></document>
		<document><![CDATA[Cup of tea before bed actually sends me right to sleep why have I turned 50]]></document>
		<document><![CDATA[@KerryGarrahan long live the queen 🎶🎶]]></document>
		<document><![CDATA[Theresa bae]]></document>
		<document><![CDATA[@silkedinburgh reunited soon 💗]]></document>
		<document><![CDATA[Miss the days of being the weird horse girl, equestrian Clarky never forgotten x]]></document>
		<document><![CDATA[Having silk withdrawal symptoms]]></document>
		<document><![CDATA[In Garrahans home and am honestly just confused how someone brought up like this has ended up like her]]></document>
		<document><![CDATA[Won't lie but 5pm lectures are a new level of inconvenient]]></document>
		<document><![CDATA[@1989bby is this a certified joke]]></document>
		<document><![CDATA[There's not a muscle in my body that doesn't hurt]]></document>
		<document><![CDATA[What dreams are made of https://t.co/6539EMHud8]]></document>
		<document><![CDATA[@1989bby you never replied xoxo]]></document>
		<document><![CDATA[Actually hate everyone that goes to Edinburgh uni, bump into me again while you're wearing knitted tights hen I double dare you x]]></document>
		<document><![CDATA[Please hold up I need yous so much xxx]]></document>
		<document><![CDATA[Going for a run and I'm actually terrified for my lungs]]></document>
		<document><![CDATA[Where do boys find the courage to say such weird shit 😭😭😂😂 https://t.co/QFwTZJnNdz]]></document>
		<document><![CDATA[How much can you not be arsed with over dramatic petty people tho 😱]]></document>
		<document><![CDATA[Lecture tomorrow but not a clue where it is therefore I shall not be attending]]></document>
		<document><![CDATA[Did a home work out this morning and oh gosh I was not cut out for exercise x]]></document>
		<document><![CDATA[Not been out this entire weekend and I'm not sure what's happening to me]]></document>
		<document><![CDATA[Aww sleep probably not]]></document>
		<document><![CDATA[4 hours 50 minutes to go pls lord give me strength]]></document>
		<document><![CDATA[Never again in my life will I ever agree to work a Saturday]]></document>
		<document><![CDATA[Why is life SO difficult]]></document>
		<document><![CDATA[Why are there people that take themselves SO seriously u need to chill OUT]]></document>
		<document><![CDATA[Baring in mind this is the woman who raised me https://t.co/z6f1pGavCA]]></document>
		<document><![CDATA[It's so cold in the flat I can literally see my own breath 😭😭]]></document>
		<document><![CDATA[Trying to relax and some CUNT made me put the prodigy on..... Fs]]></document>
		<document><![CDATA[Living life with Baeilidh https://t.co/0UW5em8g0x]]></document>
		<document><![CDATA[Buzzing out my FACE to see Alan Fitzpatrick in March]]></document>
		<document><![CDATA[@DemiOgilvie I hate you so much 😭😭😂😂]]></document>
		<document><![CDATA[@eilidhmongan fs I thought I'd gotten away with it]]></document>
		<document><![CDATA[Made my phone background a photo of myself when I was skinny so I can't remind myself why I don't want to be a whale anymore 🌚🐳]]></document>
		<document><![CDATA[@nancybeee_ it's a 10 from Len 😻]]></document>
		<document><![CDATA[Forgot to bring snouts to work n Lauren was gonna drive to seafield to drop me some off, my god 😭❤️❤️❤️]]></document>
		<document><![CDATA[Meanwhile the literacy rate in Scotland has just fallen by 10% https://t.co/peYzcMSEYr]]></document>
		<document><![CDATA[Not a chance did i get up this early to be told my first shift is cancelled 10 minutes before it starts 🙂🙂🙂🙂🙂🙂🙂🙂🙂🙂🙂🙂🙂🙂🙂🙂🙂🙂🙂🙂🙂🙂🙂🙂🙂🙂🙂🙂🙂🙂 good]]></document>
		<document><![CDATA[EILIDH FUCKING SHUT UP AND LET ME WATCH BIG QUESTIONS]]></document>
		<document><![CDATA[My wee brain is actually struggling today like]]></document>
		<document><![CDATA[Need to be held]]></document>
		<document><![CDATA[In for days]]></document>
		<document><![CDATA[Need a BF apply within DM's]]></document>
		<document><![CDATA[Sitting in bed with dark fruits and Garrahan what more could you ask of a Saturday morning]]></document>
		<document><![CDATA[Kicked out of Cav but it's all just fun and Garrahan]]></document>
		<document><![CDATA[@KerryGarrahan I will fucking end you]]></document>
		<document><![CDATA[Fucked it to the highest degree]]></document>
		<document><![CDATA[Why am I going to Cav]]></document>
		<document><![CDATA[Why am I drinking I said I wouldn't do this]]></document>
		<document><![CDATA[Garrahan snouts and cider what more could I ask for]]></document>
		<document><![CDATA[@LaurenritchieX @BBCBreaking @SeaWorld BRIER HAS ALREADY SENT THIS TO ME I CRIED IN WORK]]></document>
		<document><![CDATA[It's Friday morning and I have absolutely no intention of drinking tonight I'm so scared what is happening]]></document>
		<document><![CDATA[I've a actually just tried to set an alarm on my calculator]]></document>
		<document><![CDATA[@annavictoriaj @c0urtneymilne @eilidhmongan I can neither confirm nor deny that allegation]]></document>
		<document><![CDATA[Piano tiles btw solid past time]]></document>
		<document><![CDATA[@annavictoriaj @c0urtneymilne @eilidhmongan I don't know what I'm doing !!!??]]></document>
		<document><![CDATA[@c0urtneymilne @eilidhmongan what does this mean]]></document>
		<document><![CDATA[It's just hit me John is turning 18 and I feel so emotional 😭❤️❤️]]></document>
		<document><![CDATA[Section about the SNP came on the news and my dad is kicking OFF]]></document>
		<document><![CDATA[Just woke up from a nap in the absolute best mood ever]]></document>
		<document><![CDATA[Genuinely cannot even think of a job I could have picked that would've been more stressful 😴]]></document>
		<document><![CDATA[My legs are surely shorter than a large section of the population SO WHY IS EVERYONE MOVING SO SLOWLY]]></document>
		<document><![CDATA[@DemiOgilvie of course xxx]]></document>
		<document><![CDATA[Lost almost all interest for anything in Edinburgh]]></document>
		<document><![CDATA[Actually love night time so much 🌑☄]]></document>
		<document><![CDATA[Wish there was someone who could tell me how to handle every life situation because it's STRESSFUL]]></document>
		<document><![CDATA[The fact this time two nights ago I was only getting home and now I'm up for work hurts my soul]]></document>
		<document><![CDATA[@DemiOgilvie Thursday lets do it]]></document>
		<document><![CDATA[I'm having an actual mental breakdown in McDonald's and my pals are snap chatting it]]></document>
		<document><![CDATA[Even though I'm a state and possibly in some sort of organ failure I actually do have my life pretty together]]></document>
	</documents>
</author>