<author lang="en">
	<documents>
		<document><![CDATA[What else does he put in his mouth besides some tail.
https://t.co/u1dlVua10h]]></document>
		<document><![CDATA[Time to take back the @WhiteHouse .  Details coming to build a human chain of peace and love around OUR House!!! nomore @realDonaldTrump]]></document>
		<document><![CDATA[@realDonaldTrump @potus .. live this ⚡️ “Passengers on NYC Subway work together to remove Nazi graffiti”

https://t.co/CNDwYRJbX2]]></document>
		<document><![CDATA[⚡️ “Passengers on NYC Subway work together to remove Nazi graffiti”

https://t.co/CNDwYRJbX2]]></document>
		<document><![CDATA[@ThePerezHilton how many time a minute Steve Bannon puts his finger @realDonaldTrump ass to get him to do his bidding]]></document>
		<document><![CDATA[@realDonaldTrump @POTUS pick one twitter account and use it. Using two is like a split personality Right now you are acting  unstable]]></document>
		<document><![CDATA[@NRA your next trick is you'll advocate a mouth piece for guns.]]></document>
		<document><![CDATA[@realDonaldTrump @POTUS Really sucks that a great labor report on jobs and wages is a..quoting you in August 2016 "a hoax"]]></document>
		<document><![CDATA[@realDonaldTrump @POTUS U enable this behavior.  Use ur "power" and make require this to be a hate crime.
https://t.co/gqhphKkDOG]]></document>
		<document><![CDATA[@MitchMcConell about face and stick your foot up you own ass https://t.co/oIW8RSDChr]]></document>
		<document><![CDATA["The help which tends to make us spiritually strong is the highest help, next... #yogaqotd #qotd https://t.co/csdetSLUOI]]></document>
		<document><![CDATA[Trump's Win is an #NowPlaying Unnatural Selection by Muse ♫ https://t.co/HK7VcoVocI]]></document>
		<document><![CDATA[No Fight!!  NO FEAR #NowPlaying Resistance by Muse ♫ https://t.co/7RWq5jV3Fn]]></document>
		<document><![CDATA[We will WIN!!!  Love over Hate #NowPlaying Uprising by Muse ♫ https://t.co/7NFeIEfrpD]]></document>
		<document><![CDATA[@ladygaga Thank you https://t.co/qdcdaJTg9c]]></document>
		<document><![CDATA[@KeithOlbermann No apology needed. Don't let yourself get hijacked in tour mind https://t.co/MO5JlzHSgU]]></document>
		<document><![CDATA[@HillaryClinton what I was thinking about https://t.co/fAxNjCZ7b3]]></document>
		<document><![CDATA[@realDonaldTrump @potus .night just fine.  Someday U will stand in front of GOD. You can Choose GOD or choose SATAN.  Choose wisely!]]></document>
		<document><![CDATA[@realDonaldTrump @POTUS Your actions will seal your fate. Fucking remember that! No one wins from hate or bullying.  I'm sure you sleep at..]]></document>
		<document><![CDATA[One cannot run away!!  In the age of virtual, your words are never lost.  Infinity https://t.co/77KtQbrUFW]]></document>
		<document><![CDATA[@SenatorSessions So glad to see your video from 2015.  Now know that you will not uphold unlawful exec orders @realDonaldTrump @POTUS Will U]]></document>
		<document><![CDATA[@realDonaldTrump @potus ya myte as well fuckin' fire ya boy Sessions now. He don't agree with you neither. https://t.co/WK4WNxKeoj]]></document>
		<document><![CDATA[@realDonaldTrump @POTUS Have you heard of the separation of powers?]]></document>
		<document><![CDATA[@realDonaldTrump @POTUS You need to be put in time out.  Goto homeland security HQ.  Used to be St Elizabeth's  psychiatric hospital]]></document>
		<document><![CDATA[@realDonaldTrump You really just don't get it do you.  You can make up anything to rationalize your behavior. In the end we will win, u lose]]></document>
		<document><![CDATA[@KeithOlbermann Trump was already asking in 2014 what we are thinking https://t.co/GBD8fEk7ZH]]></document>
		<document><![CDATA[@DAPLFacts You idiots.  When it breaks and it will you think water won't be poluted.  Nice way to plug #alternativefactsarenotfacts]]></document>
		<document><![CDATA[@realDonaldTrump @POTUS @vp you started a war against all immigrants of which I am a son of an immigrant that means u are at war with me]]></document>
		<document><![CDATA[@DKemmis @ayeletw @GilbertLiz @cnnbrk @realDonaldTrump @POTUS @VP blessed are the meek. Blessed are the poor in spirit]]></document>
		<document><![CDATA[@DeepakChopra prayer and meditation are a means to calm.  But how do we do this in the face of Trump?  Need ur guidance. @Feel540]]></document>
		<document><![CDATA[@RandPaul If you do not oppose Trump's executive order on regfugee ban then U R just as responsible for firing the guns starting this war]]></document>
		<document><![CDATA[@realDonaldTrump  @POTUS  Remember you shot the first bullet and created this WAR!  We will fight back!!!!]]></document>
		<document><![CDATA[@DKemmis @ayeletw @GilbertLiz @cnnbrk @realDonaldTrump @POTUS @VP as for Trump he just a fucking dickweed with no civil thinking.  Hemustd]]></document>
		<document><![CDATA[@DKemmis @ayeletw @GilbertLiz @cnnbrk @realDonaldTrump @POTUS @VP  Obama did have a Gastspiel, was not racist and was at least civil]]></document>
		<document><![CDATA[Just listen. #NowPlaying Peace In Our Time by Eddie Money ♫ https://t.co/uazw2wKUvC]]></document>
		<document><![CDATA[White House discussing asking foreign visitors for social media info and cell phone contacts - CNN let's see taxes  https://t.co/paVoAGnZho]]></document>
		<document><![CDATA[@CNN @POTUS @realDonaldTrump  Trumps bed at the White House?]]></document>
		<document><![CDATA[@NotAltWorld @WSJ United State Gastapo is Born]]></document>
		<document><![CDATA[@DaniJSecreto Check it out!!!  Not a sermon just a thought. Not defined by labels.  Live Love Forgive.  But if one hates hate comes back10Xs]]></document>
		<document><![CDATA[@potus @realDonaldTrump   New unit in gahena available 
https://t.co/srlPZa9QGv]]></document>
		<document><![CDATA[@KellyannePolls @POTUS get this!  We WILL RISE UP and Take this Administration DOWN!!!! With peace not violence. You are creating bad karma]]></document>
		<document><![CDATA[@KellyannePolls @POTUS No he's a man of hate, racism, and egotistical anger.  And you are following a man that has no respect for humanity]]></document>
		<document><![CDATA[@KellyannePolls @DailyCaller You can label yourself whatever you want.  Don't give us a label, your actions are your true voice]]></document>
		<document><![CDATA[@JustinTrudeau You hipocrite.  You take refugees but want the Keystone Pipeline?  Reject Keystone pipeline.  Then your show of compassion]]></document>
		<document><![CDATA[@PoppyHarlowCNN who was the Republican on the show today?]]></document>
		<document><![CDATA[@realDonaldTrump @POTUS @VP  @SpeakerRyan  When you attack love and equality of all with hate you are starting a war against yourself]]></document>
		<document><![CDATA[@realDonaldTrump @POTUS @vp Wrong Trump  We don't want you here https://t.co/AR2LOmxlSW]]></document>
		<document><![CDATA[@ayeletw @GilbertLiz @cnnbrk @realDonaldTrump @POTUS  @VP Trump &amp; PENce Ucannot stop the spirit &amp; love of the people with the swipe of a pen]]></document>
		<document><![CDATA[@CNN @POTUS Trump proves he is the reincarnate of Nazi party]]></document>
		<document><![CDATA[@realDonaldTrump @POTUS @vp way to isolate the U.S. from the rest of the world.  Keep it up &amp; we will separate you from US  #feelthemovement]]></document>
		<document><![CDATA[@realDonaldTrump @POTUS 
If I my family from  Novo Mesto in the southeast of Slovenia were not allowed back in the US I would_________]]></document>
		<document><![CDATA[Love Hard and Deep.  Forgive Software. #NowPlaying All In by Jerome Schlafer ♫ https://t.co/hfX1MXoeT0]]></document>
		<document><![CDATA[@POTUS @realDonaldTrump  Listen and Learn  Unite not DIVIDE  LOVE not HATE 
https://t.co/vzIoaV3lML]]></document>
		<document><![CDATA[@POTUS @realDonaldTrump  walls that divide will always come crashing down
https://t.co/UVUea1vQgs]]></document>
		<document><![CDATA[@KeithOlbermann nailed it.]]></document>
		<document><![CDATA[@riotwomennn @Reince @realDonaldTrump ya just can't fix stupid and admin is full I heard the villages called and what their idiots back]]></document>
		<document><![CDATA[@CNN @CNNPolitics why is she  even here. For this?  Waste]]></document>
		<document><![CDATA[@maddow @MSNBC he needs to go now!!! #isolatingUS #feelthemovement]]></document>
		<document><![CDATA[@POTUS @realDonaldTrump @seanspicer @KellyannePolls @vp you really just make this stuff up on the fly? 20% import tax #isolatingU.S.]]></document>
		<document><![CDATA[@realDonaldTrump  @POTUS  Good thing you vetted your staff b4
https://t.co/IlZWjEeRXP]]></document>
		<document><![CDATA[@realDonaldTrump #cancelthewall  #cancelyourpresidency]]></document>
		<document><![CDATA[@NancyPelosi @chuckschumer Why are we seeing Trump on TV more that you.  You were on everyday during Bush  Where R U now #feelthemovement]]></document>
		<document><![CDATA[Whose talking in your ear? https://t.co/O0XA9X6Ljq]]></document>
		<document><![CDATA[we need more of this
https://t.co/Fw4RvxzHlj]]></document>
		<document><![CDATA[@POTUS and you want to do KPL &amp; DAPL?  
https://t.co/yVTcFI5aQ5]]></document>
		<document><![CDATA[@potus do you see this as a compliment? Russian word -  “bychit’” (“бычить”) - it means to behave oneself like a bull.]]></document>
		<document><![CDATA[@Pontifex help us through with your guidance as @POTUS causes suffering How do we call upon the power of God to stop him.]]></document>
		<document><![CDATA[@AltNatParkSer keep going. The pressure of change needs you @Feel540 you are making a difference]]></document>
		<document><![CDATA[@POTUS great another step back for freedom #feelthemovement #ucannothidefromhate]]></document>
		<document><![CDATA[@POTUS yeah well you had nothing to do with it. But nice that you acknowledge the hard American workers on the exchange floor.]]></document>
		<document><![CDATA[@AltNatParkSer checkmate @POTUS your board game just got rooked]]></document>
		<document><![CDATA[@AltNatParkSer hell yeah]]></document>
		<document><![CDATA[@realDonaldTrump can't wait for ur state of the union speech when u tell the world again our state is American Carnage.]]></document>
		<document><![CDATA[@FoxNews @ABC @NBCNews if @realDonaldTrump believes #americacarnage then what does he believe the State of the Union is!!!!?]]></document>
		<document><![CDATA[@seanhannity @FoxNews be more like Chris Wallace. A true impartial newsman.  Ur a partisan panderer]]></document>
		<document><![CDATA[@KellyannePolls must be an #alternativefact   Spreading propaganda fools no one. Stop lieing.   If this administration last 4 yrs it is luck]]></document>
		<document><![CDATA[@KellyannePolls just heard u tell @seanhannity president &amp; media jointly share this country for 8 yrs.  only elected for 4.  Somehow 8...]]></document>
		<document><![CDATA[You have 2 ears &amp; 1 mouth. Use them in the same ratio.]]></document>
		<document><![CDATA[@seanspicer not with misinformation, propaganda, disdain, or #alternativefacts U know right from wrong so always choose right]]></document>
		<document><![CDATA[@seanspicer U now work for the American people Remember that each time you walk to the podium When asked a question you truthfully answer..]]></document>
		<document><![CDATA[@seanspicer U R not in a communist country U do not control the media U need to apologize to the country for ur bullying words &amp; actions...]]></document>
		<document><![CDATA[There has to be a non violent to means to limit this administration's time in office to less than 12 months]]></document>
		<document><![CDATA[@nbcsnl @chucktodd please let chuck play chuck on the skits this week  #alternativefacts]]></document>
		<document><![CDATA[@TrumpDynastyUSA so you are calling on Satan and all the angels of hell to protect trump?  Good move. 
Revelations]]></document>
		<document><![CDATA[@realDonaldTrump you get what you give.  It all comes 360.  Your time is short. Use it wisely]]></document>
		<document><![CDATA[Your view of the world can change if you are open to making the change https://t.co/NqwnxxVhf1]]></document>
		<document><![CDATA[Sow the seed.  Give it love. Let the seed know it can endure… https://t.co/rDaNLfAKZe]]></document>
		<document><![CDATA[So many changes. So many fluctuations. So many ways that we lose… https://t.co/dRwnv855zF]]></document>
		<document><![CDATA[@mimi424 @realDonaldTrump @OANN   Sooner or later it's going to be fire 🔥 and the burn will be 3rd degree]]></document>
		<document><![CDATA[He keeps us in stitches because his words of hate disrespect, paranoia cut to the bone! @realDonaldTrump]]></document>
		<document><![CDATA[Everything is impermanent!  Including @realDonaldTrump @MikePenceVP]]></document>
		<document><![CDATA["The beauty of a lake reflects the beauty around it.  When the mind… https://t.co/MvKxazeAGo]]></document>
		<document><![CDATA[Love this https://t.co/rCQMMYsyRh]]></document>
		<document><![CDATA[@IyanlaVanzant  love this]]></document>
		<document><![CDATA[@seanspicer Don't be a bully like your boss]]></document>
		<document><![CDATA[@seanspicer @Acosta @realDonaldTrump  NoTrump owes our Country an apology.  #FreedomOfThePress  #FirstAmendment  #Constitutionalcrisis]]></document>
		<document><![CDATA[@CNNPolitics guess @TXRandy14 forgot about the constitution #FirstAmendment  #FreedomOfThePress https://t.co/usrcg54EjL]]></document>
		<document><![CDATA[@TXRandy14 You need to back away from the thin constitutional line U R walking.
#FreedomOfThePress  #FirstAmendment]]></document>
		<document><![CDATA[@TXRandy14 really!!!!  If you fire everyone that hurts his feelings then get your firing squad ready!  Freedom of press.  #FirstAmendment ..]]></document>
		<document><![CDATA[@realDonaldTrump GROW THE F*K* UP  you berate the press like  a pissed off child.]]></document>
	</documents>
</author>