<author lang="en">
	<documents>
		<document><![CDATA[It looks like it is going to be ok after all ..or is it? https://t.co/8BpW6qun2r]]></document>
		<document><![CDATA[Setting up a giant marquee in the sun. Maybe I should switch… https://t.co/ku4dKg62Ua]]></document>
		<document><![CDATA[Just when I am about to go to sleep :/ #eqnz not cool at all]]></document>
		<document><![CDATA[#PJHarvey was bloody amazing tonight! https://t.co/5PM4zLZfIr]]></document>
		<document><![CDATA[@sue_fg what a way to close a brilliant show. Still buzzing..]]></document>
		<document><![CDATA[#NickCave at #Wellington tonight was mindblowing! Couldn't ask for a better birthday present.. https://t.co/PAH7AXQKiB]]></document>
		<document><![CDATA[Boxing day in #wellington - hills with a bit of view #perfectday… https://t.co/cdugDRnVsq]]></document>
		<document><![CDATA[Here is a midday work #kitten therapy at @WgtnCC courtesy of @SPCAWgtn https://t.co/X9hyR9kT7C]]></document>
		<document><![CDATA[What a treat exploring this amazing space! https://t.co/keiL45VPJA]]></document>
		<document><![CDATA[My route of choice to work this morning #lostintheforest… https://t.co/prE4LctTex]]></document>
		<document><![CDATA[Yep - we are supersizing on capacity and experience! Join the ride #Tedxwelly https://t.co/EYZbkhDJMi]]></document>
		<document><![CDATA[It is going to be exciting..watch this space! https://t.co/FXHHBscQH9]]></document>
		<document><![CDATA[Fits the mood tonight #RIPLeonardCohen https://t.co/MarUNVzz1p]]></document>
		<document><![CDATA[Going through photos taken while staying at #Kaikoura only 4 days ago and want to cry #eqnz]]></document>
		<document><![CDATA[On a train to #Kaikoura only few days ago. How fast things can change #eqnz #heartbroken https://t.co/rzsvWw62vm]]></document>
		<document><![CDATA[@rachelfberry damn this one was freaky!]]></document>
		<document><![CDATA[@ianapperley exactly my thoughts atm!]]></document>
		<document><![CDATA[@justadandak stay safe! What a night :/]]></document>
		<document><![CDATA[That was something...shit! Hope everyone is ok! #eqnz]]></document>
		<document><![CDATA[@CoLiberateNZ miss you too! It is beyond fresh - which is much needed with the news today :/]]></document>
		<document><![CDATA[#Queenstown - you gorgeous thing. It’s been a blast. Till next time :) https://t.co/xfKTcnpgUe]]></document>
		<document><![CDATA[What a fun night - and what a great work by this amazing peeps! #TEDxWelly https://t.co/o6T5ombys8]]></document>
		<document><![CDATA[Kicking off now - awesome vibes in the room #TedxWelly https://t.co/RRDI49D8dk]]></document>
		<document><![CDATA[@rachael_thacker @tedxwellington @TEDxChCh have fun guys! Wish I could make this one..]]></document>
		<document><![CDATA[@CM_WLG @envycollect @aliseflannery excited for tomorrow! Good luck ladies!]]></document>
		<document><![CDATA[Nice one @nickcave - love the fact you are in Wellington for my birthday! https://t.co/5cf3LnoCjP]]></document>
		<document><![CDATA[I hope you got your tickets! https://t.co/SK6EXhSWED]]></document>
		<document><![CDATA[Anyone in #Perth area interested living at my place for a while - https://t.co/ylbjSWlppT? Pls retweet.]]></document>
		<document><![CDATA[@BettyBowers @AJemaineClement @AVAETC that`s terrifying]]></document>
		<document><![CDATA[@urbanaviatrix @showmeshorts @THUNDERLPS @DanielMcSDW powerful stuff! Loved it.]]></document>
		<document><![CDATA[Come along and join us. https://t.co/OybkCxE6w7]]></document>
		<document><![CDATA[How to pick up #running  again? Go for a walk on a cloudy morning that turns into a downpour. Man..I can run pretty… https://t.co/IrD6MKRgYW]]></document>
		<document><![CDATA[@justadandak @RyanNicodemus @JFM  thanks for sharing - great film! Been exploring this topic to a over the past year it`s been fascinating.]]></document>
		<document><![CDATA[@Yacova30347 thanks! Same to you - hope you are well]]></document>
		<document><![CDATA[#Reflection on a perfect Monday evening. https://t.co/BzRBQfVwiK]]></document>
		<document><![CDATA[@respektor loving the new album! Perfect company for a cold spring day. Thanks for the magic.]]></document>
		<document><![CDATA[@DearMama_ lovely to have Eddie visiting @WgtnCC. What a beautiful birthday present for him to give! #eddieswish]]></document>
		<document><![CDATA[Puppies at work - now my Friday is perfect!  @Wellington_NZ https://t.co/ueJKT76Gd8]]></document>
		<document><![CDATA[@brainpicker @zoemounsey how beautiful!]]></document>
		<document><![CDATA[Had an amazing time at @WOWAwardsShow. Overwhelmed by the magnitude of talent and creativity.]]></document>
		<document><![CDATA[Still perfection.. Nice one #Wellington https://t.co/8WKNGi8k9W]]></document>
		<document><![CDATA[Not a single bird on a wire #springinwellington https://t.co/x2YUoy4MwR]]></document>
		<document><![CDATA[What would Griffin do? - leadership tips from @CathiNapp #tedxyouththorndon]]></document>
		<document><![CDATA[@rachelfberry thanks for the moral support - can use it today :)]]></document>
		<document><![CDATA[Just a random day..spotting baby seal taking a nap at a busy waterfront #Wellington https://t.co/lE3x1JQTPa]]></document>
		<document><![CDATA[Thank you @extraord_tales for an inspiring and powerful afternoon! It was beautiful and painful and reassuring..]]></document>
		<document><![CDATA[When did you? At @CityGalleryWgtn https://t.co/8RbyfA2N6D]]></document>
		<document><![CDATA[Day and night @WhyWellington https://t.co/nztAptMrcT]]></document>
		<document><![CDATA[@CoLiberateNZ be kind to myself]]></document>
		<document><![CDATA[Puppies and cupcakes - gotta make you smile #spcacupcakeday @Wellington_NZ https://t.co/USI88zgfNV]]></document>
		<document><![CDATA[What a lovely cover by @respektor https://t.co/LGfz0KKUrw]]></document>
		<document><![CDATA[Frosty and beautiful morning in #Wellington https://t.co/JtJFcM8ILC]]></document>
		<document><![CDATA[One step further away from my comfort zone. Tomorrow would tell whether it was worth it..#breakthepattern]]></document>
		<document><![CDATA["Money don't make you happy - it just gives you a better quality of unhappiness" https://t.co/pcOjeZOFxG]]></document>
		<document><![CDATA[Morning.. #cold #needenergy https://t.co/TSVf5E03XV]]></document>
		<document><![CDATA[@JessicaManins @justadandak great session!  Thank you :)]]></document>
		<document><![CDATA[Taking all the pressures of the week away at #BodylightPilates with the lovely Edna Levy https://t.co/4Y54QMSf2t]]></document>
		<document><![CDATA[Save the date people :) https://t.co/wwhAmQO8n1]]></document>
		<document><![CDATA[Get excited!!!  @tedxwellington main event coming your way 27/5/2017 at #Tepapa]]></document>
		<document><![CDATA[Heart of a Dog - like a beautiful and provoking dream. Floating.. @nzff @OnlyAnExpert]]></document>
		<document><![CDATA[Good morning.. It's Friday :) https://t.co/mCa5rdQLZv]]></document>
		<document><![CDATA[Amazing discovering the legacy a loved one leaves behind.. I know I should resume drawing now.. #inmyblood https://t.co/85h05WP8TW]]></document>
		<document><![CDATA[What Happens When A Black Man And A White Woman Speak For Each Other https://t.co/XiZfUN9Fz3 via @HuffPostWomen]]></document>
		<document><![CDATA[Well it is cold.. Good frosty morning #Wellington https://t.co/ojQDKoDJNd]]></document>
		<document><![CDATA[Frustrated!! Changing method of delivery does NOT mean one has changed..]]></document>
		<document><![CDATA[Unleashing the Introvert - what a great session at #Colliderwgtn. Note to self - open your mouth! Learned heaps..]]></document>
		<document><![CDATA[When it is too late for a goodbye..crushing..]]></document>
		<document><![CDATA[Is anyone in #Auckland looking for an awesome place to #rent for a short period? https://t.co/TqeYj5Ejsp]]></document>
		<document><![CDATA[Good morning @Wellington_NZ ..what a beauty! @WhyWellington https://t.co/Kx7QckykHp]]></document>
		<document><![CDATA[@tedxwellington @justadandak it was awesome! So good to see all these exceptional people again :)]]></document>
		<document><![CDATA[Anyone in @Wellington_NZ has a spare ticket to see Cat Power tonight they won't be using and would like to sell to me?]]></document>
		<document><![CDATA[@skyrize still relevant? Interested in only one though..]]></document>
		<document><![CDATA[After the storm.. The view from office this morning. https://t.co/jfgpf9x43V]]></document>
		<document><![CDATA[How can you engage in a conversation with someone who has built a wall of negativity around them and won't let anyone in?]]></document>
		<document><![CDATA[This has not been the best week..]]></document>
		<document><![CDATA[Thanks so much for sharing @HUHANZ ! Fingers crossed it will help https://t.co/jqzDq899vQ]]></document>
		<document><![CDATA[@MovingtoPerth ? Check out this place - https://t.co/hTFEPmSZgg @tweetperth]]></document>
		<document><![CDATA[Brilliant effort by this team. So lucky to be able to take part in it all.. https://t.co/batXtJ70lO]]></document>
		<document><![CDATA[Couldn't agree more :) https://t.co/qgA1dYPBWk]]></document>
		<document><![CDATA[Dear Twitter please help - do you know of anyone moving to #Perth and looking for a great #house to buy? https://t.co/hTFEPmSZgg]]></document>
		<document><![CDATA[Wind at my face, @johnwgrant in my ears and that view. Good morning! @WhyWellington https://t.co/3yMJYks0Z2]]></document>
		<document><![CDATA[What an awesome day it has been! Thanks @tedxwellington for the experience: ) https://t.co/sRuqjvOCeB]]></document>
		<document><![CDATA[#TEDxWelly https://t.co/FrjK6VP8TC]]></document>
		<document><![CDATA[@tedxwellington nearly crunch time: ) The journey has began]]></document>
		<document><![CDATA[Still on the market..can it go this weekend? #Perth peeps help me spread the word: )]]></document>
		<document><![CDATA[Thanks @LibbyClifford - can't wait: )]]></document>
		<document><![CDATA[Missed out on @tedxwellington tickets and want to share the experience? Come and join us for the Livestreame events https://t.co/gr8LRgozIQ]]></document>
		<document><![CDATA[Trying to bring this gorgeous boy to #Wellington and #dogfriendly rental is hard to find. Can anyone help? https://t.co/0vEDrCYY5V]]></document>
		<document><![CDATA[Anyone knows of dog friendly rentals in @Wellington_NZ area? Just before I give up the idea altogether - hasn't been that easy #stillhopeful]]></document>
		<document><![CDATA[So it was back to work for me yesterday. New city, new place and this view @Wellington_NZ @WgtnCC https://t.co/3zW1hCXoOe]]></document>
		<document><![CDATA[Selling everything..#garagesale #alkimos #Perth https://t.co/zRMWkK2yps https://t.co/0dri3pZnaf]]></document>
		<document><![CDATA[@_DebraSinclair thank you!!! Xmas going to be a quiet one..Hope you'll have a fabulous one]]></document>
		<document><![CDATA[@_DebraSinclair doing as best as I can. 2015 has been some year, can't wait for it to be over. Hope you are doing well x]]></document>
		<document><![CDATA[Counting the days...and need #superhuman powers to get through these few weeks..]]></document>
		<document><![CDATA[Can't believe it took me nearly six years to finally get here… https://t.co/ByFnZP5Fk4]]></document>
		<document><![CDATA[Dear #Wellington - are there any #dog friendly rentals you can offer as from mid January. Easy commute to the city would be a bonus..]]></document>
		<document><![CDATA[Moving day coming closer and this beauty needs to #sell https://t.co/hTFEPmBooI #Alkimos #Perth]]></document>
		<document><![CDATA[Selling my place in #Alkimos #Perth. Here are the details is anyone is looking: https://t.co/4VdZj8OgE9: https://t.co/VCLqLrf7vl]]></document>
		<document><![CDATA[Maybe it's just better to accept already that some people won't change..]]></document>
		<document><![CDATA[Brilliant day volunteering at @TEDxPerth .. what a bunch of wonderful people!]]></document>
	</documents>
</author>