<author lang="en">
	<documents>
		<document><![CDATA[Heart attack victim Tonga Moke still cracking jokes after dramatic Waihi Beach rescue https://t.co/97QwnBfFqO via @nzherald]]></document>
		<document><![CDATA[As our office starts to shake, all that can be heard is my coworker wailing "no! I don't want to do anymore earthquake stories!" #eqnz]]></document>
		<document><![CDATA[@SallyMuyoma Let's just say I believed I would marry Joe Jonas, right up until I met my now husband haha]]></document>
		<document><![CDATA[@SallyMuyoma Ahem, I would rather not divulge that information. #oldenoughtoknowbetter]]></document>
		<document><![CDATA[@ShayneCurrieNZH Still recovering from New Years, give it a minute]]></document>
		<document><![CDATA[@SallyMuyoma I once genuinely thought I would marry Joe Jonas. I was so sure it would happen, somehow.]]></document>
		<document><![CDATA[@M_Cropp Do you spend most of your day just staring out the window waiting for cars to go the wrong way?]]></document>
		<document><![CDATA[Starting my shift at 5pm and I'm just sitting alone in the office scoffing Roses]]></document>
		<document><![CDATA[Alone in the office means nobody can judge me for having two pies https://t.co/rxgO5oQgiq]]></document>
		<document><![CDATA[@FrancesCook Sitting in the office right now. I am the MOST jealous]]></document>
		<document><![CDATA[@M_Cropp Adds to the excitement of the work day.]]></document>
		<document><![CDATA[@M_Cropp and I got to chill on the bridge of Ovation of the Seas with Captain Henrik Loy https://t.co/g4B4gFTsUb]]></document>
		<document><![CDATA[4762 passengers on this particular cruise, and about 1600 crew]]></document>
		<document><![CDATA[Robotic bartenders on the cruise ship making up some cocktails https://t.co/VwQQq52jv4]]></document>
		<document><![CDATA[A flock of journos getting excited about the Royal Theatre on board Ovation of the Seas https://t.co/Zpc7w4wNn3]]></document>
		<document><![CDATA[You NEED to see these cute photos of zoo animals with Christmas presents. https://t.co/RNJjG8Rua2 via @nzherald]]></document>
		<document><![CDATA[Auckland man Nigel Edwards finds $10k cash in a bag and returns to owners https://t.co/KZ968OvbHq via @nzherald]]></document>
		<document><![CDATA["That's what you get for hitting a teacher in the face." https://t.co/G4SwvbyvsN]]></document>
		<document><![CDATA[When you try google a line from a previous article you wrote and all you find is links to porn instead. #journoproblems]]></document>
		<document><![CDATA[@FrancesCook 4.8 near seddon!]]></document>
		<document><![CDATA[@jonogaluszka guess who's going to be throwing darts at a picture of the judge's face later tonight while drinking and muttering swear words]]></document>
		<document><![CDATA[Man tries to use Pokemon cards to lure away Upper Hutt schoolboy https://t.co/mkEmIoAIUQ via @nzherald]]></document>
		<document><![CDATA[@SteveBraunias come visit me next time you're in Wellington!]]></document>
		<document><![CDATA[@NZcourttweets Defendant on AVL throws hands up in frustration, then reaches off screen and grabs a meadowfresh milk carton to sip out of.]]></document>
		<document><![CDATA[@SteveBraunias I'm a journalist but he's not haha. I'm great! About to head off and see what's the haps with the King of Jordan :)]]></document>
		<document><![CDATA[Lower Hutt teenager charged with swearing about 'mean as f***' teacher in public https://t.co/GWmYNSsxbH via @nzherald]]></document>
		<document><![CDATA[@SteveBraunias My husband spells it 'aye'. I always read it in a Scottish accent...]]></document>
		<document><![CDATA[Tonka came home! Super hungry but unhurt :) #mademymonday https://t.co/oxqMiAa30Q]]></document>
		<document><![CDATA[If anyone's seen Tonka can you let me know, 0273800085. He's gone missing from Dowse Dr, Maungaraki. Has a green ta… https://t.co/52HRCUUOwg]]></document>
		<document><![CDATA[@SallyMuyoma Just a royal visit, nothing special I don't think]]></document>
		<document><![CDATA[@SallyMuyoma King Abdullah's rocking on in for a visit]]></document>
		<document><![CDATA[Sam: "One year of marriage and you think you can start talking to me in burps?"]]></document>
		<document><![CDATA[https://t.co/ar2g15OF2n
Hutt City Council have ordered the Event Cinema building and car parks beneath must be urgently demolished.]]></document>
		<document><![CDATA[@SallyMuyoma You're one of those people who ask questions without waiting to see if the movie answers them]]></document>
		<document><![CDATA[@SallyMuyoma My husband had a little cactus that died. He was like 'I don't understand how I killed it, I watered it every day!']]></document>
		<document><![CDATA[Every strong gust of wind hitting our office sounds like an earthquake, ugh.]]></document>
		<document><![CDATA[Monday: earthquakes
Tuesday: floods
Wednesday: stay tuned to find out]]></document>
		<document><![CDATA[@GeorgeKCampbell Does council reckon traffic is so bad people will have to stay overnight? Sam is stuck over there :(]]></document>
		<document><![CDATA[Water levels for Lower Hutt's Waiwhetu Stream have taken a chill pill. First pic taken just before 12, second pic a… https://t.co/1IvgrefNgk]]></document>
		<document><![CDATA[One Lower Hutt man living alongside Waiwhetu Stream is avoiding evacuating his house in fear of looters.]]></document>
		<document><![CDATA[@GeorgeKCampbell What does that mean for tomorrow?]]></document>
		<document><![CDATA[We all know that little scoot back you do on your desk chair while you figure out if you should get under your desk. #eqnz]]></document>
		<document><![CDATA[In other news, I nearly couldn't get out of my house this morning because a freaking huge spider was blocking the stairs.]]></document>
		<document><![CDATA[@SallyMuyoma All employers love someone with top notch procrastination skills.]]></document>
		<document><![CDATA[@SallyMuyoma 20 mins, two hours, what evs.]]></document>
		<document><![CDATA[When you take a photo of someone to go with your story and they ask to see the picture:
Yeah, sure. Oh wait, sorry, that's my cat.]]></document>
		<document><![CDATA[Is empathetic road rage a thing? I got weirdly pissed off on behalf of another driver today.]]></document>
		<document><![CDATA[Celebrating Castlecliff&amp;#8217;s past and future https://t.co/QsYprxp6Rn]]></document>
		<document><![CDATA[@SallyMuyoma When you gotta go . . .]]></document>
		<document><![CDATA[Christchurch paramedic finds rude note from driver who dented her car https://t.co/XSIo7jHotB via @nzherald]]></document>
		<document><![CDATA[Whanganui man critical after being hit by car outside pub https://t.co/VNso5j1Mfq via @nzherald]]></document>
		<document><![CDATA[Steve Braunias: Secret Diary of the Aaron Smith Crisis https://t.co/yjTQPxtZtm via @nzherald]]></document>
		<document><![CDATA[Some members of the public had to chill out in the butterfly enclosure for three hours while they caught the runawa… https://t.co/YxmWMGAlSG]]></document>
		<document><![CDATA[@jonogaluszka I saw this in a Whanganui store. I love reading them lmao]]></document>
		<document><![CDATA[@NZcourttweets The judge actually laughed at him and said "I hope you've got something better than that."]]></document>
		<document><![CDATA[@NZcourttweets Lawyer in court yesterday applying for bail for his client: 
"There have been periods where he HASN'T offended on bail."]]></document>
		<document><![CDATA[Loving these stickers we were sent for mental health awareness week next month #MHAW15 I AM a majestic unicorn http://t.co/ViYaBtaSOr]]></document>
		<document><![CDATA[88-year-old man bashed for checking on girls left alone in van http://t.co/fg159DVwvz This makes me so sad]]></document>
		<document><![CDATA[My wonderful co-worker Liz knitted this cover for my hot water bottle :) http://t.co/EYnyyjeYPb]]></document>
		<document><![CDATA[@SteveBraunias 'that's so metal', as in hardcore]]></document>
		<document><![CDATA[@SteveBraunias that's pretty metal]]></document>
		<document><![CDATA[Praying for Steph's gnome's speedy return. This was in Saturday's Wanganui Chronicle http://t.co/0DMnqQIjMo]]></document>
		<document><![CDATA[No selfies with #PrinceHarry? Where there's a will . . . http://t.co/geE5sORMFI]]></document>
		<document><![CDATA[@NZcourttweets  judge: 'have you seen a duty solicitor?' 
Defendant: 'no. I'm guilty as, though.']]></document>
		<document><![CDATA[@jonogaluszka @ZarydW I like that he jailed a guy for contempt. I'd like to see a bit more of that in Wanganui sometimes . . .]]></document>
		<document><![CDATA[@ZarydW omg that made my night. Also that judge sounds great]]></document>
		<document><![CDATA[@davidfarrier in our office we call it nzmedot]]></document>
		<document><![CDATA[The fugitive and me: http://t.co/vJcLdD805G]]></document>
		<document><![CDATA[I wrote a story the other day about a solo mum of 6 who was burgled. Yesterday someone dropped in $500 for me to pass on. I love people.]]></document>
		<document><![CDATA[The picture placement makes it look like these elderly shoppers are the ones that vandalized the school. http://t.co/JtMkvFL9WA]]></document>
		<document><![CDATA[Engagement bbq over, time for lord of the rings risk http://t.co/vgEOTh7pmN]]></document>
		<document><![CDATA[Soldiers acquitted on sex assault charges http://t.co/ii9uWazV0B via @nzherald]]></document>
		<document><![CDATA[Not guilty verdict for the two soldiers in the unimog sex case. Tears from both sides.]]></document>
		<document><![CDATA[I'm on jury watch at the moment. Not as important as it sounds, just me eating sandwiches while I wait for a verdict.]]></document>
		<document><![CDATA[Not once during this trial has the judge called order and banged his gavel. I bet he doesn't even have a gavel. 2/10]]></document>
		<document><![CDATA[There are lemons in the water jugs at court today. Getting fancy.]]></document>
		<document><![CDATA[@ZarydW dinner and tomorrow's lunch http://t.co/gkfdwkqbNf]]></document>
		<document><![CDATA[Felt an earthquake before. It's as if mother nature doesn't think all this wind and stormy weather is enough to keep us on our toes.]]></document>
		<document><![CDATA[Stewart Murray Wilson's parole decision has been adjourned to dec 12 for the board to see the outcome of his defended hearing in mid Nov.]]></document>
		<document><![CDATA[Gwyn from airigami was doing face painting at my little cousin's birthday. I don't want to wash it off :( http://t.co/KByY514PsE]]></document>
		<document><![CDATA[@ZarydW @annemarie7272 you,  sir,  are a visionary]]></document>
		<document><![CDATA[I think I've got too many notebooks on the go http://t.co/PxZiqyh6re]]></document>
		<document><![CDATA[Hanging with a police dog handler today. This is Luke, he's 4 months old http://t.co/AzhAexKqwm]]></document>
		<document><![CDATA[went for a spin in the fire truck, wooo http://t.co/G7Ro1Ql7oB]]></document>
		<document><![CDATA[In the fire command unit while they act out a scenario http://t.co/0qOpNChzi2]]></document>
		<document><![CDATA[Hanging out at the fire station today http://t.co/LKeFpWFbSQ]]></document>
		<document><![CDATA[This guy gets impatient if I don't immediately get out of my car when I come home. http://t.co/0VTT8xV0Qw]]></document>
		<document><![CDATA[Can someone please get me some new throat lozenges? I don't really like the ant flavoured ones. http://t.co/ljvEzODrgX]]></document>
		<document><![CDATA[@RichardWalker18 gunman at Hamilton paknsave? 2014 3rd year journo students ASSEMBLE]]></document>
		<document><![CDATA[@mathewgrocott reading the standard online and every story I click on has your byline. Someone's been busy.]]></document>
		<document><![CDATA[Suppression lifted on murder accused http://t.co/b9QFrCiD0Q via @nzherald]]></document>
		<document><![CDATA[A man has been arrested and is appearing in court for the alleged primary school gunman hoax yesterday. Fast work Whanganui Police!]]></document>
		<document><![CDATA[@ZarydW @annemarie7272 I thought you wouldn't find that one for ages.]]></document>
		<document><![CDATA[There's an elderly man in wanganui who's been burgled twice recently. They even took the milk from his fridge.]]></document>
		<document><![CDATA[@jonogaluszka did you know it's international beer day? I heard that and thought of you!]]></document>
		<document><![CDATA[Stu the photographer accurately captured how I was feeling at the end of our day in the snow. #learningtoski http://t.co/TuveNumXxj]]></document>
		<document><![CDATA[I dreamed the other night that John Key was wearing David Cunliffes hair. I don't usually have such political dreams. . .]]></document>
		<document><![CDATA[Saw a judge running along the footpath in normal clothes instead of robes. May be the highlight of my week. It's all downhill from here.]]></document>
		<document><![CDATA[Got chased off a property by someone telling me I was trespassing today. Is this what journalism feels like?]]></document>
		<document><![CDATA[Talking to a cop yesterday and he described the relationship between police and our paper as partnership. That's a nice change!]]></document>
	</documents>
</author>