<author lang="en">
	<documents>
		<document><![CDATA[@WestsTigers @jamestedesco93 @timsimona and at Number 1...who else but James Tedesco! 🐅🙌]]></document>
		<document><![CDATA[Invincible belief: Incredible story of the ‘05 Wests Tigers, the unlikeliest premiers of all https://t.co/QpJXod3o97]]></document>
		<document><![CDATA[Photos from the @weststigers Pre-Season Party @anzstadium. One happy boy here. Thanks Tigers 🐅👊… https://t.co/6QBEnHq318]]></document>
		<document><![CDATA[Photos from the @weststigers Pre-Season Party @anzstadium. One happy boy here. Thanks Tigers 🐅👊… https://t.co/D0UVGfckXz]]></document>
		<document><![CDATA[Thanks @aaronwoods11 for the photo yesterday #WestsTigers #RisingUp 🐅👊 https://t.co/NZKVUnMwS5]]></document>
		<document><![CDATA[Photos from the @weststigers Fan Day @anzstadium. Thanks Tigers #RisingUp 🐅👊 @ Sydney Olympic… https://t.co/oKoxxwxfVP]]></document>
		<document><![CDATA[@shane_tigers @WestsTigers @NRLAKL9s @NRL @jontag23 I agree a good mix of youth and experience there. Cmon Tigers! 🐅👊]]></document>
		<document><![CDATA[Thank you @WestsTigers for a great day @ANZStadium and for taking the time to sign ALL our supporter gear.. 😳 Love… https://t.co/NPwXlQsR3d]]></document>
		<document><![CDATA[@WestsTigers @NRL congratulations on the new contract Josh! 🐅👊]]></document>
		<document><![CDATA[Wests Tigers fullback James Tedesco on Roosters contract and NRL future https://t.co/cQopnYoLOL via @foxsportsaus]]></document>
		<document><![CDATA[Tedesco tailor made for rugby sevens https://t.co/7Imitxwx54]]></document>
		<document><![CDATA[@anthonyrusso99 that's huge. Cmon Tigers and Arsenal 👍]]></document>
		<document><![CDATA[NRL: Impending major milestones in 2017
https://t.co/ruPT8Idz1R]]></document>
		<document><![CDATA[Warwick ready for Wests Tigers' task ahead
https://t.co/bwUop88wcY]]></document>
		<document><![CDATA[@WestsTigers @jamestedesco93 Happy Birthday Teddy! 🐅]]></document>
		<document><![CDATA[Patience a virtue for recovering Wests Tigers Ballin
https://t.co/wOconvVIrp]]></document>
		<document><![CDATA[Wests Tigers can re-sign all four stars: Taylor
https://t.co/H4AEUIivav]]></document>
		<document><![CDATA[Go the Sydney Thunder! What a win! 👏👏👏 #ThunderNation #BBL06 #whatafinish]]></document>
		<document><![CDATA[Tigers must make the most of 2017
https://t.co/cQpMad10no]]></document>
		<document><![CDATA[McIlwrick: Young Tigers have Shark-like traits
https://t.co/sZ203VZLBx]]></document>
		<document><![CDATA[Minichiello excited by Blues fullback contest
https://t.co/nyWoJBHd87]]></document>
		<document><![CDATA[Broken jaw gives Aloiai timely perspective
https://t.co/h7CBwwFCcY]]></document>
		<document><![CDATA[Tigers halves Mitchell Moses and Luke Brooks believe club is building towards something special https://t.co/l4Qj4RIODv via @foxsportsaus]]></document>
		<document><![CDATA[Top five fullbacks in the NRL
https://t.co/jx27UUWf9P]]></document>
		<document><![CDATA[Ballin realistic in surgery comeback
https://t.co/evS6uv0rTD]]></document>
		<document><![CDATA[Wests Tigers’ Matt Ballin regrets that he didn’t get the chance to play alongside Robbie Farah https://t.co/1SAr0Dfg6K via @foxsportsaus]]></document>
		<document><![CDATA[@julia_goo_lia it wouldn't be Christmas without Hans Gruber]]></document>
		<document><![CDATA[How about a hymn for the weekend #ColdplaySydney #Coldplay https://t.co/lW1u0yg4Oo]]></document>
		<document><![CDATA[Simona is his harshest critic
https://t.co/u28AjxJ4L0]]></document>
		<document><![CDATA[Top four or bust for Taylor’s Tigers https://t.co/fUUfibKo0g]]></document>
		<document><![CDATA[Forget the ‘big four’, the Tigers need to retain the ‘big two’
https://t.co/AU2Upc6gKx

via @TheRoarSports]]></document>
		<document><![CDATA[The time is now for rising Tigers https://t.co/YhqYeRSlxQ]]></document>
		<document><![CDATA[Lisch at the buzzer and the kings are home 79-77! 🏀#NBL17 #sydneykings]]></document>
		<document><![CDATA[Jamal Idris Wests Tigers return; India epiphany; finding himself | Daily Telegraph https://t.co/D1Wosz228W]]></document>
		<document><![CDATA[@scotlandrl @WestsTigers @EnglandRL @tylercassel95 Goodluck Cass hope you have a Blinder!]]></document>
		<document><![CDATA[Halatau starts new Wests Tigers role
https://t.co/Ev2pjgQP8I]]></document>
		<document><![CDATA[Who's off-contract after 2017 NRL season
https://t.co/d3joxx2NRG]]></document>
		<document><![CDATA[@sugarmanvw Can't wait for 17'. Last time we finished 9th was 2004 and what happened the next season...hmmm 👍]]></document>
		<document><![CDATA[@WestsTigers Welcome to the club Jamal! 🐅👊]]></document>
		<document><![CDATA[No excuses for Kangaroos: Woods
https://t.co/tAZe46ww7y]]></document>
		<document><![CDATA[@rachelgulisano @elektrabubntots @Halesdm That's awesome I am glad they love it 😀]]></document>
		<document><![CDATA[Timmy C on for Tommy J cmon Aussies! ⚽️🇦🇺 #AUSvJPN]]></document>
		<document><![CDATA[Welcome back @BrisbaneBullets 🏀 #BulletsAreBack]]></document>
		<document><![CDATA[@WestsTigers @aaronwoods11 @Kangaroos Congratulations Woodsy!]]></document>
		<document><![CDATA[@julia_goo_lia sorry to hear mate]]></document>
		<document><![CDATA[So sorry to hear of the passing of Max Walker. A true Aussie Gentleman.                                       Rest in Peace Tangles 🇦🇺🏏]]></document>
		<document><![CDATA[Go the swans!]]></document>
		<document><![CDATA[@sugarmanvw hope so too mate. He would be a welcome addition to the pack]]></document>
		<document><![CDATA[@gazellis12 Congratulations on your MOS nomination Gaz. Thoroughly deserved after a great season]]></document>
		<document><![CDATA[NSW Cup Preliminary Final halftime Wests Tigers 18 Mounties 6]]></document>
		<document><![CDATA[What a game #NRLCowboysBroncos]]></document>
		<document><![CDATA[This games going to Overtime.  #NRLCowboysBroncos]]></document>
		<document><![CDATA[@NBWT__ He played so well up until he got injured. So versatile playing either at fullback or in the halves]]></document>
		<document><![CDATA[Tedesco takes it on the chin https://t.co/E6EsEKvqyC]]></document>
		<document><![CDATA[@tylercassel95 @WestsTigers @wyongroos @Steelesport Good luck today Cass. Let's get the win! 🐅👊]]></document>
		<document><![CDATA[@WestsTigers @tylercassel95 Congratulations Tyler on a great season! 👊]]></document>
		<document><![CDATA[@WestsTigers @mitchmoses6 Congratulations on a great year Mitch! 👏👏👏]]></document>
		<document><![CDATA[@NBWT__ Stepped up and controlled the team well this season especially the back end. A big off season and bring on 2017]]></document>
		<document><![CDATA[@sugarmanvw Great result mate! Go the Tiges tomorrow! 👏👏👏]]></document>
		<document><![CDATA[It's all or nothing tomorrow at 2pm at Leichhardt Oval in front of a bumper home crowd. Bring it on..Up the Tigers! #NRLTigersRaiders 🐅👊]]></document>
		<document><![CDATA[Tigers facing top-eight NRL litmus test
https://t.co/EvyufEIoWg]]></document>
		<document><![CDATA[Wests Tigers settle in for nervous wait
https://t.co/Flp7sMiQ2O]]></document>
		<document><![CDATA[Tedesco could make shock finals return https://t.co/rsuhsJoXBi]]></document>
		<document><![CDATA[Tigers right at home for finals push https://t.co/dbeMX5U60R]]></document>
		<document><![CDATA[The Sticky call that could end Titans’ season https://t.co/8etv817LfN]]></document>
		<document><![CDATA[Courage and character shine through for Tigers
https://t.co/UCxNeAyVc6]]></document>
		<document><![CDATA[How bout them Tigers 🐅👏👏👏 #NRLWarriorsTigers]]></document>
		<document><![CDATA[Josh Addo-Carr! 👏👏👏 #NRLWarriorsTigers]]></document>
		<document><![CDATA[Tigers cub set for new rookie record
https://t.co/7k3eJXKpBK]]></document>
		<document><![CDATA[When Benji Marshall owned the world https://t.co/YM2Sucz0tn]]></document>
		<document><![CDATA[@NBWT__ Disappointing end with such at stake. Full credit to the Panthers they ambushed us and we could not go with them. Bring on 2017]]></document>
		<document><![CDATA[@weststigershub Tough night out for Rankin. I would be more inclined to move Simona to fullback]]></document>
		<document><![CDATA[@laurenm_02 Huge stakes here. Up the 🐅👍]]></document>
		<document><![CDATA[Nothing to prove for Elijah Taylor against Penrith
https://t.co/DlnzsThNkY]]></document>
		<document><![CDATA[@joshpera This is arguably the biggest game we have had since 2011]]></document>
		<document><![CDATA[Moses making Tigers his own: Halatau
https://t.co/cWknsileSS]]></document>
		<document><![CDATA[C'mon Boomers! 🏀🇦🇺 #Boomers #7Olympics #Rio2016]]></document>
		<document><![CDATA[@TigesGal @oneeyedtiger_ @laurenm_02 As cruel as it was to watch,the Canberra game was the wake up call. Ever since then we have played well]]></document>
		<document><![CDATA[@TigesGal @KurtisMoltzen @laurenm_02 @brally Waikiki for the beaches and Ala Moana Centre for shopping. Hanauma Bay too cant go wrong 👍]]></document>
		<document><![CDATA[With 31 line break assists between them, Wests Tigers duo Mitchell Moses and Luke Brooks are the leading halves pairing for 2016]]></document>
		<document><![CDATA[Simona satisfied in proving Panthers wrong
https://t.co/Pfvr3SfNQ8]]></document>
		<document><![CDATA[Brooks back to offset Tigers Tedesco loss
https://t.co/oP9bDrbccQ]]></document>
		<document><![CDATA[@NBWT__ Easily his best season]]></document>
		<document><![CDATA[Congratulations Kim Brennan on Gold in the single skulls!!🇦🇺👏👏👏 #Rio2016 #Rowing]]></document>
		<document><![CDATA[@WestsTigers @aaronwoods11 It will be all on the line next week.Looking forward to it. It been too long since we have played finals football]]></document>
		<document><![CDATA[@weststigershub Yep. 
Proud of the effort from the boys without him.]]></document>
		<document><![CDATA[We can still win without Tedesco: Wests Tigers
https://t.co/3rI9IRQtnG]]></document>
		<document><![CDATA[@WestsTigers Full credit to the boys for not giving up under adversity. Proud of the effort. Bring on the battle of the big cats next week 👊]]></document>
		<document><![CDATA[@BWTF_ Yep. Couldn't be prouder either. Never say die 🐅]]></document>
		<document><![CDATA[@BWTF_ Can't fault the effort from the boys under trying circumstances. Looking forward to the battle of the big cats next week]]></document>
		<document><![CDATA[Hoffman stripped the ball. Two referees plus touch judges + the bunker miss it??  #NRLTigersTitans]]></document>
		<document><![CDATA[Go @TheMatildas. We didn't get the result in the end but you have made us all proud 🇦🇺 #BRAvAUS]]></document>
		<document><![CDATA[Tedesco’s ‘16 season rivals Hayne’s ‘09 https://t.co/L15d6v6ndX]]></document>
		<document><![CDATA[Unheralded Tigers pack builds belief from Cowboys win
https://t.co/LREZS7zMeH]]></document>
		<document><![CDATA[@BWTF_ Not great reading there. Time for history to be changed]]></document>
		<document><![CDATA[@Brock_Corfe Great young player. The sky's the limit for him. Hope to see him in first grade soon]]></document>
		<document><![CDATA[Late-bloomer Littlejohn biding his time
https://t.co/d3NepuoZ0T]]></document>
		<document><![CDATA[Cmon Boomers! 🇦🇺 #GoBoomers]]></document>
		<document><![CDATA[Moses ready to ground the Hayne Plane https://t.co/n55g7DulyD]]></document>
		<document><![CDATA[Wests Tigers embrace Hayne-mania
https://t.co/0tZZz35PAS]]></document>
	</documents>
</author>