<author lang="en">
	<documents>
		<document><![CDATA[@liamdann Panhead experience meaning sold to Lion but still cool?]]></document>
		<document><![CDATA[I'm not a beer snob, so I'm uncertain about the correct #Wellington response to this. Decry sellouts or celebrate l… https://t.co/8rBuaR0xtE]]></document>
		<document><![CDATA[Four Tet made a playlist of music from Trump's list of banned countries https://t.co/JeQEQagoSa via @thumpthump]]></document>
		<document><![CDATA['Trying to disrupt the news': How The New York Times is approaching its new daily podcast https://t.co/dIG8AtmgTU via @digiday]]></document>
		<document><![CDATA[What a difference a year makes for Syrian families resettled in Wellington https://t.co/686CdDPL4X https://t.co/gEUe1bZU4A]]></document>
		<document><![CDATA[@secondzeit As distinct from "bad hombres" - right?]]></document>
		<document><![CDATA[Police believe Wellington tyre-slasher struck more than 300 times  https://t.co/3UvDXMvPiw https://t.co/SuCygE4P38]]></document>
		<document><![CDATA[#fakenews Fact check: NZ's sheep population has actually dropped to an all-time low https://t.co/Y7SFM7l0FB https://t.co/WPbo8XaOLH]]></document>
		<document><![CDATA[Jemaine Clement and Scott Baio get into complicated Twitter war over Trump https://t.co/1GNVoqdhYv]]></document>
		<document><![CDATA['Resultant' is an interesting job title &gt; Black Power member paid to occupy disputed luxury lifestyle block https://t.co/UKeWFVi1MJ]]></document>
		<document><![CDATA[@staceyvivienne I see where you're coming from, but I think we can cover multiple angles at once and mix levity with gravity]]></document>
		<document><![CDATA[@staceyvivienne And we've covered related angles: https://t.co/4arqONS70t]]></document>
		<document><![CDATA[@staceyvivienne This was prominent through much of the day, including leading the site earlier: https://t.co/agDaSZkH6B]]></document>
		<document><![CDATA[@kaserlin @TaliaShadwell don't you know a cry for help when you hear one?]]></document>
		<document><![CDATA[@leehenaghan @TaliaShadwell strictly for the OG fans]]></document>
		<document><![CDATA[Maybe I should do homepage shifts more often https://t.co/n5bZNCYO3i]]></document>
		<document><![CDATA[@Saradha_K Compliments becoming gradually stranger is a fun concept

You have nice eyes
Your eyes smell nice
Your eyes bark like beagles]]></document>
		<document><![CDATA[We're looking for a Social &amp; Stuff Nation Producer to join us at @NZStuff https://t.co/FZJR0PrtHt https://t.co/eHxF8ePpEi]]></document>
		<document><![CDATA[@adzebill I think this has been widely misreported (incl initially by us). It's actually the visa interview waiver https://t.co/D8NS6wESDL]]></document>
		<document><![CDATA[Crowd controversy: Photographer Lucas Jackson and the making of an Inauguration Day photo https://t.co/vLHyXxmZdH]]></document>
		<document><![CDATA[@annabelle_bunny yeah, I mean, I have previously watched a Ben Affleck movie...]]></document>
		<document><![CDATA[This tweet can be recycled whenever Ben Affleck releases a movie https://t.co/ceTJJMzS3B]]></document>
		<document><![CDATA[That new Ben Affleck movie looks boring]]></document>
		<document><![CDATA[Fascinating: were cosmopolitan liberals seduced by poor estimates of the education and diversity of the US electora… https://t.co/d7MExsyLL1]]></document>
		<document><![CDATA[The first story supplied to @NZStuff by @NewsroomNZ is a decent one... https://t.co/TBOR9X3s42]]></document>
		<document><![CDATA[#news #job #socialmedia #vacancy #applynow @NZStuff https://t.co/FZJR0PrtHt https://t.co/9iLW2IIp1X]]></document>
		<document><![CDATA[Chart 4 is frightening &gt; The global state of fake news in 5 charts https://t.co/80gblVXvId via @Digiday https://t.co/91rAjNrzZu]]></document>
		<document><![CDATA[Last chance today https://t.co/sdSvePr2xS]]></document>
		<document><![CDATA[Be in quick: applications for reporting jobs in our Auckland newsroom closing tomorrow https://t.co/j3gwcSjEdj… https://t.co/uC4fq9Hqj9]]></document>
		<document><![CDATA[Rugby, farming and homosexuality: Brave gay students tell their stories of schoolyard bullying to inspire others https://t.co/FiGNbJTzVW]]></document>
		<document><![CDATA[“If you haven’t got anything nice to say about anybody, come sit next to me” https://t.co/JS7Uik60Qe]]></document>
		<document><![CDATA[What President Trump Doesn’t Get About America, via @nytimes https://t.co/r1JHGo5Ukw]]></document>
		<document><![CDATA[Trump’s Inauguration vs. Obama’s: Comparing the Crowds - The New York Times https://t.co/XReV2Yc8XH]]></document>
		<document><![CDATA[Overseas, Some React With Alarm to Trump’s ‘America First’ Pledge, via @nytimes https://t.co/dQNPmaWOB2]]></document>
		<document><![CDATA[Trump "offered more salt than balm for a divided, polarised country" https://t.co/wVnlihbvUo]]></document>
		<document><![CDATA[President Trump's inauguration speech  https://t.co/lPzDeosqC6]]></document>
		<document><![CDATA[Total "This"-bait https://t.co/krACVs9Ekg]]></document>
		<document><![CDATA[@kaserlin @jo_moir don't patronise me. I have driven through the countryside]]></document>
		<document><![CDATA[@jo_moir @kaserlin woah's for horses, Jo - not sheep]]></document>
		<document><![CDATA[Wellington fire station clock 'chewed itself to death' https://t.co/rTmfUquWma]]></document>
		<document><![CDATA[Loved this story, but I'm willing to bet it won't be the 5 craziest hours in the White House in the next 4 years https://t.co/opNASBTBX8]]></document>
		<document><![CDATA[If @AceMcWicked gets three likes on this he'll stop tweeting for ever! https://t.co/UUWJHx3MFn]]></document>
		<document><![CDATA[@kaserlin how many smart-looking sheep have you seen?]]></document>
		<document><![CDATA[@kaserlin I get to choose your six, but I'm happy to listen to requests]]></document>
		<document><![CDATA[@purcellpw or is it?]]></document>
		<document><![CDATA[@Nikki_Macdonald #fakenews #msm]]></document>
		<document><![CDATA[From 🐑🐑🐑🐑🐑🐑🐑🐑🐑🐑🐑🐑🐑🐑🐑🐑🐑🐑🐑🐑🐑🐑 to 🐑🐑🐑🐑🐑🐑 - the 🇳🇿 story https://t.co/0bcScw2UzI]]></document>
		<document><![CDATA[@SonyasPiha @vaughndavis where have all our flocking sheep gone?]]></document>
		<document><![CDATA[The only consolation is he missed his biggest possible payday &gt; From Headline to Photograph, a Fake News Masterpiece https://t.co/1vZHLnhVX9]]></document>
		<document><![CDATA[@hebehu @nz_voter 22 each in 1982, according to @StatisticsNZ]]></document>
		<document><![CDATA[I don't have any sheep so there must be one dude out there with 12 https://t.co/8xIV7Dzs0R]]></document>
		<document><![CDATA[This is why Trump won. (Is this why Trump won?) https://t.co/qthNCYJM3l]]></document>
		<document><![CDATA[Scaled back: Why publishers are rethinking their pursuit of huge numbers https://t.co/K7Xi9YE8zf via @digiday]]></document>
		<document><![CDATA["I am certainly punctilious, resolute and don't readily suffer flannel or evasiveness but I don't use abusive language," he says. #rpt]]></document>
		<document><![CDATA[Difficult Gary: the man on Auckland Council's blacklist https://t.co/FqR17l3R5W]]></document>
		<document><![CDATA[‘He Has This Deep Fear That He Is Not a Legitimate President’ https://t.co/AB4a3s4CEL]]></document>
		<document><![CDATA[The mundane made fascinating. "The first family never runs out of toilet paper." https://t.co/S1o2eOlP4k]]></document>
		<document><![CDATA[Hard to top this one https://t.co/TdkJCmSdcz #rpt]]></document>
		<document><![CDATA[A golden age is coming to an end &gt; The President Of Vice https://t.co/1MtFSlredN via @theonion]]></document>
		<document><![CDATA[THIS IS WHY TRUMP WON (am I doing it right?)

How Donald Trump came up with 'Make America Great Again' https://t.co/XHpdzxa94B]]></document>
		<document><![CDATA[STEPHEN KING: It's a story about a manhole
PUBLISHER: Um, okay...
KING: An EVIL manhole https://t.co/Y5Qwxk7zi9]]></document>
		<document><![CDATA[@beanbiz oh, do people still dress up for the 7s? I thought they just stayed home]]></document>
		<document><![CDATA[One Chinese factory is making a fortune out of Donald Trump masks https://t.co/JXqGalwGbv via @smh]]></document>
		<document><![CDATA[Ok, I felt a bit stupid commissioning an explainer about measuring rainfall but @WaltersLaura did a great job https://t.co/AG14lrYme0]]></document>
		<document><![CDATA[In which @michelle_duff gets shamed for her choice of coffee https://t.co/qM5wKQWGC7]]></document>
		<document><![CDATA[Trying out veganism: a meat-eater's experiences https://t.co/bkmM63J9xZ]]></document>
		<document><![CDATA[We're hiring reporters to join our Auckland news team https://t.co/j3gwcSjEdj https://t.co/rEPe6gpSy7 https://t.co/DBQLhlkVIU]]></document>
		<document><![CDATA[You can't beat Wellington on a good day*

*good day not included https://t.co/XQ0gitm950]]></document>
		<document><![CDATA[#betterworkstories #partylikeajournalist @jefftollan &gt; 
Antique printing press helps reproduce first front page https://t.co/dTW5xWOHPp]]></document>
		<document><![CDATA[Why haven't I seen a movie about this? &gt; This case baffled investigators for decades. Now, there's a new theory https://t.co/10gpQzANoA]]></document>
		<document><![CDATA[Green lawyer hopes to be first refugee to win a seat in NZ Parliament  https://t.co/tlBB2oOKAP]]></document>
		<document><![CDATA[@henrycooke "and any other duties as required by the editor" - read your contract, Henry]]></document>
		<document><![CDATA[@henrycooke can I have some of your blood? no reason https://t.co/UeYfXtCCQe]]></document>
		<document><![CDATA[Finally a Crewdson succeeds in media &gt; Man who writes in rhyme has launched daily news blog https://t.co/WjxSVTfuUv]]></document>
		<document><![CDATA[@fancylettuce That's an extremely quotable piece]]></document>
		<document><![CDATA["The answer to attacks on journalism is always more journalism." #RPT]]></document>
		<document><![CDATA["Journalists should be unbowed and aggressive and with a sense of humor until something happens to prevent them from doing so." #RPT]]></document>
		<document><![CDATA["If Trump wants to turn America into strong man state, journalists should cover that story rather than begging Trum… https://t.co/o6dGcGc4XA]]></document>
		<document><![CDATA[Possibly the most excoriating assessment since that WaPo editorial calling Trump a unique threat to the US https://t.co/DmO0BhHxjQ]]></document>
		<document><![CDATA[And, happily, it's very easy to name superb restaurants that didn't even make the list. For instance: Egmont St Eat… https://t.co/W4VudNe06B]]></document>
		<document><![CDATA[This is super cool &gt; You Draw It: What Got Better or Worse During Obama’s Presidency https://t.co/roG4tqPk0F]]></document>
		<document><![CDATA[Life in @NZStuff's social team isn't about cute cat gifs. Well, not *just* about cute cat gifs...… https://t.co/Jj7nT4Giyv]]></document>
		<document><![CDATA[Sugar, explained. Sugar is the dietary villain of our day. But the science is complicated. https://t.co/rd9J22EpZy]]></document>
		<document><![CDATA[Homicidal mice escaping the lab in 3, 2, 1...

'Scientists used light to turn mice into stone-cold killers' https://t.co/uyaLKVKzJy]]></document>
		<document><![CDATA[Weekend at Bernie's reboot! Coz, y'know, Bernie can be a woman's name too...
'Woman lived with sister's corpse' https://t.co/MYXMgFm8eE]]></document>
		<document><![CDATA[This is cool: @washingtonpost launching a newsletter devoted to reader comments https://t.co/W337rMrNYm]]></document>
		<document><![CDATA[At the BBC, the launch of in-app vertical video is a step toward connecting with new audiences https://t.co/jEgPUynktD via @NiemanLab]]></document>
		<document><![CDATA[Please be yes, please be yes... 'Ask Well: Can You Train Yourself to Need Less Sleep?' https://t.co/sVsPaVDHmI via @nytimeswell]]></document>
		<document><![CDATA[Mind games, a custody battle, and a broken rudder: the full Alan Langdon story https://t.co/eUe76toK0q]]></document>
		<document><![CDATA[Great story by @TaliaShadwell: Quake evacuee finds his rotting fish - but not where he thought he left it https://t.co/2hoYrN6gh3]]></document>
		<document><![CDATA["We're number ones!" #maga]]></document>
		<document><![CDATA[Can you ask the hard questions? We're hiring reporters in our Auckland newsroom https://t.co/j3gwcSjEdj… https://t.co/06ky6TM48R]]></document>
		<document><![CDATA[New York Times Daily 360 forges new ground with immersive video storytelling https://t.co/4REthY3suD]]></document>
		<document><![CDATA[We're hiring reporters in our Auckland newsroom https://t.co/j3gwcSjEdj https://t.co/rEPe6gpSy7 You'll need a thirs… https://t.co/gVVXhR53qK]]></document>
		<document><![CDATA[Is 'This is why Trump won' the new 'THANKS OBAMA'?]]></document>
		<document><![CDATA[This is cool: Molesworth St demolition video: Changing Wellington skyline shown in month-long timelapse https://t.co/4SJG76PzYR]]></document>
		<document><![CDATA[@Nikki_Macdonald probably joined Facebook just to friend me. Now I've ruined the whole thing]]></document>
		<document><![CDATA[No, person I don't know but who just joined Facebook today, I won't be accepting your friend request.]]></document>
		<document><![CDATA[Actually, I see he said "A lot of New Zealanders", which changes the framing somewhat https://t.co/YgOgjZUPoM]]></document>
		<document><![CDATA["The idea that anonymity is the real problem with the internet is based in part on misreadings of theories formed more than 30yrs ago." #rpt]]></document>
	</documents>
</author>