<author lang="en">
	<documents>
		<document><![CDATA[@donorguru great post thanks. Bookmarking like crazy!]]></document>
		<document><![CDATA[First Aid but not as you know it - 6 ways to support someone with #mentalhealth issues https://t.co/2vJjr2Izdp  @MetroUK #mentalillness]]></document>
		<document><![CDATA[@Edinburgh_CC who do I contact about a problem with Ringo parking this morning in zone N1? Ringo helpline not working.]]></document>
		<document><![CDATA[Heartbreaking &amp; brave account of how #anorexia &amp; #mentalillness can destroy families. Support for services is vital. https://t.co/z97aIIqQlY]]></document>
		<document><![CDATA[Probably the best peaceful protest photo #travelban https://t.co/OFEQmFahKW]]></document>
		<document><![CDATA[So who is actually in charge in the U.S? It would be fascinating...if it wasn't really happening. #travelban]]></document>
		<document><![CDATA[@harrylawsonltd only 500?]]></document>
		<document><![CDATA[I was about to ask this very question...anyone? https://t.co/ikcf9PVQLO]]></document>
		<document><![CDATA[@CatLaws15 good hashtag use Ma! #twitterexpert]]></document>
		<document><![CDATA[@CatLaws15 - this is my kind of appliance! Saw this and thought it would make you chuckle.  https://t.co/CyCMEjKW8D]]></document>
		<document><![CDATA[A Toxic Work World: workplaces don't fit the realities of our lives https://t.co/g0pexFvD6H thanks @FathersNetScot @nytimes #flexibleworking]]></document>
		<document><![CDATA[Jo Cox Foundation granted charitable status - via @ThirdSector https://t.co/T8mtyBSDSJ @JoCoxFoundation #lovelikejo]]></document>
		<document><![CDATA[Love this. "I'm fine" is my catchphrase. The average adult says this 14 times a week. #TimetoTalk   https://t.co/oRdrLBqEfG]]></document>
		<document><![CDATA[Reigning #Dundee Marmalade #worldchampion @CatLaws15 is at it again. Enter @MarmaladeAwards for @MarieCurieSCO… https://t.co/SMCTcIN7lT]]></document>
		<document><![CDATA[@19dannyo87 @LofR1915 @CharityHourUK be warned - it gets addictive!]]></document>
		<document><![CDATA[Timely &amp; wise words from #winniethepooh "The things that make me different are the things that make me"… https://t.co/plAxm7QwPE]]></document>
		<document><![CDATA[@CharityHourUK sites like Canva great for DIY graphics. &amp; think of pro bono relationships - can your corporate partners help w/print,design?]]></document>
		<document><![CDATA[A must read for every small #charity starting out on their #fundraising journey #charityhour  https://t.co/9SNi27xVT9]]></document>
		<document><![CDATA[Buy less. Buy better. Recycle. Reuse. Start With Your Wardrobe https://t.co/XqjEDFyRuQ # via @HuffPostUKStyle #fashion #buybetter]]></document>
		<document><![CDATA[How to Respond to Donald Trump's Betrayal of American Values: https://t.co/MTthcjopgr #LoveTrumpsHate]]></document>
		<document><![CDATA[Thanks to new follows. @claudiamacd @BidFundraising @socialleadersuk - happy Saturdaying.]]></document>
		<document><![CDATA[Thought provoking read. The PAUSE programme tackles this "tricky ethical territory".  https://t.co/W3dRaJQDMQ]]></document>
		<document><![CDATA[Aim for next week - excel at #maternityleave, see #T2trainspotting &amp; say hilarious things on Twitter #magic1000 #rubbishchat]]></document>
		<document><![CDATA[Good grief. Is this fake news? Please let it be #fakenews. Or April Fools...in January? https://t.co/1CgDilfIsG]]></document>
		<document><![CDATA[Got quite teary there about the chickens. Had no idea that #redtractor standard was so 'low'. @rspcaassured from now on #FridayNightFeast]]></document>
		<document><![CDATA[@jamieoliver horrified that I didn't know the difference between #redtractor &amp; higher welfare. Thank you. And yes. #foodrevolution]]></document>
		<document><![CDATA[March your socks off ladies. I'm with you. #WomensMarch #LoveTrumpsHate #wewillovercomb #WomensMarchEdinburgh]]></document>
		<document><![CDATA[Baby sleeping. Hot coffee &amp; eggs. And Barbara Dickson on @BBCRadio2. Pretty pleased with myself #smugsaturday #Saturday]]></document>
		<document><![CDATA[Happy Saturday to @FundraiserDan @Localgiving @Arbikie_David - #fundraising &amp; #gin. 2 of my favourite things.]]></document>
		<document><![CDATA[Great example of meaningful #charity partnership. @Tesco launches 'relaxed checkout lane' with @alzscot #alzheimers https://t.co/QhTc2yZXHk]]></document>
		<document><![CDATA[Love an awareness day. This one is particularly close to my heart. #penguinawarenessday  https://t.co/cgjzVqJUuU]]></document>
		<document><![CDATA[Excellent blog about #horizoncleaneating "...it's common sense - eat what the planet, not Ronald McDonald, provides" https://t.co/ukkwOxhCir]]></document>
		<document><![CDATA[So I'm willing to bet that my 2017 won't get much better than this. #willandgrace  https://t.co/VSQ2UGZFS3]]></document>
		<document><![CDATA[This number could save your life @thepooluk #thepool https://t.co/3wsXkSzOQ3 #silentsolution]]></document>
		<document><![CDATA[The man is a loon. #justsaying #imwithmexico #TrumpTrain]]></document>
		<document><![CDATA[Great advice for all when trying to get back on the twitter train... #socialmedia #resolutions  https://t.co/aVMVCfjm8b]]></document>
		<document><![CDATA[Heartbreaking. Hope something changes fast. #FreeNazanin https://t.co/NnAOo9GghJ]]></document>
		<document><![CDATA[#HelpAFilmLoseWeight Harry Potter &amp; the Deathly Spin Class #HarryPotter]]></document>
		<document><![CDATA[Those who vote for #elf over #muppetchristmascarol should be safe in the knowledge that they've ruined Christmas.  https://t.co/mN2NB1zJPa]]></document>
		<document><![CDATA[There's still time. Solve your #Christmas crisis. And do good. #ChristmasCountdown  https://t.co/8JDkiYXwsW]]></document>
		<document><![CDATA[We need you 2017. Hurry up. "Carrie Fisher, Star Wars actress, ‘suffers heart attack’: https://t.co/l3r3s5I83T" #starwars #2016sucks]]></document>
		<document><![CDATA[Och Babs quieten down, it's Christmas. Someone give her a sherry #stormBarbara #Christmas #Weather  https://t.co/K2i3N0ZFQ0]]></document>
		<document><![CDATA[#benchgate continues: Plaque ‘banning’ #Muirfield golfers from Princes Street removed. https://t.co/fpvmvGNV1Z #girlgang #Edinburgh #Golf]]></document>
		<document><![CDATA[Musings of a 4 year old: "Mummy, do you have a lady in your head that gives you great ideas?". Everybody needs that lady. #kids #cuteness]]></document>
		<document><![CDATA[It's got to be.... #SPOTY]]></document>
		<document><![CDATA[Hilarious. And unfortunately true. #SPOTY  https://t.co/91xwSY1jed]]></document>
		<document><![CDATA[Tears tears and more tears. #SPOTY #sportspersonality #missingrio]]></document>
		<document><![CDATA[Look @rachaelmccrea - you happy people you! Let's all move to Kirkwall.  https://t.co/tvd9aU2aAx]]></document>
		<document><![CDATA['It's on my radar' - one of my favourites.  https://t.co/qD9yUAfXN0]]></document>
		<document><![CDATA[@UNIQLO_UK much appreciated. Thank you.]]></document>
		<document><![CDATA[@UNIQLO_UK slow customer service so far. Problem with loading this link https://t.co/lMXNVRLTG5 - loading error &amp; no security certificate.]]></document>
		<document><![CDATA[@Gav_McLellan @electricpix 2/2 The Cheeky Girls asked how my donkeys were &amp; what were their names. True story. Met their mum too.]]></document>
		<document><![CDATA[@Gav_McLellan @electricpix 1/2 good story. An event. Children's petting farm. Keeper needed the toilet so asked me to watch the donkeys.]]></document>
		<document><![CDATA[Ok @Gav_McLellan @electricpix I have one...the Cheeky Girls. I actually met them. Nothing tenuous about it. #blogtastic]]></document>
		<document><![CDATA[Happy #GivingTuesday. Missing being part of the action today but bags of clothes just been dropped off @MarieCurieSCO - give any way you can]]></document>
		<document><![CDATA[@ruthgflight @CatLaws15 #TweetForShelter]]></document>
		<document><![CDATA[@Smartbadger All from Tad? The finest Turkish in the land. That kebab you got us was easily the best 'new baby' present. Seriously.]]></document>
		<document><![CDATA[The average U.K. adult orders takeaway 10 times a month. Really? Anybody? #Takeaway #factfans]]></document>
		<document><![CDATA[Well done @songaminute - so so well deserved. Creating special moments out of such a sad illness. #amazing #JGAwards https://t.co/8z0dEYLR4Z]]></document>
		<document><![CDATA[@karlwilding excuse stupid question but what's #filterbubble? Think I may have been in #babybubble too long...]]></document>
		<document><![CDATA[@karlwilding @guardian @MWCause4 regardless of wording "getting who you can" isn't a great start for a proactive passionate Board.]]></document>
		<document><![CDATA[Charity cronyism is rife – appointing friends as trustees has to end https://t.co/I4Bcri3rBO via @guardian @MWCause4]]></document>
		<document><![CDATA[All is not lost in the world. John Lewis has no plans to close their haberdashery departments #crafts #johnlewis https://t.co/F1nSGJZe45]]></document>
		<document><![CDATA[Whatever you think of her, you've got to feel for Hillary today. She needs a big group hug...from the world #hugsforhillary #USElections]]></document>
		<document><![CDATA[Excellent example of real transparent #impact reporting. Not just lip service. #callforclarity  #charity  https://t.co/yoDbj0qhKL]]></document>
		<document><![CDATA[Theresa May has her poker face on. Well played Tess. #ElectionNight #TrumpPresident #USElection2016]]></document>
		<document><![CDATA[Dear World, protest votes actually cause bad stuff to happen. That is all. #Election2016]]></document>
		<document><![CDATA[@EmilyStubbs233 @thepooluk late to the #gilmoregirls party but this is worthy of repeating - Emily Gilmore is wearing jeans. Mind. Blown.]]></document>
		<document><![CDATA[Now to plan watching previous 7 seasons by end of Nov. Highlighters &amp; timetable at the ready #GilmoreGirlsRevival https://t.co/fhRbzf8e4S]]></document>
		<document><![CDATA[Who are these people that haven't heard of the #gilmoregirls? There is NO excuse. #GilmoreGirlsRevival #forever https://t.co/preaehrSuo]]></document>
		<document><![CDATA[@DShnaps so British. Let the Scandis rule the world #meatballsforall]]></document>
		<document><![CDATA[The Dane in the room is annoyed with the #hygge fascination. Commercialisation is against it's meaning. #angryscandi #Denmark #toomanybooks]]></document>
		<document><![CDATA["A landmark day for Scotland's health". Scottish court rejects appeal against minimum alcohol pricing https://t.co/kdMs0f7s6c @guardian]]></document>
		<document><![CDATA[Coffee. That is all. #FridayFeeling #exhausted #leweekend]]></document>
		<document><![CDATA[The secret to raising creative kids is easier than you think https://t.co/67tA3hRQtO via @qz #creativity #parenting]]></document>
		<document><![CDATA[Somebody can be a hero. @WylieBisset #savetheday #Edinburgh #weddingdress  https://t.co/HBsNy4y5MP]]></document>
		<document><![CDATA[Funding for #charities using #tech #digital innovation. @comicrelief &amp; @phf_uk launch new #TechforGood programme… https://t.co/rEAw0alI90]]></document>
		<document><![CDATA[A benefit of #babybrain - completely forgetting #ColdFeet was on last night &amp; discovering it on catch up. It's like Christmas...]]></document>
		<document><![CDATA[Is it me or is @Yahoo groups just the most painful experience?! An hour of my life I won't get back #yahoogroups]]></document>
		<document><![CDATA[When predictive text changes 'came' to 'cake' you know you've got a problem. #cake #maternityleave #weekend]]></document>
		<document><![CDATA[Coffee. Check. Boiled egg &amp; soldiers. Check. Magazine. Check. &amp; Graeme Norton. Saturday morning = nailed it. #nailingit #smugface]]></document>
		<document><![CDATA[@HelenSherbourne @wahaca it's wonderful news. Nearly the best news I've had all year... (new baby must come top of the list)]]></document>
		<document><![CDATA[More sense from @karlwilding re: #charity admin costs "overhead costs are like blood pressure: too high will kill you, but too low will too"]]></document>
		<document><![CDATA[Interesting piece from @guardian - the problem with Bounty on #maternity wards https://t.co/SIKwYdWEUQ  #baby #pregnancy]]></document>
		<document><![CDATA[Late night outing for bottled water here in EH5. Any news @scottish_water?  https://t.co/y4AIxClWpU]]></document>
		<document><![CDATA[Incredible £883,000 raised for @ARCHIEtayside. #oorwulliebuckettrail supported by the spirit &amp; people of #Dundee https://t.co/XvCw708pTl]]></document>
		<document><![CDATA[68yr old woman is ill &amp; still keeps a schedule that most couldn't manage https://t.co/qxh9eXIGkg #HillaryClinton]]></document>
		<document><![CDATA[Loving the @Channel4 #Paralympics coverage already. No need to leave the sofa for the next couple of weeks then... #Rio2016]]></document>
		<document><![CDATA[Bad day just made better by @BBCRadio2 &amp; Wilson Phillips. Air grabbing and dancing in the kitchen #holdon #powpow]]></document>
		<document><![CDATA[The dos &amp; don'ts on designing for #accessibility. Download. Print. Read. Share. https://t.co/n9CSwf2vOV #marketing #disability]]></document>
		<document><![CDATA[Hunting for #hygge, a new ingredient in Denmark’s recipe for #happiness https://t.co/Qonb9wQbNP #Danish]]></document>
		<document><![CDATA[@iamamygunn @ProjectScotland life lesson no 105: spray painting anything orange will make it instantly cool #interiorsguru #weloveorange]]></document>
		<document><![CDATA[@Knhannah yep that age old 'choice' argument. It's a convenient argument at best.]]></document>
		<document><![CDATA[There is a clear point in a woman's life when the gender pay gap gets worse https://t.co/cYKaqPxFqc via @BIUK_Finance #GenderPayGap]]></document>
		<document><![CDATA[@RamsayMurray agreed! It's a ridiculous state of affairs.]]></document>
		<document><![CDATA[UK's flash footballers could learn a lesson from 'ordinary' Olympians https://t.co/BUThEaviGE via TeleWonderWomen #Rio2016 #BringOnTheGreat]]></document>
		<document><![CDATA[Oh. My. Goodness. This much stress before bed is not good. #hockey #goldengoal #Rio2016]]></document>
		<document><![CDATA[Shonky - word of the day. #diving #Rio2016  https://t.co/nLXhulxc9p]]></document>
		<document><![CDATA[And the gold for best name in the Men's #diving goes to... Steele Johnson. #Rio2016 #Olympics]]></document>
		<document><![CDATA[Yes! Beautiful. Go @TeamGB #diving #Rio2016 #TomDaley]]></document>
	</documents>
</author>