<author lang="en">
	<documents>
		<document><![CDATA[May you live in interesting times. 

#2017]]></document>
		<document><![CDATA[Discovering too late that in this case bright = glittery https://t.co/61HxR1P4MP]]></document>
		<document><![CDATA[There are no longer any @Buseireann buses that go straight there. Going to Ballina &amp; hoping for a lift can take anywhere between 3 and 6 hrs]]></document>
		<document><![CDATA[Gah. Booking a week in advance, for myself +1 to get to Castlebar for a family dinner next weekend by train would cost min. €80]]></document>
		<document><![CDATA[I really like @NoshingtonCafe, except that their art is mostly either serious-looking famous male actors or anonymous naked/sexualised women]]></document>
		<document><![CDATA[Also also all of the personality cultishness]]></document>
		<document><![CDATA[@ColinJM I tried hard not to think too much about it but it sells itself too hard on the talent fantasy.]]></document>
		<document><![CDATA[Also WHERE ARE ALL THE FEMALE PLAYERS?]]></document>
		<document><![CDATA[Musicians are (generally) not freaks and masochists, they need the same kinds of learning environments as anyone else
No theory ever?]]></document>
		<document><![CDATA[Focussing on one weirdly specific style to the exclusion of ALL OTHER MUSIC
Obsession with one famous figure 
Lack of musical context]]></document>
		<document><![CDATA[Including:
Speed ≠ excellence
Physical injury and pain from overplaying ≠ sign of hard work and progress

#Whiplash]]></document>
		<document><![CDATA[Finally watched Whiplash. It was enjoyable. But I have, well, a few problems with it.]]></document>
		<document><![CDATA[Friday night blooming flower tea https://t.co/haUzwPjJrr]]></document>
		<document><![CDATA[Though I shudder to imagine the technical wake-up that will be my first lesson... plus the noises my joints make. 

#rustyhinges]]></document>
		<document><![CDATA[Feeling closer than ever to picking up playing piano again (or any other instrument). Just a little further to go with right shoulder]]></document>
		<document><![CDATA[Well played @Kathbum https://t.co/kLi3Jmz8AU]]></document>
		<document><![CDATA[&lt;-- Changed my photo and cover image, cos procrastinating.]]></document>
		<document><![CDATA[Spending some time today with Emily Dickinson]]></document>
		<document><![CDATA[Looking for good (in-ear) earphones for about the €60-100 mark. 

Used to always go Sennheiser but they keep breaking. 

Maybe Sony?]]></document>
		<document><![CDATA[I accidentally came into work an hour early today. 

Very confused as to how I did that.]]></document>
		<document><![CDATA[@DelilahSDawson @GreatDismal  at least two of those sound like they're from @doctorow's Someone Comes to Town... 

Or have I missed sth?]]></document>
		<document><![CDATA[@GaryDunne maybe improvised ambient electronics + visuals would be of interest? 😀 https://t.co/L06M5N7eUt https://t.co/fd6wRpZtzr]]></document>
		<document><![CDATA[Heehee I'm dedicating my life to being a composer...  listening to music? Meh, what good would that do? https://t.co/Pl2n7duTGc]]></document>
		<document><![CDATA[Loving finding places I recognise in #Fallout4. Great worldbuilding in these games, even if you don't know the cities they're based in]]></document>
		<document><![CDATA[Compiling annual reports for the @AIC_ie AGM this Saturday. Glad we reached a lot of intended goals for this year.]]></document>
		<document><![CDATA[Just got all my inbox counts down to 0. Admittedly by selecting all then clicking 'mark as read'. 

Still counts right?]]></document>
		<document><![CDATA[@IndeedSupport hi I keep getting emails about someone who has signed up to your site but evidently has given my address. How to fix?]]></document>
		<document><![CDATA[Looking back over some notes from a meeting yesterday, I see I mis-transcribed a task as "Find clarity"]]></document>
		<document><![CDATA[@williewhite @DubTheatreFest Thanks!]]></document>
		<document><![CDATA[@williewhite Hi there. Just wondering if @DubTheatreFest take project proposals, and if so, where should they go? Thanks]]></document>
		<document><![CDATA[@AliNAskin @marcyeats @SteinbergMedia true. But then the freedom from Sibelius has been v fruitful! https://t.co/HQDpCeqDz3]]></document>
		<document><![CDATA[@marcyeats @AliNAskin @SteinbergMedia agreed. I've begun exporting bits of score as graphics then using GIMP/photoshop to reconstitute!]]></document>
		<document><![CDATA[Oh, is the grand inaugurism happening now? I'll look away.]]></document>
		<document><![CDATA[Really excited about the performance of At Miidera by @mairecarroll @KirkosEnsemble tomorrow night!… https://t.co/BzcBAeuLId]]></document>
		<document><![CDATA[What she said https://t.co/HY6vMJvOTB]]></document>
		<document><![CDATA[@akellymurphy @the_thin_air would love to, but time is an issue for unpaid work unfortunately!]]></document>
		<document><![CDATA[Do this. Important research. https://t.co/2qz3l67jPO]]></document>
		<document><![CDATA[I have a new website!

https://t.co/xIY54VeLGf]]></document>
		<document><![CDATA[New favourite houseplant. 

Sorry orchid. https://t.co/t0QcMcyA9R]]></document>
		<document><![CDATA[@conradtao well now I'm intrigued. Worth watching?]]></document>
		<document><![CDATA[.@nprmonkeysee reminded me of your "eyes bigger than waist" observation about new Disney princesses! https://t.co/sEP4Ea4qAn]]></document>
		<document><![CDATA[@akellymurphy @the_thin_air hate to be the one to ask the question...paid or unpaid?]]></document>
		<document><![CDATA[How is it that The Battle of the Five Armies is so terrible?]]></document>
		<document><![CDATA[@ContactsMusic Sorted, thanks repliers and RTers!]]></document>
		<document><![CDATA[@FFrink Thanks Liam – getting a loan of an Akai pad controller so sorted. Thanks anyway!]]></document>
		<document><![CDATA[@FFrink Ah! Thanks Liam!]]></document>
		<document><![CDATA[Heyho Twiticians – I'm looking for a day loan of any small midi device for a gig next week. All I need is 9 buttons/trigger pads]]></document>
		<document><![CDATA[Anyone know what the € sale price for Switch will be? @NintendoEurope @GameStop]]></document>
		<document><![CDATA[@steveohrourke oh oh oh! I thought I was the only one. I make Jamie do basically all necessary household-related phone calls.]]></document>
		<document><![CDATA[@FFrink New MMT office?]]></document>
		<document><![CDATA[The fact that you maneouvred so obviously to be walking behind me after getting off the bus didn't go unnoticed either]]></document>
		<document><![CDATA[Sorry obviously-high guy trying to talk to me in a dark dodgy place, I'm sure you are "actually a nice guy" but I'm going to walk away now.]]></document>
		<document><![CDATA[I want to win Lunch for four at Charlotte Quay @CharlotteQuay1 @TheTaste_ie #TheTaste #WinCharlotteQuayLunch]]></document>
		<document><![CDATA[I want to win a Healthy Brunch for two @CocuKitchen @TheTaste_ie #TheTaste #WinCocuHealthyBrunch]]></document>
		<document><![CDATA[I want to win a 2 course dinner for 2 at @BeefAndLobster @thetaste_ie #TheTaste #WinBeefAndLobster]]></document>
		<document><![CDATA[No! This guy's voice gives me carsickness. 

(a childhood spent packed in cars with siblings with GAA on the radio) https://t.co/57FM084MQc]]></document>
		<document><![CDATA["Other choices of of-beat notes may not generate good patterns, depending on which note the on-beat player chooses.… https://t.co/7Hmo4Q4MZa]]></document>
		<document><![CDATA[@BrotherHubbardS hi, can't find you guys on Deliveroo today?]]></document>
		<document><![CDATA[Found some jeans that more or less fit. An excellent start to 2017.]]></document>
		<document><![CDATA[First experiment with new matcha kit a success. And delicious.]]></document>
		<document><![CDATA[New Year's pancake feast hangover]]></document>
		<document><![CDATA[I feel kind of like my whole life is somewhat vindicated by knowing that Iain Banks spent most of his time playing Civilization]]></document>
		<document><![CDATA[Oh yes please. https://t.co/7hJKM2Nw8w]]></document>
		<document><![CDATA[#ticketfairy @LightHouseD7 we can't use our two tickets to sold-out Muppets Christmas Carol Sun 3.30pm if anyone needs?]]></document>
		<document><![CDATA[Partner away for the weekend. What fun should I get up to?

#okamiallnighter https://t.co/oQoUpoN1jC]]></document>
		<document><![CDATA[This is the creepiest Christmas decoration I've ever seen https://t.co/9XC64Mjso9]]></document>
		<document><![CDATA[@sq_analogheart thanks, will see if can sort that]]></document>
		<document><![CDATA[@sq_analogheart interesting! I think I still have my card from ilac library]]></document>
		<document><![CDATA[Should I or should I not get a @NewYorker subscription?]]></document>
		<document><![CDATA[Totally caught a snorlax yesterday. #polishesnailsonlapel]]></document>
		<document><![CDATA[@EoinMadsen it took me a long time to accept that being 'up' or at least on an even keel was real and not just drug-induced.]]></document>
		<document><![CDATA[@EoinMadsen I hope that optimism will come to be true for you eventually like it did for me.]]></document>
		<document><![CDATA[@EoinMadsen I always found that to the cruelest part, that hope and optimism...until eventually the swings began to even out.]]></document>
		<document><![CDATA[Little image from recent piece At Miidera for piano + electronics, commissioned by @KirkosEnsemble! https://t.co/4ISpHfBf65]]></document>
		<document><![CDATA[Read this thread by @PTHosford. The fear is real, and constant, and pervasive, and no denial of 'rape culture' make… https://t.co/tkdyuzl2YP]]></document>
		<document><![CDATA[Geeks Guide to the Galaxy is confusing. The interviews are so good but the presenter is so bad.]]></document>
		<document><![CDATA[Friends with kids/school groups might be interested in this @AIC_ie magical musical fairytale next month! https://t.co/0JzD52QVjn]]></document>
		<document><![CDATA[@enabrennan I usually go with the lash-it-in-general-direction-of-eyes-and-wipe-away-any-bits-that-look-weird-and-hope approach]]></document>
		<document><![CDATA[I'm fairly certain this plant is supposed to be small and lie close to the soil. What should I do? Leave it until i… https://t.co/c0GuirDrOD]]></document>
		<document><![CDATA[Really great podcast about race in America. (@marcbalbirnie I think I mentioned @NPRCodeSwitch to you before?)

https://t.co/ii4UG0myaN]]></document>
		<document><![CDATA[@laurasampson in a very untechnical description...it feels like Noh!]]></document>
		<document><![CDATA[@laurasampson ah! I was going to ask your thoughts (you of the superior literary knowledge 🙂). Do, read it then tell me your thoughts!]]></document>
		<document><![CDATA[I utterly, totally and completely love this book. https://t.co/ejBo2WgabU]]></document>
		<document><![CDATA[@fightlikeapes coulda been! I think there was a gig review somewhere else... anyway, sorry to hear the news but congrats on a great run.]]></document>
		<document><![CDATA[I bet it was embarrassingly awful though, so maybe just as well]]></document>
		<document><![CDATA[Awwww @fightlikeapes. One of the first bands I ever reviewed, for a music site I can't remember the name of.]]></document>
		<document><![CDATA[This week a stomach bug segued straight into a bad head cold. 

#myfaceithurts]]></document>
		<document><![CDATA[@SSComposer heehee glad I didn't start partitioning my hard drive! Now to find some money...]]></document>
		<document><![CDATA[@SSComposer Though I didn't know you could do that with Steam, I'll check that out]]></document>
		<document><![CDATA[@SSComposer Ha! I thought you were looking for someone to buy it from you :) I'm genuinely considering buying a Windows laptop to play it]]></document>
		<document><![CDATA[@SSComposer Why, is it not good?? I have been looking forward to it for months! No Mac version yet though :(]]></document>
		<document><![CDATA[Let these last few days stand as a warning to anyone considering picking up some mysterious frozen fish at the Asian market 🤒]]></document>
		<document><![CDATA[@steveohrourke I have just started directing people to this judgement: https://t.co/Y3MrUxQI68]]></document>
		<document><![CDATA[Highly recommend going to see this extraordinary performer this week! https://t.co/159OC7F74k]]></document>
		<document><![CDATA[Awesome. Thanks @enabrennan and @KirkosEnsemble https://t.co/0XNgXz9rcz]]></document>
		<document><![CDATA[Anyone interested in a graphic score I made? It's totally open, and based on movement patterns from a Noh play.]]></document>
		<document><![CDATA[@Sonica_Inst Is it possible to use Noh and Kabuki perc with other software than BFD? Kontakt, Max etc?]]></document>
		<document><![CDATA[Does anyone know where I can get BFD2 these days?]]></document>
		<document><![CDATA[Great podcast with @AdamBuxton talking with @PantiBliss https://t.co/9ttF8z5ak6]]></document>
		<document><![CDATA[Falling further down the language and logic rabbit-hole for some other upcoming pieces too #crypticcrosswords]]></document>
	</documents>
</author>