<author lang="en">
	<documents>
		<document><![CDATA[why are my hands always freezing or do i just have bad circulation #vampire]]></document>
		<document><![CDATA[MY GREATEST FEAR ABOUT WORKING IN TECH OMG https://t.co/kXp0MAnn2k]]></document>
		<document><![CDATA[An Open Letter from the Canadian Tech Community: Diversity is our Strength https://t.co/zx0wo9AEsE via @betakit]]></document>
		<document><![CDATA[Sean Spicer Responds to Five-Year-Old Getting Detained https://t.co/5IHGNqt36H]]></document>
		<document><![CDATA[Trump’s Order Blocks Immigrants at Airports, Stoking Fear Around Globe https://t.co/kqKhegfgUC]]></document>
		<document><![CDATA[Was not aware of the new privacy changes to #VSCO - bunch of my private images were made public.

Not okay.]]></document>
		<document><![CDATA[just discovered a newfound love for #cinemagraphs]]></document>
		<document><![CDATA[In other words, ignorance and idiocy https://t.co/YLWArUSaP3]]></document>
		<document><![CDATA[@real_hugo_boss all graphic cards look like that...]]></document>
		<document><![CDATA[Loving the snapchat update]]></document>
		<document><![CDATA[https://t.co/HqCcr0PVR5

This artist is 🔥🔥🔥]]></document>
		<document><![CDATA[Advocate Personality (INFJ, -A/-T) https://t.co/bapOjtuGIv #16Personalities via @16Personalities

hmmmmmmmmm]]></document>
		<document><![CDATA[@joywang_ used it for awhile but probably like 1/100 are actually useful]]></document>
		<document><![CDATA[You've Got a Friend In Me - LIVE Performance by 4-year-old Claire Ryann ... https://t.co/LHKBakUzLF via @YouTube

☺⁠⁠⁠⁠]]></document>
		<document><![CDATA[Learning takes 0 days off 💪]]></document>
		<document><![CDATA[Correct me if I'm wrong, but it's not too difficult to have SOME standards right? 🙃🙃🙃🙃]]></document>
		<document><![CDATA[apparently there are no such things as lies - only alternative facts]]></document>
		<document><![CDATA[how do I keep biting the insides of my lips]]></document>
		<document><![CDATA[how did i just realize how fun bitmojis were]]></document>
		<document><![CDATA[Not sure how I feel about the #LinkedIn redesign]]></document>
		<document><![CDATA[can't wait for all the new memes https://t.co/fdAlhw4VDG]]></document>
		<document><![CDATA[2 Canada goose sightings today at around 7 degrees Celsius. How are y'all not sweating buckets in them]]></document>
		<document><![CDATA[What the fuck... https://t.co/yTmrGtmogf]]></document>
		<document><![CDATA[When it rains it pours]]></document>
		<document><![CDATA[shoutout to @ryokun6 https://t.co/sQ9f6pY1Qn]]></document>
		<document><![CDATA[what the fuck just answer the question https://t.co/nkvBsaMxdf]]></document>
		<document><![CDATA[https://t.co/uONyIrVtuR

instafamous here I come]]></document>
		<document><![CDATA[༼ つ ◕_◕ ༽つ POSITIVE VIBES ONLY ༼ つ ◕_◕ ༽つ]]></document>
		<document><![CDATA[yeah this is exactly what i dIDN'T want to do ffs]]></document>
		<document><![CDATA[@agblg dont tell me what to do]]></document>
		<document><![CDATA[WHY GSW WHY LMFAO https://t.co/RkGFXEodE6]]></document>
		<document><![CDATA[yeah i'm def gonna get a cat again

Gus knows what he wants https://t.co/A5ZXlLvVbf via @YouTube]]></document>
		<document><![CDATA[High for Hours by J. Cole via #soundcloud https://t.co/mDYlcUkl0x]]></document>
		<document><![CDATA[HAHAHAHA SCREAMS IN CAT

The Empire Scratches Back https://t.co/DlRqPjtuvd]]></document>
		<document><![CDATA[( ͡° ͜ʖ ͡°) ༼ つ ◕_◕ ༽つ ( ͡° ͜ʖ ͡°) POSITIVE VIBES ONLY ( ͡° ͜ʖ ͡°) ༼ つ ◕_◕ ༽つ ( ͡° ͜ʖ ͡°)]]></document>
		<document><![CDATA[Welcome back, raincouver.]]></document>
		<document><![CDATA[“Cognitive bias cheat sheet” by @buster https://t.co/TRyAzrUQRf]]></document>
		<document><![CDATA[When I grow old I aspire to be Joe Biden]]></document>
		<document><![CDATA[Are joggers in style? Asking for a friend... 

...yeah a friend]]></document>
		<document><![CDATA[Ed Sheeran Covers 'The Fresh Prince' Theme Tune https://t.co/uuUaj7vhg6 via @YouTube

LEGEND. #EDSHEERAN]]></document>
		<document><![CDATA[Summaries paired with longer summaries...where are the sources?

#russianhack #trump #buzzfeed]]></document>
		<document><![CDATA[Man celebrating vote to repeal Obamacare learns he is on Obamacare. https://t.co/OsrVrlwZpv

#dead #murica]]></document>
		<document><![CDATA[aite that's enough swiping for today]]></document>
		<document><![CDATA[Try and fail, and then try again. Keep moving forward, always learning, always growing.]]></document>
		<document><![CDATA[Cheers

And then cheers again]]></document>
		<document><![CDATA[can there be a 24/7 bbt place alreayd]]></document>
		<document><![CDATA[strawberry wine]]></document>
		<document><![CDATA[5 Things To Know About Tadashi Yanai | Conversation With | CNA Insider https://t.co/eqcHeLQTHD via @YouTube

#ChangeOrDie]]></document>
		<document><![CDATA[https://t.co/VsudFz96sq

KG is an absolute savage]]></document>
		<document><![CDATA[#NowPlaying Castle on the Hill by Ed Sheeran ♫ https://t.co/6b60Usibtb]]></document>
		<document><![CDATA[great way to end the day thank you @edsheeran https://t.co/WIEEQj0dvX]]></document>
		<document><![CDATA[thankful for you @edsheeran]]></document>
		<document><![CDATA[new ed sheeran on spotify!! new ed sheeran on spotify!! new ed sheeran on spotify!! new ed sheeran on spotify!! new ed sheeran on spotify!!]]></document>
		<document><![CDATA[Life today: https://t.co/AkVfSEXPRt]]></document>
		<document><![CDATA[Thank God https://t.co/M8dNkX8rYE]]></document>
		<document><![CDATA[Overcrowded train and she still takes her massive bag and plows through the crowd; why  sit at the end of the crowded train for 4 stops smh]]></document>
		<document><![CDATA[Overcrowded train and she still takes 2 spots and ignores/tells people to fuck off when they come near]]></document>
		<document><![CDATA[Angsty teenagers on the Canada line are the worst]]></document>
		<document><![CDATA[Yup. I've definitely wasted too much time watching kittens climb owners for food.

Nostalgia though... @agblg]]></document>
		<document><![CDATA[Not nearly enough. https://t.co/czUWgJ4W0v]]></document>
		<document><![CDATA[Can someone please explain how my socks are disappearing in the dryer? I don't wanna wear mixed socks forever]]></document>
		<document><![CDATA[try me i'm clutch]]></document>
		<document><![CDATA[I'm on that @garyvee shit

#motivated]]></document>
		<document><![CDATA[lol, what the fuck? https://t.co/xb23LVHPd8]]></document>
		<document><![CDATA[New year, new memes.]]></document>
		<document><![CDATA[so nice have to RT twice https://t.co/vjKhWuPz2W]]></document>
		<document><![CDATA[no fucking way get the fuck out https://t.co/4626JX8uVc]]></document>
		<document><![CDATA[The calm before the storm.

⛈️⛈️⛈️]]></document>
		<document><![CDATA[I'm thankful every day for coffee.]]></document>
		<document><![CDATA[Just discovered that Ellie Kemper used to write for @TheOnion 

#swoon]]></document>
		<document><![CDATA[Intriguing watch.

Simon Sinek About the Millennial Paradox https://t.co/xUBlZf0VUE via @YouTube]]></document>
		<document><![CDATA[@agblg there you go! https://t.co/tRi3fn3n4R]]></document>
		<document><![CDATA[Okay no more poor life decisions tonight hey?]]></document>
		<document><![CDATA[Snowing now in #Richmond

#BCStorm]]></document>
		<document><![CDATA[No #bcstorm in #Richmond yet, still all rain!]]></document>
		<document><![CDATA[Today --&gt; Read the billion of articles I have opened]]></document>
		<document><![CDATA[Try Shift through my referral! https://t.co/HkepsnlN0m #TryShift #GetShiftDone via @Get_Shift]]></document>
		<document><![CDATA[Forward only 💪💪]]></document>
		<document><![CDATA[It's complicated.]]></document>
		<document><![CDATA[Well, that was new.]]></document>
		<document><![CDATA[today was poop.]]></document>
		<document><![CDATA[Slow internet is worse than no internet.]]></document>
		<document><![CDATA[Is anything open today? #Vancouver]]></document>
		<document><![CDATA[All I need in life is 1 puppy and 1 kitten]]></document>
		<document><![CDATA[Merry Christmas 🎄 🎄 🎄]]></document>
		<document><![CDATA[asynchronus]]></document>
		<document><![CDATA[can my back pain go away yet it's been an entire day 🤕]]></document>
		<document><![CDATA[@ryokun6 what about Solid Gray Pro Ultra Bright right below it?]]></document>
		<document><![CDATA[Worst fried chicken of my life tonight.

I didn't believe horrible fried chicken existed.]]></document>
		<document><![CDATA[Is it crazy how saying sentences backwards creates backwards sentences saying how crazy it is?]]></document>
		<document><![CDATA[WOW.

Magnets and Marbles ! https://t.co/QNge8R9JM5 via @YouTube]]></document>
		<document><![CDATA[A little insight for today: 

https://t.co/U4CSnAN7hC

#Vancouver #vancouversnow]]></document>
		<document><![CDATA[Why has teleportation not been invented yet? Commute sucks.]]></document>
		<document><![CDATA[1 week till Christmas]]></document>
		<document><![CDATA[Slight panic that I've forgotten how to do certain mathematical operations...college graduate everyone

#embarrassed]]></document>
		<document><![CDATA[Finally got around to watching #KillBill

Am I late to the party?]]></document>
		<document><![CDATA[cold cold cold cold cold]]></document>
		<document><![CDATA[2016 is officially the worst. https://t.co/xgum77L6Pt]]></document>
		<document><![CDATA[@richiewu4 ye bruh retweet this every time u snapchat ur cooking life]]></document>
		<document><![CDATA[My heart is devastated for #Aleppo]]></document>
	</documents>
</author>