<author lang="en">
	<documents>
		<document><![CDATA[@ResistTheRedDon @Greenow_ @maureenqw @michele86455429 Looked it up. A Prez can indeed fire his cabinet. Requires no Congressional approval.]]></document>
		<document><![CDATA[@AJDMaru @Greenow_ @maureenqw @ResistTheRedDon @michele86455429 LOL. Of course! They're all donating their svcs each time needed.]]></document>
		<document><![CDATA[@Evan_McMullin @realdonaldtrump We have extreme vetting, fool. It takes 2 years to pass the tests to enter. We've been safe since 2001.]]></document>
		<document><![CDATA[@maureenqw @ResistTheRedDon @michele86455429 @Greenow_ @MelBrooks He doesn't care about the law. He'll violate it ad nausea.]]></document>
		<document><![CDATA[@michele86455429 @maureenqw @ResistTheRedDon @Greenow_ @MelBrooks He'll have to break w/ Ryan before they do anything.]]></document>
		<document><![CDATA[@ResistTheRedDon @michele86455429 @maureenqw @Greenow_ @MelBrooks He thinks w/ his sphincter &amp; the shit comes out of his mouth.]]></document>
		<document><![CDATA[@maureenqw @ResistTheRedDon @michele86455429 @Greenow_ @MelBrooks They serve at the pleasure of the President; don't they?]]></document>
		<document><![CDATA[@MakeupDoc @sckiwireddevil @michele86455429 @Greenow_ @MelBrooks LOL. How about a piss pot? He seems to like those.]]></document>
		<document><![CDATA[@ResistTheRedDon @maureenqw @michele86455429 @Greenow_ @MelBrooks That's why he has to go STAT. The GOP needs to grow pair]]></document>
		<document><![CDATA[@michele86455429 @MakeupDoc @Greenow_ @MelBrooks It's like an airborne ebola style psychosis eating away their brains &amp; souls.]]></document>
		<document><![CDATA[@MakeupDoc @michele86455429 @Greenow_ @MelBrooks I tweeted just that this morning. Children of the corn in Trumpghanistan.]]></document>
		<document><![CDATA[@maureenqw @michele86455429 @Greenow_ @MelBrooks But others wouldn't. IE Flynn the madman-liar.]]></document>
		<document><![CDATA[@michele86455429 @Greenow_ @MelBrooks I completely agree. Every day, w/ every lie, it gets worse. That people believe him is amazing to me.]]></document>
		<document><![CDATA[@RussOnPolitics @jopoleski Dear God. I'll bet that face breaks camera lenses.]]></document>
		<document><![CDATA[@michele86455429 @Greenow_ @MelBrooks Me either, Michele. BTW, I love your avi statement!]]></document>
		<document><![CDATA[@michele86455429 @Greenow_ @MelBrooks I wonder why the Intel community hasn't covertly acted. I'd expect they will soon.]]></document>
		<document><![CDATA[@michele86455429 @Greenow_ @MelBrooks It may yet come to that. He has unfettered access to the nuclear codes. It's horrifying.]]></document>
		<document><![CDATA[@Greenow_ @michele86455429 @MelBrooks it's utterly terrifying. he's a full blown psychotic with delusions &amp; the nuclear codes.]]></document>
		<document><![CDATA["Terrorist attacks the press hasn't reported." It has gone way beyond narcissim to full blown delusional psychosis. Trump MUST BE IMPEACHED.]]></document>
		<document><![CDATA[@michele86455429 The administration as a Mel Brooks movie. Charming.]]></document>
		<document><![CDATA[Pathological. Just like her orange boss/ https://t.co/xAKOEdMasS]]></document>
		<document><![CDATA[@abuwalidtt @AhmadMu82355048 Hopefully, they'll pelt him with scones.]]></document>
		<document><![CDATA[@abuwalidtt @AhmadMu82355048 Doing Russia's bidding, enriching himself &amp; for Bannon- tearing it all down &amp; building a whites only USA]]></document>
		<document><![CDATA[Living in the Trump bubble—anything he doesn't like, isn't real https://t.co/f5SegK14o2]]></document>
		<document><![CDATA[Trump sells out retirees to Wall Street and removes protections against economic collapse https://t.co/LvMLKeJV5Q]]></document>
		<document><![CDATA[Abbreviated Pundit Round-up: Trump and Bannon struggle to implement more Chaos https://t.co/C05kzYFuBu]]></document>
		<document><![CDATA[Trump dismisses Putin's bloody record in comments so gross they even got Mitch McConnell's attention https://t.co/q54LxzXrIl]]></document>
		<document><![CDATA[@GetWisdomDude  and every cent without announcing it/publicity. That's charity. That's a real Christian.]]></document>
		<document><![CDATA[@ChelseaClinton  @HillaryClinton We donate items to the State Dept Public Rooms yearly. This year, each one is honoring Hillary for her svc.]]></document>
		<document><![CDATA[@ChelseaClinton @carinakolodny Your Mother is #MyLegitPresident. I'#ImStillWithHer.]]></document>
		<document><![CDATA[@Mediaite @marcylauren Here's an alternate fact for ya, Kellyanne: Deliberate misstatements are lies by design; not "misspeaks." #Shameless]]></document>
		<document><![CDATA[@FarrahChicoine What alarmists. All the lion did was turn to look at him. Had it wanted him, he's be toast.]]></document>
		<document><![CDATA[Dem Tweeps: Please read for your own safety: https://t.co/jTzZf097GG]]></document>
		<document><![CDATA[@berboin @nopartyforme @AcctgOnCall @LauraJSilverman @jeneps She was hung out to dry by Trump. I feel sorry for her &amp; the boy.]]></document>
		<document><![CDATA[Trumpets:If Dubya &amp; Obama managed to keep us safe from Muslim refugees since 9-11 w/out a #MuslimBan, Trump's a weakling for needing it now.]]></document>
		<document><![CDATA[No, trumpers. The Judges aren't violating Trump's edicts. They're ruling per the Constitution. You know; that thing you claim to love. #LAW]]></document>
		<document><![CDATA[A Lie by Any Other Name https://t.co/O21yFBo6M6]]></document>
		<document><![CDATA[@kellyannepolls @nwg83  Creating your alternate facts again, Conway? How cute. Careful- you're addicted now.]]></document>
		<document><![CDATA[@SandDollar04 @RealDonalTrump  He's already there.]]></document>
		<document><![CDATA[@KellyannePolls  What the hell are you teaching your children about honesty, decency &amp; values? Social Services shou… https://t.co/GeC2ZnCBMj]]></document>
		<document><![CDATA[Reuters claims that Trump is removing white Supremacists from the terror watch lists. All bow before President Bannon. Your ball, GOP.]]></document>
		<document><![CDATA[@Washhanger @GeorgeTakei @Karoelynne It is. And it's common when naming Ambassadors, but, not Cabinet positions.]]></document>
		<document><![CDATA[@GeorgeTakei @Karoelynne On the plus side, we now know exactly how much a cabinet position costs in the Trump administration!]]></document>
		<document><![CDATA[A Liberal panelist &amp; a CNN host show how to neuter a lying Right Wing operative on air https://t.co/EKtajXLBrm]]></document>
		<document><![CDATA[Dangerous incompetence: Trump did not know the EO he signed put Bannon on National Security Council https://t.co/4UW0KXBXB1]]></document>
		<document><![CDATA[Kellyanne Conway was making 'Bowling Green massacre' a go-to lie before she got called on it https://t.co/5CwmsPGvpO]]></document>
		<document><![CDATA[President Chaos Collides With Reality https://t.co/77RIEtR4lU via @thedailybeast]]></document>
		<document><![CDATA[Hey, Bibi: You Manage Your Border, We’ll Manage Ours https://t.co/Uxb9NCNP0n via @thedailybeast]]></document>
		<document><![CDATA[Trump Shared False Travel Ban Story On His Facebook Page https://t.co/H0lSn9VmhH via @thedailybeast]]></document>
		<document><![CDATA[Are Trump's tweets finally beyond parody? https://t.co/xQPpktU0KZ via @slate]]></document>
		<document><![CDATA[John Yoo: Trump Has Gone Too Far https://t.co/7m4jLi5xio via @thedailybeast]]></document>
		<document><![CDATA[Trump: ‘Any Negative Polls Are Fake News’ https://t.co/VzYoCtlEwR via @thedailybeast]]></document>
		<document><![CDATA[CNN Has ‘Serious Questions’ About Conway’s ‘Credibility’ https://t.co/Q7gWasFTOW via @thedailybeast]]></document>
		<document><![CDATA[That MSNBC Interview Was Not the First Time Kellyanne Conway Referred to "Bowling Green Massacre" https://t.co/Zzlm5lTM8e via @Cosmopolitan]]></document>
		<document><![CDATA[It's clear that Trump's reshaping of America is all Bannon while the focus of the "President" is all about personal enrichment off the WH.]]></document>
		<document><![CDATA[@ShainEThomas Just follow the $. His base is key to avoiding impeachment &amp; continuing to profit off the Oval Office.]]></document>
		<document><![CDATA[Imagine the glee of the bottled water companies at President Bannon's plan to dismantle the EPA. Flint water for everyone-free of charge!]]></document>
		<document><![CDATA[Impeach President Bannon &amp; his little, orange mini me. Send them both back to the rain forests they want to obliterate w/ the other apes]]></document>
		<document><![CDATA[@ShainEThomas  Please! He does it daily w/ great success- to his misinformed, uneducated, devoted base of bigots. As do all dictators.]]></document>
		<document><![CDATA["How dare Obama criticize America"-RWNJs who take in stride Trump saying we're no better than Russia. Where's the outrage? Polonium anyone?]]></document>
		<document><![CDATA[@LPWhitt He doesn't care what the hell we believe. It's all to fool his base. Hence the tweets extolling them to distrust the press &amp; courts]]></document>
		<document><![CDATA[When Trump claims we're no better than Russia, he's half right: He's no better than Putin. Both are dictators &amp; thugs,Putin's just smarter.]]></document>
		<document><![CDATA[We have  Fake "President" who says we're no better than Russia where Putin kills political foes with polonium. Let that sink in a moment.]]></document>
		<document><![CDATA[@570PR4P3 @nytimes This from a woman who believes women are faking these deaths for political ends. YOU wake up!]]></document>
		<document><![CDATA[Mitch McConnell distances himself from Donald Trump's latest controversial statements https://t.co/A8eDbpmsFp via @HuffPostPol]]></document>
		<document><![CDATA[O'Reilly calls Putin a 'killer,' Trump says U.S. has ‘a lot of killers' too https://t.co/k0zRZgwxQ0 via @HuffPostPol]]></document>
		<document><![CDATA[The march to impeachment https://t.co/B2EwDZQrxe via @HuffPostPol]]></document>
		<document><![CDATA[Trump inches the U.S. closer to a constitutional crisis https://t.co/4Hi6dstMU8 via @HuffPostPol]]></document>
		<document><![CDATA[Coca-Cola's #SuperBowl commercial celebrates what actually makes America great https://t.co/pZqc6r5YDT via @HuffPostEnt]]></document>
		<document><![CDATA[Trump fails again to offer any proof for his "voter fraud" claims https://t.co/bytzXkLICU via @HuffPostPol]]></document>
		<document><![CDATA[Donald Trump attacks judge who stalled immigration order: "If something happens blame him" https://t.co/LIqzKChC5K via @HuffPostPol]]></document>
		<document><![CDATA[Trump lawyers urge appeals court reviewing Muslim travel ban to stay out of it https://t.co/o7gs5Hbvzx via @HuffPostPol]]></document>
		<document><![CDATA[Executive Power Run Amok https://t.co/mFL4AsJNUe]]></document>
		<document><![CDATA[The Finger on the Nuclear Button https://t.co/URdnLWACIO]]></document>
		<document><![CDATA[Why Nobody Cares the President Is Lying https://t.co/3iQN9lTfli]]></document>
		<document><![CDATA[Trump Clashes Early With Courts, Portending Years of Legal Battles https://t.co/kmUnp4WECS]]></document>
		<document><![CDATA[The Massacre That Wasn’t, and a Turning Point for ‘Fake News’ https://t.co/mPuO4VQK8y]]></document>
		<document><![CDATA[Donald Trump Says ‘Negative Polls Are Fake News’ https://t.co/VZnO4gJhpA POLLS R TRUE ONLY WHEN COMPLIMENTARY TO HIM]]></document>
		<document><![CDATA[Donald Trump’s Phony Compassion for Christians https://t.co/L8CSXCF862]]></document>
		<document><![CDATA[I Was on the National Security Council. Bannon Doesn’t Belong There. https://t.co/OAnpWa3p9u]]></document>
		<document><![CDATA[@WillMcAvoyACN A Dr who saw some Hispanic looking voters &amp; assumed they were illegals voting is sufficient data for the brain challenged.]]></document>
		<document><![CDATA[@dmxfury I couldn't care less what the hell they do. After all, they'd eat their own, so they can imbibe anything they want.]]></document>
		<document><![CDATA[Trump disses US in TV interview defending Putin. What happened to GOP outrage when Obama was accused of dissing &amp; apologizing for America?]]></document>
		<document><![CDATA["Defending Putin, Trump rejects the United States' moral authority" https://t.co/xJSxUXza9L]]></document>
		<document><![CDATA[@DuJuan_Daniels @Freeyourmindkid Weren't they mostly killed at Bowling Green?]]></document>
		<document><![CDATA[@JimHandley21 @ChrisTakedown @brianc150 When he actually gives birth, he can have a say. Until then, he's an observer.]]></document>
		<document><![CDATA[@SirLiberal @GovHowardDean @realDonaldTrump Someone hasn't taken their happy pills today.  What a rude SOB you are.]]></document>
		<document><![CDATA[@RobinsonM1007 s@nopartyforme  If anyone knows about Commie red, it's the Russian pussy grabbing Mole in the Oval Office.]]></document>
		<document><![CDATA[@SirLiberal @GovHowardDean @openculture @realDonaldTrump Glad you asked. Yes, it is. You might want to read the Constitution; not wipe w. it]]></document>
		<document><![CDATA[@saletan @AtticusinCanada Re that last sentence: her pillow thanks God.]]></document>
		<document><![CDATA[@trumpwatch940 I've heard from numerous insane ( redundant) Trumpers who believe in PizzaGate. It must be an epidemic.]]></document>
		<document><![CDATA[Yet another Pizzagate believer. What can possibly explain this willful ignorance? Is it in the waterer merely a sha… https://t.co/V8x9MLPhbl]]></document>
		<document><![CDATA[@SimpleAndSane @ckollm What a sad commentary that a Jew would be a Trumper w/ our history. You're beneath contempt.]]></document>
		<document><![CDATA[Now that Trumpers have perverted the word &amp; meaning of Patriots, I just can't bring myself to root for Brady. @SuperBowl2017]]></document>
		<document><![CDATA[@BuffyleeBright @SoSofieFatale Has done more good 4 human rights w/ his $ than anyone I know. Naturally, Trumpers hate him for that.]]></document>
		<document><![CDATA[@madavis323 awwww. high praise. ty again.]]></document>
		<document><![CDATA[Explain again how you're all about the sanctity of life when you cut women &amp; babies off all aid the moment they're born, Trumpers. I'll wait]]></document>
		<document><![CDATA[@JimHandley21 @ChrisTakedown @brianc150 Don't like abortion? Don't have one. But, stay out of our private decisions.]]></document>
		<document><![CDATA[@SoSofieFatale I'm counting on it! :))))]]></document>
		<document><![CDATA[@madavis323 You're so nice! TYVM!]]></document>
	</documents>
</author>