<author lang="en">
	<documents>
		<document><![CDATA[Can't wait for this gig ! https://t.co/Rcy1fyROWd]]></document>
		<document><![CDATA[Back on air 10pm @8RadioIreland #musicismyradar https://t.co/FB2wIGu9xv]]></document>
		<document><![CDATA[It's rotten out stay indoors &amp; let's listen to tunes together ! https://t.co/DlXboPxzGT]]></document>
		<document><![CDATA[@Gardinermusic  yay! Great to have your company x]]></document>
		<document><![CDATA[@aaroadwatch traffic backed up &amp; crawling https://t.co/XBNndXQn1F]]></document>
		<document><![CDATA[In my happy place RN ! https://t.co/9J2sPilr5i]]></document>
		<document><![CDATA[Love this! https://t.co/HnwdECNSBi]]></document>
		<document><![CDATA[Looking forward to being back on @8RadioIreland 10pm tonight. https://t.co/fq6N9aQlwS]]></document>
		<document><![CDATA[Love @JeffTweedy rn https://t.co/r8Vx93V712 #Iaminyourbubble]]></document>
		<document><![CDATA[@Independent_ie so #womensmarch just went over some peoples heads. Scarlet for @countykerry RN 🙄]]></document>
		<document><![CDATA[@8RadioIreland @Simon8Radio @Simon8Radio How's about Buffalo Springfield, 'For What It's Worth' or @billybragg 'Great Leap Forward']]></document>
		<document><![CDATA[Looking forward to being back on @8RadioIreland tonight 10pm! #lovemusic https://t.co/2lh5gNI6Q2]]></document>
		<document><![CDATA[@GypsiesOTA @8RadioIreland it is!!!]]></document>
		<document><![CDATA[@8RadioIreland @GypsiesOTA it's ok. I'm happy to finally get it off my chest! 😂]]></document>
		<document><![CDATA[@GypsiesOTA @8RadioIreland I know!!! I thought we spoke in confidence! #theshame]]></document>
		<document><![CDATA[@8RadioIreland @GypsiesOTA maybe!!! #ohtheregret 😱]]></document>
		<document><![CDATA[Texting is so over ..this is how we roll now! 😂 https://t.co/xM2BkVfxfk]]></document>
		<document><![CDATA[Roll on London 😍🙌🏻 https://t.co/dkuyigDoWN]]></document>
		<document><![CDATA[Join me from 10pm! 😊 https://t.co/RlEAh8DxEV]]></document>
		<document><![CDATA[Back on @8RadioIreland 10pm https://t.co/CShrAjYMZZ]]></document>
		<document><![CDATA[We are in s love bubble with @CageTheElephant @academydublin RN #giglife https://t.co/SpNTQMDBvl]]></document>
		<document><![CDATA[@whelanslive @pinethepilcrow well except for the 2 knobs that just came in!! #tunesnotchat]]></document>
		<document><![CDATA[Upstairs @whelanslive @pinethepilcrow have stunned the crowd into silence ... gorgeous #OTW17 https://t.co/ULKJIEpGob]]></document>
		<document><![CDATA[Saturday 2am....Sober &amp; took my makeup off before bed. I'm almost like a proper adult.]]></document>
		<document><![CDATA[Playing this loud in the studio RN https://t.co/iRNJqhVGVY]]></document>
		<document><![CDATA[On repeat @thisiszuzu ❤🎶🙌🏻https://t.co/DMqcUlNE67]]></document>
		<document><![CDATA[At @statemagazine Faces 17 @beautysleeptalk @whelanslive #OTW17 https://t.co/JlGVmzZhqu]]></document>
		<document><![CDATA[@sugru @pranksband thanks anyway !]]></document>
		<document><![CDATA[@amattwhitejoint @flomorrissey @musicglue see you in London!! #excited]]></document>
		<document><![CDATA[Loving @mariakellymusic @whelanslive #OTW17 #giglife https://t.co/HHMwyTEbic]]></document>
		<document><![CDATA[1st #OTW17 act @JamesORTwittOR seen @whelanslive looking forward to a great weekend of Irish music! https://t.co/oMpLNFGzkD]]></document>
		<document><![CDATA[@pranksband @sugru deadly !!! Thanks !]]></document>
		<document><![CDATA[@pranksband @sugru thanks! Never knew this existed !]]></document>
		<document><![CDATA[Every casserole dish I've ever owned .........#ffs https://t.co/IMkl9s3Hvj]]></document>
		<document><![CDATA[@RichieMcCormack I'm still waiting for a Bobby Ewing Dallas Style it was all just a bad dream ending !]]></document>
		<document><![CDATA[@8RadioIreland @CheshireJack @tunein it's great!]]></document>
		<document><![CDATA[Cannot wait!!! @sarcon2016 let's have a #TwinPeaks2017 party !!!!! https://t.co/L03FNGfqoX]]></document>
		<document><![CDATA[@Tesco I'll be honest this is not a big issue for me so I'll leave it. Sorry I sent the tweet now ! #itsonlyjelly]]></document>
		<document><![CDATA[@Tesco Lewis Paul replied to the DM telling me to contact Facebook. Can I leave it with you?]]></document>
		<document><![CDATA[The things you see on the shelves @Tesco https://t.co/zOV2WEBSzK]]></document>
		<document><![CDATA[Yes to this ❤🎶😍 @BSPOfficial 🙌🏻🙌🏻🙌🏻 https://t.co/7jMnaC29JR]]></document>
		<document><![CDATA[Cannot wait!!! https://t.co/YuzyH8Frh0]]></document>
		<document><![CDATA[10pm tonight on @8RadioIreland 😊 https://t.co/xnsDsA7PeH]]></document>
		<document><![CDATA[@chunky66 @8RadioIreland specialist music shows every week night from 8pm 😊]]></document>
		<document><![CDATA[@RichieMcCormack ok we all suffer 😉]]></document>
		<document><![CDATA[@RichieMcCormack that of course is sicky not sticky. 🙂]]></document>
		<document><![CDATA[@RichieMcCormack I wish they'd all pull a sticky. Traffics been a dream while they've been off! 😉]]></document>
		<document><![CDATA[Sure to be brilliant !! https://t.co/Li42PQEOKw]]></document>
		<document><![CDATA[In my happy place RN! https://t.co/Y1zeUE1WVc]]></document>
		<document><![CDATA[Whilst everything will be the same for us in the morning I for one am glad this year will end. https://t.co/aNzDmGnTIL]]></document>
		<document><![CDATA[This lad on Bullseye looks like he has muderous intent.... https://t.co/YVDk4i6V5c]]></document>
		<document><![CDATA[So this appears over Dublin👇🏻 while 👇🏻this plays. 🎶💔📻 https://t.co/5SjOp5Mgv3]]></document>
		<document><![CDATA[@CraigKingma no mention of an album ...he seemed good too.]]></document>
		<document><![CDATA[@CraigKingma he was brilliant I'm so happy I got to see him.]]></document>
		<document><![CDATA[@rachwritesstuff @8RadioIreland brass gives me life!!! 🙌🏻🙌🏻]]></document>
		<document><![CDATA[Wall to wall BRASS 10pm @8RadioIreland @badly_drawn_boy @blurofficial Allen Toussaint @okgo @TheDandyWarhols &amp; load… https://t.co/MVVSGG0113]]></document>
		<document><![CDATA[So tonight @badly_drawn_boy gave me life ... 🙌🏻💔🎶 https://t.co/S5a7bWG7el]]></document>
		<document><![CDATA[You know you are winning at being healthy when @dominos haven't heard from you in aaaaaaaages!! https://t.co/eE9x00TI0Y]]></document>
		<document><![CDATA[Loving this ! https://t.co/2H612R0iqx]]></document>
		<document><![CDATA[This is all true !! 😀📻🎶 https://t.co/KZa6gsElfy]]></document>
		<document><![CDATA[The brass on this 🙌🏻 https://t.co/04Jkbf40bo]]></document>
		<document><![CDATA[Love this 😍 https://t.co/mX8CO6zqBP]]></document>
		<document><![CDATA[#nowplaying @luluc "Tangled Heart" just gorgeous 😍🎶🙌🏻 #tune https://t.co/quGOkhq37Z]]></document>
		<document><![CDATA[SO MUCH GREAT MUSIC! https://t.co/krIcY6NDDc]]></document>
		<document><![CDATA[@8RadioIreland @Dan8Radio @gunsnroses LOVING  THIS!! #tune https://t.co/nc2Uwkujvh]]></document>
		<document><![CDATA[@NovatoneMM thank you 😘📻🙊]]></document>
		<document><![CDATA[I may have no money but I have the music! #gigaddict https://t.co/sI32dBasiZ]]></document>
		<document><![CDATA[Obsessed with @TRA_AMS RN #tune https://t.co/x1HjASxZiV]]></document>
		<document><![CDATA[Jaysus seems like there was a complete meltdown while I was away from tinternet! #virginmedia]]></document>
		<document><![CDATA[Current status: Eating toast in bed &amp; making playlists. #standard]]></document>
		<document><![CDATA[@wirelessflirt @8RadioIreland @Simon8Radio @Dan8Radio Welcome back to Dublin😀]]></document>
		<document><![CDATA[@taragleeson @fanningsessions @8RadioIreland It's a joyous thing to hear you on the airwaves! Can't wait!]]></document>
		<document><![CDATA[Love this tune 😍🎶 #musicismyradar https://t.co/hT2B5C4Gx0]]></document>
		<document><![CDATA[@rachwritesstuff see you then !! 👍🏻🌟]]></document>
		<document><![CDATA[@dubsoulrebel hey there! Thanks so much but I've a promise of a standing ticket. Really appreciate it though 😊]]></document>
		<document><![CDATA[I thought I was ok about not having a ticket for @superfurry @olympiatheatre turns out I'm NOT. Dear #ticketfairy can you help?]]></document>
		<document><![CDATA[I am though! https://t.co/4jZJToaNeC]]></document>
		<document><![CDATA[@louiseber @wikia Thanks!! How did I not know that ??]]></document>
		<document><![CDATA[Was @IggyPop in Star Trek DS9 though?? Take away the alien ears and IMAGE! https://t.co/bMJocGvT9v]]></document>
		<document><![CDATA[@DeezerHelp thanks !]]></document>
		<document><![CDATA[@8RadioIreland @Simon8Radio Can we have Prefab Sprout "The King Of Rock N Roll" ? Mad video with a toad in a tuxedo to boot 😂]]></document>
		<document><![CDATA[@AngelHue @8RadioIreland @NovatoneMM no I AM rock &amp; roll!! I'm on my pjs on my lap top eating a protein bar!! 😂😂]]></document>
		<document><![CDATA[@8RadioIreland @NovatoneMM @thebeatles @AngelHue At least I'm not subjected to domestic servitude 😂]]></document>
		<document><![CDATA[Oh @NovatoneMM this is such a tune!! Making working on a Sunday easy! @8RadioIreland @thebeatles 😍🎶😍 https://t.co/Yoo0Y0idPP]]></document>
		<document><![CDATA[When the traffic soundtrack is great! @8RadioIreland #tune https://t.co/9vfZQ0JQSl]]></document>
		<document><![CDATA[Dear @DeezerIreland who do I contact about being charged for a service I cancelled please?]]></document>
		<document><![CDATA[@shaunnearyphoto @CraigKingma @8RadioIreland for sure!!!]]></document>
		<document><![CDATA[@8RadioIreland up against @TalkingHeadsOff not a fair fight!!]]></document>
		<document><![CDATA[Our local paper deals with the big issues! https://t.co/LaYSMWXWpQ]]></document>
		<document><![CDATA[So @amattwhitejoint likes me!!! Just as well coz I LOVE him!! https://t.co/QXq5KZUyHU]]></document>
		<document><![CDATA[I LOVE this!! https://t.co/mIT0Oa9YdQ]]></document>
		<document><![CDATA[@altirishmusic ps speaking about you after these tunes!! 😉]]></document>
		<document><![CDATA[@altirishmusic I know sorry!! 😬😬 Will make up for it with the tunes!! 😀]]></document>
		<document><![CDATA[@CraigKingma I did once but we are done !]]></document>
		<document><![CDATA[@CraigKingma with you on that one !]]></document>
		<document><![CDATA[Be deadly if you could join me ! https://t.co/cI6bWgzG2e]]></document>
		<document><![CDATA[@altirishmusic I wish! Wouldn't have been allowed out of school &amp; up-to Dublin!]]></document>
		<document><![CDATA[@altirishmusic 😂 just getting my playlist together for tomorrow night. You are getting a mention 😉]]></document>
		<document><![CDATA[@RichieMcCormack this though!!          https://t.co/WUuWcUaE6r]]></document>
		<document><![CDATA[@RichieMcCormack true story!]]></document>
	</documents>
</author>