<author lang="en">
	<documents>
		<document><![CDATA[#TrumpWins4USA https://t.co/lgHawd6m32]]></document>
		<document><![CDATA[#TrumpWins4USA https://t.co/CDrjwBs4SS]]></document>
		<document><![CDATA[#TrumpWins4USA https://t.co/f2h2aO9ekK]]></document>
		<document><![CDATA[#TrumpWins4USA https://t.co/ECo8CNyTgf]]></document>
		<document><![CDATA[#TrumpWins4USA https://t.co/qilOZhA9uY]]></document>
		<document><![CDATA[#TrumpWins4USA https://t.co/wjj2h97kzE]]></document>
		<document><![CDATA[@foxandfriends @toddstarnes @FoxNews  WOW!  Just SO SAD!  Too many agitators!!!]]></document>
		<document><![CDATA[#TrumpWins4USA https://t.co/ZbEC1JvbYZ]]></document>
		<document><![CDATA[#TrumpWins4USA https://t.co/kJjJS4HMpD]]></document>
		<document><![CDATA[#TrumpWins4USA https://t.co/Jt6iynIi8t]]></document>
		<document><![CDATA[#TrumpWins4USA https://t.co/MdZwA1M0sN]]></document>
		<document><![CDATA[#TrumpWins4USA @realDonaldTrump @POTUS #MAGA #mypresident WINNING!!]]></document>
		<document><![CDATA[#TRUTHmatters https://t.co/YZFYyhJbtF]]></document>
		<document><![CDATA[Wow! @CNN needs to get a REAL life! https://t.co/kzK7CPoZX6]]></document>
		<document><![CDATA[Lock them up! https://t.co/EimOmeRvpc]]></document>
		<document><![CDATA[Lock them up! https://t.co/QjMcWuTsOb]]></document>
		<document><![CDATA[ANYONE showing up to "events" dressed in black with MASKS ON are only there for VIOLENCE!   Arrest them on the spot!!]]></document>
		<document><![CDATA[#AmericaFirst https://t.co/KoE1iPr30c]]></document>
		<document><![CDATA[@LindaSuhler @JuddApatow I say ANYONE encouraging or inciting riots or hurting ppl should go straight to JAIL and pay $$$$$$$]]></document>
		<document><![CDATA[Encouraging?? Crazy MoFo https://t.co/Kf1rHYqGmK]]></document>
		<document><![CDATA[Thank you @TonyRobbins https://t.co/zObxuOpVpI]]></document>
		<document><![CDATA[@thecjpearson The Dems and Liberal have spent 8 years patting themselves on the back as winners and going crazy with their LOSS now.]]></document>
		<document><![CDATA[Exactly!!! https://t.co/8X97PYD605]]></document>
		<document><![CDATA[World is going CRAZY! https://t.co/E4xK3aH68y]]></document>
		<document><![CDATA[@RealJamesWoods @HillaryClinton @FoxNews AND because MEDIA kept falsely repeating that she WON the popular vote, ppl going crazy still.]]></document>
		<document><![CDATA[Thank the Lord!!! https://t.co/mviHO53bJ1]]></document>
		<document><![CDATA[Media spreads LIES but can't spread TRUTH on Trump!! https://t.co/DeV3kUhI4m]]></document>
		<document><![CDATA[Call 646-535-9720 and leave a message saying that you are happy we are safer now with President Trump.]]></document>
		<document><![CDATA[@Tip Admit it! Ur here for the PARTY!!🏈😂👍]]></document>
		<document><![CDATA[@Tip FYI maybe u should not show his address and phone # to the world? JS 💚]]></document>
		<document><![CDATA[@alexis89867  half the battle is finding the right DR.]]></document>
		<document><![CDATA[Exactly! https://t.co/bk6NH4DMfY]]></document>
		<document><![CDATA[#TRUMP_nado coming through! https://t.co/L9IK0LTBdK]]></document>
		<document><![CDATA[@GeraldoRivera @realDonaldTrump Why is everyone so worried about WHO will pay for the wall?]]></document>
		<document><![CDATA[#IfTheMediaDidntLieSoMuch https://t.co/iJ1zGyfB1y]]></document>
		<document><![CDATA[#TRUMP_nado should be trending!!!]]></document>
		<document><![CDATA[@steph93065 @LindaSuhler @truth_nado  Hell yeah!!  We're not going anywhere.We still have @realDonaldTrump #PresidentTrump @POTUS his back!!]]></document>
		<document><![CDATA[Hell yeah!!   But we're not going anywhere....We still have @realDonaldTrump #PresidentTrump @POTUS his back!!! https://t.co/H88v7VgEDr]]></document>
		<document><![CDATA[#BringITHollywood!  $$$$ https://t.co/Lt4E2HFYu3]]></document>
		<document><![CDATA[#hypocrisyDEMS https://t.co/Ybbrc8ua9M]]></document>
		<document><![CDATA[@DonnieWahlberg Yes, it is Donnie. Yes, it is!]]></document>
		<document><![CDATA[@MarioLopezExtra @Schwarzenegger Mario. Mario. Don't forget he cheated on Maria!]]></document>
		<document><![CDATA[@greta @RepCummings @MSNBC I disagree with Cummings. 💋😎]]></document>
		<document><![CDATA[@Tinywillis3 @MarcoGutierrez  La Raza needs to disband. It was for a different TIME!]]></document>
		<document><![CDATA[#loving it https://t.co/vfeihFtVQb]]></document>
		<document><![CDATA[@benshapiro @sweetatertot2 @AmbassadorRice  personally, I don't believe anything @SusanRice says. The big video LIE.]]></document>
		<document><![CDATA[@greta @jhadleyconrad @CNN   I love you Greta, no matter where ur reporting from!]]></document>
		<document><![CDATA[ThTs what I said! https://t.co/88fKCU5Nfo]]></document>
		<document><![CDATA[#MarchforLife2017 https://t.co/VfFft8zj7h]]></document>
		<document><![CDATA[#MarchForLife https://t.co/8u2jQP44YU]]></document>
		<document><![CDATA[#MarchForLife https://t.co/Y53pVCD6oE]]></document>
		<document><![CDATA[#MarchForLife https://t.co/NnSxpZX7q8]]></document>
		<document><![CDATA[#ThankYouTrump #fakeMedia https://t.co/9ZEqr1QkBk]]></document>
		<document><![CDATA[@foxandfriends this is just STUPID.]]></document>
		<document><![CDATA[#TRUMPnado #draintheswamp https://t.co/ysw8RzYHKI]]></document>
		<document><![CDATA[#TRUMPnado is coming thru! https://t.co/7z7Fy5SOSQ]]></document>
		<document><![CDATA[@atlaswon @POTUS #StateDepartment
#TRUMPnado coming thru!]]></document>
		<document><![CDATA[Don't fear the #Sharknado...FEAR the #TRUMPnado!!]]></document>
		<document><![CDATA[#TypicalObama https://t.co/9ktNNQOHL1]]></document>
		<document><![CDATA[#truthmatters https://t.co/RGrfULY5Rg]]></document>
		<document><![CDATA[#truthmatters https://t.co/ZY44yju8Xc]]></document>
		<document><![CDATA[#truthmatters https://t.co/52p7Y01B29]]></document>
		<document><![CDATA[#MaryTylerMoore https://t.co/ExpIxPvBRZ]]></document>
		<document><![CDATA[#NCIS  already has me wide eyed!]]></document>
		<document><![CDATA[@helloross Ha Ha  (I had to find out when LLCoolJ used it!)]]></document>
		<document><![CDATA[@saralover11 I'm not saying votes for HRC were fake.  Who know?  Election is OVER.]]></document>
		<document><![CDATA[@saralover11 and... Whether appreciated or not, facetious things are not for real.]]></document>
		<document><![CDATA[@saralover11 Ppl use Sarcasm "a sharp, bitter, or cutting expression or remark; a bitter gibe or taunt." or being facetious.]]></document>
		<document><![CDATA[@saralover11 REALLY?  Trump said lots of things sarcastically during campaign.  Obama was SERIOUS/told illegals to "get out there &amp; vote"]]></document>
		<document><![CDATA[@saralover11 Nope!  I knew it was just a joke.]]></document>
		<document><![CDATA[@APSouthRegion @AP Thank Obama for that!]]></document>
		<document><![CDATA[@Conservative_VW @RichardTBurnett reassignment]]></document>
		<document><![CDATA[@LindaSuhler I remember watching and hearing Obama say this.  I was flabbergasted!]]></document>
		<document><![CDATA[She's an ass. https://t.co/IXFsEStAY7]]></document>
		<document><![CDATA[#crooked media https://t.co/xh1fFO1UUA]]></document>
		<document><![CDATA[#WomensMarch is TRASH https://t.co/EcesAMG5Qi]]></document>
		<document><![CDATA[@HispanicsTrump Because they have been comparing EVERYTHING to Obama's inauguration and want to say HIS was better!  #Trump45]]></document>
		<document><![CDATA[#PresidentOfTheUnitedStates https://t.co/QvcXi2le3l]]></document>
		<document><![CDATA[@realDonaldTrump #TrumpInauguration #Trump45 I am SO PROUD of your strength, courage, and commitment! #MYPRESIDENTTRUMP]]></document>
		<document><![CDATA[@REALStaceyDash It will still be in the History books.  Dumb teacher!]]></document>
		<document><![CDATA[@chrissyteigen Come on.  You have more class than that!]]></document>
		<document><![CDATA[@FOX5Atlanta @realDonaldTrump This moment brought tears to my eyes!  So PROUD!]]></document>
		<document><![CDATA[#GODBLESSTHEUSA https://t.co/MGSVR8S0CY]]></document>
		<document><![CDATA[#TrumpInauguration AWESOME!!!!!]]></document>
		<document><![CDATA[#inaugurationceremony https://t.co/QSnSA1zwbi]]></document>
		<document><![CDATA[@antoniosabatojr @LindaSuhler @realDonaldTrump proud of you @antoniosabatojr and your Mom!]]></document>
		<document><![CDATA[#Inauguration2017 https://t.co/9akITQQUA8]]></document>
		<document><![CDATA[@USAforTrump2016 @realDonaldTrump wish I could be there!!!]]></document>
		<document><![CDATA[@TheRock @BallersHBO Hurry! Hurry!  I'm tired of waiting for @BallersHBO!!  Love it]]></document>
		<document><![CDATA[#Inauguration https://t.co/2nCnD8vqrP]]></document>
		<document><![CDATA[@Tip I love u man but give some respect to the whole picture.]]></document>
		<document><![CDATA[#AmericaFirst #Inauguration2017 https://t.co/qcEHqsg9gu]]></document>
		<document><![CDATA[#AmericaFirst https://t.co/T6yIbFQpWg]]></document>
		<document><![CDATA[@AustinAllsup sorry for your loss.]]></document>
		<document><![CDATA[Enjoyed #SING so much!]]></document>
		<document><![CDATA[@BetteMidler ... and all because we have not had a good leader for 8 years!]]></document>
		<document><![CDATA[@RichardTBurnett no back peddling Arnold!!]]></document>
		<document><![CDATA[#bighairdontcare https://t.co/9vQ1NAh119]]></document>
		<document><![CDATA[#truth be told https://t.co/tVBADhCl9D]]></document>
		<document><![CDATA[#truth be told https://t.co/28aXCD4gtm]]></document>
	</documents>
</author>