<author lang="en">
	<documents>
		<document><![CDATA[@noahmichelson Just love getting schooled by a Russian Egg about American civil liberties!Protesting facism is the most American thing to do]]></document>
		<document><![CDATA[The Data That Turned the World Upside Down https://t.co/9dI8zrl11c via @motherboard]]></document>
		<document><![CDATA[@WholePlateWay @IndivisibleTeam I wouldnt underestimate them...Bannon is on the record saying he wants to destroy the goverment]]></document>
		<document><![CDATA[#BREAKING: POLITICO Breaking News: President Donald Trump on Monday replaced acting Attorney General Sally Yates w via @POLITICO for Android]]></document>
		<document><![CDATA[@deepakguptalaw What does it mean that its being reported that DHS will not follow the orders]]></document>
		<document><![CDATA[@kellydraper @imillhiser @frankdugan I agree! Makes me physically ill when I see him speak]]></document>
		<document><![CDATA[@kellydraper @imillhiser @frankdugan So do I! He is a spinless weasel!]]></document>
		<document><![CDATA[@imillhiser @frankdugan Start here with the Republicans at the Koch brothers retreat in palmsprings this weekend https://t.co/0Qcvz7VEpb]]></document>
		<document><![CDATA[List of Republicans attending Koch brothers retreat in Palm Springs...this needs a protest. Cali indivisable team c… https://t.co/hAuSAqo9dR]]></document>
		<document><![CDATA[@Paiyslee Thats what Trump wants, a war or attack will gin up his support. Fear mongering works when theres a enemy, even imagined ones]]></document>
		<document><![CDATA[@Lonestarmomcom @4everNeverTrump @MrDane1982 Bigger than red vs blue. What we stand for now as Americans and decent humans is the fight.]]></document>
		<document><![CDATA[@hardball this prolife chick is full of shit,thanks alot for giving her a platform against women and spreading alterntive facts!]]></document>
		<document><![CDATA[@erintothemax Its ok for Trump to grab woman by the pu**y but buises Mike Pences bible when a woman makes her own healthcare choice about it]]></document>
		<document><![CDATA[“Week 1 in Trump’s America” by @ZackFord https://t.co/d1cudWJsTv]]></document>
		<document><![CDATA[@AAPsyc @stoneangel_ They've done mass brainwashing on their base, but have always disguised racism,bigotry and misogyny as "family values"]]></document>
		<document><![CDATA[@AAPsyc @stoneangel_ One is trying to pass a law that you can legally run over protesters,no point to low for the GOP]]></document>
		<document><![CDATA[@AAPsyc It all makes me anxious. Were lacking leadership and everyone is grasping at straws. We have some momentum it needs to be harnessed]]></document>
		<document><![CDATA[@AAPsyc This Russia stuff gets deeper everyday,thats another one that could cause his end. GOP will scatter like rats if thats proven]]></document>
		<document><![CDATA[@AAPsyc Its a slippery slope but all they need is to get his taxes in discovery and that will start the downfall.]]></document>
		<document><![CDATA[@AAPsyc Rubios main donor is the Mercers who is the $ Behind Conway and Bannon..he never was gonna go against their agenda]]></document>
		<document><![CDATA[@AAPsyc Its awful and devastating. I think Trumps problems will be outside of congress, lawsuits and scandals could cripple him]]></document>
		<document><![CDATA[@AAPsyc Talk is he dont have all the votes.Have you seen the commercials asking to confirm him? Wouldnt be spending $ if it was a sure shot]]></document>
		<document><![CDATA[@AAPsyc I hear ya! I just wish it were the same situation where we could obstruct. I think Shummer has a plan to divide them from within]]></document>
		<document><![CDATA[@AAPsyc The difference was they actually did stop him, Dems dont have the power they did. A resounding no to Sessions might be heard]]></document>
		<document><![CDATA[@AAPsyc My guess is they are saving the opposition where it might make a difference,like Sessions.They really have no power to stop anything]]></document>
		<document><![CDATA[@AAPsyc The Dems should cut him off and eventually he would fade and so would his cult. Dems need to focus and stop pandering to his base]]></document>
		<document><![CDATA[@AAPsyc He is devisive and doing this for his own ego...Sit down and STFU up Bernie]]></document>
		<document><![CDATA[@AAPsyc Took 2 months to support HRC and 2 days for Trump. His team his attacking Democrats. He isnt even a Dem so why cause fights over DNC]]></document>
		<document><![CDATA[@AAPsyc Ageed! Theres even some Bernie speculation out there, everyone seems to forget his team was the first to steal/hack the DNC]]></document>
		<document><![CDATA[@AAPsyc She assumed HRC was gonna win and she'd come out as a opposition hero. Knowing that Steins votes mattered she gets to wear this one!]]></document>
		<document><![CDATA[@AAPsyc Yes she is! Supporting Stein knowingher white privilege assures she wont suffer or be disadvantaged in this nightmare.]]></document>
		<document><![CDATA[@KirkStooart Only signature I want to see is the one on his impeachment papers :)]]></document>
		<document><![CDATA[@AAPsyc I wont put all this on millennials, there was ignorant to span many generations]]></document>
		<document><![CDATA[@AAPsyc They were raised in the everybody gets a trophy era. Wilfully unaware of the long and hard fights it took to get change]]></document>
		<document><![CDATA[@AAPsyc Exactly! Bernie Bots and Trumpers are of the same mindset,blindly following with no information expect that spewed from their leader]]></document>
		<document><![CDATA[@AAPsyc They are still using their Bernie purity test to attack fellow Democrats. Their outrage now is hypocrisy since they caused this]]></document>
		<document><![CDATA[@SenSchumer @SenateDems This should really piss the GOP old gaurd off! Trump said he wanted this, its a good way to show he's full of shit!]]></document>
		<document><![CDATA[@TinaMcGugan @JesseLaGreca Ive seen what theyve done to your economy and schools...its absolutely disgusting...so sorry]]></document>
		<document><![CDATA[@xdelmar59 Bernie and His "Our Revolution" are attcking other Congressional Dems...calling for challanges on safe seats and ignoring Repubs]]></document>
		<document><![CDATA[@Kelleyk43 @HRC Well...at least theres that]]></document>
		<document><![CDATA[@4free_Ukraine @soledadobrien @jaketapper @washingtonpost Exactly!]]></document>
		<document><![CDATA[@Karoli Abused women deserve help no matter what their views.If you support womens rights you support ALL women not just liberal ones]]></document>
		<document><![CDATA[@ejh0571 @RealMuckmaker @bipartisan WL dont want their Russia connection exposed, probably just a reminder to Trump they have stuff on him]]></document>
		<document><![CDATA[@RealMuckmaker @bipartisan Think its just smoke and mirrors...anything to deflect from Russia connection]]></document>
		<document><![CDATA[@marycaddell Good people help anyone in trouble...period!]]></document>
		<document><![CDATA[@Endoracrat @AlexMorash Bern Bots tried to erase her but failed! Many thousands were there for HRC and honored her. Cant let Bots devide us]]></document>
		<document><![CDATA[@TimODee16 Shes at MSNBC but she sold her soul and credibility to FOX. Someone who defended Ailes probably dont get the spirit of this march]]></document>
		<document><![CDATA[@bellalotus34 @RVAwonk @greta @MSNBC Thats when I changed the channel]]></document>
		<document><![CDATA[@RussellsRiff I changed mine instantly and about an hour later locked me out saying I was sending automated tweets. I wasnt, seems fine now]]></document>
		<document><![CDATA[@RussellsRiff All of my liberal journalist follows disappeared also.]]></document>
		<document><![CDATA[@RussellsRiff @POTUS @USATODAY Happened to me also,all of sudden following Mike Pence. I unfollowed Veep on thursday.]]></document>
		<document><![CDATA[@AAPsyc @CNN @CNNPolitics I lost that hope during the election, I dont want my news filled with pundits, tweets and propoganda]]></document>
		<document><![CDATA[@KimCamarato @SpeakerRyan Lets work like hell to double that number!]]></document>
		<document><![CDATA[@AAPsyc @CNN @CNNPolitics Thank you C-span for covering the real news story today!]]></document>
		<document><![CDATA[@BarackObama @ObamaFoundation Thank you for giving us "HOPE" again when we need it the most.]]></document>
		<document><![CDATA[Day 1 of Trump Administration: ACLU filed a FOIA request. Let's hold the president accountable - take action now: https://t.co/NMDPuXEQcl]]></document>
		<document><![CDATA[@jilnotjill @artnmuzic This is far worse]]></document>
		<document><![CDATA[Great Resource! https://t.co/yBf4EstSlP]]></document>
		<document><![CDATA[@TeresaHutson1 My liver said screw it! Open that other bottle of wine! :)]]></document>
		<document><![CDATA[@AAPsyc Im very suspicious of anyone who ISN'T depressed and crying. I will be sad until tomorrow...then I fight like hell!]]></document>
		<document><![CDATA[@SusanMaylone Still so timely...sad that it is]]></document>
		<document><![CDATA[@TomPerez Tell 'em Tom!! You got this!]]></document>
		<document><![CDATA[@SenatorDurbin @Medium Its your decision. I will not normlize this transition and will be watching your votes to see if you still get mine.]]></document>
		<document><![CDATA[@nwg83 Yep Trump team! That will totally erase the disgust the gay community feels about you.]]></document>
		<document><![CDATA[Weather for Trump's Inauguration Day will be damp, dreary https://t.co/EMUeXjSgvV via @usatoday Good...Weather will reflect my feelings]]></document>
		<document><![CDATA[@Endoracrat @CNNPolitics Tom Perez has my support. He has fought the good fight for years and wont be bullied by Bernie or his bots!]]></document>
		<document><![CDATA[@oregondemocrat I do also, country above party.]]></document>
		<document><![CDATA[@Amy_Siskind @janeosanders She isnt even a Democrat so stay out of Democrat business,already done enough to splinter party...ridiculous!]]></document>
		<document><![CDATA[@ofonemind5585 Republicans confuse theology w/politics "this Christmas heralds a time to celebrate the good news of a new King" -R. Preibus]]></document>
		<document><![CDATA[@ElaineSowersby @barbaraward235 @SusanMaylone @Headerop1 There are also multi platform and 30 day ratings, any digital platform tracks now]]></document>
		<document><![CDATA[@SusanMaylone @Headerop1 Better yet.. turn your tvs on to anything that isnt the inaugural...that tracks ratings and  he hates low ratings!]]></document>
		<document><![CDATA[@RepRobinKelly As my Representative I am requesting you #StandWithJohnLewis and do not attend the inauguration]]></document>
		<document><![CDATA[@wvjoe911 @ringoffireradio hmm...thats a tuff one...like choosing between poison or a gunshot...either way life as we know it is dead]]></document>
		<document><![CDATA[Trump vows ‘insurance for everybody’ in Obamacare replacement plan
https://t.co/cgt1E3mgZZ Another defection, NO WAY this is real!]]></document>
		<document><![CDATA[Russian hackers penetrated U.S. electricity grid through a utility in Vermont
https://t.co/XjenYxjI4S]]></document>
		<document><![CDATA[@politico @Plantflowes @politicoalex Rauner is a wart on the ass of IL..he's even worse than the 2 we've sent to prison]]></document>
		<document><![CDATA[@jeffreywbruce Thanks!! Tweeted a followup.]]></document>
		<document><![CDATA[https://t.co/isGZqMfq6r I tweeted the original story earlier, now theres a question if its real. I guess we will have more details soon.]]></document>
		<document><![CDATA[@JoyAnnReid For a million bucks you can shoot a bald eagle with them! Killing a  national symbol pretty much sums up the Trump presidency.]]></document>
		<document><![CDATA[@KeepAmerGr8 @NYDailyNews Yep! Exactly! We do! The USA isn't South Africa...at least not yet]]></document>
		<document><![CDATA[@JoyAnnReid Unfortunately this will only indear him to the White Nationalist who make up his base. Further proof he's their guy]]></document>
		<document><![CDATA[@AriMelber Great job! Always tuff and exactly what MSNBC is supposed to be! Hope this is a permanent time slot for you!]]></document>
		<document><![CDATA[Lawyer: 'Appalled' by FBI warrant that shook Clinton https://t.co/AYvfieUFD7 via @usatoday]]></document>
		<document><![CDATA[@mmpadellan I hope Trump kept that box...he will need it to send her back in when she reaches her expiration date]]></document>
		<document><![CDATA[What Trump Foundation's 'self-dealing' disclosure means for a conflicted president-elect https://t.co/t3TTbNvX9W via @ConversationUS]]></document>
		<document><![CDATA[@aravosis Thats just swamp water with fancy label]]></document>
		<document><![CDATA[@erintothemax @Rewire_News Thats the right headline!Unlike USA TODAY's" Kasich signs less restrictive bill" BS]]></document>
		<document><![CDATA[Trump Homeland Security adviser helped contractors profit off harsh deportation policies https://t.co/y8T5t91DSR by @lhfang @awinston]]></document>
		<document><![CDATA[@xdelmar59 @thehill Heidi Cruz had her fired for trying to cozy with Ted, Melania will be thrilled if she keeps Don off of her]]></document>
		<document><![CDATA[Source: Donald Trump’s campaign is threatening “political reprisal” for defecting Republican electors https://t.co/h8NDYH3Kwh via @Salon]]></document>
		<document><![CDATA[@MattMurph24 Ryan is giddy with excitement that his conservitive wetdream will become a reality]]></document>
		<document><![CDATA[The Perfect Weapon: How Russian Cyberpower Invaded the U.S. https://t.co/73B4geNxOm]]></document>
		<document><![CDATA[“5 Ways Republicans Plan to Cut Social Security” @CAPAction https://t.co/TDaV5CJ1B7]]></document>
		<document><![CDATA[@lordxmen2k thats gonna be really hard to re-gift...they should have went with a candle]]></document>
		<document><![CDATA[@ejh0571 @newcivilrights Hate to answer with a cliche but here it comes..."those who dont learn from history are doomed to repeat it" :(]]></document>
		<document><![CDATA[@ejh0571 @newcivilrights MAGA is just for old striaght white rich guys who have been married 3x.1929 is the year that their aiming for]]></document>
		<document><![CDATA[@dlfriedlander @DoubleXMag @Slate Thanks! Info I read was from Time mag,should have questioned it after their person of the year pick😕]]></document>
		<document><![CDATA[@VABVOX Thank you for this peice and your courage. CT is child abuse and torture. It should be outlawed.]]></document>
		<document><![CDATA[@dlfriedlander lol...and your right! Seniors might be the voting block that cleans this congressional mess up in 2018!]]></document>
		<document><![CDATA[@dlfriedlander If Ryan gets his way they might find out sooner when they have no health insurance, medicare and social security gets cut :(]]></document>
	</documents>
</author>