<author lang="en">
	<documents>
		<document><![CDATA[Always lovely to see my favourite Wgtn City Councillor @ Wellington, New Zealand https://t.co/yOYooSTSJd]]></document>
		<document><![CDATA[Great to meet with Wellington IT firm Raygun in their new Courtenay Pl offices today.… https://t.co/Z5n73qUAn7]]></document>
		<document><![CDATA[RIP Sir John Hurt, a great talent of the big a small screens. https://t.co/6GKTjdiIAO]]></document>
		<document><![CDATA[A stunning day for the Rugby Sevens - a shame the fun police have largely killed them off with… https://t.co/kxqAWdjoXm]]></document>
		<document><![CDATA[That last shake was a 4.0. Glad the Govt is implementing faster tie back deadline for unreinforced masonry with $3m… https://t.co/1X456b5cqZ]]></document>
		<document><![CDATA[Great to catch up with Toni from Wgtn Gold Award-winning Green Cabs #workingforwgtn @… https://t.co/jhznGJv6D6]]></document>
		<document><![CDATA[@louishoulbrooke I lived there for eighteen months. They have their upsides - do you have a view?]]></document>
		<document><![CDATA[What a classic #vintagecar @ New Zealand Parliament Buildings https://t.co/LGYGFH8Gsc]]></document>
		<document><![CDATA[Excellent summary of the inauguration from @philquin  https://t.co/adBsQcl0KV]]></document>
		<document><![CDATA[I caught up with the energetic Rachel Qi today to plan Chinese New Year functions for the… https://t.co/1ZfYew3hHg]]></document>
		<document><![CDATA[Great super friendly service from the driver on the Number 44 bus tonight. 😄🚌 @ Lambton Quay https://t.co/DnEZ1r2dJx]]></document>
		<document><![CDATA[Second attempt at Moroccan chicken in two weeks - this one will feature in the news shortly 😄 @… https://t.co/QuC7tgsU5y]]></document>
		<document><![CDATA[Lovely to catch up with ladytory89 over lunch today https://t.co/2GXCO2yTH0]]></document>
		<document><![CDATA[Nice to see this in a Wellington shop window #diversity @ Lambton Quay https://t.co/XcFxkWrEBs]]></document>
		<document><![CDATA[@Sinesurfer @nzherald very tabloid]]></document>
		<document><![CDATA[@AyeAye111 @GeorgeKCampbell @nmjyoung I'd be interested to know too]]></document>
		<document><![CDATA[Woodward St #demolition @ Wellington, New Zealand https://t.co/OSEzfkLZSp]]></document>
		<document><![CDATA[Doing a home cooked Moroccan chicken #wellynoms @ Wellington, New Zealand https://t.co/PcwCDO9KuK]]></document>
		<document><![CDATA[@roddrury Caramel slice on the way?]]></document>
		<document><![CDATA[RIP Carrie Fisher, may the force be with you always.]]></document>
		<document><![CDATA[Delighted my friend and colleague @ToddBarclayMP had been reselected. He's a hard working MP and a great guy.]]></document>
		<document><![CDATA[@AyeAye111 But a sonic spork... can it also unlock doors?]]></document>
		<document><![CDATA[@JordNZ @TheEconomist Not my mate Jordan, I just saw him out of the country.]]></document>
		<document><![CDATA[Welcoming a distinguished new backbench colleague to Level 2 Parliament House @ New Zealand… https://t.co/9av45L22DP]]></document>
		<document><![CDATA[Congrats @simonoconnormp and Rachel, and much aroha to you both @ Parnell, New Zealand https://t.co/IyLuOdPLDu]]></document>
		<document><![CDATA[We have two amazing options for Deputy Leader - after a hard choice I'm backing @simonjbridges]]></document>
		<document><![CDATA[Congrats to the Prime Minister-elect, Hon Bill English @ Parliament House, Wellington https://t.co/uwPZJyOH1k]]></document>
		<document><![CDATA[I chaired Parliament for about two minutes this afternoon. A novel experience. @ New Zealand… https://t.co/4tAWkGsa8q]]></document>
		<document><![CDATA[@DavidShearerMP parliament's loss will be the Sudanese people's gain. You are a good man with great integrity David - all the best.]]></document>
		<document><![CDATA[Wonderful to see the Clerk of the House awarded an accessibility prize for our captioning… https://t.co/r3QAiVgm0c]]></document>
		<document><![CDATA[#bestofus Kiwibank Local Hero aWards https://t.co/P04HmIOlpu]]></document>
		<document><![CDATA[@JoelRowan I take their point though Joel. We should clarify the law in this regard to ensure tax relief is for good deeds, not demonisation]]></document>
		<document><![CDATA[@laurenjwallis hope it patches up soon 😄💕]]></document>
		<document><![CDATA[@rainermac @Onz_Pod if @cjsbishop 'a very fine member's bill is drawn Jordan you won't need to go through that needless rigmarole]]></document>
		<document><![CDATA[@AyeAye111 hope the apartment was   undamaged Annabel]]></document>
		<document><![CDATA[@clarecurranmp um Clare he massacred thousands of his own people with his firing squads. #butcher]]></document>
		<document><![CDATA[@MatyOBrienNZIIA @rparsi @NZParliament @eventbrite @philquin if you're free Phil you may find this interesting]]></document>
		<document><![CDATA[Intergen house on the Terrace has been cordoned off due to risk of debris - consider diverting down Lambton Quay if you're heading that way.]]></document>
		<document><![CDATA[Great news an emergency route into Kaikoura has been secured. Superb work from emergency responders. #eqnz @stuartsmithmp @SimonBridgesNZ]]></document>
		<document><![CDATA[Always there for us in times of hardship. @ New Zealand Parliament Buildings https://t.co/Rmmhup5ONq]]></document>
		<document><![CDATA[Small ray of sunshine on an otherwise challenging day - Tui in the flax by the library... @ New… https://t.co/3Ut2uh6JmJ]]></document>
		<document><![CDATA[@melissaleemp @charles_finny factor in some clean up time Mel. I've also got a lot of plaster cracking...]]></document>
		<document><![CDATA[@charles_finny need a new TV, lost a bit of porcelain and crystal. But alive and well, single malts intact.]]></document>
		<document><![CDATA[@charles_finny hope you're OK Charles.]]></document>
		<document><![CDATA[That was the biggest shake we have had in Wgtn in a long while. Hope everyone is safe.]]></document>
		<document><![CDATA[Thank you, Your Majesties, for the beautiful mementoes. @ New Zealand Parliament Buildings https://t.co/aWrddvb0O5]]></document>
		<document><![CDATA[Who needs an alarms clock when we have wake up quakes at exactly 6am?]]></document>
		<document><![CDATA[@cjsbishop saw a clip on One News - great stuff guys]]></document>
		<document><![CDATA[This evening I had the huge honour of welcoming Their Majesties the Dutch King and Queen to… https://t.co/E1a8KlG4EL]]></document>
		<document><![CDATA[The PM was on form tonight in Wellington... https://t.co/fvpBPLRqLF]]></document>
		<document><![CDATA[Tonight a very special lady - Bernie Pool - was acknowledged with our electorate's highest… https://t.co/oCSDBY1u8p]]></document>
		<document><![CDATA[My colleague Melissa Lee spoke beautifully and proposed a traditional Korean Naval toast https://t.co/HTYnoZ0baS]]></document>
		<document><![CDATA[Enjoying visiting the Korean guided missile destroyer in Wellington Port @ Wellington Harbour https://t.co/7ULhPDrzJm]]></document>
		<document><![CDATA[Great chairing at the CID Conf from Hon Matua Shane Jones - Tks to the lovely @josiepagani for the invitation… https://t.co/iKvF8GsKQs]]></document>
		<document><![CDATA[Fulfilling a childhood ambition: driving the new airport fire truck ($1.2m worth) @ Wellington… https://t.co/gPmlK3TczI]]></document>
		<document><![CDATA[Something tells me this may not be an official Heritage Aotearoa plaque @ Lambton Quay https://t.co/HFGM9HAqTx]]></document>
		<document><![CDATA[Disappointed my friend Mazz just missed out, but fourth highest polling in Lambton Ward is an… https://t.co/bjZ7tVWB42]]></document>
		<document><![CDATA[I was honoured to be the NZ Govt Rep at Tuvaluan community celebrations in Wellington @ Lambton… https://t.co/Z1vvruq2Bc]]></document>
		<document><![CDATA[Humbled to meet the amazing Mary Fisher,  NZ Gold winning backstroke paraOlympian… https://t.co/8JeHVVLzgd]]></document>
		<document><![CDATA[A large crowd enjoyed seeing the new Governor-General sworn in today. #pompandcircumstance @ New… https://t.co/livNUOhEBA]]></document>
		<document><![CDATA[68th anniversary of PR China @ Wellington, New Zealand https://t.co/OvxHhGOzye]]></document>
		<document><![CDATA[Hearing from the Fire Service and Volunteer Fire Brigades on the much needed update to their… https://t.co/oYYdhdAukr]]></document>
		<document><![CDATA[@philiplyth @rumpole3 difference here was Cunliffe preened in great detail with intricately prepared notes]]></document>
		<document><![CDATA[@WellingtonMayor thanks Celia 😄]]></document>
		<document><![CDATA[@rumpole3 amazing - David Cunliffe just spoke for ten minutes on the wrong bill. Took offence that we took that long to realise :-)]]></document>
		<document><![CDATA[Happily I passed inspection with this cute and hardworking hound, Indie - Wgtn's top… https://t.co/868B3HCA3z]]></document>
		<document><![CDATA[Commemorating the Somme at Pukeahu #lestweforget @ National War Memorial (New Zealand) https://t.co/xeSPGiBMPx]]></document>
		<document><![CDATA[Happy moon festival to our Chinese community @ Civic Square, Wellington https://t.co/OhDpfRWpso]]></document>
		<document><![CDATA[Congrats to the Chef @ Wellington, New Zealand https://t.co/lxMroOtepe]]></document>
		<document><![CDATA[Nice to see Young Enterprise mentor extraordinaire Helen Joronen acknowledged tonight for… https://t.co/uZza5pXvtb]]></document>
		<document><![CDATA[papparichnz yum. Lovely to join you for your launch. @ Wellington, New Zealand https://t.co/2xcZSzlxX1]]></document>
		<document><![CDATA[A compassionate, positive and community-minded speech from @nickoleggett - I really like his… https://t.co/B7E7fTNuyV]]></document>
		<document><![CDATA[It's marvellously positive to have two strong female candidates in the mix running for Mayor of… https://t.co/sxq9kEltT1]]></document>
		<document><![CDATA[I'm sorry, but where is the focus on infrastructure, opportunities and environment? Wet houses as priority? #shifty https://t.co/nFngtdS0hj]]></document>
		<document><![CDATA[I'm in my Tinakori Rd office for the next couple of hours for drop in visitors #workingforwgtn @… https://t.co/5Pggq8GScN]]></document>
		<document><![CDATA[It's a lovely evening for some pamphleting in Kelburn #wgtngoodday @ Wellington Botanic Garden https://t.co/LC2sY2kb2V]]></document>
		<document><![CDATA[Thanks toddmullermp for speaking to our Metro Drinks tonight. @ Beehive (New Zealand) https://t.co/ybjo2k8bji]]></document>
		<document><![CDATA[Shocked that my friend and colleague @nikkikaye has to face a fight with cancer at such a young age. Get well soon Nikki 💙]]></document>
		<document><![CDATA[@Sinesurfer thanks Karl - I appreciate it 😄]]></document>
		<document><![CDATA[@RMAHarman I generally feel submitters should be shown courtesy whether we agree with their views or not]]></document>
		<document><![CDATA[Good submission from Federated Farmers of Local Govt updates this morning @ New Zealand… https://t.co/Z5OmcXcsd1]]></document>
		<document><![CDATA[Thanks @wallacelchapman for an interesting show]]></document>
		<document><![CDATA[I enjoyed @talkbacktim 's panel this morning https://t.co/F7XfjCaU4o https://t.co/uRem3YQ0kV]]></document>
		<document><![CDATA[@TraceyMartinMP what's wrong with a thinktank thinking about the challenges, and basing their findings on evidence? Seems smart to me 😄]]></document>
		<document><![CDATA[@Richard_Prosser hear hear]]></document>
		<document><![CDATA[@RSA_National very sad news. A perfect gentleman and someone who worked hard to preserve NZ's security and safety.]]></document>
		<document><![CDATA[@JoelRowan ideally they will all day yes. I'll certainly be petitioning for Wgtn City to liberalise.]]></document>
		<document><![CDATA[@wallacelchapman I suppose spacemen are too un-PC on several levels for a revival?]]></document>
		<document><![CDATA[Thanks @nickoleggett for submitting on Mr Little's 'Healthy Homes' Bill. Pointing out deficiencies in enforcement. https://t.co/iiaLIdbPIM]]></document>
		<document><![CDATA[@TraceyMartinMP I wouldn't describe research based presentation from Prof of Ed at Auck Uni 'lobbying' 😄]]></document>
		<document><![CDATA[@TraceyMartinMP you should have come to the Teach First briefing Tracey - exciting and inspirational staff for low decile schools]]></document>
		<document><![CDATA[@nickoleggett acquitted himself well today at committee. Shame Labour MPs had no questions for such a right winger 😄 https://t.co/bBWQztSLtJ]]></document>
		<document><![CDATA[a spectacular day in the Capital for the 'canes to enjoy their victory parade. Well done to the… https://t.co/YuJwL8srpf]]></document>
		<document><![CDATA[First ever experience of singing in Tagalog tonight with my colleagues #pinoysgoNational @… https://t.co/eCQaNaPlN8]]></document>
		<document><![CDATA[I really admire the patriotism of the team at the Huntleigh Rest Home in Karori: go the 'canes @… https://t.co/2eQfrmVBOS]]></document>
		<document><![CDATA[@WellingtonMayor we may have disagreed politically but I respect your passion for our city and your courtesy. Best wishes for next steps 😀]]></document>
		<document><![CDATA[Thanks rod.drury and your team at Xero for giving up your morning to meet with us @ Wellington,… https://t.co/0J16GCKx76]]></document>
		<document><![CDATA[Meeting Chinese business owners with @cjsbishop and @bhudson_nz https://t.co/wC2RFGVoQv]]></document>
		<document><![CDATA[On Backbenches tonight with the wonderful @wallacelchapman https://t.co/xFAbbgmMZM]]></document>
		<document><![CDATA[@nickoleggett you picked a wet and chilly day for it. But good on you and your team for getting out there.]]></document>
	</documents>
</author>