<author lang="en">
	<documents>
		<document><![CDATA[@douglaffan @BrianHutton188 @PenderMichael @FitnessCarlow glad you spotted that. That's how i start each day.]]></document>
		<document><![CDATA[@FitnessCarlow @douglaffan @BrianHutton188 @PenderMichael  *takes a bow*]]></document>
		<document><![CDATA[@douglaffan @BrianHutton188 @PenderMichael don't think I can make it later. This is happening... 😉… https://t.co/iHbShNtM6A]]></document>
		<document><![CDATA[@BrianHutton188 @douglaffan @FitnessCarlow @PenderMick do none of you have work to do ?!]]></document>
		<document><![CDATA[@BrianHutton188 @FitnessCarlow @douglaffan @PenderMick I'll subscribe to that thanks!]]></document>
		<document><![CDATA[@FitnessCarlow @PenderMick @BrianHutton188 @douglaffan is that a statement or god forbid.... a throw down #RowVolution]]></document>
		<document><![CDATA[@DeeDeelicious73 ..... possible spanner in the works 😂...... have you seen @angelinasdublin ???]]></document>
		<document><![CDATA[@PenderMick step away from the food... #LightWeight #scaredypants https://t.co/iAlQy4sBzt]]></document>
		<document><![CDATA[@BrianHutton188 @FitnessCarlow @douglaffan @PenderMick  6 mins of my wit and repartee]]></document>
		<document><![CDATA[@FitnessCarlow @douglaffan @PenderMick @BrianHutton188 I was in #alternativefact land. I withdrawn my comment now. I'm game for nothing. 😳]]></document>
		<document><![CDATA[@FitnessCarlow lucky for you we're far from basic 😂😂 #RowVolution https://t.co/I4brwOHKqX]]></document>
		<document><![CDATA[When you're walking too fast for the speed of the automatic doors and face plant the glass instead .]]></document>
		<document><![CDATA[@soulogav not a day goes by that's I'm not stunned by your achievements. Incredible. Dry land is not far away.… https://t.co/OApxTxXEbS]]></document>
		<document><![CDATA[@FitnessCarlow @PenderMick @BrianHutton188 @douglaffan I'm never squatting with weights again... ever... till Thursday😫]]></document>
		<document><![CDATA[That ongoing convo of what you really want to write in a professional email versus what you do write. There is a book in me  #LaughingHard]]></document>
		<document><![CDATA[@douglaffan @FitnessCarlow @BrianHutton188 @PenderMick arse lick]]></document>
		<document><![CDATA[@douglaffan @FitnessCarlow @BrianHutton188 @PenderMick #alternativefacts or just old school #sarcasm ?]]></document>
		<document><![CDATA[Never underestimate the power of high heels, great coffee and @CrowdedHouseHQ greatest hits playing full volume to start the day]]></document>
		<document><![CDATA[Hilarious... if you're not too sensitive https://t.co/LEk9ikjNTR]]></document>
		<document><![CDATA[I really like this....  https://t.co/gk50WFnEVr]]></document>
		<document><![CDATA[The coffee isn't working. Is it too early for #gin? *throws hands up in despair* #MondayMadness]]></document>
		<document><![CDATA[@douglaffan @FitnessCarlow @BrianHutton188 @PenderMick  eg.... her: this is new, it wont hurt, you'll love it    Us: you're right ???]]></document>
		<document><![CDATA[True #mondaymotivation https://t.co/6eNtoiFNjT]]></document>
		<document><![CDATA[@FitnessCarlow, you'll be thrilled to know the KitKat guilt has been real. Growing as the day went on. You're good !!]]></document>
		<document><![CDATA[Start as you mean to go on... I had magic start to the day and it hasn't disappointed since  .... . #HappyHead #onwardsandupwards]]></document>
		<document><![CDATA[@AislingDonnell4 ....FYI today is #NationalCheeseLoversDay Just add wine or #Jerez 😊]]></document>
		<document><![CDATA[@soulogav I genuinely cannot fathom (groan!) what you are achieving. You're nearly there. Keep it up. Un-frickin-believable #RowGavRow]]></document>
		<document><![CDATA[@BarryMcGonigle_ there are no words ! None, Nada, Zilch, Zero]]></document>
		<document><![CDATA[@BarryMcGonigle_  god that's embarrassing]]></document>
		<document><![CDATA[@DeeDeelicious73 I didn't see it!! Twitter kept me entertained this morning]]></document>
		<document><![CDATA[@FitnessCarlow this is what I felt like last night.... 
https://t.co/PFiJu8ngbD]]></document>
		<document><![CDATA[#FirstDatesIRL on Twitter is funnier than the real thing 😂]]></document>
		<document><![CDATA[@FitnessCarlow I'm not yet ready to forgive you 😝. @douglaffan @BrianHutton188  I'm so sorry 😐 #DontPokeTheBear #RowVolution #Carlow]]></document>
		<document><![CDATA[@douglaffan @BrianHutton188 @FitnessCarlow I think that was my intention, I'm a sadist and taking you down with me 😈]]></document>
		<document><![CDATA[@BrianHutton188 @douglaffan she tried her best but @FitnessCarlow didn't break us 😂...... yet  #carlow #fitness]]></document>
		<document><![CDATA[No.words.needed.... other than these of course 😂 https://t.co/U3qa7f31XB]]></document>
		<document><![CDATA[@AislingDonnell4 sounds miserable! Have a ball]]></document>
		<document><![CDATA[@BrianHutton188 @douglaffan ...... Christ, I'm thinking of ringing in sick 😷 ... you're a freak @FitnessCarlow]]></document>
		<document><![CDATA[@douglaffan @FitnessCarlow @BrianHutton188 if you're the men she's referring to... 😂]]></document>
		<document><![CDATA[Today will be fuelled by coffee, a sense of humour and horrendous traffic apparently]]></document>
		<document><![CDATA[When you're absolutely wrecked, have 5am alarm call but just can't sleep grrrrrrrrrr]]></document>
		<document><![CDATA[@soulogav you are absolutely unbelievable. Keep it up Sir. #RowGavRow]]></document>
		<document><![CDATA[@FitnessCarlow if I can lift my arms tomorrow and use my legs, yes it will have been worth it !!!!! #GrittedTeeth]]></document>
		<document><![CDATA['Up the weights' she said, 'deadlifts' she said. Thanks @FitnessCarlow ! Thanks #DontReallyMeanIt #FitnessStudio… https://t.co/liIHTLrBWI]]></document>
		<document><![CDATA[@soulogav maybe solo but definitely not alone. We are ALL Cheering you on.  Empty the tanks, you have it in you. You can so this #RowGavRow]]></document>
		<document><![CDATA[@douglaffan @FitnessCarlow @BrianHutton188 ahhhhh I was wondering what had changed 😂😂]]></document>
		<document><![CDATA[@FitnessCarlow @BrianHutton188 @douglaffan It's like they were reading my mind..... #carlow https://t.co/Qy8LstZOBA]]></document>
		<document><![CDATA[@soulogav @TaliskerRace phenomenal!]]></document>
		<document><![CDATA[Quiet serene river, hot black coffee, @SnowPatrolBand Chasing Cars in my earphones. #PerfectMoment]]></document>
		<document><![CDATA[@suzsweene omg, what have i missed???]]></document>
		<document><![CDATA[@AislingDonnell4 was planning to be good. Emphasis on WAS 😉]]></document>
		<document><![CDATA[When a day goes soooo not to plan and there wont even be pizza and wine at the end of it  #FridayFeeling]]></document>
		<document><![CDATA[That was a bloody excellent class @FitnessCarlow . Your finest yet. If I can move tomorrow it will be a bonus 😂#carlow #fitness]]></document>
		<document><![CDATA[Tomorrow will hurt #ThreeWordTweet https://t.co/vVEWkp1iXN]]></document>
		<document><![CDATA[I Completely agree. IP too important to be messed with. Plus I'm a loyal @KeepCup owner of many years https://t.co/g7qvBP4rG2]]></document>
		<document><![CDATA[@DeeDeelicious73 would love to. Can't confirm till closer tho. Xx]]></document>
		<document><![CDATA[Taken January 1st. Can't stop looking at this pic for many reasons #NewYear #NewGirl #Tramore https://t.co/K0lSeiI4xA]]></document>
		<document><![CDATA[Technical term; Glorious Ache 😊The feeling you have, the morning after a hardcore session with @FitnessCarlow #fitness #carlow]]></document>
		<document><![CDATA[Christmas isnt over just yet.. I just found @OfficialHARIBO golden bears in my handbag. What a time to be alive ! and there they were GONE]]></document>
		<document><![CDATA[@FitnessCarlow ... an oldie but a goodie. Who knew I'd be so excited about apres workout pain 😂 #carlow #Fitness… https://t.co/wUwTizLyPh]]></document>
		<document><![CDATA[Three coffees into the day already... you know the holidays are over 😕 upside is the gorgeous scenery on commute #carlow #kilkenny]]></document>
		<document><![CDATA[Battery recharger. Soul Therapy. #tramore https://t.co/c8J59ocOPJ]]></document>
		<document><![CDATA[It's been too long. Need to go back soon. #soultherapy #beachlife #waterford https://t.co/9OXy3NdGYu]]></document>
		<document><![CDATA[Nothing but the best! #hashtag 😂 https://t.co/BFjYnWcWGi]]></document>
		<document><![CDATA[@douglaffan you &amp; G man groaned a lot so pain was expected. I'm still lacking the sympathy tho? @FitnessCarlow did you find any? #NoHeart]]></document>
		<document><![CDATA[It's been too long. Need to revisit. #waterford #soultherapy https://t.co/Gwc4XN2fpm]]></document>
		<document><![CDATA[@FitnessCarlow you're cheaper than therapy &amp; more fun. AND we learned of the workings of a criminal mind!! #RowVolution #StillLaughing 😂]]></document>
		<document><![CDATA[@FitnessCarlow I'm in that post #RowVolution pleasure / pain zone. Another great class .Tks #carlow https://t.co/u818ZSNSim]]></document>
		<document><![CDATA[@FitnessCarlow so much fun on Tues 'Boss' Bringing my aching body back tonight for more. Great banter. Great group. #Carlow #RowVolution]]></document>
		<document><![CDATA[@bazashmawy really really impressed and educated by #thelostmuslim thank you x]]></document>
		<document><![CDATA[Let the RowVolution begin! #carlow #sports https://t.co/qdp98XcBxY]]></document>
		<document><![CDATA[@RTEsport eh? Did that just happen? Was he defensive or what ?!!!!!]]></document>
		<document><![CDATA[Questionable decisions by ref. Tough match for all. Ireland did us very very proud. #TeamOfUs]]></document>
		<document><![CDATA[Forward pass. Seriously. WTF. #IREvNZL]]></document>
		<document><![CDATA[@FitnessCarlow too many. Wrong wrong wrong]]></document>
		<document><![CDATA[@douglaffan @FitnessCarlow this might come in handy !!! https://t.co/1XhtW0GU2e]]></document>
		<document><![CDATA[This thread is hilarious well done @AerLingus #AirlineChallenge https://t.co/TDZ6WlYXtU]]></document>
		<document><![CDATA[I'm no forecaster but that looks like a snowy sky *hands clasped in prayer*]]></document>
		<document><![CDATA[@FitnessCarlow , I'm there. Bring it! https://t.co/fDBsjWa5h8]]></document>
		<document><![CDATA[@AislingDonnell4 you're not wrong. @DianaHenryFood 'Simple' is divine. Can't put it down. Cooking (and eating) my way thru it]]></document>
		<document><![CDATA[@FitnessCarlow Interesting piece.Tks. I'm a closet DOMs lover - sign i worked hard. Walking is overrated anyway ;-)  #carlow #fitness]]></document>
		<document><![CDATA[@tommycahir Damn ! Missed it 😂.  I'll make up for it later with @FitnessCarlow I swear! Honest gov ! https://t.co/kk4YayXyVG]]></document>
		<document><![CDATA[@FitnessCarlow it's Thursday.... you know what that means #Row #fitness and aches tomorrow 😉]]></document>
		<document><![CDATA[Laughter IS the best medicine. #cantstoplaughing]]></document>
		<document><![CDATA[I will never underestimate the rare luxury that is wine,  the Sunday papers &amp; solitude #carignan #wine]]></document>
		<document><![CDATA[@marieB_SCcoach meet @FitnessCarlow two from the same pod in every sense #strengthandconditioning #fitness #hellandback]]></document>
		<document><![CDATA[I'm feeling the burn !!! https://t.co/rbwnGZ0hXC]]></document>
		<document><![CDATA[@FitnessCarlow who knew tag races in these would be so much fun. Love your classes. Ache in all the right places !!… https://t.co/SwfbY0tp5b]]></document>
		<document><![CDATA[@safe_chafer &amp; @FitnessCarlow , @Irishbiltong have an amazing product. I for one am a fan.]]></document>
		<document><![CDATA[@fionacunnane Unpleasant reading https://t.co/kJf85wwM1x]]></document>
		<document><![CDATA[You know you want to. It's a brill class #Carlow #fitness https://t.co/5sZxxyJhe3]]></document>
		<document><![CDATA[@douglaffan ... found in carlow, you'll be dining well tonight 😂 https://t.co/Gy4NxHSWK5]]></document>
		<document><![CDATA[Meanwhile on a happier note #christmas #johnlewis https://t.co/qQMu3nwrkJ]]></document>
		<document><![CDATA[@FitnessCarlow @safe_chafer does that mean you'll put gin into the @WaterRower??]]></document>
		<document><![CDATA[@safe_chafer @FitnessCarlow where do I sign up ?😁]]></document>
		<document><![CDATA[Love this class @FitnessCarlow. See you there. #carlow #fitness #happyheart https://t.co/gl9tzaFAq3]]></document>
		<document><![CDATA[@TraWildSwmrs @donalbuckley what a view]]></document>
		<document><![CDATA[The reason my shoulders hurt and are starting to look impressive !!! https://t.co/TRHBFMw0g5]]></document>
		<document><![CDATA[What else would you do on such a gorgeous morning #dragonboat #carlow #paddle https://t.co/LCBrjcxLmx]]></document>
		<document><![CDATA[@Posh_Faye not bad company either! Hi all !]]></document>
	</documents>
</author>