<author lang="en">
	<documents>
		<document><![CDATA[Have a suspicion @fiannafailparty are with the silent majority on this. https://t.co/Ad7leWjOnA]]></document>
		<document><![CDATA[They should make Nigel Farage the new #DoctorWho. 
Sure, he's obsessed with travelling back in time.]]></document>
		<document><![CDATA[For the world, and for itself, Europe must act its size. https://t.co/Bio20jUV9C]]></document>
		<document><![CDATA[@mrianleslie The sky and its lightning is the obvious enemy here. We should go to war against the sky.]]></document>
		<document><![CDATA[Capaldi's been great as #DoctorWho, but no longer must-see TV for me. Too bloody introspective. Like last season of "Sherlock"]]></document>
		<document><![CDATA[@clionadoyle Although the footage of Jeff Sessions questioning her is perfect.]]></document>
		<document><![CDATA[@clionadoyle that's her first ad in a Democratic primary set up!]]></document>
		<document><![CDATA[Eu needs to stop outsourcing its own security. https://t.co/ZI9aIY770g]]></document>
		<document><![CDATA[This is priceless! https://t.co/rzn8GgSNX9]]></document>
		<document><![CDATA[I'd say acting AG Sally Yates is itching to be fired by Trump #TrumpelNacht]]></document>
		<document><![CDATA[I mean, wouldn't protests outside Trump Hotels be like, really inconvenient for people paying Trump money to stay there? #MuslimBan]]></document>
		<document><![CDATA[Can't help thinking that protesting outside Trump hotels and annoying guests would really get under Donald Trump's skin. Just sayin']]></document>
		<document><![CDATA[@jamesbroadhead Best eps are the ones about how it all came about between the PM and the cab sec.]]></document>
		<document><![CDATA[@Richard_Schiff very true: there's an unwritten code of honour that seems gone. I blame Gingrich in '94 for politics of scorched earth.]]></document>
		<document><![CDATA[@Richard_Schiff is there anything to stop this guy just pardoning himself and his family at the end of everything? There's a bill for Dems!]]></document>
		<document><![CDATA[@PaulAnthonyWard it is striking how rare it is to see a UK flag fly in the republic.]]></document>
		<document><![CDATA[I'm expecting President Trump to nominate the zombified corpse of Jefferson Davis to Scotus tomorrow.]]></document>
		<document><![CDATA[@DPJHodges thank God for that!]]></document>
		<document><![CDATA[@DPJHodges I think it was Lisbon treaty.]]></document>
		<document><![CDATA[@DPJHodges I'm beginning to wonder did I imagine it. Can't find pics. But have image of him walking past empty tables full of dirty dishes!]]></document>
		<document><![CDATA[@DPJHodges Not as bad, but the optics were awful.]]></document>
		<document><![CDATA[@DPJHodges Gordon refusing to attend an EU treaty signing, and turning up to sign it alone, walking past dirty dishes after banquet?]]></document>
		<document><![CDATA[Yet another French Socialist running on the "You can eat all the cake you want but we'll make it illegal for you to put on weight!" platform]]></document>
		<document><![CDATA[For the world, and for itself, Europe must act its size. https://t.co/GreLaRvnJP]]></document>
		<document><![CDATA[Europe is a great place to live: freest place on Earth. #WeAreEurope https://t.co/8vHS38MqwS]]></document>
		<document><![CDATA[For the world, and for itself, Europe must act its size. https://t.co/Fi6DoUeUTq]]></document>
		<document><![CDATA[@ccrichton you too! No, left about 20 mins after you.]]></document>
		<document><![CDATA[I'd laugh if that ad had nothing to do with Trump and was just a scam to rip off Trump supporters. https://t.co/PruzvjEdcR]]></document>
		<document><![CDATA[@PaulAnthonyWard @collumbo actually, I agree. I'm just suggesting logical action if people really feel as strongly as they say.]]></document>
		<document><![CDATA[@collumbo @PaulAnthonyWard very unlikely. Shows that issue is all talk.]]></document>
		<document><![CDATA[@PaulAnthonyWard yes. Govt IS supposed to serve the Dail.]]></document>
		<document><![CDATA[@PaulAnthonyWard true. But unlike usual opp shape throwers, FF votes hold balance of power. If FF votes against confidence motion, Govt fall]]></document>
		<document><![CDATA[People lobbying wrong person. @MichealMartinTD is the person to lobby to stop @EndaKennyTD going to Washington. Has power to bring down govt]]></document>
		<document><![CDATA[Have a suspicion that many of people demanding/threatening @EndaKennyTD over Trump have never and would never vote @FineGael]]></document>
		<document><![CDATA[Interesting how Brexit is becoming "Support Brexit, support Trump." https://t.co/NVRnJKDrbH]]></document>
		<document><![CDATA[@SpeakerRyan in serious danger of going down in history as US Franz Von Papen.]]></document>
		<document><![CDATA[For the world, and for itself, Europe must act its size. https://t.co/Djte6buyU0]]></document>
		<document><![CDATA[Still: Hillary's emails. Dodged a bullet there.]]></document>
		<document><![CDATA[I posted this just before the election. Still relevant, I think. https://t.co/iZ12D4TMCR]]></document>
		<document><![CDATA[Here comes the Canada wall. https://t.co/pOeoRlvFhf]]></document>
		<document><![CDATA[For the world, and for itself, Europe must act its size. https://t.co/yvBoZB298T]]></document>
		<document><![CDATA[Just thought I'd throw this up. https://t.co/Cbu2DXqKBX]]></document>
		<document><![CDATA[Remember those people who said there was no difference between Hillary Clinton and Donald Trump? Quiet, aren't they?]]></document>
		<document><![CDATA[Let's be honest: you'd destroy your trousers laughing if Brexit led to US/UK trade deal that put NHS on the table.]]></document>
		<document><![CDATA[Of course, way UK is going, would not be that surprised if Brexiteers started renaming days:
DadsArmyDay, AlloAlloDay, 1966WorldCupDay...]]></document>
		<document><![CDATA[Every time I see a poll of party support I'm reminded there's not a single Irish party I'd vote enthusiastically for.]]></document>
		<document><![CDATA[Let's be clear: reason UK is travelling around tugging the forelock at allsorts is because it is leaving the EU. This is a price of #brexit]]></document>
		<document><![CDATA[I'm looking forward to watching @theresa_may shift uncomfortably when Trump starts naming days after himself.]]></document>
		<document><![CDATA[You get the impression that large elements of @gop would be telling us to never forget the Holocaust as they loaded Muslims into trains.]]></document>
		<document><![CDATA[Problem with @EndaKennyTD being rude to Trump on Paddy's Day is that all the people who say he should will still blame Enda for consequences]]></document>
		<document><![CDATA[In an alternate dimension president Obama's well meaning invasion of Syria turns into an endless Iraq style quagmire.]]></document>
		<document><![CDATA[I'd say @SecretService are looking at these uniforms and praying Trump doesn't see them. https://t.co/Numtog6uQo]]></document>
		<document><![CDATA[Is it true President Trump is refusing to let Iraqis who worked with US forces into US? If so, a shocking act of treachery.]]></document>
		<document><![CDATA[So, if Muslim refugees were to convert to Christianity they could get into the US, right? I mean, how do you prove you're a Christian?]]></document>
		<document><![CDATA[@PaulAnthonyWard Don't buy this "simple working class lad spiel" 
I reckon when you're at home alone you wear a monocle.]]></document>
		<document><![CDATA[@WalleyVision I'm not sure Scotland sees itself like this.]]></document>
		<document><![CDATA[The never-ending A&amp;E crisis. https://t.co/tHq5MKqY60]]></document>
		<document><![CDATA[I'd rather hold hands in an equal partnership built on mutual respect. https://t.co/ARziJ6dDsW]]></document>
		<document><![CDATA[This is very symbolic: but not in the way brexiteers think. https://t.co/O30A8FHgnA]]></document>
		<document><![CDATA[@Phillip_Blond problem with "securing his commitment" is that the guy will say exact opposite five mins later.]]></document>
		<document><![CDATA[Time to tell @eucopresident and @FedericaMog @GermanyDiplo @Elysee that We do not accept this saboteur as US ambass… https://t.co/GBmlan63Kr]]></document>
		<document><![CDATA[Yeah. Her family fled first the Nazis then the Commies to virtue signal. https://t.co/R6TpomWJFT]]></document>
		<document><![CDATA[This is Brexit? This is Taking Back Control? Playing 2nd fiddle to THIS guy? This is how England sees itself today?… https://t.co/ILcMRWSZMg]]></document>
		<document><![CDATA[@jpodhoretz or Bird O'Donnell in The Field.]]></document>
		<document><![CDATA[The fact that they have to keep saying this...bless. But they're right about one thing: Theresa May is no Angela Me… https://t.co/vN2ZqmfaK0]]></document>
		<document><![CDATA[You could watch F Murray Abraham and Mandy Patinkin on a stage alone all day long. Pure quality acting. #Homeland]]></document>
		<document><![CDATA[So: Democrats organised enough to get 3m fake voters to the polls: but not in Ohio, North Carolina or Florida.]]></document>
		<document><![CDATA[Don't forget: we still have President Trump's response to the next US mass shooting to look forward to.]]></document>
		<document><![CDATA[@UnquietDreams I liked the "what the hell is she doing now?" cat stare.]]></document>
		<document><![CDATA[@joehennon Thinking of Dallek taking his huge two volume LBJ bio and condensing it into a slimmer one volume "intro" to LBJ. Was excellent]]></document>
		<document><![CDATA[I'm finding I'm losing patience with books (fiction/non-fiction) that are longer than they need to be to tell their story. Do you...]]></document>
		<document><![CDATA[@jonnyfallon @NiamhPuirseil what are the odds on the Kardashians joining FF or FG in govt?]]></document>
		<document><![CDATA[EU shouldn't accept this guy's credentials. Be like Ireland sending a pro-IRA ambassador to U.K. In the 1970s. https://t.co/uSEBLcnUik]]></document>
		<document><![CDATA[Sorry, but is there ANYONE in the f**king Trump administration who isn't engaged in voter fraud, by the president's… https://t.co/L2SIEYIHH1]]></document>
		<document><![CDATA[@WilliamQuill @EOBroin you're far less mischievous than me, William!]]></document>
		<document><![CDATA[@EOBroin that's a shockingly partitionist answer, Eoin! Actually, I have you down as the 1st to resign. The Patricia McKenna of Sinn Fein.]]></document>
		<document><![CDATA[@EOBroin @EndaKennyTD Like the DUP? *cough*]]></document>
		<document><![CDATA[The #Trump wall tariff on Mexican products will literally be paid by American consumers. He's making Americans pay for the wall.]]></document>
		<document><![CDATA[@chuckschumer &amp; @NancyPelosi should propose a bill banning Potus from pardoning himself or family members. Just for the GOP reaction.]]></document>
		<document><![CDATA[Amazing how much of @GOP agenda is passing laws to "get" one group or another. Not happy unless actually making som… https://t.co/mYl4Vmewi7]]></document>
		<document><![CDATA[Love that Sen. @LindseyGrahamSC doesn't take himself too seriously. https://t.co/F5wPzrv4VY]]></document>
		<document><![CDATA[@montie Spoken up for NATO, keeping Russia out, and maintain European single market. Stuff Mrs Thatcher used to espouse.]]></document>
		<document><![CDATA[@COLRICHARDKEMP good job she won't be in the room when those decisions are made, so. Euroarmy would never happen as long as UK had veto.]]></document>
		<document><![CDATA[Is it possible that#trump voters think that Mexicans will pay the tariff on Mexican goods?]]></document>
		<document><![CDATA[Few people in Europe think that. https://t.co/xOWk9HPIOv]]></document>
		<document><![CDATA[@john_mcguirk yeah, but gap between 2 and 3 is huge. Couldn't defeat Libya even with France.]]></document>
		<document><![CDATA[I don't think anyone predicted that Brexit would lead to actual delusions in this scale. https://t.co/KfwHr3luVw]]></document>
		<document><![CDATA[@colmtobin I think the Brits are going mad, God love them.]]></document>
		<document><![CDATA[@PopulistwatchIr then there's Australia and New Zealand.]]></document>
		<document><![CDATA[@MaxBoot @anneapplebaum still, have to admire Texas for willing to bear brunt of retaliatory tariffs from Mexico.]]></document>
		<document><![CDATA[@PopulistwatchIr not ambitious enough: let's bring them, Canada and EU into an Atlantic Union!]]></document>
		<document><![CDATA[This is now the 4th presidency where half of America feels hard done by. You have to ask is it time for the US to go Czechoslovakian?]]></document>
		<document><![CDATA[Nice, this. https://t.co/cZSsj9tUo4]]></document>
		<document><![CDATA["Yes, but, you know....*voice weakens*...Hillary.....*to a whisper"....emails..." https://t.co/LveG3eFIjX]]></document>
		<document><![CDATA["With this trade deal, here in my hand, Mr Trump assured me on his honour that Britain will be treated as an equal… https://t.co/j3OwYZ4aMd]]></document>
		<document><![CDATA[The UK voted to leave the EU, where UK is a major power or equal, to take 2nd place as policy with The Donald. 
How Brits see themselves?]]></document>
		<document><![CDATA[Please @EPN give your answer on Twitter! https://t.co/jMWO3X2iDF]]></document>
		<document><![CDATA[If Melania becomes unhappy I suspect she has the power to destroy him by public humiliation. 
As, by the way, Michelle and Hillary did too.]]></document>
		<document><![CDATA[The Taoiseach should do something about the undocumented in America! 
But not speak to Trump!]]></document>
		<document><![CDATA[Who'd have thought it? The National Park Service! https://t.co/xWLXAORPqK]]></document>
	</documents>
</author>