<author lang="en">
	<documents>
		<document><![CDATA[@18GSandcounting @TennisChannel @WineDiarist Penalizing Roger who  made finals of all clay tournaments every year,Rafa didn't meet Rog on HC]]></document>
		<document><![CDATA[Rafter reveals Aus Open’s hardest truth 
https://t.co/6EDaiMRfq9 via @newscomauHQ]]></document>
		<document><![CDATA[Today's The Weekend Australian Issue 
#Roger #Federer #Jura #RF18 #GS18 
#AusOpen 🏆😍 https://t.co/W78eIQdZ40]]></document>
		<document><![CDATA[😂 &amp; @rogerfederer in it too. 

Swiss TV show rips into @realDonaldTrump with a spoof tourism ad ➡️ by @lee_moran https://t.co/obdIXky0rm]]></document>
		<document><![CDATA[wondeRFul Q &amp; A with Roger @TIME 👌 https://t.co/VNHBDIszno]]></document>
		<document><![CDATA[Well, it's his 18th major 😁
🏆🏆🏆🏆🏆🏆🏆🏆🏆🏆🏆🏆🏆🏆🏆🏆🏆🏆 https://t.co/dnST4dm5jU]]></document>
		<document><![CDATA[5th time 🖐️🏆😁 https://t.co/45ZmatWqO9]]></document>
		<document><![CDATA[Thunder down under
 https://t.co/2pBxuOfs2i via @SInow]]></document>
		<document><![CDATA[Fowler talks AusOpen, top assignment of his career https://t.co/eSD6E3A9QB via @SInow]]></document>
		<document><![CDATA[@JakeNiallFOX Roger is honorary Aussie anyway 😀
https://t.co/bWRu7f0flf]]></document>
		<document><![CDATA[Grand Slams #19 .... #20... hope they won't take that long 😀 https://t.co/HEFwA2neat]]></document>
		<document><![CDATA["Federer had walked into the arena as an all-time great. He walked away as the GOAT" - The Australian #RF18 https://t.co/fENrOkSXu6]]></document>
		<document><![CDATA["Roger Federer Serving for the Championship"

"CHAMPIONSHIP POINT" 

#AusOpen2017 #RF18 #GOAT #LEGEND 

🏆👑❤️ https://t.co/bfu5m8hKby]]></document>
		<document><![CDATA[@Scarlett_Li @lavenderRF @YouTube Roger's "backhand stood taller" that night. 👏👌]]></document>
		<document><![CDATA[Today's newsletter #Optus #bestplacetowork A proud #sponsor of #AusOpen 
😀👏👌🏆🇦🇺🇨🇭
Happy Friday everyone!!! https://t.co/sPD9xkPXfl]]></document>
		<document><![CDATA[18 reasons why the world loves Roger Federer @cnnsport https://t.co/GNKxHzJPY8]]></document>
		<document><![CDATA[Roger Federer: don’t call it a comeback, Federer back in the top 10 https://t.co/nfujFEa4Xv via @FoxSports]]></document>
		<document><![CDATA[@DropVolleys @rogerfederer Simple. 
A champion with higher principles.]]></document>
		<document><![CDATA[13 people followed me and 7 people unfollowed me // automatically checked by https://t.co/CrVoO4iQ6w]]></document>
		<document><![CDATA[When this photo was taken , we were chanting EIGHTEEN, EIGHTEEN ... 😀 #RF18 #AusOpen #Final 👑🏆 https://t.co/9MQa75WkWm]]></document>
		<document><![CDATA[@Newmmc @FedererLive Nope, Rafa did not say something like that in Wimbledon 2008.]]></document>
		<document><![CDATA[Daria Gavrilova s awesome reaction to Roger Federer Australian Open victory  - Yahoo7 https://t.co/DLXnbSN99Z via @Yahoo7]]></document>
		<document><![CDATA[Roger Federer's run, through the eyes of WTA player Irina Falconi | https://t.co/pX5Yx9uxTi https://t.co/Kfi9feen52]]></document>
		<document><![CDATA[@Wimbledon GS#18 was meant to be in Melbourne. 😇]]></document>
		<document><![CDATA[@VolleyMePlease Bless his backhand on that glorious night 😘]]></document>
		<document><![CDATA["Federer’s forehand stood tall. His backhand stood even taller"

 https://t.co/a165K8SdtE]]></document>
		<document><![CDATA[@lizziefjs @australian  You're welcome Liz!]]></document>
		<document><![CDATA[Science! Shows That Roger Federer's Backhand In Fact Defeated Rafael Nadal https://t.co/XvtGqRJdbM via @deadspin]]></document>
		<document><![CDATA[Roger Federer says his wife is the G.O.A.T and we're not crying at all https://t.co/m1UPk7znsC via @mashable]]></document>
		<document><![CDATA[The pit bull and the poet 👌 

https://t.co/AC8xRfLlbk]]></document>
		<document><![CDATA[Australian Open 2017: Roger Federer pays tribute to his late Australian coach https://t.co/gzKvLYtr80 via @newscomauHQ]]></document>
		<document><![CDATA['ROGER FEDERER's standing ovation @ Melbourne Airport'' #exclusive https://t.co/8iGbZrEFO7]]></document>
		<document><![CDATA[How Much Damage Could The President Do In One Week? https://t.co/fNkkPbj4u3]]></document>
		<document><![CDATA[Trump's Travel Ban Sparks Global Backlash: A Closer Look https://t.co/gy7FfCOHAy]]></document>
		<document><![CDATA[Quite the prediction by Wimbledon 😀 https://t.co/1ozrBoFLNZ]]></document>
		<document><![CDATA[PHOTOS: Light as a Federer #AusOpen https://t.co/nXQh3t0oTL via @australianopen]]></document>
		<document><![CDATA[Roger Federer's trophy shoot https://t.co/ijoj92qF3I]]></document>
		<document><![CDATA[Top 5 most viewed moments from AO17 https://t.co/deLZnvDloL]]></document>
		<document><![CDATA[PHOTOS: Roger Federer's trophy shoot #AusOpen https://t.co/bA0bzNCLKd via @australianopen]]></document>
		<document><![CDATA[Today's newspapers #AusOpen https://t.co/P071qEFM6a]]></document>
		<document><![CDATA[@thehill His holidays did not last long.]]></document>
		<document><![CDATA[Federer savors 'extra special' Australian Open win @cnnsport https://t.co/2eYFe3fKTR]]></document>
		<document><![CDATA[How Did Roger Federer Win The Australian Open? By Re-inventing Himself via @forbes https://t.co/eLt7fwjWtX]]></document>
		<document><![CDATA[Roger Federer’s advice to himself is a fascinating glimpse into the mind of a champion | For The Win https://t.co/NFyWPP2GpY via @forthewin]]></document>
		<document><![CDATA[Advantage Roger Federer in the chase for the GOAT title https://t.co/zvGAhfGGRY]]></document>
		<document><![CDATA[We Hereby Declare Roger Federer The Greatest Ever After Epic Australian Open Win https://t.co/DCLK7WvVEf]]></document>
		<document><![CDATA[Federer’s two words cause a stir https://t.co/p6aat36KLn via @newscomauHQ]]></document>
		<document><![CDATA[Does Fed’s win put GOAT debate to bed? https://t.co/Xcst3aJG5f]]></document>
		<document><![CDATA[Roger Federer eyes Wimbledon success after Australian Open triumph https://t.co/4tROoAZumD]]></document>
		<document><![CDATA[‘The goal is absolutely to be playing’ https://t.co/R0j5qY0o9k]]></document>
		<document><![CDATA[Our last look of Australia's favourite sportsman? https://t.co/pDmUZjiWEd via @smh]]></document>
		<document><![CDATA[Federer's tribute to late Australian coach https://t.co/4MuaGMbwpI via @ABCNews]]></document>
		<document><![CDATA[Roger Federer press conference (Final) | Australian Open 2017 https://t.co/wKQGdKKK5h]]></document>
		<document><![CDATA[Roger Federer reflects on his 'awkward' match point | Australian Open 2017 https://t.co/Qx96QMA6IN]]></document>
		<document><![CDATA[Roger Federer Championship Interview | Australian Open 2017 https://t.co/M9eJF5qqaN]]></document>
		<document><![CDATA[@AusTennisMag reckon @rogerfederer will be on the cover of the next issue with his beautiful #AusOpen 🏆 😀]]></document>
		<document><![CDATA[Roger Federer began his quest for GS#18 .... in Perth 😂 https://t.co/tTuBaawPW4]]></document>
		<document><![CDATA[Today's newspapers #AusOpen https://t.co/94HSWy7tnS]]></document>
		<document><![CDATA[@naughtyT @matchpointmiss @annegc1 yep, didn't even have a surgery. Miraculously cured. No question asked.]]></document>
		<document><![CDATA[@matchpointmiss @naughtyT @annegc1 when Rafa or others do it, no biggie because they often call for MTO. 
But if it's Rog, OMG...]]></document>
		<document><![CDATA[Roger &amp; #AusOpen tournament director Craig Tiley. (📷 Getty) 
#WildestDreamIndeed 😇 https://t.co/I1E1yIBPLx]]></document>
		<document><![CDATA[@staffsky @rogerfederer Sure it is. So lucky to witness Roger winning another AusOpen trophy. 🏆😁]]></document>
		<document><![CDATA[Roger beat Rafa to win his #GS18 at age 35 with his signature magic wand #AusOpen 👍 https://t.co/r2stWmqDlD]]></document>
		<document><![CDATA[@annegc1 @JakeNiallFOX don't remember reading something like this when Rafa called for countless MTOs 🙄]]></document>
		<document><![CDATA[Happy and gorgeous Roger from #AusOpen trophy 🏆 photo shoot.
(📷 Shiho) https://t.co/B6rMhZgKoH]]></document>
		<document><![CDATA[Today's newspapers in Melbourne #AusOpen https://t.co/8f4VFT8UQb]]></document>
		<document><![CDATA[Roger's first major since his daughters were born #GS16 🏆👭
His first major since his sons were born #GS18 🏆👬… https://t.co/9fGuRpiMqz]]></document>
		<document><![CDATA[Roger at AusOpen trophy 🏆 photo shoot 😍 #GS18 
(📷 Shiho ) https://t.co/lbM2ddwLL5]]></document>
		<document><![CDATA[Even at Championship point, had to wait few more seconds... #GS18 https://t.co/jgLAYZQJam]]></document>
		<document><![CDATA[Now that what I call it a "Dream Final" 👍 https://t.co/CcVt9wpoxc]]></document>
		<document><![CDATA[@Scarlett_Li @lavenderRF Died thousand times over. Bless his lion heart 💓]]></document>
		<document><![CDATA[@federering @MichalSamulski I'll miss you too Fiona. You have fun.]]></document>
		<document><![CDATA[This was truly the greatest tennis show on earth https://t.co/85rqlh22U2]]></document>
		<document><![CDATA[Federer proves he’s the greatest https://t.co/oaRJs8B0Pw]]></document>
		<document><![CDATA[The numbers behind Federer's 5th Australian Open title https://t.co/Aw9t2LtYKY]]></document>
		<document><![CDATA[@lizziefjs First class make a difference?!]]></document>
		<document><![CDATA[@Newmmc Absolutely. I just wanted to be there for him &amp; to experience 'the fire, the excitement,the whole rollercoaster’ 😳😁]]></document>
		<document><![CDATA[@lizziefjs Yes. We didn't expect either.]]></document>
		<document><![CDATA[@MichalSamulski @federering Photo shoot at 3 pm. Il be heading back to Sydney at 1 pm. You have fun Fiona.]]></document>
		<document><![CDATA[@Newmmc Glad you 'enjoyed ' the match Margaret 😄]]></document>
		<document><![CDATA[@Newmmc Still in disbelief. Lost my voice. Incredibly happy. So proud of our champ. 😁🙌]]></document>
		<document><![CDATA[Everyone got back together.
Felt like AO'09 before the match started but had the AO'10 ending.
Roger took us back i… https://t.co/DD8Q9EGFQV]]></document>
		<document><![CDATA[At Crown, Rafa leaving. https://t.co/1Pgy5pKPln]]></document>
		<document><![CDATA[@fedfan827 Have know idea what just happened 😇]]></document>
		<document><![CDATA[It's 3:30 am. We're at Crown ... Rafa's team Tio, Moya waiting for their ride ... https://t.co/1RjFalGTWH]]></document>
		<document><![CDATA[💯win #AusOpen
GS#18 🏆
Proud of you champ 👑
You're a ⭐️
Congratulations!!! 👏
❤️💛💚💙💜💝💖💗💓 https://t.co/ACJeMxMtw1]]></document>
		<document><![CDATA[Here we are @rogerfederer !
Wishing you Good Luck !!! https://t.co/VJZsHUBgSX]]></document>
		<document><![CDATA[Hello #Melbourne #Crown
G' day @rogerfederer !
#AusOpen https://t.co/Ta3iSLoMwh]]></document>
		<document><![CDATA[@Bhara99  know right :-)]]></document>
		<document><![CDATA[@svenja_mastro @sabassheikh Roger's right. Rafa can warm for 2 hours and play the match for 7 hrs.]]></document>
		<document><![CDATA[Hopefully our champion will enter the arena #MCA with the trophy after the match #AusOpen https://t.co/4MgS9pPKha]]></document>
		<document><![CDATA[@blanche_78MP They should've made the announcement earlier about MCA. Will miss you Blanche. Thanks.]]></document>
		<document><![CDATA[@blanche_78MP Blanche yes going to be with others. Flight tickets outrageous.. Hope it will be worth it. Reckon you're not coming.]]></document>
		<document><![CDATA[@MoizBanduk @blanche_78MP I don't have a ticket for the match.]]></document>
		<document><![CDATA[@corallina2 only what he said in the press. Hope and pray everything holds up for our champ. We know he will give all on the court.]]></document>
		<document><![CDATA[@DejnaDM @StarCaptain_TS He practiced privately on Margaret Court in 2009 &amp; on Hisense in 2010 as well.]]></document>
		<document><![CDATA[@Newmmc My soul hurts. Yep "Anyone But RN" is my mantra.]]></document>
		<document><![CDATA[@Newmmc I can't either. Last time Roger beat him in Wimbledon 2007. So many bad memories every since at GS.]]></document>
		<document><![CDATA[11 people followed me and 7 people unfollowed me // automatically checked by https://t.co/CrVoO4iQ6w]]></document>
		<document><![CDATA[@blanche_78MP I can't either.]]></document>
	</documents>
</author>