<author lang="en">
	<documents>
		<document><![CDATA[EVERYBODY BE @ SHS THIS FRIDAY @7 TO SUPPORT US PLAY JAMESTOWN ‼️‼️ ITS A ⚪️⚪️⚪️ WHITE OUT!! BE THERE BE SQUARE, RT TO SPREAD THE WORD 📣📣]]></document>
		<document><![CDATA[If Tom Brady wins on Sunday, is he the greatest QB of all time?]]></document>
		<document><![CDATA[Jesus was Jewish. Trump is against Muslims entering the country for the next 90 days. Check your facts, kiddo. https://t.co/J2rq5PtJRy]]></document>
		<document><![CDATA[Do Jayson Tatum and Harry Giles even want to win? #Duke]]></document>
		<document><![CDATA[@_rianaaron after that marquee matchup I'm feeling confident enough to go all in.]]></document>
		<document><![CDATA[@taylormachart no explanation needed https://t.co/AyFZQY3OQG]]></document>
		<document><![CDATA[@taylormachart really]]></document>
		<document><![CDATA[@taylormachart header is unmatched]]></document>
		<document><![CDATA[@YaBoyJamesey happy birthday buddy! #ColdCutsLiveOn 🎉🎁🎈]]></document>
		<document><![CDATA[Licking doorknobs is illegal on other planets.]]></document>
		<document><![CDATA[#NewProfilePic https://t.co/E4JfbzQ45x]]></document>
		<document><![CDATA[Julio Jones best WR in the league 100% confirmed.]]></document>
		<document><![CDATA[@TomRichey definitely understandable. I do hope that you are able to make a trip up here around AP review time maybe? #StriveForThe5]]></document>
		<document><![CDATA[@TomRichey any chance you swing by Smithfield, VA on the way back down? We would love to host the 🐐]]></document>
		<document><![CDATA[#PrayForGraysonAllen]]></document>
		<document><![CDATA[@Livy_Up ok. So it's against his policies? And what rights does he want to take away besides the whole abortion with exceptions ordeal?]]></document>
		<document><![CDATA[@Livy_Up what exactly are you protesting against? Serious question - I'm not trying to be sarcastic, just want to know specifically.]]></document>
		<document><![CDATA[Republicans were probably all at work. https://t.co/PNYQouvZST]]></document>
		<document><![CDATA[Despite political differences, it is necessary to thank Obama for spending the past 8 years leading the country I love so much. Thankyou 🇺🇸.]]></document>
		<document><![CDATA[@shelxvesjoshy listen to your mind first. Once you decide you'll get a gut feeling whether or not it's a good choice. Just my 2 cents.]]></document>
		<document><![CDATA[@cameaste @michaelcgbd y'all need to meet each other. You'd go together like peanut butter and jelly.]]></document>
		<document><![CDATA[@carguyyyyy @FootbalIStuff but you're more talented than that scrub Sergio Aguero. You make up for it.]]></document>
		<document><![CDATA[@carguyyyyy @FootbalIStuff how tall are you carguy?]]></document>
		<document><![CDATA[@allykrn get back to the kitchen]]></document>
		<document><![CDATA[Love seeing every person who's team sucks too much to make the playoffs talk about how Dallas sucks. Pathetic.]]></document>
		<document><![CDATA[All up to our defense. We stop them, we win. We don't, we lose.]]></document>
		<document><![CDATA[Do I sense a bit of fear from the fearless Aaron Rodgers?]]></document>
		<document><![CDATA[I hope Aaron Rodgers gets rocked. Wipe that cocky smile off his face.]]></document>
		<document><![CDATA[@born2shift you're right so far]]></document>
		<document><![CDATA[@dzubilo happy birthday ! 🎉🎁 https://t.co/wHH9EZWpeB]]></document>
		<document><![CDATA[@stanyboy_14 your avi is legendary.]]></document>
		<document><![CDATA[@taylormachart that's a steal for Kodak. I'd pay $66.]]></document>
		<document><![CDATA[@born2shift great attitude bro. I know for a fact they will. Eat. Then eat some more. And when you can no longer eat, let God take over 🙏]]></document>
		<document><![CDATA[Colleges missing out BIGTIME !!! https://t.co/bboJPIKfY0]]></document>
		<document><![CDATA[@Kenzay_23 throw in some American Fries, Freedom Burgers, Capitalist Corndogs- the possibilities are endless 🇺🇸]]></document>
		<document><![CDATA[Still trying to find out where one of them is. And I love the other one. https://t.co/U17cc8k2Yr]]></document>
		<document><![CDATA[@_rianaaron I wish I could retweet this 1000 times]]></document>
		<document><![CDATA[Best thing I've seen all day. https://t.co/EVcH9PAYIm]]></document>
		<document><![CDATA[@therealdcunna forever and always hokieguy ❤️]]></document>
		<document><![CDATA[Am I worthy enough to call you teammate/master/coach?? You are worthy of guru/commander in chief for putting up wit… https://t.co/N6RhWIESDV]]></document>
		<document><![CDATA[@doward13 I sensed a similar being to myself, but never dreamed of connecting to it as we are now connected amidst the inferiorioriors.]]></document>
		<document><![CDATA[Am I worthy enough to call you a teammate? I feel as though coach/master would be more appropriate since you commit… https://t.co/F9lg6hlp48]]></document>
		<document><![CDATA[@doward13 I didn't think it was possible to be your biggest idol's biggest idol, yet here we stand amidst inferior beings on the twitter.]]></document>
		<document><![CDATA[@doward13 I don't think anybody on twitter deserves to see your tweets based on the fact that there is too much genius in them.]]></document>
		<document><![CDATA[@ChrisPierce02 @carguyyyyy @IWCSchools my 2 favorite teammates in one tweet. Blessed. 🙏]]></document>
		<document><![CDATA[@carguyyyyy fascinating isn't it carguy?]]></document>
		<document><![CDATA[@zwthacker beautifully stated Thacker.]]></document>
		<document><![CDATA[This game is insane.]]></document>
		<document><![CDATA[Wow, #RollTide]]></document>
		<document><![CDATA[Pretty cool. Don't know her too well but I have an 80 day snap streak with her 😂. https://t.co/rPz1xtr7xT]]></document>
		<document><![CDATA[My bro 🙏🏼🏀. Glad that I have had the chance to cross paths with him in life. https://t.co/JYd78NPr7F]]></document>
		<document><![CDATA[@NoHoesGeorge @carguyyyyy @_Ahbs_ is this Kleb?]]></document>
		<document><![CDATA[The man has spoken. https://t.co/BVsIyHluJ9]]></document>
		<document><![CDATA[@JakeRyan6758 always. #TheGreatWhiteHope]]></document>
		<document><![CDATA[Happy bday bro beans @JakeRyan6758]]></document>
		<document><![CDATA[@erinaubrey123 bobby would be so proud rn]]></document>
		<document><![CDATA[@1k_sascha please eat.😤😤🍽🍽]]></document>
		<document><![CDATA[I feel bad for anybody who has never experienced the love for the game of soccer like I have. ⚽️]]></document>
		<document><![CDATA[The Redskins 😂😂😂]]></document>
		<document><![CDATA[@VonageVT awww do the Tech fans think they're the best team in the country after one game? See you in March when we're healthy.]]></document>
		<document><![CDATA[@ChrisPierce02 @MikeVick I've seen Chris Pierce light up defenses on Friday nights... that's pretty damn good football.]]></document>
		<document><![CDATA[@SHSmrmoore Matthew, caring for a bald eagle requires not education and research... But common sense. Something this country lacks. Majorly.]]></document>
		<document><![CDATA[@HIGsuspended @YaBoyJamesey if you wore glasses @Tabb last year.]]></document>
		<document><![CDATA[When I reach 1776 followers on twitter I'm dropping out of school and becoming a full time bald eagle veterinarian.]]></document>
		<document><![CDATA[@iannaicatan @dzubilo the blue tears represent my sadness for losing the blue crayon.]]></document>
		<document><![CDATA[@dzubilo @iannaicatan is this true? Eryn I am so sorry. I don't deserve to be your friend. I don't even deserve to be your enemy. I hate me.]]></document>
		<document><![CDATA[@iannaicatan @dzubilo so you were the one who stole my colored pencil?]]></document>
		<document><![CDATA[@dzubilo same. Want to forget the whole colored pencil thing and be friends again?]]></document>
		<document><![CDATA[@dzubilo @????? Yea, i still remember the time you stole my blue crayon back in 2nd grade.]]></document>
		<document><![CDATA[Throw.Up.The.X!!!! You can hold him but you can't stop him!]]></document>
		<document><![CDATA[Antonio Brown is insane 👀]]></document>
		<document><![CDATA[@footballremind @davispillow18 this may have to replace "the shot was always rising"]]></document>
		<document><![CDATA[@_Ahbs_ @carguyyyyy from Cornhead to Tiger, thank you]]></document>
		<document><![CDATA[@_Ahbs_ @carguyyyyy from Cornhead to Tigers, Merry Christmas.]]></document>
		<document><![CDATA[@carguyyyyy showing support for the fellow Tabb Tiger]]></document>
		<document><![CDATA[Grayson Allen wants to win more than anybody in college basketball.]]></document>
		<document><![CDATA[Can't wait to see Harry Giles play! 🔵😈]]></document>
		<document><![CDATA[@Nick28T everybody makes mistakes brotha. We're all human. It's how you react that defines true character. ❤️️]]></document>
		<document><![CDATA[R.I.P. to his FIFA rating. https://t.co/EJTOoLmChk]]></document>
		<document><![CDATA[@_rianaaron happy birthday to the twitter 🐐!]]></document>
		<document><![CDATA[Dan Bailey just hit a 55 yard crossbar challenge.]]></document>
		<document><![CDATA[@AmrrAdnan congrats bro!]]></document>
		<document><![CDATA[Grayson Allen is back.]]></document>
		<document><![CDATA[This is still the cleanest video on Twitter.  https://t.co/NW7KyOFMKG]]></document>
		<document><![CDATA[Like who even are you kid?]]></document>
		<document><![CDATA[@_rianaaron you're playing Lynchburg with me Charlie and Gunnar homie. No questions asked]]></document>
		<document><![CDATA[@doward13 no sir, I love MY friends. Great look- no, fantastic looks- in the student section. Thank you is an understatement for the support]]></document>
		<document><![CDATA[@carguyyyyy @AndCassady @jonaldo28 it takes a genius to pull that off.]]></document>
		<document><![CDATA[@Gungun171 instead of getting me an Authentic Paul Pogba long sleeve United shirt, I'll settle for the Replica to save you some 💰💰.]]></document>
		<document><![CDATA[@Livy_Up having non-intellectual discussions instead]]></document>
		<document><![CDATA[Have a nice flight home Josh Norman 👋🏼]]></document>
		<document><![CDATA[Lol. Josh Norman trying to guard my man Dez. #TD]]></document>
		<document><![CDATA[Oh my Lord what a catch]]></document>
		<document><![CDATA[If it's not too early to ask for a Christmas present, all I want is for Grayson Allen to be 100% healthy.]]></document>
		<document><![CDATA[@WORIDSTARHIPH0P @kytucker1234 the 🐐 has returned]]></document>
		<document><![CDATA[Only reason I'm motivated to go to school tomorrow is for the pumpkin pie at lunch.]]></document>
		<document><![CDATA[@AmbitionBanks5 @Trxndyt this reminds me of you 😂]]></document>
		<document><![CDATA[Basketball season is back and so is Ryan Jones. @MartyOBrienDP https://t.co/MMdcd27Ffw]]></document>
		<document><![CDATA[When I wake up tomorrow, Grayson Allen better be A ok. #PrayForAllen]]></document>
		<document><![CDATA[I am actually cheering for the Patriots for the 1st time ever.]]></document>
	</documents>
</author>