<author lang="en">
	<documents>
		<document><![CDATA[Antler Knight by RRFreelance https://t.co/UDfrBK7M1T #AssetStore New animations added! :) #indiegamedev]]></document>
		<document><![CDATA[Check out my new asset, Antler Knight 3D Model, on GameDev Market!: https://t.co/MFB3afEfZH #indiegamedev]]></document>
		<document><![CDATA[Check out my new asset, Antler Knight 3D Model, on GameDev Market!: https://t.co/MFB3afEfZH #indiedev #indiegame #gamedev #gameassets]]></document>
		<document><![CDATA[Check out my new asset, Antler Knight 3D Model, on GameDev Market!: https://t.co/MFB3afEfZH]]></document>
		<document><![CDATA[Weevolve VR : Easy creation of virtual reality experiences | Demo https://t.co/ON615VzfL1 via @YouTube]]></document>
		<document><![CDATA[Sketching and Drawing Showreel - Robert Ramsay https://t.co/CHN7vkRpWC via @YouTube]]></document>
		<document><![CDATA[Check out Antler Knight on the GameMaker: Marketplace! #indiedev https://t.co/RwlO1gHM0F #gmstudio]]></document>
		<document><![CDATA[Check out Isometric Tiles and Knight on the GameMaker: Marketplace! #indiedev https://t.co/6WWKOGTGQz #gmstudio]]></document>
		<document><![CDATA[Antler Knight by RRFreelance https://t.co/UDfrBK7M1T #AssetStore Added a tonne of animations Humanoid and mechanim ready #unity #indiedev]]></document>
		<document><![CDATA[Check out GameDev Market and join my alliance! https://t.co/hDsx2YAJMj #gamedev]]></document>
		<document><![CDATA[Watching RobertRamsay https://t.co/u9IpJxAIaB via @livestream]]></document>
		<document><![CDATA[Write a few words to describe this... https://t.co/Aymsl8w8AG]]></document>
		<document><![CDATA[Robert Ramsay - Character Art and Animation 2016 https://t.co/7tC7BYQItG via @YouTube]]></document>
		<document><![CDATA[@noreallyhowcome @aminatou well why do you wear it then.. why, why tell me... or I will become a facist :P]]></document>
		<document><![CDATA[Petition: Prevent Donald Trump from making a State Visit to the United Kingdom. https://t.co/RTIMWAjx6n]]></document>
		<document><![CDATA[@rcallimachi @NocturneGames @ScottShaneNYT @nytimes Smug White Supremacy]]></document>
		<document><![CDATA[@CNN This can be interpreted by a blind man]]></document>
		<document><![CDATA[#screenshotsaturday #indiedev Some of my progress with my art style for Shoguns' Assassin find it on Facebook, foll… https://t.co/puYCd6pu3D]]></document>
		<document><![CDATA[My Showreel from 2016:  https://t.co/sZn0S4heSh]]></document>
		<document><![CDATA[@hischeekiness whats the screenshot from on the right?]]></document>
		<document><![CDATA[@realDonaldTrump Nice PoliTricks you have up your sleeve there, did you get them free with the white rabbit?]]></document>
		<document><![CDATA[Check out Isometric Tiles and Knight on the GameMaker: Marketplace! Added the Knight! https://t.co/6WWKOGTGQz]]></document>
		<document><![CDATA[Check out Antler Knight on the GameMaker: Marketplace! Reduced to $0.99 for good! https://t.co/RwlO1gHM0F]]></document>
		<document><![CDATA[@realDonaldTrump and respect for the rest of the world for that matter.]]></document>
		<document><![CDATA[Secret Weapon is active.]]></document>
		<document><![CDATA[@CNN talk about hearing your dick on your sleeve]]></document>
		<document><![CDATA[@realDonaldTrump You got it lucky, you got it easy, hand yourself in and the THU PEOPLE take over now. Thanks for the initiaition. Love]]></document>
		<document><![CDATA[@realDonaldTrump CaN u DeAl WiTh TH4t !&gt;?!]]></document>
		<document><![CDATA[@realDonaldTrump you have stained the word president and turned it into Capitalistic Resident.]]></document>
		<document><![CDATA[@realDonaldTrump may your dreams fall into reality and crush you by the sheer weight of a dying planet]]></document>
		<document><![CDATA[@realDonaldTrump sucking on the dick of OLIGARCHY]]></document>
		<document><![CDATA[Updated lots of things, started working on characters https://t.co/wThjHGvpjE]]></document>
		<document><![CDATA[Antler Knight by RRFreelance https://t.co/UDfrBK7M1T #AssetStore #indiedev Price crash! :D]]></document>
		<document><![CDATA[@realDonaldTrump Business Director, where is your sense of direction?]]></document>
		<document><![CDATA[Antler Knight by RRFreelance https://t.co/UDfrBK7M1T #AssetStore Promotional Price!]]></document>
		<document><![CDATA[Sinister Props Pack 1 by RRFreelance https://t.co/nEnMZZMusp #AssetStore UPGRADES :D]]></document>
		<document><![CDATA[I played this yesterday at #GGJ2017 fantastic game idea and quite a good challenge! https://t.co/xcgjdfDw16]]></document>
		<document><![CDATA[Haha is that Steven Segal?]]></document>
		<document><![CDATA[@CNN its the ROyal family]]></document>
		<document><![CDATA[Check out Dynamic Panels Mega on the GameMaker: Marketplace! #indiegamedev https://t.co/pO7qFEM5X0]]></document>
		<document><![CDATA[@RoRamsay check out this post #indiedev #indiegame #unity3d #unityassetstore]]></document>
		<document><![CDATA[Sinister props pack is being updated, grab it now to save money. additional props, PBR and texture updates: https://t.co/ib8Zg74yZB]]></document>
		<document><![CDATA[Check out Ship Set 1 on the GameMaker: Marketplace!  NOW FREE! https://t.co/05GtsW3ZBy]]></document>
		<document><![CDATA[Check out my marketplace for these goodies! #indiedev #gamedev https://t.co/XJuODnqRAr https://t.co/vUoJssUFB6]]></document>
		<document><![CDATA[@realDonaldTrump What ye doin' get back tae business!]]></document>
		<document><![CDATA[Perfect combination :  Dynamic Panels Mega and Isometric Tiles + Antler Knight! https://t.co/XJuODnqRAr 
#GameMaker… https://t.co/6d5ytcbfmM]]></document>
		<document><![CDATA[Stratford Tomorrow from around 10AM, I'll be there about 10 on the dot. @HarryR0se @richmetson]]></document>
		<document><![CDATA[Check out Isometric Tiles Lite on the GameMaker: Marketplace! Free Stuff! https://t.co/u38DvMR4U7]]></document>
		<document><![CDATA[Check out Dynamic Panels Mega on the GameMaker: Marketplace! https://t.co/pO7qFEM5X0]]></document>
		<document><![CDATA[Dynamic Panels Mega is ready for #GameMaker supports text and all kinds of customisation is on the way! #indiedev https://t.co/pO7qFEM5X0]]></document>
		<document><![CDATA[@realDonaldTrump just need a 1 an 8 and a 9 then bingo!]]></document>
		<document><![CDATA[All of this for just $12.50! https://t.co/J8FlxVRHHX]]></document>
		<document><![CDATA[Lots of nice Unity assets for only $12.50! All my packs in one! https://t.co/kdnAeJueme]]></document>
		<document><![CDATA[@realDonaldTrump @CNN well maybe you should * * * * more]]></document>
		<document><![CDATA[@realDonaldTrump U started it :P]]></document>
		<document><![CDATA[@realDonaldTrump Whats this fill in the missing word or something, this is not your GAMESHOW!]]></document>
		<document><![CDATA[@LondonGameSpace @simonwaserman @oh_cripes Please check with those guys before departing on a jam-packed bus... or just stay at home :)]]></document>
		<document><![CDATA[Check out my new asset, Antler Knight, on GameDev Market!: https://t.co/380TCpxibu]]></document>
		<document><![CDATA[@GlintGames thanks, I have just about finished another one, this one is also on GM Marketplace]]></document>
		<document><![CDATA[@ZiNGOT @YoYoGames thats a possibility, in hindsight I could have used Gamemkers Physics system]]></document>
		<document><![CDATA[coworking is at Stratford Tomorrow (11am, bar opens 12pm), Dalston on Friday (11am, bar opens in the evening)! Happy New Rotation of the Sun]]></document>
		<document><![CDATA[Check out MOD Tracker on the GameMaker: Marketplace! https://t.co/ygCV3h6UAK]]></document>
		<document><![CDATA[Got Gamemaker 1.4? Try this out, it's an isometric tileset with an animated Knight character project! https://t.co/6WWKOGTGQz]]></document>
		<document><![CDATA[Check out Isometric Tiles Full V1.03 on the GameMaker: Marketplace! https://t.co/hFah10DzcZ]]></document>
		<document><![CDATA[Antler Knight Model+Texture(animated) with Sword and sprites https://t.co/0JNAUXXJHG]]></document>
		<document><![CDATA[Check out GameDev Market and join my alliance! https://t.co/hDsx2YAJMj #gamedev]]></document>
		<document><![CDATA[Check out Isometric Tiles Full V1.02 on the GameMaker: Marketplace! https://t.co/SNtFL83H19]]></document>
		<document><![CDATA[Check out Antler Knight on the GameMaker: Marketplace! https://t.co/RwlO1gHM0F]]></document>
		<document><![CDATA[Windlands Jungle speedrun WORLD RECORD 1.04 https://t.co/qdvoTbWXjZ via @YouTube]]></document>
		<document><![CDATA[@washingtonpost Trump doea respect, any way shape or form... is that good, is that bad, no.]]></document>
		<document><![CDATA[any chance of Gradius for @drinkrelaxplay ? instead of the inferno Dr who, would happily pay 20p a game :D]]></document>
		<document><![CDATA[I am a #LondonGameSpace anyone else coming today, all on my lonesome....:(]]></document>
		<document><![CDATA[@oh_cripes rize of the Joebots!]]></document>
		<document><![CDATA[Amazing deal #blackfridayshopping https://t.co/J8FlxVRHHX #unity3d #indiedev https://t.co/YjdAd0b4ac]]></document>
		<document><![CDATA[tomorrow I won't be at coworking, but @simonwaserman may be around]]></document>
		<document><![CDATA[#screenshotsaturday #indiedev #horrorgame Hey everyone all this for $15! https://t.co/kdnAeJueme thats a $35 saving compared to buying each.]]></document>
		<document><![CDATA[Hey, if you are making a game for #unity3d please buy my first person essentials pack and save over $35 https://t.co/kdnAeJueme]]></document>
		<document><![CDATA[Can anyone identify this #building #qatar ? https://t.co/6ARwsgbz4K]]></document>
		<document><![CDATA[WE ARE LIVING IN A MATERIAL WORLD AND #Trump IS A MATERIAL GIRL]]></document>
		<document><![CDATA[@Omac_brother I wouldn't even qualify them as horsemen, more like horseShit]]></document>
		<document><![CDATA[@sommardahl Why, what do you need?]]></document>
		<document><![CDATA[Hey folks, if you're not already following me on FB : https://t.co/qj19UHRirE check out my #indiedev #indiegame progress here. Thanks!]]></document>
		<document><![CDATA[@sommardahl Why what do you need?]]></document>
		<document><![CDATA[At Secret Weapon now for coworking.! Just until Friday :)]]></document>
		<document><![CDATA[Lots of free #3d #assets ! #indiedev https://t.co/3ijHEXeW9p]]></document>
		<document><![CDATA[Dragon by @robertramsay https://t.co/2JmsZ8mjnb via @sketchfab]]></document>
		<document><![CDATA[hi #DonaldTrump I hear you have a monkey for me... do you think I give a ...]]></document>
		<document><![CDATA[@shedworksgames They sure are!]]></document>
		<document><![CDATA[@TEvashkevich @simonwaserman @usefulslug Until the internet is back up and running around the 9th/10th]]></document>
		<document><![CDATA[Co-working at Stratford Today, as we have internet there. Sorry if this causes any inconvenience! Also Monday, Tues and Wednesday nxt wk.]]></document>
		<document><![CDATA[@simonwaserman @usefulslug @TEvashkevich We are Co-working in Stratford today, monday, tuesday, wed and Thursday until further notice!]]></document>
		<document><![CDATA[I have decided that Friday the 4th, Monday the 7th, Tue 8th and Wed 9th Are all Stratford for al your internet needs!]]></document>
		<document><![CDATA[@angusdick Yes, we are here now]]></document>
		<document><![CDATA[#londongamespace we are at Stratford today, I'll be there for around 10:45, the cleaner might still be there so tap the window]]></document>
		<document><![CDATA[London Gamespace is open today at 97 Stoke Newington Rd, Loading bar. I'll be there from 10:30am!]]></document>
		<document><![CDATA[Yay first sale of November with #unity3d https://t.co/Gl8nxiTY4h https://t.co/xq5po3Zq9a]]></document>
		<document><![CDATA[#GameMaker #services back on: https://t.co/kqulFKTTVZ]]></document>
		<document><![CDATA[Co working is open today, but wifi is not on the menu, bring your data!]]></document>
		<document><![CDATA[On way to coworking]]></document>
		<document><![CDATA[Coworking is open tomorrow, should be there before 10:30am at stoke newington ;)]]></document>
	</documents>
</author>