<author lang="en">
	<documents>
		<document><![CDATA[Day 249: Loved that @hardwick took a moment to chat with @mazjobrani tonight about what he's… https://t.co/Ikc2GSkuIo]]></document>
		<document><![CDATA[Day 248: So I think I found my next guilty pleasure... 🤓💁🏼#teambetty #500daysofsummer @ Chevy… https://t.co/y4hlWaObW6]]></document>
		<document><![CDATA[Day 247: When a snow storm comes out of nowhere 💨❄️ #500daysofsummer @ University of the… https://t.co/uYMlbxVOKV]]></document>
		<document><![CDATA[Day 246: We see you and you are welcome here 🗽❤💙 #nomuslimban #nowall #500daysofsummer @ Chevy… https://t.co/d6F3oFUYDw]]></document>
		<document><![CDATA[Day 245: Calling 9:10 bedtime after a great day of student staff training 😴#highered… https://t.co/L6GzOeh583]]></document>
		<document><![CDATA[Day 244: When you're all about waltdisneyworld but also in the resistance #alexandani… https://t.co/8okHSkORAE]]></document>
		<document><![CDATA[Day 243: #tbt to Monday and hanging with my girl #minniemouse 🎀❤ #500daysofsummer… https://t.co/KubNneFImM]]></document>
		<document><![CDATA[Day 242: Drinking tea out of my new mug makes today a good day ☕️🎆 #DisneyOverDrumpf… https://t.co/kpiUYGAzpd]]></document>
		<document><![CDATA[Day 241: The last four days have renewed my heart and soul. Back to the real world today 😭😱🙅🏼… https://t.co/N55Ht8lnw8]]></document>
		<document><![CDATA[Day 240: it's my last full day at Disney but #epcot did not disappoint ❤🎇🎆 #DisneyOverDrumpf… https://t.co/qjTQjMU0Sy]]></document>
		<document><![CDATA[Day 239: Had an AMAZING day with daniellereedswagg disneyprincessem and #ericneedsaninsta 🌹❤🎇🎆… https://t.co/pS9JCO7CBX]]></document>
		<document><![CDATA[Day 238: A woman's place is in the resistance 💪🏻☮️ #500daysofsummer #resist #DisneyOverDrumpf @… https://t.co/PmsgpIi0Jp]]></document>
		<document><![CDATA[Day 237: Absolutely beautiful day at Disneys Animal Kingdom! 🦁🐯🦍 #500daysofsummer… https://t.co/flfnWyoLik]]></document>
		<document><![CDATA[Day 236: After an amazing event put on our team, I'm officially at Disney!! ❤🎆🎇#DisneyOverDrumpf… https://t.co/sWq0lYK0WK]]></document>
		<document><![CDATA[Direct quote from sound guy checking at out event "Batman's super power is privilege" I'm screaming 😂😂😂😂]]></document>
		<document><![CDATA[Day 235: Packing list and gummy vitamins are ready for Disney tomorrow! 🎆🎇 #onemoresleep… https://t.co/BX6IlP5638]]></document>
		<document><![CDATA[Day 234: I love my new Cats of 1986 calendar (and the fact that Disney is only 2 more sleeps!!!)… https://t.co/8vR1gD4aL8]]></document>
		<document><![CDATA[Day 233: After a day filled with things I love (brunch with @aann1010 and disneydan4life;… https://t.co/7XrLgGSzC8]]></document>
		<document><![CDATA[Day 232: You know you're winning at life when you roll out of bathandbodyworks paying only $20… https://t.co/1LwNI8kl3V]]></document>
		<document><![CDATA[Day 231: Spent so many hours watching @greysabc on this yucky rainy day that I'm like 60% sure I… https://t.co/TJFZ0GTbP6]]></document>
		<document><![CDATA[Day 230: Got my @maydesigns notebook in the mail today 💗💜💗💜 #stationaryaddict #500daysofsummer @… https://t.co/iHEnoc988W]]></document>
		<document><![CDATA[Day 229: Getting pumped for next week! 🎇🎆 #disneynerd #500daysofsummer @ Chevy Chase… https://t.co/DBydbaUDle]]></document>
		<document><![CDATA[Day 228: Digging my tiger Korean face mask from sjunot9 💆🏼🐯 #500daysofsummer @ Chevy Chase… https://t.co/9PADZQja8r]]></document>
		<document><![CDATA[Day 227: I'm a mess while watching @barackobama. Thank you for your inspiring leadership 🇺🇸🇺🇸🇺🇸… https://t.co/PInATZeI4b]]></document>
		<document><![CDATA[Day 226: Congrats to our #accfootball brothers @clemsontigers, such a great game!! 🐯🐾… https://t.co/w5n3lUs38f]]></document>
		<document><![CDATA[Day 225: Loved the @goldenglobes especially all the ❤ for lalaland. Everyone needs to see it, it… https://t.co/VqtgeUNXch]]></document>
		<document><![CDATA[Day 224: Spent the first real snow day of the season mostly inside with @netflix… https://t.co/4sNEzzhJhh]]></document>
		<document><![CDATA[Day 223: Catching up on @hardwick's latest hosting venture! #hostallthethings #chrisforcohost… https://t.co/LwPpZRks8j]]></document>
		<document><![CDATA[@realDonaldTrump is that sad senior that doesn't know what do do when they graduate so they just sit around making fun of the new freshman]]></document>
		<document><![CDATA[Guys, our actual president elect is bashing a host on A TV SHOW HE IS A PART OF!  Does @realDonaldTrump seriously have nothing else to do?]]></document>
		<document><![CDATA[Day 222: #bevita biscuit in Greek yogurt is the best idea! 😋💯 #500daysofsummer @ University of… https://t.co/UFoDH86q2a]]></document>
		<document><![CDATA[Day 221: Spent the evening with @abbijacobson and ilanusglazer 👯👩‍❤️‍👩 #broadcity… https://t.co/aIrTCbiTGi]]></document>
		<document><![CDATA[Day 220: Ok I started watching nbcthewall because I love @hardwick but it's seriously such a fun… https://t.co/CkoNjcLXbd]]></document>
		<document><![CDATA[So I started watching the @NBCTheWall because I love @hardwick but I'm invested now and legit am crying when the ball went into the mil spot]]></document>
		<document><![CDATA[Day 219: Celebrated the first day back in DC with brunch with colinjulius and #eddieneedsinsta… https://t.co/b6lVKoOS8e]]></document>
		<document><![CDATA[Day 218: Oh how I will miss the mild temps of FL ☀️➡️❄️ #fladventures #500daysofsummer @ Chevy… https://t.co/VDqGvD4N1K]]></document>
		<document><![CDATA[Day 217: Happy New Year!! Here's to hoping 2017 rules!! #fladventures #500daysofsummer @… https://t.co/xsuyZ8kpo0]]></document>
		<document><![CDATA[Day 216: I might have lost about a year off my life but so happy to end the season with a W ❤️💛🍊… https://t.co/5LlBgudaj7]]></document>
		<document><![CDATA[Day 215: Spent the afternoon with some mermaids 🐬💕 #whyisntthereamermaidemoji #fladventures… https://t.co/tLJf8cWsoS]]></document>
		<document><![CDATA[Day 214: Spent a nearly perfect beach day with cjunot9239 ☀️🏖🏝 #fladventures #500daysofsummer @… https://t.co/PT0I8vJWzF]]></document>
		<document><![CDATA[Day 213: Words of wisdom from an amazing person #leiaforever #500daysofsummer #stop2016 @… https://t.co/NsXupKUK8v]]></document>
		<document><![CDATA[Aaaannnd we have reached peak Florida... https://t.co/8NqLNnvDbf]]></document>
		<document><![CDATA[Day 212: Today's lazy day activities included finally seeing Suicide Squad, sjunot9's last… https://t.co/E0XAC9snlA]]></document>
		<document><![CDATA[Day 211: Spent Christmas evening with these beauties and this FL sunset 🌅🎄 #nofilter… https://t.co/j4t54aQpo4]]></document>
		<document><![CDATA[Day 210: And to all a good night 🎄❤ #christmaseve #fladventures #500daysofsummer @ Heritage… https://t.co/G5NI0OoT6Z]]></document>
		<document><![CDATA[Day 209: Family is everything 💕❤ #fladventures #500daysofsummer @ Molly Malones Irish Pub https://t.co/zlz9A7xNR4]]></document>
		<document><![CDATA[Day 208: Less than 24 hours till I get to see these two and cjunot9239!! 🤣💕🐶 #500daysofsummer… https://t.co/HIjC4XlYYD]]></document>
		<document><![CDATA[Day 207: When you have to pull your spring/summer clothes out of storage to pack for your trip… https://t.co/oOlXgn3tZT]]></document>
		<document><![CDATA[Day 206: My new car is like really pretty 🚗💁🏼#nofilter @ Bethesda, Maryland https://t.co/LTdhkOBgPY]]></document>
		<document><![CDATA[Day 205: After months of agonizing and looking, I finally got my new car! Welcome to the fam yet… https://t.co/9BmWk7w6qE]]></document>
		<document><![CDATA[When its the week before vacation and you're just trying to be productive... https://t.co/hycfXaFYWT]]></document>
		<document><![CDATA[Day 204: V successful holiday partying and cookie exchange! 👍🏻🍪🎄 #500daysofsummer @ Chevy Chase… https://t.co/7IxIitP9dK]]></document>
		<document><![CDATA[Day 203: When your team wins the gingerbread house decorating contest! 🏠💁🏼 #500daysofsummer @… https://t.co/OFAYdaY3tv]]></document>
		<document><![CDATA[Day 202: It's always a good day when your @birchbox comes in the mail, especially when it's… https://t.co/Vf7QR4UZgr]]></document>
		<document><![CDATA[Day 201: Got to catch wicked_musical at the @kencen and it was amazing! Thanks… https://t.co/7rY7xAmWzR]]></document>
		<document><![CDATA[Day 200: This completely made my morning and commute so enjoyable and inspired much needed… https://t.co/GWzsh0HZH9]]></document>
		<document><![CDATA[Day 199: Even though it's not really ~holiday~ I love @opi_products #opiink this time of year… https://t.co/xQm6KcNE9q]]></document>
		<document><![CDATA[Ok I don't even care if everyone dies in a Neegan hellstorm, @hardwick is fly and fresh as hell in those glasses 😍🤓 @AMCTalkingDead #TWD]]></document>
		<document><![CDATA[Day 198: When the weather outside is frightful, you wear leggings that are delightful ❄️💁🏼… https://t.co/DLWkKNnnq5]]></document>
		<document><![CDATA[Day 197: When your favorite pup just happens to also somehow make it onto an ugly sweater 😝🐶 @… https://t.co/yLE5c1eEA0]]></document>
		<document><![CDATA[Day 196: Perfect hot cocoa and flannel PJs weather ❄️☕️ #500daysofsummer @ Chevy Chase… https://t.co/05SmaDye23]]></document>
		<document><![CDATA[Day 195: I'm officially acclimated to cold weather climates, I have discovered that I have… https://t.co/nijGFpV9H4]]></document>
		<document><![CDATA[Day 194: Ok #btstenley is the best! Last week I came in craving a peppermint shake after a long… https://t.co/Qy5ILzGo48]]></document>
		<document><![CDATA[Day 193: When you've had a meh day and michaelbuble warms your grinch heart 🎄🌟 #500daysofsummer… https://t.co/8sugFdnOv5]]></document>
		<document><![CDATA[Day 192: Getting Disney plans ready!! 🌟✨ #ofcoursemyavatarisbelle #500daysofsummer @ Chevy Chase… https://t.co/7fiKr7CPpP]]></document>
		<document><![CDATA[@midnight Born to Runaway Bride #AddASongRuinAMovie]]></document>
		<document><![CDATA[Day 191: Celebrated #nationalcookieday with traderjoesfood ugly sweaters cookie decorating kit… https://t.co/ieUmpZ3Lrb]]></document>
		<document><![CDATA[Day 190: Had a wonderful birthday filled with laughter, singing and puppy faces.  🎉🐶🎂… https://t.co/YkruAUNaMI]]></document>
		<document><![CDATA[Day 189: Git my first bday card yesterday from my lovely co workers ✨🌟 #500daysofsummer @… https://t.co/ARni1sAR5v]]></document>
		<document><![CDATA[Day 188: Got my new @fitbit! Thanks mama for the bday present!! 🏃🏼‍♀️🎂 #fitbitalta… https://t.co/SUCu3E558h]]></document>
		<document><![CDATA[I have a feeling you’ll love today’s prize! Visit https://t.co/XfVs288HKR to enter @birchbox’s 12 Days of Prizes &amp; Surprises.]]></document>
		<document><![CDATA[@midnight RENT FREE (cause I live with my parents) #MillennialMusicals]]></document>
		<document><![CDATA[Day 187: I know that I'm @hardwick's biggest fan girl but he just serves up some incredible… https://t.co/K52tGJ5vWW]]></document>
		<document><![CDATA[Day 186: After a long day, I needed some Cran Grape aka #workwine 🍇🍷 #500daysofsummer @… https://t.co/xpUNqeVkqv]]></document>
		<document><![CDATA[Day 185: Something about this time of year makes book (or in my case amazonkindle) reading so… https://t.co/oarVFvJKqz]]></document>
		<document><![CDATA[Day 184: Coming home knowing that our state champ title is FULLY intact 💛❤️💛 #gonoles… https://t.co/XHL0bSA2WV]]></document>
		<document><![CDATA[Day 183: Turned cjunot9239 into a magic loving muggle! fantasticbeastsmovie was amazing! ✨⚡️💫… https://t.co/ycubK1hZl5]]></document>
		<document><![CDATA[Day 182: The post shopping 😴 🐶 #lolers #500daysofsummer @ Heritage Lake, New Port Richey, Florida https://t.co/KwfeHacQhG]]></document>
		<document><![CDATA[Day 181: Home is where the publix pilgrim salt and pepper shakers are. Had a wonderful day… https://t.co/3iVrua641H]]></document>
		<document><![CDATA[Day 180: Getting fresh for the fam @thedrybar 💛💆🏼 #500daysofsummer @ Drybar Bethesda https://t.co/cILZrHVxCr]]></document>
		<document><![CDATA[Day 179: All checked in for going home tomorrow!! ✈️🛫 #500daysofsummer @ Chevy Chase… https://t.co/GJtNBzR3Bo]]></document>
		<document><![CDATA[Day 178: Sometimes you just gotta spend an evening playing @oprah's mobile game and saving… https://t.co/hXOvyJDVX3]]></document>
		<document><![CDATA[Day 177: Cranberry nails are ready for Thanksgiving! 🍷💅🏻 #500daysofsummer @ Chevy Chase… https://t.co/pu797H22eD]]></document>
		<document><![CDATA[Day 176: Excited for the momentum that will hopefully carry into next week! ❤️💛❤️💛 #gonoles… https://t.co/Od1XkeLXGa]]></document>
		<document><![CDATA[Day 175: It may be 40 degrees outside but thanks to #mango @enjoylacroix it feels like summer!… https://t.co/j0nWhw8Arz]]></document>
		<document><![CDATA[Day 174: Gearing up to plan a Disney trip by coloring and relaxing! 🏰🎨 #disneynerd… https://t.co/d6YI6Eltlg]]></document>
		<document><![CDATA[@midnight 30 Seconds to the Bathroom #SickBands]]></document>
		<document><![CDATA[Day 173: Got a #safetypin for my work lanyard! ❤️ #positivity #500daysofsummer @ University of… https://t.co/PMU1a4qTuh]]></document>
		<document><![CDATA[@midnight Caturday Night Live #CatTV]]></document>
		<document><![CDATA[Day 172: Thank you @midnight for the cute themed show tonight! 😻🙌🏻 #catvideosftw #allthepuppies… https://t.co/8xBlzUWlM0]]></document>
		<document><![CDATA[Day 171: This was v necessary tonight, thank you @justinbaldoni! 😍😜 #janethevirgin… https://t.co/WnkjYkGcx6]]></document>
		<document><![CDATA[Day 170: colinjulius and #eddieneedsinstagram made me feel like an American Teen Princess with a… https://t.co/X4z3NVdcFU]]></document>
		<document><![CDATA[Day 169: @acuiregionvii was an amazing experience! Got to meet some amazing professionals and… https://t.co/27kMCSgbA4]]></document>
		<document><![CDATA[Day 168: Ummmmm yeah we got this trivia question right...😍🤓 #nerdistfangirl #500daysofsummer @… https://t.co/bGosHfbGMg]]></document>
		<document><![CDATA[Day 167: Excited to kick off #acuiregionvii today 💜💜 (also sorry it's a day late, thought I… https://t.co/E7MvRMc9WM]]></document>
		<document><![CDATA[Day 166: I'm grateful for having family to help cheer me up after a trying day and excited to… https://t.co/dOQPMi1mga]]></document>
		<document><![CDATA[Day 165: Civic duty done! 🗳🇺🇸 #imwithher @ University of the District of Columbia https://t.co/8ULFnKawj8]]></document>
		<document><![CDATA[Day 164: On Election Eve, everyone could use this picture of Lola in a sweater 😍🐶… https://t.co/jb6CtzA0vs]]></document>
		<document><![CDATA[Day 163: Sunday's got me like 😴 🐼 #pandastory #baobao #500daysofsummer @ Smithsonian’s National… https://t.co/0voy3UQ5Ko]]></document>
		<document><![CDATA[Day 162: Fall is v pretty 🍁🍂 #nofilter #500daysofsummer @ Chevy Chase (Washington, D.C.) https://t.co/hOckQ12t7L]]></document>
	</documents>
</author>