<author lang="en">
	<documents>
		<document><![CDATA[When I'm stuck at Cajen's apartment waiting for her to get off work. https://t.co/IFBQvNTL1q]]></document>
		<document><![CDATA[Grey or Gray? 🤔

E.L. James says it's 50 shades of GREY so that's what I'm going with. 👍🏼]]></document>
		<document><![CDATA[Nice days like today in the middle of winter are refreshing. 😎☀️]]></document>
		<document><![CDATA[@Cbartelson30 @Wesley_Gilmore Photoshop some prison tattoos onto his head 😂😂😂]]></document>
		<document><![CDATA[Everybody look at how hard @Wesley_Gilmore looks in his avi 😳 like he got 25 to life at Leavenworth ☠️]]></document>
		<document><![CDATA[How can some people do what they do to dogs with no remorse? I feel like I should serve time for accidentally stepping on my dog's paw.]]></document>
		<document><![CDATA[@t_whit23 he was the media's and the player's first pick...the people who are most involved in the game put him above the other two.]]></document>
		<document><![CDATA[First America votes Donald Trump to be their president.
Now they vote for both Curry and Harden over Westbrook. 
Pe… https://t.co/vTpw8wipSA]]></document>
		<document><![CDATA[A real headline on Jerry Springer: "Betrayed By My Parrot"
Let that parrot know snitches get stitches...or worse. https://t.co/EWK4eEGNdK]]></document>
		<document><![CDATA[Happy Birthday @ryleigh_13 🎉🎈🎁 Hope it's a good one!]]></document>
		<document><![CDATA[I'm not complaining about a class being canceled but email us the night before so I can sleeeeeep.]]></document>
		<document><![CDATA[Talk about cutting it close. I had just hopped out of the shower when the fire alarm started going off 😅]]></document>
		<document><![CDATA[Watching Pittsburgh take the final knee...😭 https://t.co/9I4b5oqv5s]]></document>
		<document><![CDATA[Real smart Kelce. Let your ego get in the way of your team's chances of winning a playoff game 🤔]]></document>
		<document><![CDATA[I was eating leftover steak. Cajen was eating cereal. My dog was begging for the cereal knowing I'm not the food sharing type 😂]]></document>
		<document><![CDATA[Bend but don't break mentality 😬 #ChiefsKingdom #NFLPlayoffs #AFCDivisional]]></document>
		<document><![CDATA[Cowboys fans reactions....GO.]]></document>
		<document><![CDATA[I was at a K-State football game where Crosby kicked a 50-something yard game winner for Colorado.]]></document>
		<document><![CDATA[The Dallas Cowboys organization made about a quarter million extra dollars today by adding 3,000 standing room only tickets.]]></document>
		<document><![CDATA[A couple of good football games to watch today! 🏈👌🏼 #NFLPlayoffs #ChiefsKingdom]]></document>
		<document><![CDATA[Now I have to wait even longer!! 😩 #ChiefsKingdom #PITvsKC #DivisionalRound https://t.co/9YcuhHf9Oa]]></document>
		<document><![CDATA[Me after cracking open my philosophy book 🙃 https://t.co/BZNTbjkuSF]]></document>
		<document><![CDATA[Happy Birthday TZ!! Hope you have a great day and that Austin gets you something nice!!! 🎉🎁🎈🤘🏼@Taylor_Zimm21 https://t.co/hhRCo3we1Y]]></document>
		<document><![CDATA[Alabama goes down. I'm happy. #CFBChampionship]]></document>
		<document><![CDATA[Clemson's receivers are coming up huge!! #CFBPlayoff]]></document>
		<document><![CDATA[Tonight, I'm #ALLIN Beat Bama!]]></document>
		<document><![CDATA[Just watched American Sniper for the first time since I saw it in theaters and I forgot how good it was 👌🏼🎬🇺🇸]]></document>
		<document><![CDATA[It doesn't get much funnier than Jimmy Fallon and Justin Timberlake together 😂]]></document>
		<document><![CDATA[If KU lost on that play...they would be saying the same stuff about the refs 🐸☕️]]></document>
		<document><![CDATA[@McGuire_2032 😂😂😂 I see what you did there 👌🏼]]></document>
		<document><![CDATA[HE TOOK AT LEAST 3 STEPS 😂 MAYBE 4!!!]]></document>
		<document><![CDATA[Great day for the Chiefs! Give us the 2 seed!!! #ChiefsKingdom]]></document>
		<document><![CDATA[It literally looks like there are more Chiefs fans than Chargers fans in the stadium right now 😂]]></document>
		<document><![CDATA[Go Chiefs! And as all the other Chiefs fans have to say as well today...Go Broncos. #ChiefsKingdom #WinTheDivision https://t.co/GYDerXeMnI]]></document>
		<document><![CDATA[How did I just wake up this early??? #HappyNewYear]]></document>
		<document><![CDATA[That was a good bowl win! #EMAW #AdvoCareTexasBowl]]></document>
		<document><![CDATA[15 minutes from game time! It's almost here! #EMAW #TexasBowl]]></document>
		<document><![CDATA[Cade literally just ate a dozen rolls at Texas Roadhouse and he continued to still make a happy plate.]]></document>
		<document><![CDATA[Thanks for calling the timeout so Berry could rack up his stats. 😂]]></document>
		<document><![CDATA[Cairo Santos though. Jeeeeeeeeez.]]></document>
		<document><![CDATA[Dontari Poe with the TD...PASS! 😂 #ChiefsKingdom #DENvsKC #SundayNightFootball]]></document>
		<document><![CDATA[Why didn't NBC let us see that dude get laid out!? #SNFonNBC]]></document>
		<document><![CDATA[OMG I just saw mommy kissing Santa Claus...never staying up past midnight on Christmas Eve ever again. 😘🎅🏼👀😳🙈 https://t.co/Q8l79BuuT9]]></document>
		<document><![CDATA[😂😂😂 Seahawks are having flashbacks to the last time they played Arizona...those darn kickers.]]></document>
		<document><![CDATA[I don't know why we thought this would be funny but we had a shovel lying around instead of a pitchfork so we put o… https://t.co/EpXevzP7PV]]></document>
		<document><![CDATA[I just remembered almost all of the NFL games are today. I'm just ready for the Chiefs-Broncos tomorrow!!! 😄🏈 #ChiefsKingdom #SNF]]></document>
		<document><![CDATA[Happy Birthday @KaymaRose 😝🎉🎈🎁 Have a good day. I'm looking forward to celebrating next weekend 🎰🤑]]></document>
		<document><![CDATA[Happy Birthday @caitie_williams 🎈🎉 enjoy the rest of it!]]></document>
		<document><![CDATA[I'm watching Justin Timberlake + The Tennessee Kids on Netflix and I'm struggling to stay seated. I definitely have to go to a JT concert. 😬]]></document>
		<document><![CDATA[If Ryan Succop beats us....]]></document>
		<document><![CDATA[Wow Cajen just taught me how to wrap presents. I'll probably still take advantage of the complimentary gift wrapping at Von Maur 😬]]></document>
		<document><![CDATA[@CoulterTrey it's because they have you to keep things in line!!]]></document>
		<document><![CDATA[I could really use $1 million right now 😁💰#CapitalOneBowlMania]]></document>
		<document><![CDATA[Talk about false advertisement...Have you seen the latest Walmart commercial where there is no waiting in line and multiple lanes open? 😂]]></document>
		<document><![CDATA[Nothing gets the blood flowing like a couple of Hurts Donuts and a coke for brunch 😬😂]]></document>
		<document><![CDATA[Me making my way to the Hurts Donut Emergency Donut Vehicle right now. https://t.co/bL9PnKSClD]]></document>
		<document><![CDATA[@_Cypert5 😂 I'm not in Hutch anymore! I'm on break. Just a good ole Braum's shake.]]></document>
		<document><![CDATA[You can bet I ordered two small shakes being they were 'buy one get one' and ate both of them 😜]]></document>
		<document><![CDATA[So happy to see that @JaredShields13 has made a return to snapchat!!! 🤗]]></document>
		<document><![CDATA[@kelseylauren_12 he didn't catch it here either.... https://t.co/DTN6hU3Fwy]]></document>
		<document><![CDATA[I like how the #FCSPlayoffs actually give me a chance to watch N. Dakota St. because they are as fun to watch as any FBS school.]]></document>
		<document><![CDATA[Why is there always that one person that gets a tattoo of their favorite team winning a championship prematurely? it's so stupid 😂]]></document>
		<document><![CDATA[@DaughertyParker 😂 I got the NFL Mobile app so I guess I can watch both at the same time! I wouldn't want to completely miss the game!! 👍🏼]]></document>
		<document><![CDATA[The Weather Channel app says the wind chill is -3° right now...😬 https://t.co/uv6LkWyEEk]]></document>
		<document><![CDATA[I'm in a dilemma with the Chiefs game and the Logan Mize concert going on at the same time!!! 😬]]></document>
		<document><![CDATA[Saw a sticker in the rear window of a car saying "choose abstinence." In that same rear window were 5 little stick figure children 😂 ironic!]]></document>
		<document><![CDATA[I'm listening to the Crusader 🏀 game and I don't think I've ever heard "Cade Phelps" and "good defense" in the same sentence so many times.]]></document>
		<document><![CDATA[The best Christmas movie of all time is on #25DaysOfChristmas right now... https://t.co/G675rv6JTo]]></document>
		<document><![CDATA[@jacelowe the second best team had a record of 8-4...so yeah.]]></document>
		<document><![CDATA[I'm an SEC hater so I was thrilled with how average the SEC was this year. If Kstate can beat A&amp;M that would be the icing on the cake 🏈👌🏼🍰]]></document>
		<document><![CDATA[Fake punt for a TD!!! #ChiefsKingdom]]></document>
		<document><![CDATA[A lot of people need to go read the unwritten rules of Snapchat on @BuzzFeed 's snap story rn. It's right on 👌🏼]]></document>
		<document><![CDATA[Off the upright and through!!! 🏈😳 #ChiefsKingdom]]></document>
		<document><![CDATA[I'm always losing Cajen while we're shopping because she's shorter than the clothes racks 😂]]></document>
		<document><![CDATA[Jay Bilas is always speaking out against the NCAA 😂]]></document>
		<document><![CDATA[When I first saw this I thought they would be stupid to do that so soon. After losing to KU today though—that's eno… https://t.co/GYEJIbcHgS]]></document>
		<document><![CDATA[Is K-State trying to give this one away? Jeeeeez. One penalty after another.]]></document>
		<document><![CDATA[Drew Brees is the most accurate quarterback in the NFL. Pinpoint Accuracy. #TNF]]></document>
		<document><![CDATA[Remember when the sun used to still be out at 6 pm? I miss those days. 😔]]></document>
		<document><![CDATA["Let's see. I have more money than I know what to do with. Ah what the heck...get me a Skittles vending machine." https://t.co/pDRoVTHFZD]]></document>
		<document><![CDATA[Marcus Peters is big time!!! 👌🏼]]></document>
		<document><![CDATA[Clemson, Michigan, and Washington losing today just made things a lot more interesting! Wow. #CFP 😳🏈]]></document>
		<document><![CDATA[When will it ever be safe to get on Twitter again? I thought this election stuff was over 😫]]></document>
		<document><![CDATA[@LeGrandCanyon15 it will never surpass Dr. Pepper no matter how good the commercials are. 😬]]></document>
		<document><![CDATA[Kelce was HEATED 🔥😂]]></document>
		<document><![CDATA[Ask and you shall receive 👌🏼]]></document>
		<document><![CDATA[I'd love to see Alabama or Texas A&amp;M go down today. Two teams from the SEC in the #CFP is ridiculous.]]></document>
		<document><![CDATA[With all the attention surrounding the Cubs, it just makes me crave the deep dish pizza at @GiordanosPizza in Chicago. I wanna go back. 🍕]]></document>
		<document><![CDATA[Rizzo slyly sneaking that last out game ball into his back pocket...cause that ball is gonna be worth some 💰💰💰]]></document>
		<document><![CDATA[@Wesley_Gilmore I'm telling your mom.]]></document>
		<document><![CDATA[Idk if this free taco is worth the line I'm waiting in for it 😂🌮]]></document>
		<document><![CDATA[@CoulterTrey I miss you too, Trey 😉😘]]></document>
		<document><![CDATA[@PfalzgrafAustin Canadians are way too nice to do something like that.]]></document>
		<document><![CDATA[Love is not judging your partner for getting that 3rd bowl of pasta during Olive Garden's endless pasta bowl promotion.]]></document>
		<document><![CDATA[Only thing standing between me and my three day weekend is a class in which we're watching Remember the Titans 👌🏼📽🏈 #LeftSide #StrongSide]]></document>
		<document><![CDATA[Who would have thought 6 years ago we'd be what we are today? Words can't describe how I feel… https://t.co/ISvL9yikjM]]></document>
		<document><![CDATA[@ConnorBurnett72 is that Jackie Moon??]]></document>
		<document><![CDATA[#NFLKickers in this Sunday Night game 😂 wow. 😳]]></document>
		<document><![CDATA[@Taylor_Zimm21 is a saint for making some yummy breakfast burritos this morning 😊😋]]></document>
		<document><![CDATA[People should think for themselves more often. Don't let someone else completely influence your way of thinking. #Individualism]]></document>
	</documents>
</author>