<author lang="en">
	<documents>
		<document><![CDATA[Truly one of the world's great spaces. https://t.co/rZv7vXXlis]]></document>
		<document><![CDATA[Well, #BLMaps was excellent. Highly recommended if you're in London. Thanks for the heads-up @rollohome https://t.co/F8tgSIhbTC]]></document>
		<document><![CDATA[Busman's holiday. https://t.co/QtqnchhlIC]]></document>
		<document><![CDATA[@bearaboi I read that she's here on Monday, and the Dáil isn't sitting that day. Not sure if that's true tho.]]></document>
		<document><![CDATA[@bearaboi The wait will be worth it. Best of luck.]]></document>
		<document><![CDATA[Trump's claims lots of voter fraud. ALL of those electors voted in *many* other elections on Nov 8th. Who else is complaining?]]></document>
		<document><![CDATA[@SimonJohnPalmer I'm more worried about Russia, China and the Middle Eastern powder-keg]]></document>
		<document><![CDATA[@SimonJohnPalmer (I'm an optimist, and assume it will get better)]]></document>
		<document><![CDATA[Interesting analysis. France and Japan also 'flawed' Nordics at the top of the list as expected, along with Ireland… https://t.co/8bXmNlhfZB]]></document>
		<document><![CDATA[@DubLoony @doccer Big opportunity for Dems to redraw boundaries after 2020 census. Getting worried he'll cancel it.]]></document>
		<document><![CDATA[@rollohome Excellent. I'll pop in to The John Snow for a pint as well. Thanks!]]></document>
		<document><![CDATA[@DubLoony @doccer Similar plans afoot with https://t.co/vGA8NbSMLL]]></document>
		<document><![CDATA[@rollohome Is that from a forthcoming exhibition? I'm making a rare visit to London this weekend and would love to take in some map geekery]]></document>
		<document><![CDATA[@DubLoony @doccer Yes, but without the imprimatur of the state can any such data be trusted. Authoritative used to mean something..]]></document>
		<document><![CDATA[@sNarah Surprising what you get used to. Binliners all over the back seat before set off. These days it's complaints about mobile coverage]]></document>
		<document><![CDATA[@sNarah Mine didn't fly much when they were that age, but a visit to the grandparents meant a 5 hour drive which *always* featured puke.]]></document>
		<document><![CDATA[@sNarah Calpol just before boarding, Peppa Pig episodes downloaded onto the phone (or whatever the current thing is)]]></document>
		<document><![CDATA[@doccer @marklittlenews Entire industries, including mine, rely on unfiltered raw data from the state. A first step to a very dark future]]></document>
		<document><![CDATA[Today's step into darkness. https://t.co/5UB2Cl99Kh]]></document>
		<document><![CDATA[@ChristineBohan That line reminds me of the portrayal of Pope John Paul II in Spitting Image.]]></document>
		<document><![CDATA[@ditofficial Thanks! Looking forward to it.]]></document>
		<document><![CDATA[Spotted at Ranelagh Bridge, 'Clean Vans Matter' https://t.co/Nz7wARi7J5]]></document>
		<document><![CDATA[@conorlawler Cheers. 1st week should be grand, it's the difficult 2nd week follow up (+ the other 10 after that) that I'm not so sure about]]></document>
		<document><![CDATA[The privatised 'post statistical society' is a scary prospect indeed. What is truth when there isn't one? Great lon… https://t.co/RtpOcy2K2s]]></document>
		<document><![CDATA[@T4rbh Cheers, I've managed to sneak in a slide on Ingress into tomorrow's lecture.]]></document>
		<document><![CDATA[I think I'm finally ready, I start teaching a module on #WebMapping in @ditofficial tomorrow. Pretty maps, code and data ahead..]]></document>
		<document><![CDATA[@AodhBC Did you spray them with Lynx?]]></document>
		<document><![CDATA[Roast in Piss.

https://t.co/i6ezaZnk19]]></document>
		<document><![CDATA[Winter morning light on the Liffey https://t.co/flhPWkvJBo]]></document>
		<document><![CDATA[@tpstigers Apparently both @BarackObama and @JoeBiden have Irish heritage, and I'm quite good at this beer stuff. Sláinte]]></document>
		<document><![CDATA[@hicksimon Ask the guys at @TOG_Dublin They're expert lock-pickers. They clean off the Ha'penny bridge every so often.]]></document>
		<document><![CDATA[They're coming after our data, and this is only the beginning. https://t.co/tbOK6h2bmb]]></document>
		<document><![CDATA[FYI: https://t.co/QzbyH49gTp #Inauguration #brexit]]></document>
		<document><![CDATA[And if we do have the data, is it biased? Thought provoking stuff https://t.co/YByNJhRsNh]]></document>
		<document><![CDATA[Well done to everyone involved in @DatabeersDub Very interesting talks at the first session.]]></document>
		<document><![CDATA[Interesting map from an interesting bot. https://t.co/Nq2hfyPJEh]]></document>
		<document><![CDATA[Full house for the inaugural @DatabeersDub meetup. https://t.co/6GV4d76I2U]]></document>
		<document><![CDATA[Looking forward to the first @DatabeersDub meetup kicking off shortly. Two of my favourite things..]]></document>
		<document><![CDATA[@robmanuel EU Govts recognise that possibility, hence they're quite likely to make an example of the UK, so that nobody else wants to leave]]></document>
		<document><![CDATA[Shame, I remember going to see the original Star Wars in there in 1977. Haven't been there for years, mind you. https://t.co/E7DwyCU49q]]></document>
		<document><![CDATA[.. This one wins. https://t.co/IVSm2E2fAB]]></document>
		<document><![CDATA[He gets hundreds of unfunny answers, but.. https://t.co/EJsTytlgPt]]></document>
		<document><![CDATA[@tggleeson Interesting times ahead to say the least.]]></document>
		<document><![CDATA[@tggleeson  Last time I tried spending Scottish sterling in London it was practically regarded as a separate currency in any case.]]></document>
		<document><![CDATA[@tggleeson Once they meet convergence criteria]]></document>
		<document><![CDATA[@tggleeson Would Scotland be regarded as a new entrant to the EU? All new entrants since Maastricht are obliged to join the euro.. 1/2]]></document>
		<document><![CDATA[@paulclerkin Great stuff! I presume your USP isn't that you're filtering it through that stuff out front ;-)]]></document>
		<document><![CDATA[I nearly fell off my barstool there, great win for #Munster Very tough match, proper rugby. #GLAvMUN]]></document>
		<document><![CDATA[No love lost in Glasgow, this is quite a spicy match. #GLAvMUN]]></document>
		<document><![CDATA[@ManMaun To be sure, there are many who live here who were not born here, all very welcome. We exported people for 800 years...]]></document>
		<document><![CDATA[@ManMaun True. I live in a city that existed to export people and  beer, now we import both of]]></document>
		<document><![CDATA[@ManMaun That said, Brexit is seriously going to fuck up NI. It'll Fuck us up here South of the border too, way more than you over there]]></document>
		<document><![CDATA[@ManMaun It's a long term aspiration for many people here, but most recognise that the reality is a few hundred years away]]></document>
		<document><![CDATA[@ManMaun No chance in our lifetime. The south can't afford the billions p/a that the UK pumps into the place.]]></document>
		<document><![CDATA[@ManMaun Works with Rugby. Soccer, not quite so.]]></document>
		<document><![CDATA[(Assured-ish)]]></document>
		<document><![CDATA[BP! The home QF is assured, great stuff from #LeinsterRugby]]></document>
		<document><![CDATA[Lots of very nice rugby played in that first half, some of it by Montpellier in the first 20, but most of it by #LeinsterRugby]]></document>
		<document><![CDATA[That's #Leinstertainment https://t.co/re9nV0PwW9]]></document>
		<document><![CDATA[Game over. Looked slightly reckless to me.  Hope Johnny is OK. #Leinster]]></document>
		<document><![CDATA[Tools down, beers up, rugby on. C'mon #Leinster]]></document>
		<document><![CDATA[@StevenFeldman That's a bit of an over simplification on my part, but Brexit will probably impact on Ireland more than UK in the short term]]></document>
		<document><![CDATA[@StevenFeldman As a small country that relies on one for employment and the other for a market, it'll be a tough year here either way]]></document>
		<document><![CDATA[@bkenny 99% of growth, but their dominance is huge alright.]]></document>
		<document><![CDATA[A very interesting look behind the scenes at @CSOIreland, I probably fit into their 'Miner' demographic. https://t.co/ove0dgjKsz]]></document>
		<document><![CDATA[@clareconway See you there @databeers]]></document>
		<document><![CDATA['Daaaad , melonfarmer means something really rude']]></document>
		<document><![CDATA[@robmanuel You should check out @theguyliner blog where he dissects each date. Hilarious, in a cruel but kind way. @guardian]]></document>
		<document><![CDATA[@cianginty @daraghobrien @ElaineEdwards @dermotcasey Is that POWSCAR data from the 2011 census? 2016 data due next July @davidhall75]]></document>
		<document><![CDATA[A certain porn website has blogged about their 2016 web traffic. Some TV events created a drop in traffic, #2? The Late Late Toy Show]]></document>
		<document><![CDATA[@JanetOS_ @CiaraMPSI Stepping up like that is difficult for many (most/almost all) men tho. What is needed to make it easier?]]></document>
		<document><![CDATA[@JanetOS_ @CiaraMPSI Truth. 

Parents need a toolkit: we all want to raise decent kids, but for many the online underworld is unknown.]]></document>
		<document><![CDATA[@JanetOS_ @CiaraMPSI Absolutely. I have a son too, and the assumption of gender normativey is a given.]]></document>
		<document><![CDATA[@CiaraMPSI Some of us are fathers of daughters. Daughters who should have every opportunity we were granted.]]></document>
		<document><![CDATA[Can we do this to spot reset scrums in rugby? https://t.co/xgKd9QyECk]]></document>
		<document><![CDATA[Happy New Year to you all!]]></document>
		<document><![CDATA[@HanburyJane I wonder if there's a garden centre nearby.. Have a fantastic one yourself.]]></document>
		<document><![CDATA[@daraghobrien I over-reached there, apologies. We should meet up again &amp; discuss this over a beer/coffee. DP &amp; Geo is a fascinating space]]></document>
		<document><![CDATA[@daraghobrien I think (some of us) learned a lot about the implications of regarding all ends of the spectrum as equally valid this year.]]></document>
		<document><![CDATA[@MissusVee Is Himself related to Herself?]]></document>
		<document><![CDATA[@edparsons In fairness, we all are @untappd @vicchi]]></document>
		<document><![CDATA[@daraghobrien It would seem that our DPC is focused on fighting local  campfires while a hemisphere busting Meteor is about to hit.]]></document>
		<document><![CDATA[@edparsons You're on @untappd too? Let the competition with @vicchi begin..]]></document>
		<document><![CDATA[@daraghobrien Yes, in other words. ;-)  Wow.]]></document>
		<document><![CDATA[@daraghobrien Would that shut every data centre in the UK?]]></document>
		<document><![CDATA[@jpdiggins Absolutely, but I think the improvements down there are significantly larger than any decline over here.]]></document>
		<document><![CDATA[@deadlysarsvirus I'll pin my hopes for the season on that. 😋]]></document>
		<document><![CDATA[This is not the same #Munster team I saw in Lansdowne Rd a couple of months back. #MUNvLEI]]></document>
		<document><![CDATA[@T4rbh Enthralling stuff, this is a really good game so far. #MUNvLEI]]></document>
		<document><![CDATA[@CiaraMPSI @bearaboi I'll be using the same model up in Donegal next week. Are they a West of Ireland thing?]]></document>
		<document><![CDATA[@CiaraMPSI TBF, Healy Rea = The Cope &lt; Humanity]]></document>
		<document><![CDATA[@CiaraMPSI By the glorious light shining off Errigal?]]></document>
		<document><![CDATA[@CiaraMPSI In for a penny, in for a pound: Donegal &gt; Kerry]]></document>
		<document><![CDATA[@CiaraMPSI Having re-read my tweet, I meant it purely in jest, fyi. Love the work you do.]]></document>
		<document><![CDATA[@CiaraMPSI At what point do we agree to float you lads off into the Atlantic?]]></document>
		<document><![CDATA[Great craic at a @flavourofitaly cookery course with the @Gamma_irl crew, some of whom shouldn't be allowed to deco… https://t.co/wTd9W1dQni]]></document>
		<document><![CDATA[@AodhBC The matrice'd, while handing over my spice bag, expressed confusion. We can assume that flavoured coffee hasn't quite arrived in D8]]></document>
		<document><![CDATA[@AodhBC Much of the new is to be embraced. I think I'll have a spice bag.]]></document>
		<document><![CDATA[@AodhBC Thus it is to be human.]]></document>
		<document><![CDATA[@AodhBC Living vicariously is the way I manage to deal with that.]]></document>
	</documents>
</author>