<author lang="en">
	<documents>
		<document><![CDATA[@mattyjim1 Thanks for the RedBull TV coverage. Are you doing the whole season?]]></document>
		<document><![CDATA[@braceyjames surprised to see you on ch9 this morning! Congrats]]></document>
		<document><![CDATA[@DrCraigEmerson thanks for your article in today's AFR. Both parties have skin in the budget repair game.]]></document>
		<document><![CDATA[2017 will prove that Jari-Matti Latvala still has it #sisu #attack #WRC https://t.co/NWqkBunWtk]]></document>
		<document><![CDATA[@_mpopovic that's judges for you!]]></document>
		<document><![CDATA[@KiwiWRCfan I say VW's suspension engineers. Everyone will want FX and that'll push his price way up :)]]></document>
		<document><![CDATA[@HartusvuoriWRC what did the polo do? Double that?]]></document>
		<document><![CDATA[@HartusvuoriWRC with Gronholm behind the wheel 😀]]></document>
		<document><![CDATA[@TonyHWindsor some odd math, Mr Windsor. In any case, the tax on super has no impact on farmers as it's paid for both local &amp; foreign wrkers]]></document>
		<document><![CDATA[@vanOnselenP should have privatized 15 years ago]]></document>
		<document><![CDATA[@jarimattiwrc #GoJML #finland 🇫🇮🇫🇮🇫🇮🇫🇮 @ Coffs Harbour, New South Wales https://t.co/ijQsZAw6S9]]></document>
		<document><![CDATA[Last update from the @voiceofrally Colin Clark https://t.co/EB4wrm7ION]]></document>
		<document><![CDATA[First tweet in 8 months... please come back to the WRC in 2017! #WRC 🇫🇷🇬🇧🇫🇷🇬🇧 https://t.co/zWUcT9ebBH]]></document>
		<document><![CDATA[Some of the best coverage from the stages 👍 https://t.co/UUvDp62ddT]]></document>
		<document><![CDATA[@HartusvuoriWRC @davidevansrally @autosport yes, single articles for 99cents was a good option]]></document>
		<document><![CDATA[Ogier takes the #ToyotaYaris for a test drive https://t.co/aYW6YpGiFC]]></document>
		<document><![CDATA[@NoACTLightRail so many benefits already]]></document>
		<document><![CDATA[@smitty92 wow - that's really surprising. Interest to see if he can find some pace (probably not?)]]></document>
		<document><![CDATA[@smitty92 as an enduro driver?]]></document>
		<document><![CDATA[My highlights from WRC Rally Australia #WRC #RallyAustralia #rally #DestinationNSW @RallyAustralia @coffscoast https://t.co/NXJg5s8kOy]]></document>
		<document><![CDATA[TN @RallyAustralia #WRC https://t.co/rBHeBLFiCb]]></document>
		<document><![CDATA[Keep an eye on the upcoming vids! @AaronBeardIzzy and I working in tandom! #WRC @RallyAustralia]]></document>
		<document><![CDATA[@patbxl1000 missed him sorry :/ Promise more tomorrow ;)]]></document>
		<document><![CDATA[Latvala Utungun II @RallyAustralia #WRC #rally #attack https://t.co/ucAay5IvJQ]]></document>
		<document><![CDATA[Rally leader through Utungun II @AMikkelsenRally #RallyAustralia @RallyAustralia https://t.co/OiUPvOfWJJ]]></document>
		<document><![CDATA[Tanak SS1 #RallyAustralia #WRC #attack https://t.co/Uy7tljbovC]]></document>
		<document><![CDATA[Jari-Matti Latvala through SS1 #WRC #rallyaustralia @RallyAustralia https://t.co/7FOqON2tfl]]></document>
		<document><![CDATA[Neuville SS1 #rallyaus Dust really starting to hang #WRC https://t.co/gjAKfjl4Y9]]></document>
		<document><![CDATA[Dust hanging a little out on SS1 #rallyaus #wrc @rallyaustralia https://t.co/ct0h1R8bWa]]></document>
		<document><![CDATA[@voiceofrally your top three for this weekend, Col?]]></document>
		<document><![CDATA[@AaronBeardIzzy few more WRC runs after we left?]]></document>
		<document><![CDATA[@RallyingUK @maverickwrc @AaronBeardIzzy @RallyAustralia good work all. Keep the updates coming throughout the weekend 🇫🇮🇫🇮🇫🇮🇫🇮]]></document>
		<document><![CDATA[Ogier looks a lot better @SebOgier @VolkswagenRally @RallyAustralia #CoffsCoast https://t.co/O29P9G2a4S]]></document>
		<document><![CDATA[@HaydenPaddon @RallyingUK @RallyAustralia @OfficialWRC hope for some wind to help you guys a little further down the order 👍]]></document>
		<document><![CDATA[Any @RallyAustralia coverage on @RPMonTEN ? #WRC #attack #rallyfans]]></document>
		<document><![CDATA[Dear Rally gods, please have @SebOgier sign with @MSportLtd for 2017 #Attack]]></document>
		<document><![CDATA[@vwpress_en @Becsywecsy very sad to see you leave WRC]]></document>
		<document><![CDATA[A sad day for the WRC and the entire Volkswagen team. Glad the staff will be able to keep their jobs #onepositive… https://t.co/5pa6eZnh4f]]></document>
		<document><![CDATA[@HartusvuoriWRC @johnmcilroy what about the Group S cars? Would be a massive shame not to see that Polo next year though.]]></document>
		<document><![CDATA[Please stay VW!!! #weloverally #VWchamps https://t.co/shX7e2zpTz]]></document>
		<document><![CDATA[Wow - hope they stay in the sport https://t.co/Gl8S68kkpi]]></document>
		<document><![CDATA[@danhickey2199 I've got a size 9 RM Williams boot that help him out]]></document>
		<document><![CDATA[@holden_racing at least he won't punt someone in the shootout]]></document>
		<document><![CDATA[Quality move from the old timer #GT101 #VASC #GC600]]></document>
		<document><![CDATA[@lateah_joy yeah seemed a little clumsy once they dropped in down. SVG making great time now 👍]]></document>
		<document><![CDATA[Standard Paul Morris move #puntoffroad #GC600 #V8SC]]></document>
		<document><![CDATA[@paulnagle1 is Rally GB your last rally of the year? 🇬🇧]]></document>
		<document><![CDATA[Donald... a champion of democratic practices... Hopefully we don't see much of him after Nov 8 (or is it Nov 28?) https://t.co/AFPIwQWMhq]]></document>
		<document><![CDATA[@KiwiWRCfan team orders that year, I think]]></document>
		<document><![CDATA[@GhostWhoVotes are there any polls for the upcoming ACT election?]]></document>
		<document><![CDATA[@Transport_CBR thanks for that - didn't know about the form!]]></document>
		<document><![CDATA[Drive though or what?!?? #Bathurst1000]]></document>
		<document><![CDATA[SVG pits for a second time! Trying for two 25 lap stints!  #bathurst1000]]></document>
		<document><![CDATA[@Brinkmann2015 97 would looses even more time if they didn't stack]]></document>
		<document><![CDATA[Hate double stacking! #Bathurst1000]]></document>
		<document><![CDATA[SVG being told over the radio to save even more fuel #Bathurst1000]]></document>
		<document><![CDATA[More insanity from @realDonaldTrump https://t.co/JVO1ekxPPX]]></document>
		<document><![CDATA[Car 88 is putting in some fast laps, extending their lead over 97 by a couple tenths a lap #Bathurst1000 @redbullracingAU]]></document>
		<document><![CDATA[@stiffy_van_door some can't be pleased]]></document>
		<document><![CDATA[Big issues for Mostert after the pit stop #Bathurst1000]]></document>
		<document><![CDATA[Cars 55 and 97 into the pits! #Bathurst1000]]></document>
		<document><![CDATA[@stiffy_van_door Poor form - I'm happy for no commentary.]]></document>
		<document><![CDATA[Show us the battle for second - not the roos! #bathurst1000]]></document>
		<document><![CDATA[I thought Foxtel's coverage was ad free???? #bathurst1000]]></document>
		<document><![CDATA[@racrcraig awesome - hopefully see you there! #GoJML]]></document>
		<document><![CDATA[@racrcraig Hey Craig - Are you going to WRC Coffs this year?]]></document>
		<document><![CDATA[Premat still driving well in second stint - last lap a couple tenths quicker than Owen in P3 #Gogogo #bathurst1000 @redbullracingAU]]></document>
		<document><![CDATA[Premat into the pits #bathurst1000]]></document>
		<document><![CDATA[Nice stint so far from Premat - moved up to second about 14 seconds behind Dumbrell #bathurst1000 @redbullracingAU]]></document>
		<document><![CDATA[Problem for 888 - car is stuck in 6th gear #bathurst1000]]></document>
		<document><![CDATA[SVG moves into the pits.. #Bathurst1000]]></document>
		<document><![CDATA[SVG has moved up to the back of Coulthard - fighting for P4 #CARNSVG #Bathurst1000]]></document>
		<document><![CDATA[Who does Lowndes share his garage with? Double stacking could be an issue #Bathurst1000]]></document>
		<document><![CDATA[SVG on a big charge early in the race - don't bin it early son #Bathurst1000]]></document>
		<document><![CDATA[@PMOnAir love it - enjoy the race 👍👍👍]]></document>
		<document><![CDATA[@Transport_CBR hi there, there's a tree down on the bike path on the eastern side of CIT https://t.co/X0je28ZI0g]]></document>
		<document><![CDATA[@Craig_Breen congrats on the deal with @CitroenRacing 👍👍👍]]></document>
		<document><![CDATA[Interesting.. I thought Neuville was headed back to Citroen #WRC2017 https://t.co/N5ov4dEeaK]]></document>
		<document><![CDATA[Please America - don't elect this disgrace 🇺🇸🇺🇸🇺🇸 https://t.co/ijlhWe0nxO]]></document>
		<document><![CDATA[Perfect way to spend a Monday morning in the Gong @australian #visitNSW https://t.co/JnbLQjOrDR]]></document>
		<document><![CDATA[@RaidersCanberra tough luck boys - come back bigger and better next year 👍]]></document>
		<document><![CDATA[@Westpac it's working after I deleted the app and downloaded it again. Strange when it said it was all up to date. Thanks for your help 👍]]></document>
		<document><![CDATA[@Westpac hi, your banking app for iPhone seems to be broken. My accounts appear as text and hyperlinks. Cheers]]></document>
		<document><![CDATA[@BreakfastNews govts should get value for money - whether it's made in Aus or elsewhere]]></document>
		<document><![CDATA[@7olympics why is it locked on the app]]></document>
		<document><![CDATA[@MTVScream I enjoyed watching season 2 on Netflix in Australia!]]></document>
		<document><![CDATA[@7olympics behind another paywall]]></document>
		<document><![CDATA[Any chance of @RPMonTEN getting @HaydenPaddon on the show before @RallyAustralia in November? @MattWhite_TV #wrc #rally #topbloke]]></document>
		<document><![CDATA[@7olympics only for subscribers though?]]></document>
		<document><![CDATA[I expect a similar response from Jost after Ogier wins in Germany from 1st on the road https://t.co/RyDhMX7fmd]]></document>
		<document><![CDATA[I just made a difference! Don't miss your moment to pause and make a difference. Complete your Census now https://t.co/k6O0mlSfP3 #MyCensus]]></document>
		<document><![CDATA[Reading in Australia through the app 👍 https://t.co/9OkCtmynJD]]></document>
		<document><![CDATA[Note how the video was not from @OfficialWRC sources #fancam #thebest #attack @motorsportfilm #WRC #RallyFinland  https://t.co/XDDwjeGHoI]]></document>
		<document><![CDATA[Thanks again for the coverage; made my weekend https://t.co/UTAiLMYEqH]]></document>
		<document><![CDATA[Thanks for your coverage throughout, @HartusvuoriWRC See you in Finland sometime soon 🇫🇮🇫🇮🇫🇮 https://t.co/DkJvmJlpsh]]></document>
		<document><![CDATA[Nice jump #wrc #RallyFinland https://t.co/xsFXNZsFHX]]></document>
		<document><![CDATA[@AntJKernich @leighdiffey yeah, I thought ticket prices too]]></document>
		<document><![CDATA[@DanielDarrall @Craig_Breen @scottmartinat @RallyFinland decent lead too 👍]]></document>
		<document><![CDATA[Looking forward to the fight for third 🇫🇮🇫🇮🇫🇮 https://t.co/I9NXbi3Axm]]></document>
		<document><![CDATA[@HartusvuoriWRC @RallyFinland that was the road section, right?]]></document>
	</documents>
</author>