<author lang="en">
	<documents>
		<document><![CDATA[We invite you to come around with your friends this Autumn and relax over some luxurious… https://t.co/XqbLDNhjLG]]></document>
		<document><![CDATA[When one door closes, another one opens!There is always a solution you just need to look for… https://t.co/41Yw8kP7Ep]]></document>
		<document><![CDATA[Sometimes we just need to Stop and Enjoy the little things in life cause one day we might… https://t.co/J8kTI3fob0]]></document>
		<document><![CDATA[Go on....Discover a place you have never been! https://t.co/F4cLWpMgE2]]></document>
		<document><![CDATA[Happy Australia 🇦🇺Day... Whatever you do today enjoy the day with family and friends 🇦🇺 https://t.co/tyRnSPbJfp]]></document>
		<document><![CDATA[One of our favorite quotes 'Life is like a camera, focus on what’s important, capture the good… https://t.co/dpTGrq46y5]]></document>
		<document><![CDATA[Want to get spoilt with tea ☕️ and delicacies? Then Come round this Autumn 23/03 to… https://t.co/yGnVKAlHTj]]></document>
		<document><![CDATA[Have a Great Start to the week #Canberra https://t.co/74Gyby6otj]]></document>
		<document><![CDATA[Old World opulence @cairomarriott amazing interiors in this historically restored Palace in the… https://t.co/JlmcgdPPS9]]></document>
		<document><![CDATA[Are WE the perfect pair? Then let's start building your next event and make it unforgettable! https://t.co/fHPY1f2592]]></document>
		<document><![CDATA[Add depth to your next event and tell your story through the music 🎶 https://t.co/1RJPwa4ByU]]></document>
		<document><![CDATA[Uncover hidden treasures at your next event... All the little details add up bring out the… https://t.co/PVffECsRMb]]></document>
		<document><![CDATA[This Autumn Get ready to be transported in time and place!
@NatGalleryAus @ End2End Events https://t.co/w1hh6F9k4I]]></document>
		<document><![CDATA[Your next event requires a special touch and we have the answer! @ Canberra, Australian Capital… https://t.co/T3noXukyVO]]></document>
		<document><![CDATA[What is your next chapter?!
You can’t start the next chapter if you keep re-reading the last… https://t.co/3TwgYfg8xb]]></document>
		<document><![CDATA[Looking forward to this one! 
Mark your diaries #cbr this is Not a event to be missed...… https://t.co/5NKdxYjGC0]]></document>
		<document><![CDATA[Back to work! Always time for a coffee...
Coffee makes everything better xx

#mondaymadness… https://t.co/OQipVUfqjj]]></document>
		<document><![CDATA[#happyfriday #firstfriday #yay @ End2End Events https://t.co/s6aomD2PZS]]></document>
		<document><![CDATA[As we start a New Year all fresh we can't help but think about the importance of… https://t.co/XAM8VXC8ft]]></document>
		<document><![CDATA[Time to get back... Bring it on 2️⃣0️⃣1️⃣7️⃣ 

#backtoreality #newyearnewbeginnings #newyear… https://t.co/kYxKHKao0W]]></document>
		<document><![CDATA[#itsfinallyhere #2017 https://t.co/hMYmpgwti2]]></document>
		<document><![CDATA[Bring on the fireworks 2️⃣0️⃣1️⃣7️⃣ 💥 💥 💥 💥 💥 💥 💥 💥 @ Noosa Marina https://t.co/N3MJQktKYM]]></document>
		<document><![CDATA[Bring on the fireworks 2️⃣0️⃣1️⃣7️⃣        
💥 💥 💥 💥 💥 💥 💥 💥 @ Noosa Marina https://t.co/N3MJQktKYM]]></document>
		<document><![CDATA[New Year Laser Show @noosaqld Great way to end the year Noosa-Style! @ Pier 11 https://t.co/0CIhm6Ryvr]]></document>
		<document><![CDATA[As 2016 draws to an end and we get ready to Welcome 2017 with a blast! We wish all our… https://t.co/cV5aKEeFWY]]></document>
		<document><![CDATA[Australian Summer + Beach Life = Total Bliss
*
*
*
*
#beachlife #australianbeaches #qld #qldlife… https://t.co/LFIDaMdLkl]]></document>
		<document><![CDATA[When was the last time you got on a ferry ride to get to the beach?
*
*
*
*
*
#ferrytime… https://t.co/gIjagNJg7q]]></document>
		<document><![CDATA[It was great to meet Alejandro travelandarttravelandart and learn more about one of his unique… https://t.co/xPTwTyoL0U]]></document>
		<document><![CDATA[Keep Calm and get your HO HO HO on!!… https://t.co/f7lyVlqxWb]]></document>
		<document><![CDATA[Have a Hallelujah Christmas 🎄Eve Everyone! From a Byron Bay Muso to all our #CBR friends may the… https://t.co/omU7ghX0Jj]]></document>
		<document><![CDATA[Love Farm Life! Amazing local produce at Three Blue Ducks at The Farm Byron #lovefarmlife… https://t.co/zIPO5RMhCN]]></document>
		<document><![CDATA[So great to meet a local Australian Designer @juleshunt_ and hear the inspiration behind her… https://t.co/db8XBBqFFx]]></document>
		<document><![CDATA[Follow your heart to Byron! Home for a few days! Loving the Simple and Relaxed way of life… https://t.co/wNi61ZLpaP]]></document>
		<document><![CDATA[As an #entrepreneur when you are overworked overtired and have had enough of business books...… https://t.co/BgJGC0H05U]]></document>
		<document><![CDATA[#summerpreneur 2016 event album is here! Relive Summerpreneur Moments! All Images can be found… https://t.co/Skq0KChgle]]></document>
		<document><![CDATA[Christmas and New Year is a time to spend with family, friends and loved ones. We would like to… https://t.co/TSpoXQtP8F]]></document>
		<document><![CDATA[After a Big Clean you need some vibrant flowers 🌺to reward yourself &amp; an event mag! Love those… https://t.co/CqbmLImRei]]></document>
		<document><![CDATA[Visiting King Louis XIV The Sun King at Palais de Versailles. Great to hear the stories behind… https://t.co/JvmHuAq4ep]]></document>
		<document><![CDATA[Finally Friday! Time to Blow off work for the week... Happy Friday everyone! 8 sleeps til… https://t.co/NxfoVeSJRv]]></document>
		<document><![CDATA[E2E Team Christmas lunch at @podfood lots of laughs, stories shared and great food to brighten… https://t.co/cqG2GY3TqS]]></document>
		<document><![CDATA[Is fashion styling your events?!  @memimpression #lovefashion #french #frenchchic #breaktherules… https://t.co/yRBsf5Enwu]]></document>
		<document><![CDATA[We see the invisible, feel the intangible and achieve the impossible! #impossiblemadepossible… https://t.co/qf5lpdP5Tw]]></document>
		<document><![CDATA[We are on a constant search for the best ways to make your event a success. We do Not rest until… https://t.co/nM2AOpziOZ]]></document>
		<document><![CDATA[We make your event planning a breeze so you stay cool while we do All the work! Happy Friday😍… https://t.co/PAHXXhtWiH]]></document>
		<document><![CDATA[Call our friendly team today for an obligation free chat. We have the solution for All your… https://t.co/M2vwBFrojP]]></document>
		<document><![CDATA[Are you your event hero?! It’s not only about having the right opportunities. It’s about… https://t.co/nrU06vEt08]]></document>
		<document><![CDATA[Let us do the hard work while you enjoy your event! Quality above All...
#cbrevents… https://t.co/uAhRd2NwjK]]></document>
		<document><![CDATA[We make sure your event stands out from the crowd! We create #hasslefree events to ensure you… https://t.co/Dbt0UlEb8u]]></document>
		<document><![CDATA[We love our simple #end2endevents #centerpiece #design made better with… https://t.co/6YJ8mNyRI2]]></document>
		<document><![CDATA[We loved our registration Desk set-up at #Summerpreneur 2016...Giving Back is important to us so… https://t.co/CLSmlfxqjR]]></document>
		<document><![CDATA[All prepped and ready for #Summerpreneur 2016... See you there!#eventplannercanberra… https://t.co/4ULmqEI6l6]]></document>
		<document><![CDATA[This Summerpreneur we welcome Andrew Lock - Australia's Highest Achiever @andrewlock_oz 
Andrew… https://t.co/ZbXyjuS1Tu]]></document>
		<document><![CDATA[This Summer we have the pleasure of introducing Sally our Master of Ceremonies for the… https://t.co/qTGokCF8I9]]></document>
		<document><![CDATA[We really loved styling this intimate rustic Thanksgiving dinner for a lovely lady today...… https://t.co/BBDoRX69nD]]></document>
		<document><![CDATA['Something like Kites' video-clip with a message...  Watch now and retweet so message is shared https://t.co/4fEFZTdBhH]]></document>
		<document><![CDATA[This Summer we invite you to Sample some Custom Designer Cakes by laombrecreations Handmade from… https://t.co/pSmwHyT4Vd]]></document>
		<document><![CDATA[Three important elements to consider for your next corporate or community event #end2endevents… https://t.co/R5xIPUkONT]]></document>
		<document><![CDATA[This Summer we invite you to Be inspired, Be challenged, Be captivated, by Louise,  Nathan,… https://t.co/NHcj2JDb74]]></document>
		<document><![CDATA[#CBR Help us plant the seed for 2017 with The Achievement Club Australia. Hear some amazing… https://t.co/R2yg5PRbDk]]></document>
		<document><![CDATA[Show your Support this Summer...End2End Events is collaborating with #Thankyou. Social… https://t.co/hagLmHaywV]]></document>
		<document><![CDATA[Every event made special with with end2end attention to detail.  #Specialevents #eventconcepts… https://t.co/A4fhlPFSwI]]></document>
		<document><![CDATA[Your idea…Our inspiration! Let us in on your idea... Sit back and watch your concept transform… https://t.co/yexOntvPiV]]></document>
		<document><![CDATA[Are you planning your events the wrong way round? Do you crave Outside the box ideas?
We can… https://t.co/X6mC1vBGUd]]></document>
		<document><![CDATA[Do you dream about your next event destination? We do! At End2End we get inspired by a theme a… https://t.co/nvvHFaRwjj]]></document>
		<document><![CDATA[Meet Jenna and Renee - Reclaimed Designer Timber Specialists. The designers behind rejenerating… https://t.co/e2WC6ZmUXz]]></document>
		<document><![CDATA[Planning events could be stressful. If you’re not an Event-Pro! Our advice plan and lay the… https://t.co/nZzv64F0sV]]></document>
		<document><![CDATA[Reliving #SpringpreneurMoments...A big thank you to everyone who attended our seasonal… https://t.co/rVYJISfQuS]]></document>
		<document><![CDATA['Be the change that you wish to see in the world.' -Mahatma Gandhi. At end2end events we believe… https://t.co/qHdWru2ZaE]]></document>
		<document><![CDATA[Meet the #Summerpreneur2016 Team... Our passion is connecting like-minded people in an… https://t.co/ZpWJhaeNs1]]></document>
		<document><![CDATA[Meet the entrepreneur behind 3 successful #CBR businesses this #Summerpreneur
Louise Curtis is… https://t.co/9gEgoKNI0E]]></document>
		<document><![CDATA[The best way to improve the quality of an event, is to get all your suppliers and team members… https://t.co/xZ5bhPsItL]]></document>
		<document><![CDATA[From the moment #MichellePayne crossed the finish line, Australia rose to salute the first… https://t.co/AWO7IDcYsi]]></document>
		<document><![CDATA[What does a skeleton order at a restaurant?Spare ribs.
What do ghosts serve for dessert? I… https://t.co/prYG7ZCmUR]]></document>
		<document><![CDATA[Nothing like a personal touch! When you spend some time handwriting a message to add that final… https://t.co/ppXTYR5FU0]]></document>
		<document><![CDATA[Behind the scenes at end2end events supporting #palliativecareact Teamwork all the way! That is… https://t.co/727pYGCIeC]]></document>
		<document><![CDATA[Speaker Alert: Meet the Founders and Directors of The Achievement Club: Vaughan Liddicoat and… https://t.co/xZRAbgL90K]]></document>
		<document><![CDATA[The key to a smooth event is a lot of planning! At #end2endevents we are all about working to… https://t.co/vpJkJuL5ur]]></document>
		<document><![CDATA[Counting down 4 more sleeps before @PallCareact fundraising dinner kicks off! Show you Care by… https://t.co/RlI8lANsqA]]></document>
		<document><![CDATA[Fly, feel free and leave a legacy worth remembering. 
At End2End events we strive to create the… https://t.co/d3t795Ktfk]]></document>
		<document><![CDATA[Don’t sweat it!! Stay cool...It’s Friday!
#Funevents #creativeevents #fusionnetworking… https://t.co/VOytYmdB7T]]></document>
		<document><![CDATA[#Summerpreneur2016 Entertainment Alert! Guitar meets violin in this mesmerising and captivating… https://t.co/cJNptmis4f]]></document>
		<document><![CDATA[The key to a great event is the right venue and all the passion that goes behind designing,… https://t.co/0fbEiUVZgR]]></document>
		<document><![CDATA[Feel stuck for ideas while planning events. We have the solution. As #eventmanagementexperts we… https://t.co/uAFLp0CwTf]]></document>
		<document><![CDATA[Success is not the key to Happiness...Happiness is the key to success! If you truly love what… https://t.co/NsRZtBD5iY]]></document>
		<document><![CDATA[#Summerpreneur2016 kicks off on 1 December 2016... Join us for an amazing… https://t.co/ssZm3QzDVf]]></document>
		<document><![CDATA[Attending #rosiebattyroadshow Canberra Breakfast #orangetheworld in a united approach to end… https://t.co/01jdoDBeEk]]></document>
		<document><![CDATA[October is Breast Cancer Awareness Month, Take the time this month to find out what you need to… https://t.co/96j8plugTW]]></document>
		<document><![CDATA[At End2End we ensure we develop new concepts that bring people together to learn and grow… https://t.co/bxyouUlSSC]]></document>
		<document><![CDATA[First comes thought; then organization of that thought, into ideas and plans; then… https://t.co/PfyDWP24o1]]></document>
		<document><![CDATA[Every Story has a beginning and we are so excited to be part of this one: Palliative Care ACT… https://t.co/V8DkGnFlX1]]></document>
		<document><![CDATA[#Summerpreneur 2016 is just around the corner... Mark your diary #solopreneur #entrepreneur… https://t.co/TyP168MTuT]]></document>
		<document><![CDATA[#scenearoundcanberra Thank you #Citynews  for featuring #Springpreneur in this week's edition 😘… https://t.co/tpCFGzelWG]]></document>
		<document><![CDATA[Get ready for our next #Fusionnetworking event for #entrepreneurs #solopreneur and thought… https://t.co/EiDWBiD4zD]]></document>
		<document><![CDATA[Rockin' the Retro look at #springpreneur nfsaonline #solopreneur group photo… https://t.co/efGpierjnW]]></document>
		<document><![CDATA[Prizes All packed and ready for our 3rd #Solopreneur event #Springpreneur which kicks off… https://t.co/ShtFwAoZLH]]></document>
		<document><![CDATA[With 3 days left till our 3rd #Solopreneur event The #Springpreneur by #end2endevents Come along… https://t.co/txe9WYbvs6]]></document>
		<document><![CDATA[Explore nfsaonline 30th anniversary exhibition of Malcolm and see the film’s getaway car that… https://t.co/HTQCfEBzNS]]></document>
		<document><![CDATA[We are soo excited to meet #SuperJoe this afternoon at our #end2end events studio. Watch this… https://t.co/9u7Fbb9NVV]]></document>
		<document><![CDATA[See what amazing #CBR business owners and #entrepreneurs have to say about our #Solopreneur… https://t.co/Ggf23Qwu4u]]></document>
		<document><![CDATA[Today we're nfsa Front Room... What an amazing fun and funky space we have to work with! We… https://t.co/7VklwCaMJh]]></document>
	</documents>
</author>