<author lang="en">
	<documents>
		<document><![CDATA[@CharlesFaram What my nose would give...]]></document>
		<document><![CDATA[@BeertiqueNZ @kempicus @marblebrewers Hopefully! Better open and check!!]]></document>
		<document><![CDATA[Thanks heaps @BeertiqueNZ, looking forward to trying some of  these @kempicus goodies! https://t.co/FJ6FTShgqA]]></document>
		<document><![CDATA[Pretty sure this @Te_Papa bug burger would go pretty well with my @ForkandBrewer bug beer! #silkworms… https://t.co/DxEY6Al1e4]]></document>
		<document><![CDATA[@amberdegrace I just added close to boil end. The hope was for nutty/earthy/savoury. Will add more in next batch!]]></document>
		<document><![CDATA[@amberdegrace @ForkandBrewer Yes! One of my fav snacks when living in Korea, so always thought they'd work well in a brew! 🐛🍻🌶🍫]]></document>
		<document><![CDATA[This is smooth like silk!!! With 🔥in its belly... #TheDemogorgon #Chipotle #Cocoa #SilkwormPupae #Oats #Mānuka https://t.co/PwSKJNpYlf]]></document>
		<document><![CDATA[@BarnBocock He's a bit small to fit into... https://t.co/qapP3NWYnm]]></document>
		<document><![CDATA[@BarnBocock I am but a humble cleaner, masquerading as a beer-maker!]]></document>
		<document><![CDATA[I reckon @gunsnroses should stop in for a #punsngoses #wellington https://t.co/tHNQpW6axr]]></document>
		<document><![CDATA[@BarnBocock I used to work for them. It was good.]]></document>
		<document><![CDATA[@ChoiceBros Bugger... @BrewMt helped buy a tap system so that we could pour our (&amp; other breweries) beer in a bar. That boosted choice!]]></document>
		<document><![CDATA[@BarnBocock @ForkandBrewer Now I NEED to swim in it. #forbiddensins]]></document>
		<document><![CDATA[@BarnBocock @ForkandBrewer I want to swim in it.]]></document>
		<document><![CDATA[Just mashed in Parallel Importer, originally brewed with @mattHawkshead. A nod to the delicious @HawksheadBrewer Br… https://t.co/h4mTIM17K1]]></document>
		<document><![CDATA[Amazing finish, hats off to @CricketAus &amp; Stoinis. Nice one @BLACKCAPS! #NZvAUS #adrenaline]]></document>
		<document><![CDATA[@SClouston @KiwiRedNZ @grillmeatsbeer @WellySevens Loved the kai, great work!]]></document>
		<document><![CDATA[@CafeWeka Agree to an extent. Still good to have a diverse marketplace.]]></document>
		<document><![CDATA[@PhillSherring @DearMama_ @alicegalletly @ForkandBrewer Haha, let me know when you need more!]]></document>
		<document><![CDATA[@yeastieboys @townshends Hi @theciderologist! Hope you guys are well!!]]></document>
		<document><![CDATA[The final ingredient for #Saichuan has arrived! #saison #jasmine #sichuanpepper https://t.co/6XKflh63gl]]></document>
		<document><![CDATA[Just set a new personal record for longest fermentation time. 45 days! Worth the wait, though... #saison]]></document>
		<document><![CDATA[@mattkelly1989 @pritchardsnz Thanks!]]></document>
		<document><![CDATA[Can you help, @lukenicholas? https://t.co/bMJZZaLhIq]]></document>
		<document><![CDATA[Upping my #badgraphicdesign game for Demogorgon Imperial Stout! #chipotle #silkwormpupae #mānukasmokedmalt… https://t.co/PEIOwqRefu]]></document>
		<document><![CDATA[@buzzandhum @ForkandBrewer I'm happy with that!]]></document>
		<document><![CDATA[@brentedwards10 Chur! Hope you're good, mate. 🍻]]></document>
		<document><![CDATA[Brewing my eight-hop I.P.A. today. I quite like this beer... https://t.co/99zd65Gjqc]]></document>
		<document><![CDATA[@MelissaCole @ThaBearded1 @totalcurtis I can sanitise a swing top bottle, purge it, fill and put aside?]]></document>
		<document><![CDATA[@MelissaCole The yeast did good!]]></document>
		<document><![CDATA[@MelissaCole There's just under a keg, but if you know anyone going from Welly to London in next few weeks, can fill a bottle from tap?!]]></document>
		<document><![CDATA[@MelissaCole Calling all beer mules!!!]]></document>
		<document><![CDATA[@MelissaCole Did tasting notes today... It's 👍🏼👍🏼👍🏼! Think mānuka-smoked bananas, fruity esters, some candied lemon zest &amp; v.smooth for 9%!]]></document>
		<document><![CDATA[@MelissaCole Never! That is Bret Michaels exclaiming the brew's greatness in an Unskinny Bop-like manner! #bopbopbop]]></document>
		<document><![CDATA[I'm a graphic design wizard! Hopefully releasing this next week. Kumara, Mānuka smoked malt, B. bruxellensis… https://t.co/iuULmUvR5i]]></document>
		<document><![CDATA[A month of lagering and time to filter this German- hopped baby. #Saphir #SpalterSelect #Perle https://t.co/e7LslwSRyC]]></document>
		<document><![CDATA[@travelwriterNZ @lupulo_sc Mmmm, hazy... just brewed a Galaxy beer here!]]></document>
		<document><![CDATA[Great article about the Nelson brewing scene in NZ. 🇳🇿🌳🍻 https://t.co/fuh0p6IsOe]]></document>
		<document><![CDATA[@BeertiqueNZ @ForkandBrewer @LiquorlandFH Haha, you're first on the list!]]></document>
		<document><![CDATA[Nice, relaxing Sunday brew of Godzone Beat. #Riwaka https://t.co/h1penrorjQ]]></document>
		<document><![CDATA[@NZSamBree @ForkandBrewer @colinmallon Alas, no. Though definitely less than standard beers! If it sells well, will rebrew &amp; get tested.]]></document>
		<document><![CDATA[The @metlinkwgtn @GoWellingtonBus driver on the 22 Southgate bus (4259) is awesome. Super cheerful, enjoying his job, makes me smile! 🙌🚌]]></document>
		<document><![CDATA[@MrDColbert Either that, or a poor crack at mill... Those kernels are quite slender.]]></document>
		<document><![CDATA[@Kekeke19ke @ForkandBrewer Haha, I'll try!
#brokenphone]]></document>
		<document><![CDATA[@MrDColbert Interesting. I got terrible conversion. Long mash was my attempt to get full saccharification!]]></document>
		<document><![CDATA[@MrDColbert Also reported that flavour here... https://t.co/K8lUxk1vq2]]></document>
		<document><![CDATA[@MrDColbert Two hour rest at 65C. First runnings still positive for starch, but gone after 10 mins. 60 minute runoff.]]></document>
		<document><![CDATA[@MrDColbert Interesting... Yeah, this one is amazingly clean and light, even though it finished at 1.011. Incredible berry flavour from oats]]></document>
		<document><![CDATA[@The_Bottleneck @ForkandBrewer Strangely light, considering! But at 3%, to be expected... #workinprogress]]></document>
		<document><![CDATA[Ever tried a beer made with 100% Oat Malt? If not, come to @ForkandBrewer today! #LittleJack https://t.co/QQ51OIeNM4]]></document>
		<document><![CDATA[@Victory_Bill Be pretty perfect here as well! #Wellington #happynewyear https://t.co/K77c4dJLxC]]></document>
		<document><![CDATA[@nzHillNet Sweet! What are you brewing?]]></document>
		<document><![CDATA[Third brew of 2017 is... Base Isolator! #AmericanAmber #nomoreearthquakesplease https://t.co/tpMMgq1rZm https://t.co/LW0qGFIHxT]]></document>
		<document><![CDATA[I brewed 152000 delicious glasses of beer @ForkandBrewer in 2016! 34 new recipes and lots more for 2017!!… https://t.co/ApDmGUKlUU]]></document>
		<document><![CDATA[@PhilLowry @ForkandBrewer Herbal and peachy. I like!]]></document>
		<document><![CDATA[Good little enzymes! #starchtest https://t.co/rDfnnuuqt1]]></document>
		<document><![CDATA[@BarnBocock Nah, this is an Australian not-so-secret hop without a name 😁]]></document>
		<document><![CDATA[New year, new beer. https://t.co/p3pwbTjiZp]]></document>
		<document><![CDATA[@mark_booth @NMBCoBri Thanks!!! Great to see you and safe travels.]]></document>
		<document><![CDATA[Filtering some tasty Pilsener today. Lagered for 5 weeks and smooth as! https://t.co/SYAio0Ol5B]]></document>
		<document><![CDATA[@PhilLowry @HopProducts @ForkandBrewer Nice! Thinking similar for this XPA in combo with Galaxy...]]></document>
		<document><![CDATA[@PhilLowry @HopProducts @ForkandBrewer Smelling good! Cheers for the recommendation!!]]></document>
		<document><![CDATA[Today, I contemplate XPA recipes and transfer beers... https://t.co/VKmoYjtSwI]]></document>
		<document><![CDATA[@mikeplant Glad that it's being enjoyed. The last ever crate bottling  run from Tui! Merry Xmas!]]></document>
		<document><![CDATA[@Victory_Bill @ForkandBrewer Haha! Cheers, mate. Have a great Christmas! #twofunguys #mushroombeer]]></document>
		<document><![CDATA[@markoshea75 I saw the same!]]></document>
		<document><![CDATA[Parallel Importer ham glaze on the boil! https://t.co/sUelPXhV1E]]></document>
		<document><![CDATA[What better way to spend Xmas eve than doing @NZHopsLtd trial hop sensory analysis for @plantandfood. #winning https://t.co/FnouSsWyFQ]]></document>
		<document><![CDATA[Today, I brew a delicious Golden Mile! #NZChinook https://t.co/6IBCmErn5Y]]></document>
		<document><![CDATA[@MelissaCole @ForkandBrewer Ready for the taps! (Tasting amazing!!!!!!!)]]></document>
		<document><![CDATA[@mikeforbes @BeerMule @colinmallon Bloody epic seeing you ninjas!]]></document>
		<document><![CDATA[@southstarbrew No, the husky power of oat malt!]]></document>
		<document><![CDATA[Kegging Little Jack, an Austrian Hornerbier-inspired Pale Ale made with 100% Oats and Mosaic hops. #glutenreduced… https://t.co/JNoADFm3SQ]]></document>
		<document><![CDATA[L'Ombre Majestique, a sneaky pre-Xmas Belgian milk stout just on tap! The Shadow Majestic wort fermented with B.bru… https://t.co/RIH1uZtKSd]]></document>
		<document><![CDATA[@mark_booth @ForkandBrewer We can take multiple twin photos!]]></document>
		<document><![CDATA[@BeertiqueNZ Can I bring them as carry on?]]></document>
		<document><![CDATA[Where am I? https://t.co/IRnkJVuOCF]]></document>
		<document><![CDATA[@altitudebrewing @ForkandBrewer Heard good things!]]></document>
		<document><![CDATA[Small holiday away from @ForkandBrewer and I obviously have a fetish for utensils. #forks #Arrowtown #ForkandTap https://t.co/hUesiPjnDx]]></document>
		<document><![CDATA[@Cryermalt @Carltuatara @TuataraBrew Agreed! Thanks heaps, Team Cryer! 🍻🎄]]></document>
		<document><![CDATA[I think this may become my summer beverage of choice. Your #brewninja skills, @Carltuatara? Tasting great! https://t.co/N5usTdW6Fz]]></document>
		<document><![CDATA[@MelissaCole Aha! The Artist Formerly Known as Boris it is then!]]></document>
		<document><![CDATA[@MelissaCole Boris?]]></document>
		<document><![CDATA[#secrethoptrial https://t.co/DEiGY8TDsT]]></document>
		<document><![CDATA[Jay and James are brewing a Saison today @ForkandBrewer! #staffbrew #WhereIsTheo https://t.co/dCZRb73dva]]></document>
		<document><![CDATA[Pretty happy I don't brew Yoghurt &amp; Bruesli every day. What came up, must go down. #sevenhundredkilograms https://t.co/GfR4qu5FkG]]></document>
		<document><![CDATA[A literal brewer's breakfast of puffed spelt and oat hulls! #YoghurtAndBruesli https://t.co/0Oz5oeohRo]]></document>
		<document><![CDATA[This @ForkandBrewer Game of Cones had to be tasted @BebemosNewtown because #qualitycontrol. Tasted better than at F… https://t.co/VvXe4ZN67f]]></document>
		<document><![CDATA[Currently milling @ForkandBrewer for tomorrow's Yoghurt &amp; Bruesli! Who wants some? #multigrain #sour #wheat #maize #spelt #oats #barley #rye]]></document>
		<document><![CDATA[@travelwriterNZ @ForkandBrewer Actually, Austrian in origin, but with a little American hop twist 😉]]></document>
		<document><![CDATA[Surely that wort is far too milky? Or is it? Or is it. #oats #Horner #smallbatch https://t.co/ykchF1228Y]]></document>
		<document><![CDATA[@monica_mead @ForkandBrewer @brewteklabs Especially when with my #4Horsemen Famine Lego! https://t.co/9ORhW27wMI]]></document>
		<document><![CDATA[Time to play! #oats https://t.co/38BThqww03]]></document>
		<document><![CDATA[Now, that's a big bag of puffed Spelt! #popcornforbrewers https://t.co/B8A3X0Orr8]]></document>
		<document><![CDATA[@AlcofrolicChap That's awesome! Hope she liked it!]]></document>
		<document><![CDATA[@AlcofrolicChap Stock a bit low, but we definitely have some!]]></document>
		<document><![CDATA[@WildBritain77 @EmuExport1 @tamingthebrew @LucyKHicks @ForkandBrewer Ouch! #hurting]]></document>
		<document><![CDATA[@MelissaCole Kegging tomorrow! #bretmichaels]]></document>
		<document><![CDATA[@heymrshay @fivefoot3 A great strategy! #BetterLivingThroughBeer 🙌]]></document>
		<document><![CDATA[@fivefoot3 @heymrshay #blushes ☺️]]></document>
	</documents>
</author>