<author lang="en">
	<documents>
		<document><![CDATA[Google Pixel (128GB) International Giveaway @androidauth #giveaway https://t.co/tH9vm5th4G]]></document>
		<document><![CDATA[Google Pixel (128GB) International Giveaway @androidauth #giveaway https://t.co/IAsZdqI1Z0]]></document>
		<document><![CDATA[Google Pixel (128GB) International Giveaway @androidauth #giveaway https://t.co/IAsZdqI1Z0]]></document>
		<document><![CDATA[Honor 6X International Giveaway! @androidauth #giveaway https://t.co/mlQb2tjcLi]]></document>
		<document><![CDATA[Honor 6X International Giveaway! @androidauth #giveaway https://t.co/mlQb2tjcLi]]></document>
		<document><![CDATA[Honor 6X International Giveaway! @androidauth #giveaway https://t.co/mlQb2tjcLi]]></document>
		<document><![CDATA[Honor 6X International Giveaway! @androidauth #giveaway https://t.co/mlQb2t1BTK]]></document>
		<document><![CDATA[Honor 6X International Giveaway! @androidauth #giveaway https://t.co/A3rhS97ctp]]></document>
		<document><![CDATA[Honor 6X International Giveaway! @androidauth #giveaway https://t.co/A3rhS97ctp]]></document>
		<document><![CDATA[Google Pixel XL International Giveaway @androidauth #giveaway https://t.co/C800zPb4Qn]]></document>
		<document><![CDATA[Google Pixel XL International Giveaway @androidauth #giveaway https://t.co/C800zOTtYP]]></document>
		<document><![CDATA[Google Pixel XL International Giveaway @androidauth #giveaway https://t.co/C800zPb4Qn]]></document>
		<document><![CDATA[Google Pixel XL International Giveaway @androidauth #giveaway https://t.co/C800zOTtYP]]></document>
		<document><![CDATA[Google Pixel XL International Giveaway @androidauth #giveaway https://t.co/C800zPb4Qn]]></document>
		<document><![CDATA[Google Pixel XL International Giveaway @androidauth #giveaway https://t.co/Lgug6aBfHZ]]></document>
		<document><![CDATA[UMi Z Smartphone International #giveaway @androidauth @UmiCommunity https://t.co/Lq42LHAGMU]]></document>
		<document><![CDATA[UMi Z Smartphone International #giveaway @androidauth @UmiCommunity https://t.co/Lq42LHAGMU]]></document>
		<document><![CDATA[UMi Z Smartphone International #giveaway @androidauth @UmiCommunity https://t.co/Lq42LHAGMU]]></document>
		<document><![CDATA[UMi Z Smartphone International #giveaway @androidauth @UmiCommunity https://t.co/JIgTR0jwSM]]></document>
		<document><![CDATA[UMi Z Smartphone International #giveaway @androidauth @UmiCommunity https://t.co/JIgTR0jwSM]]></document>
		<document><![CDATA[UMi Z Smartphone International #giveaway @androidauth @UmiCommunity https://t.co/JIgTR0jwSM]]></document>
		<document><![CDATA[Huawei Mate 9 International Giveaway! @huaweimobile @androidauth #giveaway https://t.co/0KkdvmeI49]]></document>
		<document><![CDATA[Huawei Mate 9 International Giveaway! @huaweimobile @androidauth #giveaway https://t.co/0KkdvmeI49]]></document>
		<document><![CDATA[Huawei Mate 9 International Giveaway! @huaweimobile @androidauth #giveaway https://t.co/0KkdvmeI49]]></document>
		<document><![CDATA[Huawei Mate 9 International Giveaway! @huaweimobile @androidauth #giveaway https://t.co/0KkdvmeI49]]></document>
		<document><![CDATA[Huawei Mate 9 International Giveaway! @huaweimobile @androidauth #giveaway https://t.co/0KkdvmeI49]]></document>
		<document><![CDATA[Huawei Mate 9 International Giveaway! @huaweimobile @androidauth https://t.co/Gw1K1YNlrF #giveaway]]></document>
		<document><![CDATA[Huawei Mate 9 International Giveaway! @huaweimobile @androidauth #giveaway https://t.co/Gw1K1YNlrF]]></document>
		<document><![CDATA[Honor 8 International Giveaway! @androidauth #giveaway https://t.co/A9OSc7GQcg]]></document>
		<document><![CDATA[Honor 8 International Giveaway! @androidauth #giveaway https://t.co/4BSarUDisv]]></document>
		<document><![CDATA[Honor 8 International Giveaway! @androidauth #giveaway https://t.co/A9OSc7GQcg]]></document>
		<document><![CDATA[Honor 8 International Giveaway! @androidauth #giveaway https://t.co/A9OSc7GQcg]]></document>
		<document><![CDATA[Honor 8 International Giveaway! @androidauth https://t.co/4BSarUDisv #giveaway]]></document>
		<document><![CDATA[Honor 8 International Giveaway! @androidauth #giveaway https://t.co/4BSarUDisv]]></document>
		<document><![CDATA[ZTE Grand X 4 International Giveaway #ZTE https://t.co/CavtEBdUZq]]></document>
		<document><![CDATA[ZTE Grand X 4 International Giveaway #ZTE https://t.co/wPXuUvoxS3]]></document>
		<document><![CDATA[ZTE Grand X 4 International Giveaway #ZTE https://t.co/wPXuUvoxS3]]></document>
		<document><![CDATA[ZTE Grand X 4 International Giveaway #ZTE https://t.co/wPXuUvoxS3]]></document>
		<document><![CDATA[ZTE Grand X 4 International Giveaway https://t.co/CavtEAWk7S #ZTE]]></document>
		<document><![CDATA[ZTE Grand X 4 International Giveaway #ZTE https://t.co/CavtEBdUZq]]></document>
		<document><![CDATA[Google Pixel XL International Giveaway @androidauth @duapps https://t.co/xlUmSzfdLP]]></document>
		<document><![CDATA[Google Pixel XL International Giveaway @androidauth @duapps https://t.co/xlUmSzfdLP]]></document>
		<document><![CDATA[Google Pixel XL International Giveaway @androidauth @duapps https://t.co/xlUmSzwPap]]></document>
		<document><![CDATA[Google Pixel XL International Giveaway @androidauth @duapps https://t.co/aPdna8Ty5x]]></document>
		<document><![CDATA[Google Pixel XL International Giveaway @androidauth @duapps https://t.co/aPdna8Ty5x]]></document>
		<document><![CDATA[Google Pixel XL International Giveaway @androidauth #giveaway https://t.co/FfKeQh5iza]]></document>
		<document><![CDATA[Google Pixel XL International Giveaway @androidauth #giveaway https://t.co/0yhNvosDkR]]></document>
		<document><![CDATA[Google Pixel XL International Giveaway @androidauth #giveaway https://t.co/0yhNvosDkR]]></document>
		<document><![CDATA[Google Pixel XL International Giveaway @androidauth #giveaway https://t.co/0yhNvosDkR]]></document>
		<document><![CDATA[Google Pixel XL International Giveaway @androidauth #giveaway https://t.co/FfKeQh5iza]]></document>
		<document><![CDATA[Google Pixel XL International Giveaway @androidauth #giveaway https://t.co/FfKeQh5iza]]></document>
		<document><![CDATA[Huawei Nova Plus International Giveaway! @huaweimobile @androidauth #giveaway https://t.co/4RXNt1fi8y]]></document>
		<document><![CDATA[Huawei Nova Plus International Giveaway! @huaweimobile @androidauth #giveaway https://t.co/12F8f2XySC]]></document>
		<document><![CDATA[Huawei Nova Plus International Giveaway! @huaweimobile @androidauth #giveaway https://t.co/12F8f3fahc]]></document>
		<document><![CDATA[Huawei Nova Plus International Giveaway! @huaweimobile @androidauth https://t.co/4RXNt1fi8y #giveaway]]></document>
		<document><![CDATA[Huawei Nova Plus International Giveaway! @huaweimobile @androidauth #giveaway https://t.co/12F8f2XySC]]></document>
		<document><![CDATA[Huawei Nova Plus International Giveaway! @huaweimobile @androidauth #giveaway https://t.co/12F8f2XySC]]></document>
		<document><![CDATA[Huawei Nova Plus International Giveaway! @huaweimobile @androidauth #giveaway https://t.co/4RXNt1fi8y]]></document>
		<document><![CDATA[LG V20 International Giveaway @androidauth #giveaway https://t.co/6OgHyyAYah]]></document>
		<document><![CDATA[LG V20 International Giveaway @androidauth #giveaway https://t.co/6OgHyyjniJ]]></document>
		<document><![CDATA[LG V20 International Giveaway @androidauth #giveaway https://t.co/6OgHyyAYah]]></document>
		<document><![CDATA[LG V20 International Giveaway @androidauth #giveaway https://t.co/6OgHyyAYah]]></document>
		<document><![CDATA[LG V20 International Giveaway @androidauth #giveaway https://t.co/n1Xp14yO4Y]]></document>
		<document><![CDATA[LG V20 International Giveaway @androidauth #giveaway https://t.co/n1Xp14QoWw]]></document>
		<document><![CDATA[ZTE Axon 7 mini International Giveaway #ZTE  https://t.co/4ALZyUtdUs]]></document>
		<document><![CDATA[ZTE Axon 7 mini International Giveaway #ZTE  https://t.co/4ALZyUtdUs]]></document>
		<document><![CDATA[ZTE Axon 7 mini International Giveaway #ZTE  https://t.co/3z0enFO3Li]]></document>
		<document><![CDATA[ZTE Axon 7 mini International Giveaway #ZTE  https://t.co/4ALZyUtdUs]]></document>
		<document><![CDATA[ZTE Axon 7 mini International Giveaway #ZTE  https://t.co/4ALZyUtdUs]]></document>
		<document><![CDATA[ZTE Axon 7 mini International Giveaway #ZTE  https://t.co/4ALZyUtdUs]]></document>
		<document><![CDATA[Google Pixel XL International Giveaway @androidauth #giveaway https://t.co/7uE46sSvD1]]></document>
		<document><![CDATA[Google Pixel XL International Giveaway @androidauth https://t.co/UJHDcXYPZF #giveaway]]></document>
		<document><![CDATA[Google Pixel XL International Giveaway @androidauth https://t.co/UJHDcXYPZF #giveaway]]></document>
		<document><![CDATA[Google Pixel XL International Giveaway @androidauth #giveaway https://t.co/Q1mbXdMaXY]]></document>
		<document><![CDATA[Some awesome tech YouTubers and tech companies are giving away a $3000 gaming laptop! Check it out! https://t.co/mNDDz7kgM0]]></document>
		<document><![CDATA[Google Pixel XL International Giveaway @androidauth #giveaway https://t.co/7uE46sSvD1]]></document>
		<document><![CDATA[Google Pixel XL International Giveaway @androidauth #giveaway https://t.co/Q1mbXdMaXY]]></document>
		<document><![CDATA[Google Pixel International Giveaway @androidauth #giveaway https://t.co/UM4lXWcUEC]]></document>
		<document><![CDATA[Google Pixel International Giveaway @androidauth #giveaway https://t.co/2pX2ZS7X1A]]></document>
		<document><![CDATA[Google Pixel International Giveaway @androidauth #giveaway https://t.co/2pX2ZS7X1A]]></document>
		<document><![CDATA[Google Pixel XL International Giveaway @androidauth #giveaway https://t.co/F6870l8PGN]]></document>
		<document><![CDATA[Google Pixel XL International Giveaway @androidauth #giveaway https://t.co/UP8MZywoAh]]></document>
		<document><![CDATA[Google Pixel XL International Giveaway @androidauth #giveaway https://t.co/UP8MZywoAh]]></document>
		<document><![CDATA[Google Pixel XL International Giveaway @androidauth #giveaway https://t.co/UP8MZyeNIJ]]></document>
		<document><![CDATA[Google Pixel XL International Giveaway @androidauth #giveaway https://t.co/F6870l8PGN]]></document>
		<document><![CDATA[Google Pixel XL International Giveaway @androidauth #giveaway https://t.co/F6870l8PGN]]></document>
		<document><![CDATA[Honor 8 International Giveaway! @androidauth #giveaway https://t.co/rHQb9qROJk]]></document>
		<document><![CDATA[Honor 8 International Giveaway! @androidauth #giveaway https://t.co/XUfmm8dNMz]]></document>
		<document><![CDATA[Honor 8 International Giveaway! @androidauth #giveaway https://t.co/XUfmm8voE7]]></document>
		<document><![CDATA[Honor 8 International Giveaway! @androidauth #giveaway https://t.co/rHQb9qROJk]]></document>
		<document><![CDATA[Honor 8 International Giveaway! @androidauth #giveaway https://t.co/XUfmm8voE7]]></document>
		<document><![CDATA[Honor 8 International Giveaway! @androidauth #giveaway https://t.co/rHQb9qROJk]]></document>
		<document><![CDATA[UMi Plus Smartphone International #giveaway @androidauth @UmiCommunity https://t.co/DZPghdzEiV]]></document>
		<document><![CDATA[UMi Plus Smartphone International #giveaway @androidauth @UmiCommunity https://t.co/DZPghdzEiV]]></document>
		<document><![CDATA[UMi Plus Smartphone International #giveaway @androidauth @UmiCommunity https://t.co/DZPghdzEiV]]></document>
		<document><![CDATA[UMi Plus Smartphone International #giveaway @androidauth @UmiCommunity https://t.co/DZPghdRfHv]]></document>
		<document><![CDATA[UMi Plus Smartphone International #giveaway @androidauth @UmiCommunity https://t.co/HLuyehIy1J]]></document>
		<document><![CDATA[UMi Plus Smartphone International #giveaway @androidauth @UmiCommunity https://t.co/HLuyehIy1J]]></document>
		<document><![CDATA[Moto Z International Giveaway! [3 Phones] @Moto @AndroidAuth https://t.co/BHz2s8sn9s]]></document>
		<document><![CDATA[Moto Z International Giveaway! [3 Phones] @Moto @AndroidAuth https://t.co/BHz2s8sn9s]]></document>
	</documents>
</author>