<author lang="en">
	<documents>
		<document><![CDATA[@jpbrammer The best. Check out the Wilco/Billy Bragg "Mermaid Avenue" versions (there are 2) of this. Stomping.]]></document>
		<document><![CDATA[@mikiebarb @GlennThrush @maggieNYT It doesn't get much better than that. Thank you!]]></document>
		<document><![CDATA[@healthcoach07 I posted this too... turns out it's a hoax. https://t.co/j8UX3VoVcv]]></document>
		<document><![CDATA[@MacFarlaneNews Hmm. The white balance is off on that clip.]]></document>
		<document><![CDATA[@eorden @PGourevitch How could he find the time, while leading the Fascism Forever Alumni Association?]]></document>
		<document><![CDATA[@TabathaSouthey This piece is one for the ages. He. Doesn't. Read. His. Executive. Orders.]]></document>
		<document><![CDATA[@AliABCNews @SenSasse @ThisWeekABC His position is prone, waiting for belly scratchies from Putin.]]></document>
		<document><![CDATA[@THMizell @dchrishall Your suit is really shiny. You might want to wash your hands after eating pork rinds.]]></document>
		<document><![CDATA[@PoliticalPAW @MrChuckD Hmm. Not very good at this, are you? But at least your little beardlet is creepy. You've got that going for you.]]></document>
		<document><![CDATA[@gilkenan @maggieNYT @POTUS That is the best comment this year, anywhere.]]></document>
		<document><![CDATA[@Notmanipulated7 You should be taken into 24/7 care for your profound case of psychosis.]]></document>
		<document><![CDATA[@docrocktex26 @washingtonpost That offer would be more tempting in LePen weren't in the position she's in. They should come to Canada.]]></document>
		<document><![CDATA[@JeffSharlet 1. Context is everything. 2. It's in our interest to make hay when he does something stupid.]]></document>
		<document><![CDATA[@GovMikeHuckabee Mocking a dead trans-person? Stay classy, you hick.]]></document>
		<document><![CDATA[@leahmcelrath Those same bags are sold at pet stores as dog poop bags.]]></document>
		<document><![CDATA[@CPCRebellion Funny, I'm white and I felt safe. Maybe it's just the anti-fascist hate you were feeling.]]></document>
		<document><![CDATA[@DanAdamini It wasn't poorly worded, sweetie: it was a wrong, bad, evil thought, and you should be ashamed of yourself. Get help.]]></document>
		<document><![CDATA[@DanAdamini You are a sick fuck who should be under 24/7 medical care.]]></document>
		<document><![CDATA[@TRUMPICAN1 @Rene_MarshCNN @jaketapper That's the child block feature, and you're too fucking stupid to figure it out.]]></document>
		<document><![CDATA[@HuffPostPol Ease up, yo. He can only fuck up 68 files at a time. He'll get to this one.]]></document>
		<document><![CDATA[@nytimes Joyless mofos in this thread. Moderate and enjoy, fools.]]></document>
		<document><![CDATA[@robyndoolittle @globeandmail Valuable work by a valued journalist. Thanks, Robyn, and G&amp;M editors.]]></document>
		<document><![CDATA[@jpbrammer They won't be able to dissuade him from FADA, though, and we'll be out in force when that shit goes down.]]></document>
		<document><![CDATA[@trevortimm He's venue-shopping. Whichever dept comes up w/ the lowest # is the most loyal.]]></document>
		<document><![CDATA[@robertbenzie @a_picazo @DrEricHoskins Amazing!!! Very proud.]]></document>
		<document><![CDATA[@KellyannePolls @ChelseaClinton Kellyanne innovates new ways for me to hate her on a near-hourly basis. High energy!]]></document>
		<document><![CDATA[@KellyannePolls @mikiebarb @hardball @NBCNews @MSNBC @ABC You said exactly what you meant to say. Fomenting hatred like the fascist you are.]]></document>
		<document><![CDATA[@docrocktex26 They think they don't have bogeymen. They just want someone to project the strength they think they have, but lack in fact.]]></document>
		<document><![CDATA[@a_picazo Where?]]></document>
		<document><![CDATA[@leahmclaren @globeandmail Fabulous column, and much-needed.]]></document>
		<document><![CDATA[@Fahrenthold @Nordstrom Or the fact that nobody wants the stuff?]]></document>
		<document><![CDATA[@BuzzFeedBen @jlfeder @BuzzFeedNews Thanks for this - it's essential information to help LGBTs avoid being divided from broader movement.]]></document>
		<document><![CDATA[Likening a group to termites... echoes of Rwanda 1994 and the radio broadcasts calling Tutsis "cockroaches". https://t.co/aaZkneW7CP]]></document>
		<document><![CDATA[@thismamatweets @docrocktex26 relevant, but not funny, for anyone who has watched a loved one go through it. 😟]]></document>
		<document><![CDATA[@jpbrammer With sex?]]></document>
		<document><![CDATA[@jpbrammer Sorry to hear that. Good luck.]]></document>
		<document><![CDATA[@AndreaChalupa @washingtonpost Oh, it's a test, alright. A test of Trump's loyalty.]]></document>
		<document><![CDATA[@TheBostonREB @alexburnsNYT Or perhaps Malala's shoes, since he digs being the edgy contrarian who demands accountability from all sides.]]></document>
		<document><![CDATA[@alexburnsNYT Again: stop wasting your time and your privileged position, and go help your country. Thanks, from a Canadian.]]></document>
		<document><![CDATA[@alexburnsNYT @TheBostonREB Neither of my tweets has been about HRC, but about you not doing valuable, necessary work. Defensive?]]></document>
		<document><![CDATA[@alexburnsNYT @TheBostonREB If you want to use your role to appear tiny and irrelevant during these historic days, go nuts.]]></document>
		<document><![CDATA[@alexburnsNYT Non sequitur, or hint that you should use your station to pay attention to the country on fire around you instead of this?]]></document>
		<document><![CDATA[@alexburnsNYT Funny, I don't remember following Maureen Dowd's feed!]]></document>
		<document><![CDATA[@alexburnsNYT Wow, you sure proved her to be the fascist threat to the nation that she is.]]></document>
		<document><![CDATA[@nytimes @jpbrammer You put him to the right of everyone but Clayto, and he's anti-abortion, anti-VRA, and anti-LGB… https://t.co/zxjsgXEddd]]></document>
		<document><![CDATA[@ColinKahl Why would they bother? An attack would serve their purposes, so no need for them to worry themselves with such issues.]]></document>
		<document><![CDATA[@seanhannity @newtgingrich And they're rich enough to pay the THOUSANDS of Canadians who've been protesting! And the Brits! You dullard.]]></document>
		<document><![CDATA[Sick mothers targeting sick mothers. https://t.co/ib8fXdmcek]]></document>
		<document><![CDATA[@MrsErmaGerd @abrayeh @jonathanalter Any other questions?]]></document>
		<document><![CDATA[@abrayeh @jonathanalter "President Donald Trump restructured the principals committee (a subset of the full National Security Council)"]]></document>
		<document><![CDATA[@abrayeh @jonathanalter The Principals Of. The. NSC.]]></document>
		<document><![CDATA[@MattNegrin You have plenty of company. Hey, did anyone bring the gin and tonic?]]></document>
		<document><![CDATA[@JoeMyGod @newtgingrich BOOM. That's a wrap.]]></document>
		<document><![CDATA[@ElliottKaybooks @JoyAnnReid THIS. This will cause horrific blowback. I fear for the kindergartens of the U.S.]]></document>
		<document><![CDATA[@ddale8 Apparently 2 of the 3 registrations were listed as inactive. This story is a bit more sizzle than steak, unfortunately.]]></document>
		<document><![CDATA[@jpbrammer Mmm-hmm. And always with the misogyny, too.]]></document>
		<document><![CDATA[@leahmcelrath An admin source told me the statement was actually a lost page of Anne Frank's diary.]]></document>
		<document><![CDATA[@LynnMcMorris @leahmcelrath @ForeignPolicy NSC staff out of loop. Bannon runs parallel NatSec shop w/ lackeys. Purely political, no rigour.]]></document>
		<document><![CDATA[@leahmcelrath @ForeignPolicy Love that buried lede on Europe and Russia NSC directorates being unified.]]></document>
		<document><![CDATA[@FoxNews Take this lie down, you fascist toadies.]]></document>
		<document><![CDATA[@kzoocarguy @justinjm1 @thedailybeast Welp, they released the Muslim. White guy was the shooter. Go figure! Better luck next time, racist.]]></document>
		<document><![CDATA[@kzoocarguy @justinjm1 @thedailybeast I'm sure he was deeply observant. We will see what he and Philippe, the other attacker, believe.]]></document>
		<document><![CDATA[@realDonaldTrump Secretary Kelly is lying to you, Donald.]]></document>
		<document><![CDATA[@leahmcelrath Yeah, I got caught out by that one, too. Thanks for being vigilant!]]></document>
		<document><![CDATA[@dressed_sharp @justinjm1 @thedailybeast LOLZORZ! Dead PPLZ! I'll go to bed tonight knowing I'm an actual human being. Kisses to you!]]></document>
		<document><![CDATA[@NatlSciService We up north love you. We are one in rationality, truth, and love.]]></document>
		<document><![CDATA[@thedrunkunclez @washingtonpost Boring troll is boring.]]></document>
		<document><![CDATA[@washingtonpost There's Canadian blood on Trump's hands.]]></document>
		<document><![CDATA[@justinjm1 @thedailybeast There is Canadian blood on Trump's hands.]]></document>
		<document><![CDATA[@ddale8 But the all caps betrays the tension we're all experiencing.]]></document>
		<document><![CDATA[@mjamesom4 @NotAltWorld @GeorgeTakei Tell us LGBT folks what's best for us. We're ill-informed, and incapable of disaggregating complexity.]]></document>
		<document><![CDATA[@LouiseMensch @RoguePOTUSStaff This one? https://t.co/V9yZkabQrc]]></document>
		<document><![CDATA[@BillKristol Your years of fawning helped bring us to this point. Blood is on your hands.]]></document>
		<document><![CDATA[@NileGardiner @TelegraphNews Please, hasten to join your former employer, Maggie, in her toasty place of repose.]]></document>
		<document><![CDATA[@PGourevitch @WSJopinion @WSJ "the overall Trump order is no doubt legal" Umm, no.]]></document>
		<document><![CDATA[@SenSchumer "Will be"? Or "Is being"? If it hasn't been, or is not currently being complied with (as we hear), why not???]]></document>
		<document><![CDATA[@joshrogin @McCaulforTexas Confusion, uncertainty, and oh yeah: FASCISM.]]></document>
		<document><![CDATA[@EndorMoonTeam ;-) Fight on!]]></document>
		<document><![CDATA[@EndorMoonTeam You spelled BannoN wrong.]]></document>
		<document><![CDATA[@JustinTrudeau Unless you follow this up with substantive action, this is just cynical use of refugees for marketing purposes.]]></document>
		<document><![CDATA[@travisk @Uber We're going to put you ünter. https://t.co/jLr5s0JVVy]]></document>
		<document><![CDATA[TWITLER!!! https://t.co/v2UlpizHG5]]></document>
		<document><![CDATA[@LouiseMensch @tribelaw McCain was on MTP today calling Michael Flynn "great". He's a Trump enabler. Not an ally. Reconsider.]]></document>
		<document><![CDATA[@daveweigel @peterthiel  is a fascist.]]></document>
		<document><![CDATA[@SeanMcElwee Yes, this much is obvious. What will Dems do? Nothing but tweets?]]></document>
		<document><![CDATA[@RichardBSpencer @ACLU Fried frog legs seems a small price to pay for freedom.]]></document>
		<document><![CDATA[@cartierburgundy @LouiseMensch @neferurenaji @realDonaldTrump LOL. ban @neferurenaji next. From life.]]></document>
		<document><![CDATA[Thank you, Madame President. https://t.co/YzDGtJn529]]></document>
		<document><![CDATA[@joshgerstein People are being released from DFW. That doesn't suggest a "halt" to you?]]></document>
		<document><![CDATA[@ddale8 Policy as improv. Sounds legit.]]></document>
		<document><![CDATA[@CharlesMBlow She's a lucky young woman to have you to call, Mr. Blow. I am confident you had the right words.]]></document>
		<document><![CDATA[@RMac18 @PayPal @peterthiel Peter Thiel is a fascist.]]></document>
		<document><![CDATA[@InklessPW We need to revisit this decision urgently: https://t.co/wBq7KFTcwQ]]></document>
		<document><![CDATA[@TabathaSouthey He needs to walk the walk. Hope he'll revisit this now. https://t.co/wBq7KFTcwQ]]></document>
		<document><![CDATA[@JustinTrudeau Mr. Prime Minister, I urge you to reopen the Syrian refugee sponsorship program just ended. https://t.co/wBq7KFTcwQ …]]></document>
		<document><![CDATA[@JustinTrudeau Mr. Prime Minister, well said. Will you reopen the Syrian refugee sponsorship program just ended? https://t.co/wBq7KFTcwQ]]></document>
		<document><![CDATA[@TheDemocrats DO SOMETHING! You're borderline useless! Civil society and media are carrying 100% of the load right now. WAKE THE FSCK UP.]]></document>
		<document><![CDATA[THIS is a leader. https://t.co/gjW8ClMqPO]]></document>
		<document><![CDATA[@PhilipRucker Hard to breathe in here with all the gaslighting.]]></document>
		<document><![CDATA[@scottbix Probably time to delete this tweet. The reality is bad enough.]]></document>
	</documents>
</author>