<author lang="en">
	<documents>
		<document><![CDATA[@JacquelineHarve huge congrats! Wow! Xxx]]></document>
		<document><![CDATA[Fave work from the ArtExpress launch tonight...'Reframed' by Sofia Papageorgious ...a talent to… https://t.co/Zsx2P0YFcC]]></document>
		<document><![CDATA[A gift today of tiny origami books....thanks tenaciouskat ! Xx https://t.co/dJ1aUbgIe1]]></document>
		<document><![CDATA[Workshopping ideas for some exciting Premier's Reading Challenge content! With the inspiring… https://t.co/AH6XhEFttj]]></document>
		<document><![CDATA[Why always such OBSCURE critiques of films, music and books that the critics indulge in?  #thecritics @Radio702]]></document>
		<document><![CDATA[We are still talking to world champion tennis players about their weddings? Get real. You wouldn't ask Fed this rubbish #AusOpen @Channel7]]></document>
		<document><![CDATA[Let Renae interview SERENA please, random bloke who's never played tennis #AusOpen @Channel7]]></document>
		<document><![CDATA[Only missed Keith Urban by four months! See ya Deni! @ Deni Ute Muster https://t.co/8lblgdEY0c]]></document>
		<document><![CDATA[What are the odds of running into some kids from our Premier's Reading Challenge Acknowledgement… https://t.co/TslVepYSzG]]></document>
		<document><![CDATA[What does the Deniliquin Collectors Club collect? Old buses that they gut and use for mobile… https://t.co/q58rewUwQ0]]></document>
		<document><![CDATA[Happy Straya Day. Started the day in Deni for brekky and just spent lunch in Conargo Shire.… https://t.co/ul7nBQLOiA]]></document>
		<document><![CDATA[The actual black stump https://t.co/UluWlvXQaV]]></document>
		<document><![CDATA[This bloke has got it goin' on 🇦🇺 @ Edward River Deniliquin https://t.co/JhuVBV1xen]]></document>
		<document><![CDATA[Our wheels for the night...houseboat on Edward River #aussieambassador @ Edward River Deniliquin https://t.co/DwoGqU50Xo]]></document>
		<document><![CDATA[Gone bush @ Conargo Shire https://t.co/wadqvVA1mj]]></document>
		<document><![CDATA[How long does it take to get to the Howlong Court House for a bevvy? #aussieambassador @sgervay… https://t.co/Nkf0I1RaUd]]></document>
		<document><![CDATA[And the adventure begins! So proud to be heading to Deni with Australia Day Ambassador with the… https://t.co/LtE4XUbXKm]]></document>
		<document><![CDATA[Don't you dare stumble over @GladysB's name @702Sydney this is the new #realpolitik &amp; has been for many of us our whole lives @wendy_harmer]]></document>
		<document><![CDATA[What a time to be an Australian Armenian! @GladysB #auspol #nswpol]]></document>
		<document><![CDATA[Politics still catching up with reality. It's a great world when the names Palaszczuk and Berejiklian have power and currency. #auspol]]></document>
		<document><![CDATA['Which one is which'...don't you mean 'who is who'? @7tennis or are women just objects?]]></document>
		<document><![CDATA[Last night's sky @ Streets Of Earlwood https://t.co/8qjZrffQKS]]></document>
		<document><![CDATA[Bedside table reading pile outta control https://t.co/xDC6nniqS8]]></document>
		<document><![CDATA[@QuentinHull Well put, sadly Q.]]></document>
		<document><![CDATA[@FleurFerris @LoveOzYA @JodiMcA @willkostakis @PenguinTeenAus So many cool frocks!]]></document>
		<document><![CDATA[It's a super tough gig working on the NSW Premier's Reading Challenge and you know, meeting… https://t.co/7Wm8vA7gE4]]></document>
		<document><![CDATA[Writer in Residence also means Reader in Residence, right? #authorlife #donbank @ Don Bank Museum https://t.co/VAwiVa1upw]]></document>
		<document><![CDATA[Fractured city @ Sydney Festival https://t.co/BZtqSxUakg]]></document>
		<document><![CDATA[Inside the Hall of Mirrors at Sydney Festival. @ Sydney Festival Garden, Hyde Park https://t.co/HS2FR1R6AM]]></document>
		<document><![CDATA[50 shades of blue @ Manly Wharf https://t.co/7WaylWrClx]]></document>
		<document><![CDATA[As North Sydney Writer in Residence, can I claim this as my backyard pool? 😜 @ North Sydney… https://t.co/MO5JEvnX4B]]></document>
		<document><![CDATA[@mtngry Read it this morning - brilliant! Loved it as I know all those suburbs. Except Mt Lewis. Never heard of that one.]]></document>
		<document><![CDATA[Psyched to have met the legendary @dylanalcott gold medallist tonight at the tennis! Aussie… https://t.co/TG5QGVFLUg]]></document>
		<document><![CDATA[Excuse the dirty windscreen but this was the largest hibiscus 🌺 (?) I've ever seen? @ Eastlakes https://t.co/QRYMniltxg]]></document>
		<document><![CDATA[It's always a privilege to be into the creative worlds of others. Here's a sneak peek of… https://t.co/X1ABqVLPz0]]></document>
		<document><![CDATA[Tennis can ALWAYS be improved with the addition of Van Halen #fast4tennis]]></document>
		<document><![CDATA[Great to see the mighty Dylan Alcott as roving reporter on #fast4tennis]]></document>
		<document><![CDATA[I really hope in 20 yrs' time we'll be talking about Kyrgios as wise elder (and loveable) statesman of Oz tennis a la Lleyton #fast4tennis]]></document>
		<document><![CDATA[Pleasant surprise on the kitchen windowsill after two weeks away. Thank you @kirli_saunders 💋 @… https://t.co/sEBb7LxAG6]]></document>
		<document><![CDATA[Chuffed to be Writer in Residence for North Sydney again in 2017! I've celebrated the arrival of… https://t.co/36ycKmamZE]]></document>
		<document><![CDATA[South of the border 😉 @ Cronulla, New South Wales, Australia https://t.co/Wven9Csssf]]></document>
		<document><![CDATA[The people versus OJ: Dad's New Year's resolution was to get stuck into a bag of oranges @ North… https://t.co/goSpE41xRm]]></document>
		<document><![CDATA[Heat haze over North Steyne at 6am. @ Manly Beach https://t.co/4Vb532bQDX]]></document>
		<document><![CDATA[Do we really live in a era when falling ill is called a 'health setback'? 'Average' reporting from @smh #marknicholas]]></document>
		<document><![CDATA[I’m a happy camper! New book out January! https://t.co/KEC5zUDNXL https://t.co/8tS2hGtM1n]]></document>
		<document><![CDATA[With the legendary Libby of @beachbookseller signing my new book.. thank you for the warm… https://t.co/SgfVyF5SQF]]></document>
		<document><![CDATA[Post-Boxing-Day skies @ Manly Wharf https://t.co/7jRcWsnzf4]]></document>
		<document><![CDATA[Merry Christmas Paul and Harry Paul Poshoglian 🎄❤️ @ North Manly https://t.co/lJ0ukBVLyn]]></document>
		<document><![CDATA[And so this is Christmas Eve @ Queenscliff Beach https://t.co/ecjVOW7scT]]></document>
		<document><![CDATA[It's a very Earlwood Christmas! 🎄🎄🎄 @ Streets Of Earlwood https://t.co/1Ix2FxJCaq]]></document>
		<document><![CDATA[I'm a HAPPY CAMPER! Advances just arrived of the next exciting instalment of #ellaandolivia -… https://t.co/e9PVAKX4Bo]]></document>
		<document><![CDATA[@mrascience You are incorrigible. Merry Christmas and definitely lunching in the New Year!!!]]></document>
		<document><![CDATA[@imeldajudge @JoachimCohen123 @FuturesLearning Wow Joe...this is fascinating! SO much potential!]]></document>
		<document><![CDATA[@EduTweetOz And it was a BLAST! Book Week was ace. Merry Christmas @EduTweetOz]]></document>
		<document><![CDATA[My remarkable friend @KenSilburn has been selected as a finalist for the Global Teacher Prize! Congrats Ken x @TeacherPrize @evonnejanewebb]]></document>
		<document><![CDATA[Chuffed that my books are among the most borrowed this year at a local school library!In good company too w/… https://t.co/eSqvVzCPsk]]></document>
		<document><![CDATA[@Toltzable Thank you! hope you have a lovely break and we MUST connect again in the New Year. x]]></document>
		<document><![CDATA[@Toltzable  Wow Rebecca! Mind if I use this on my FB page? xx]]></document>
		<document><![CDATA[These guys even share sandwiches #poshpod @ Poshoglian Podiatry https://t.co/p99N14iSOA]]></document>
		<document><![CDATA[What time is it when your friend makes you ricotta ravioli completely from scratch? A good time.… https://t.co/qvPjNHwagB]]></document>
		<document><![CDATA[Bye bye @mmccwill we'll miss you! Thanks for a great show @RadioNational]]></document>
		<document><![CDATA[SW Sydney public schools punching above their HSC weights... congrats students and teachers… https://t.co/yVug53vygH]]></document>
		<document><![CDATA[@JoachimCohen123 @leonandersonEDU omg! Wish I could've been there guys!!! 🤓]]></document>
		<document><![CDATA[Parisian streetscape or my new Christmas lights on the window pane? You decide. @ Streets Of… https://t.co/ILqYVTiQ8F]]></document>
		<document><![CDATA[Very cool. Thank you @learnPSNSW for your amazing support this year with our program. Here's to infinity and beyond… https://t.co/QPI6sTRSEn]]></document>
		<document><![CDATA[Just when I was whinging about Christmas parties an invite to the Governor's party turned up!… https://t.co/BZ620Fuhix]]></document>
		<document><![CDATA[Good luck to our latest batch of freshly-hatched scholars heading out to NSW public schools next year...you've got… https://t.co/DOAS1X5QT0]]></document>
		<document><![CDATA[A staggering 7,492,209 books were read by students K-9 for this year's NSW Premier's Reading Challenge. So proud!… https://t.co/wqLmHwrdQG]]></document>
		<document><![CDATA[Loving hearing spaceman Andy Thomas' reading habits.Way more interesting than other obscure @RadioNational recommendations doing the rounds.]]></document>
		<document><![CDATA[Check out these amazing NSW Premier's Reading Challenge stats. We had 277,098 students complete the Challenge this… https://t.co/dXFfmucjcT]]></document>
		<document><![CDATA[A drink in Marylebone would be lovely right about now. https://t.co/Vae30MpO6u]]></document>
		<document><![CDATA[Marylebone would be lovely right about now. https://t.co/bYdWBBol9G]]></document>
		<document><![CDATA[Reason #316 to get an Uber @ Marrickville, New South Wales https://t.co/gPNX4ULgQz]]></document>
		<document><![CDATA[Too bad for those of you planning to meet for coffee at 5.25. @ ABC Studios https://t.co/zcqrGF3Jcg]]></document>
		<document><![CDATA[@maidatalhami Hope Sarri has a safe journey. Speak to you before Christmas xx]]></document>
		<document><![CDATA[@TimHarrisBooks HAHAHAHHAHAHA and I shop there often and love your coffee]]></document>
		<document><![CDATA[Trump has nothing on me @ Posh Hotel https://t.co/0thyIDwPxB]]></document>
		<document><![CDATA[@srnsw @Library_Vic @Camdenville Have you seen this @poppyshel]]></document>
		<document><![CDATA[Oh the doodles you will do! Which of my illustrator friends wants to come and check this beast… https://t.co/Fqj61I017P]]></document>
		<document><![CDATA[@maidatalhami sending you hot weather wishes from Sydney. The humidity is insane right now...haven't slept for days x]]></document>
		<document><![CDATA[20 years old today! Can you believe them apples? One of my top 5 films and my fave text to teach… https://t.co/vsPSy5uzDu]]></document>
		<document><![CDATA[Shot of the day #sydneystorm @ Streets Of Earlwood https://t.co/VkiphKIFYj]]></document>
		<document><![CDATA[I seriously have the best job in the world. Our final event on the Premier's Reading Challenge… https://t.co/dDxzOrRopA]]></document>
		<document><![CDATA[Our last PRC event of the year with the fabulous Belinda Murrell and Serena Geddes!!! #prc… https://t.co/mem68cVmLH]]></document>
		<document><![CDATA[Hey @myer the80s called they want their bags back @ St Peters railway station https://t.co/JKWB8spNPX]]></document>
		<document><![CDATA[A girl can dream #christmas https://t.co/jQxhxNT5fX]]></document>
		<document><![CDATA[The gorgeous Belinda Murrell for the PRC at Strathfield South PS today! Thank you @dccaustralia @Sydney_Now https://t.co/fFbaGmd5Sj]]></document>
		<document><![CDATA[@TimHarrisBooks so fab but crowd a bit sedate!]]></document>
		<document><![CDATA[Lead me into temptation Neil ❤️ #crowdedhouse @ Sydney Opera House https://t.co/uavLzvKL4C]]></document>
		<document><![CDATA[Confirmation that this week has been a circus @ Sydney Olympic Park https://t.co/Eoc0TSrMNu]]></document>
		<document><![CDATA[@sgmitchell haha it took the wind out his Venetian sails. Great food but make an effort, mate 🤓]]></document>
		<document><![CDATA[It's the most wonderful time of the year...time for our Acknowledgment Ceremony and recognising… https://t.co/yVq2gqryQ2]]></document>
		<document><![CDATA[If only Rick Stein could PRONOUNCE Italian, not only cook in it's style... #mangled]]></document>
		<document><![CDATA[Paging Dr Kid #prc @ Sutherland Hospital Childrens Ward https://t.co/9WiN4JpIem]]></document>
		<document><![CDATA[Bucky the skeleton was up to no good behind me 😜 #prc #authorlife @ Sutherland Hospital… https://t.co/XWXomMhSTi]]></document>
		<document><![CDATA[No yowie sightings yet @ Yowie Bay, New South Wales, Australia https://t.co/flTWjmb5rA]]></document>
		<document><![CDATA[Ingenious!! Lunch with not only some of my fave writers and illustrators, but also our… https://t.co/Tvbo8pDGAP]]></document>
		<document><![CDATA[This is how I roll...casual power lunch with some of my fave creative types 💪🏻 #authorlife @… https://t.co/RtLjylwHR2]]></document>
		<document><![CDATA[Legit health tonics @ RAW &amp; WILD Market &amp; Cafe - Bowral NSW. https://t.co/RykxxT2bBK]]></document>
		<document><![CDATA[First frangis. This frangipani came from the Leumeah HS ag plot. 🍃 @ Streets Of Earlwood https://t.co/iPe2Gn132Z]]></document>
	</documents>
</author>