<author lang="en">
	<documents>
		<document><![CDATA[@SallyQYates thank you AG! You have served honorably and well]]></document>
		<document><![CDATA[@patrickscheng Where did you get the overlay. I want one.]]></document>
		<document><![CDATA[@jazzpastord @Drtysxyministry Pissed off, but hanging in. I feel disconnected from the activist community here in Austin.]]></document>
		<document><![CDATA[@mikeysandmel @LudovicSpeaks Are any of them in Texas. A simple search didn't come up with my state.]]></document>
		<document><![CDATA[@derricklweston To this work you are called. The grace born witness to in your baptism is sufficient. Grateful for you.]]></document>
		<document><![CDATA[@HurdOnTheHill Actions. Not words. You are GOP. Your party is in power. Trump is your problem.]]></document>
		<document><![CDATA[So, @HurdOnTheHill has more courage than @RepMcCaul? Really?]]></document>
		<document><![CDATA[Thanks to Unions, we have time to march https://t.co/YSAD38YQqC]]></document>
		<document><![CDATA[@JasonRosencranz Hey! How's life? Husband? Family?]]></document>
		<document><![CDATA[Dear Republicans, 

You break it. You bought it. Trump is yours. This is your mess. https://t.co/AjasvurrzN]]></document>
		<document><![CDATA[@tedcruz: a man descended from refugees and claims to worship Christ, who was a refugee, yet denies entry to refugees.]]></document>
		<document><![CDATA[Basically. https://t.co/GireIX3Bnw]]></document>
		<document><![CDATA[Standing with @rihanna! Black. Immigrant. Strong. #Azalea can take several seats]]></document>
		<document><![CDATA[The chairman of Nike has more courage than any of the nationally elected figures from Texas: @tedcruz , @RepMcCaul, @JohnCornyn]]></document>
		<document><![CDATA[,Are @JohnCornyn , @tedcruz and @RepMcCaul  Texans or cowards? Stand up against unconstitutionality and injustice. What Bible do you read?]]></document>
		<document><![CDATA[@ronsimpson Yes, dear, but I came in 1977 on an airplane.]]></document>
		<document><![CDATA[@RepMcCaul McCaul is not an Indian last name, last I checked. You come from immigrants. Speak for immigrants.]]></document>
		<document><![CDATA[@tedcruz if you don't find your voice to speak on behalf of refugees, you let down your Cuban heritage. Do not be a coward.]]></document>
		<document><![CDATA[@JohnCornyn When the POTUS breaks the law, ignores the judiciary, and wilfully undermines national security, you must speak. 2/2]]></document>
		<document><![CDATA[@JohnCornyn You have sworn to uphold the constitution, including the separation of powers. 1/2]]></document>
		<document><![CDATA[@MayorAdler Thank you for standing up for refugees.]]></document>
		<document><![CDATA[I am an immigrant. So is my husband. My child is descended from and raised by immigrants.]]></document>
		<document><![CDATA[Shame on @Uber, and especially @Uber_NYC  for running during the NYC taxi strike. #deleteuber https://t.co/rivAG6utGz]]></document>
		<document><![CDATA[@JuddLegum @chris_schwab we knew who they were too]]></document>
		<document><![CDATA[@rev_david 'erm, but without good works... (Matthew 25:31-40). Preach the whole gospel. Faith without works is dead.]]></document>
		<document><![CDATA[@Slate Good. If this is going to keep going, we're going to need money.]]></document>
		<document><![CDATA[Math. Not #alternativefacts https://t.co/ASRGBZvF1z]]></document>
		<document><![CDATA[the man and his own Greek chorus. https://t.co/o9mrTQ6NzS]]></document>
		<document><![CDATA[@mmurraypolitics He was lying.]]></document>
		<document><![CDATA[@maggieNYT @davidfolkenflik because it takes money to do what needs to be done. Movements are torn apart by stuff like this. Take a chill.]]></document>
		<document><![CDATA[File this under Not an #alternativefact https://t.co/QQZ7BiQzpg]]></document>
		<document><![CDATA[Sean Spicer's boss just made him a synonym for liar.

Not an #alternativefact]]></document>
		<document><![CDATA[John Lewis's District Five just made the Superbowl.

Not an #alternativefact]]></document>
		<document><![CDATA[So good to see you @jherbertnelson  Thank you for your leadership of the denomination! https://t.co/p30XANcQpW]]></document>
		<document><![CDATA[When translating Greek, there are semantic ranges, but no #alternativefacts.]]></document>
		<document><![CDATA[All. Of. This.

And cut to the core. They are not facts. They are bold-faced lies. Use 3rd grade vocabulary. https://t.co/6k2BIpCXeA]]></document>
		<document><![CDATA[There is no such thing as an "alternative fact." There are facts and there are lies.]]></document>
		<document><![CDATA[@politico Dear Politico, he didn't fudge the facts. He intentionally lied. Please call it lying. #kthxbye]]></document>
		<document><![CDATA[I just took action on @theactionnet: 10 Actions in 100 Days. Take action here: https://t.co/l5F36qgZJu]]></document>
		<document><![CDATA[@voodoodaddie right on.]]></document>
		<document><![CDATA[What if the press boycotted the white house pressers and moved their monies to investigation? What if they had no one to talk to?]]></document>
		<document><![CDATA[This was Yuuuge. Bigly. #WomensMarch https://t.co/T0NePInmBb]]></document>
		<document><![CDATA[@HillaryClinton until the day that I get to tell you thanks in person, this will have to do.  Thank you from Austin… https://t.co/u3OTe3vVVJ]]></document>
		<document><![CDATA[Deep in the heart of Texas. Let justice roll down.   #WomensMarch #walkingthegospel https://t.co/AXJtIpMcE6]]></document>
		<document><![CDATA[@BarackObama Signed up. Ready to go.]]></document>
		<document><![CDATA[@BarackObama Have a wonderful vacation. Thank you for eight amazing years!]]></document>
		<document><![CDATA[Right? https://t.co/wlnw0D2Opm]]></document>
		<document><![CDATA[@wkamaubell @realDonaldTrump He had none to begin with]]></document>
		<document><![CDATA[@PTXofficial we want video of you and Manhattan Transfer please!!]]></document>
		<document><![CDATA[@WingzTeam trying to book a car for the 20th and having no success.  Suggestions? 5 passengers]]></document>
		<document><![CDATA[@WalshFreedom Um... Matthew 5:39; 26:52; 27:27

And the word "Christmas" isn't in the Bible.  Anywhere. 

He'd probably say "Shalom."]]></document>
		<document><![CDATA[I block and report them. https://t.co/nhvTuJQ2Xh]]></document>
		<document><![CDATA[@jazzpastord Happened in February]]></document>
		<document><![CDATA[Lots And Lots Of Early Votes https://t.co/tO5Ip1uqeB]]></document>
		<document><![CDATA[@xanskinner @jazzpastord @lmcheifetz @ggbolt16 @Storify white privilege is based on race]]></document>
		<document><![CDATA[@kayaoakes The Samaritan Woman, Rhoda the enslaved girl, Lydia, Tabitha the disciple, Junia the apostle]]></document>
		<document><![CDATA[@GOP you are responsible for this treasonous, sexually abusive man. You and you alone.

And we will hold you respon… https://t.co/lO3ve1CwRu]]></document>
		<document><![CDATA[I commend to you
#nastywomenunite
#badhombresamovie
#trumpbookreport]]></document>
		<document><![CDATA[Vanity and Janet Jackson are now the soundtrack for women voting in this election. #nasty #nastygirl #imwithher]]></document>
		<document><![CDATA[Where are my #badhombres and #nastywomen?]]></document>
		<document><![CDATA[Dr. Aymer, if you're nasty. 

#nastygirlsgrewup
#nastywomen
#ImWithHer 
#debatenight]]></document>
		<document><![CDATA[FTW https://t.co/H4Tw1nCkg2]]></document>
		<document><![CDATA[You are the most dangerous person to run for office. I agree with him. #debatenight #ImWithHer]]></document>
		<document><![CDATA[@ExistentialPunk @SFFortyNiners49 @Kaepernick7 probably the same reason the NY Giants play in NJ]]></document>
		<document><![CDATA[@NCGOP many of us are praying for you in light of the current violence.  Yes, even those of us who insist #ImWithHer]]></document>
		<document><![CDATA[@freedm_of_spch @ExistentialPunk @realDonaldTrump whined, yes.  But I know little girls that are tougher than him]]></document>
		<document><![CDATA[@KatrinaNation the election is not the problem.  The white nationalism that y'all have been blithely ignoring while tearing down HRC is.]]></document>
		<document><![CDATA[#DisGrace16 . Looking for #mynextstep? https://t.co/LiaUVXqGvh]]></document>
		<document><![CDATA[Much better role for him than President. https://t.co/SrC3FkqVCp]]></document>
		<document><![CDATA[@edwardgoode #disgrace16 Sure. DM me or email me at the seminary.]]></document>
		<document><![CDATA[Trump Foundation violated law 3 months after it started https://t.co/eq4CVrA7Rc]]></document>
		<document><![CDATA[More food for thought, #DisGrace16 
https://t.co/ketYO1SDUS]]></document>
		<document><![CDATA[https://t.co/ONGU2PJ9Fh. Keith Lamont Scott. #DisGrace16]]></document>
		<document><![CDATA[https://t.co/ZFiPtwUu5F For those looking for #mynextstep #DisGrace16]]></document>
		<document><![CDATA[https://t.co/O21hyD0tK4 Resource for those seeking #mynextstep #Disgrace16]]></document>
		<document><![CDATA[@lululoofma @breyeschow yep reporting and blocking]]></document>
		<document><![CDATA[Here's some help for those who are white and came to #DisGrace16. https://t.co/VkEuFCYMKj]]></document>
		<document><![CDATA[@SKolderup you're welcome.  #DisGrace16]]></document>
		<document><![CDATA[@JeremiahBailey contribute in what way? @EricT_06]]></document>
		<document><![CDATA[@ExistentialPunk sex and race, yes.  But that's not a new threat]]></document>
		<document><![CDATA[So the one place I disagree with @MHarrisPerry: this election is not about sex or race. It's about totalitarianism #DisGrace16]]></document>
		<document><![CDATA[@MHarrisPerry argues that many of us no longer means to be sane. #DisGrace]]></document>
		<document><![CDATA[As recently as 2012, we believed that people had a risky to die with privacy. @MHarrisPerry #DisGrace]]></document>
		<document><![CDATA[Will be switching to #DisGrace tweeting later today.]]></document>
		<document><![CDATA[Slow clap for the masterful moderating of @MarthaRaddatz and @andersoncooper. #Debates2016]]></document>
		<document><![CDATA[I'm concerned that Melanie's "pussy bow" might be a sign of an abused woman being further humiliated by her sexual assailant.  #nevertrump]]></document>
		<document><![CDATA[@ANNELAMOTT check out the #muslimsreportstuff hash tag.]]></document>
		<document><![CDATA[Someone blindsides you with the worst of your husband's past, and you keep your head and beat him in a debate... #likeaboss #imwithher]]></document>
		<document><![CDATA[@ryanjreilly yep. question wasn't asked.]]></document>
		<document><![CDATA[She knows the issues. #imwithher #fossilfuel #energyindependence  #climatechange]]></document>
		<document><![CDATA[@AntheaButler So VERY glad to detox at DisGrace after this.]]></document>
		<document><![CDATA[She doesn't have to put her own money in. She has support. #imwithher #debate]]></document>
		<document><![CDATA[He can't keep out of her window on TV, and when he is there, he looks terrible. #debate #imwithher]]></document>
		<document><![CDATA[SCOTUS finally. #debate]]></document>
		<document><![CDATA[Yes y'all did. #imwithher https://t.co/dolLYCYkog]]></document>
		<document><![CDATA[He doesn't even have the discipline to answer the question. No, he doesn't have the discipline to be a leader @andersoncooper #imwithher]]></document>
		<document><![CDATA[Son, when you're talking to a black man, you don't lead with "inner cities." #racism #nevertrump #imwithher]]></document>
		<document><![CDATA[Remember: the question was the humanitarian question in Aleppo. #debate #imwithher]]></document>
		<document><![CDATA[Aleppo basically has fallen?  What? #nevertrump #debate]]></document>
		<document><![CDATA[He just dropped Pence to the curb. #debates #imwithher]]></document>
	</documents>
</author>