<author lang="en">
	<documents>
		<document><![CDATA[@studog66 he is absolutely vile]]></document>
		<document><![CDATA[I wondered why Piers Morgan's tweets were unavailable when rt'd into my feed, then I remembered I blocked him]]></document>
		<document><![CDATA[City's lost buildings archive published 
https://t.co/UYo0Kscxjr]]></document>
		<document><![CDATA[Lottie just bought a live mouse into the house. Feel I need to tell her this isn't necessary 😭]]></document>
		<document><![CDATA[billiejoearmstrong's photo https://t.co/Wl7AmIqALF]]></document>
		<document><![CDATA[Tis my latest blog: Queen Elizabeth I, the Boleyns and their connection to Norwich Cathedral https://t.co/MLTgZE1Cw2]]></document>
		<document><![CDATA[Tis the end of the day for an exhausted Lottie who has spent the day chasing bugs 🐜 so much love… https://t.co/ZbXzbqVmDe]]></document>
		<document><![CDATA[That. Hair :) https://t.co/IIg0nY4kyl]]></document>
		<document><![CDATA[@Wedgeman007 rather jolly about it, it seems!]]></document>
		<document><![CDATA[@CatWithSausages I cannot believe it has come to this and that it can be allowed to happen!!]]></document>
		<document><![CDATA[@CatWithSausages she is hopelessly cute https://t.co/4jhDl5CcZB]]></document>
		<document><![CDATA[@SuffolkRecusant that makes me feel better. :)]]></document>
		<document><![CDATA[And on a much better, less murderous note, here is my derp cat https://t.co/edV8x0bPeU]]></document>
		<document><![CDATA[Today is the 470th anniversary of the death of the psychopathic tyrant Henry VIII. No regrets aye Henry.. https://t.co/p2SPKy4p8L]]></document>
		<document><![CDATA[Burnt butter and sage gnocchi? Amaaazing if I do say so myself]]></document>
		<document><![CDATA[@ilovaussiesheps I certainly didn't think it would come this. I am actually feeling sick]]></document>
		<document><![CDATA[@ilovaussiesheps I can't believe it has come to this. After all the world has been through]]></document>
		<document><![CDATA[@ilovaussiesheps I can't believe this.]]></document>
		<document><![CDATA[@ilovaussiesheps hehe I am an expert walking up and down them trying to find Lottie]]></document>
		<document><![CDATA[@ilovaussiesheps what's the time where you are?]]></document>
		<document><![CDATA[@ilovaussiesheps my current view: https://t.co/1U6nOGo5iC]]></document>
		<document><![CDATA[@ilovaussiesheps morrrrrning! How are you?]]></document>
		<document><![CDATA[Beautiful evening in the Valley https://t.co/sZmZXsvpw2]]></document>
		<document><![CDATA[Ah. A nice summers day at the beach 🌊😁 @ Eastbourne, New Zealand https://t.co/PGFcYDMpOS]]></document>
		<document><![CDATA[Another enjoyable Ricardian novel - "The Rose of York: Love &amp; War" by Sandra Worth https://t.co/vfAmNwdUSd https://t.co/QfwQxyZmcf]]></document>
		<document><![CDATA[@justin_lester glad you are both ok]]></document>
		<document><![CDATA[Scan reveals secrets of one of Italy's most famous buildings 
https://t.co/KgZ0NMPBGn]]></document>
		<document><![CDATA[#tbf to the time I visited Stratford upon Avon. I miss my long hair! @ Shakespeare's Church https://t.co/KSU52fdqcq]]></document>
		<document><![CDATA[@jeaniebrown181 exactly. It is important to rise above]]></document>
		<document><![CDATA[@Mack_1485 @FionaPaterson6 @locshar @jeaniebrown181 @loyaltemelie @whittake7 oh yes v much needed! https://t.co/OiB55S0VpO]]></document>
		<document><![CDATA[@jeaniebrown181 absolutely I am with you on that]]></document>
		<document><![CDATA[@FionaPaterson6 @locshar @jeaniebrown181 @loyaltemelie @whittake7 because there is not enough beauty in this world https://t.co/Mwok1Pm2JZ]]></document>
		<document><![CDATA[@jeaniebrown181 ... riii account feed is very negative :(]]></document>
		<document><![CDATA[@jeaniebrown181 it's horrible :( but I like the interaction. Love the connecting over history etc. And of course RIII :) but even my....]]></document>
		<document><![CDATA[@Salcathguide don't go though! :) I am hanging on. :)]]></document>
		<document><![CDATA[@Wuzmi you are right :) just been an eventful day!]]></document>
		<document><![CDATA[They go low, we go high right?]]></document>
		<document><![CDATA[@ilovaussiesheps yes I can only imagine!]]></document>
		<document><![CDATA[@ilovaussiesheps I really hope they improve things for you 👍]]></document>
		<document><![CDATA[@ilovaussiesheps that sounds really positive]]></document>
		<document><![CDATA[@ilovaussiesheps good to hear! :) :)]]></document>
		<document><![CDATA[@ilovaussiesheps how are you?]]></document>
		<document><![CDATA[Good luck Helen for your future endeavours, and thank you for being someone to look up to. https://t.co/bXfTPK7sqE]]></document>
		<document><![CDATA[I don't post quotes, but this one is important https://t.co/Sdw1AtcJtW]]></document>
		<document><![CDATA[And here ends the rant.]]></document>
		<document><![CDATA[Also we need to stick together and support each other. We can only achieve equality and tolerance if we work together]]></document>
		<document><![CDATA[Twitter is not a nice place to be right now. I would like to take a break from it but that saddens me!]]></document>
		<document><![CDATA[So much rage and hate on here that people are turning on each other. Can I just say try not to judge others based on a flippant remark]]></document>
		<document><![CDATA[You generally don't know anything about them, what their own battles are and what they have had to overcome in their life]]></document>
		<document><![CDATA[@BeverlyTreml I love them, ok in them for short distances :)]]></document>
		<document><![CDATA[Now the age old gamble of when to I put my high heels on so I arrive at the interview without falling all over the place]]></document>
		<document><![CDATA[Bless you Alan Rickman 💔]]></document>
		<document><![CDATA[Been rushing around like a maniac. Parking in Wellington is atrocious https://t.co/zTVDemppCR]]></document>
		<document><![CDATA[@Wedgeman007 thanks!]]></document>
		<document><![CDATA[@BeverlyTreml thank you. Client relationship management 👍]]></document>
		<document><![CDATA[@CatWithSausages thanks!]]></document>
		<document><![CDATA[@teddy_red thank you!]]></document>
		<document><![CDATA[Good morning! Another interview today 🤞]]></document>
		<document><![CDATA[@fotofacade good morning! Lovely pic. Great colour]]></document>
		<document><![CDATA[I tweeted an exciting video of hail because I need to think of anything other than factual tweets being deleted about climate change. Wait]]></document>
		<document><![CDATA[So it's hailing. Thanks summer. Looooove you https://t.co/kLQJVoUOaQ]]></document>
		<document><![CDATA[My feed is so depressing!]]></document>
		<document><![CDATA[@Wharfephotos hehe cute! Cute whiskers]]></document>
		<document><![CDATA[New hair! No longer paint dip girl 👍 https://t.co/QINeD3tMGb]]></document>
		<document><![CDATA[Sorry to hear Gorden Kaye has died. Loved Allo Allo growing up. May he rest in peace.]]></document>
		<document><![CDATA[Summer days, drifting away.. https://t.co/vOHFRPaLy9]]></document>
		<document><![CDATA[The siren song of a burrito ❤ @ LaBocaLoca https://t.co/4FPtxaUFAl]]></document>
		<document><![CDATA[So much rage on twitter. Here is my cat https://t.co/Kw46fj1a2x]]></document>
		<document><![CDATA[Good morning. Here's the astounding Ely Cathedral https://t.co/BhI9SQGFQh]]></document>
		<document><![CDATA[@lesleysworld that's great :)]]></document>
		<document><![CDATA[@BeverlyTreml I can imagine. I lived there for 3 years and miss it a lot]]></document>
		<document><![CDATA[I am getting seasonal affective disorder in summer. https://t.co/lyJkOoLnlf]]></document>
		<document><![CDATA[@WendyWings it was supposed to be a 😭 not a 😊]]></document>
		<document><![CDATA[Through the gates of Kings College Chapel, Cambridge https://t.co/3M7AEHLDQ1]]></document>
		<document><![CDATA[Good morning x here is a row of Cambridge faces 💙💛 https://t.co/vRWZjsTZAO]]></document>
		<document><![CDATA[@CateOwen she is the floof of my heart :)]]></document>
		<document><![CDATA[@VagabondTabby yeah 😪 think it was ok. Lucky wee skink. Glad other half dealt to it lol]]></document>
		<document><![CDATA[Lottie patrolling house searching for skink whilst the other half smuggles out poor skink and returns him to the wilderness]]></document>
		<document><![CDATA[Thoughts with Melbourne]]></document>
		<document><![CDATA[Cheers big ears. Happy Friday x https://t.co/0ohfPejsW3]]></document>
		<document><![CDATA[@bunnykims yeah I agree! It's not that appealing]]></document>
		<document><![CDATA[So I download Snapchat for the first time 😂 https://t.co/D5r8bb4kK7]]></document>
		<document><![CDATA[Look what a friend sent us! #pietastic #piestilchristmas #goodbyediet https://t.co/4fBwne7wvL]]></document>
		<document><![CDATA[#tbt to Cambridge in the snow @ Clare College, Cambridge https://t.co/u4YSDUYE6l]]></document>
		<document><![CDATA[Yep, weather is vile. #thankscaptainobvious]]></document>
		<document><![CDATA[@No1Cathedral @lenadour glorious!]]></document>
		<document><![CDATA[The White Queen is showing on tele. Don't mind if I do. Don't mind at all ;) https://t.co/IanIKxgU1S]]></document>
		<document><![CDATA[Loving this summer btw, just LoViNg it! https://t.co/4QBpIDpT4P]]></document>
		<document><![CDATA[@moondancer_co she is adorable! Locked inside as we are expecting crazy weather so she goes a bit mad 😼]]></document>
		<document><![CDATA[Two cat pics in a row. Hire me #crazycatlady #amawesome #honest https://t.co/XPUoHnrO2a]]></document>
		<document><![CDATA[All of the cute 😻 https://t.co/i7gp3jorVp]]></document>
		<document><![CDATA[So when are we expecting this 'weather bomb' to hit, Wellington?]]></document>
		<document><![CDATA[@kemptownbod thank you!]]></document>
		<document><![CDATA[@oshaymoishe1 @MrsLandDB @hardworking_mum nothing a 24 flight won't fix 😂😭]]></document>
		<document><![CDATA[@BrendonMcMorrow absolutely x she was loved by the people]]></document>
		<document><![CDATA[@BrendonMcMorrow I would like to see Kimbolton :) I attended a mass for her at Peterborough a few years back now. V moving]]></document>
		<document><![CDATA[This is the 14th c Nave of St. Botolphs https://t.co/fSPl257wAB]]></document>
		<document><![CDATA[The altar of St. Botolphs, Cambridge. The church was by the medieval South Gate through which travellers from Londo… https://t.co/e9As5g5C3N]]></document>
		<document><![CDATA[York Minster's Chapter House. Be still my heart. Dates to 1260 - 1280 https://t.co/CDFM5FQH2L]]></document>
		<document><![CDATA[@amiemccarron @TheSewphist I am alternating betw checking geonet and the blimmen weather lol]]></document>
	</documents>
</author>