<author lang="en">
	<documents>
		<document><![CDATA[@OnePlus_Support Got my one plus 3t today! But the screen protector that is on it is peeling off on the edges already..... :(]]></document>
		<document><![CDATA[@BMO Trying to get to customer service on the phone, it keeps disconnecting after 10min wait...]]></document>
		<document><![CDATA[@aliyc @OnePlus_Support now it says "[104] Something went wrong. Please check your payment status in your OnePlus Account."]]></document>
		<document><![CDATA[@OnePlus_Support Trying to pay for my 3T order, it keeps saying "[203] There was a problem with your card." I checked everything already]]></document>
		<document><![CDATA[@hudsonsbay trying to buy the zwilling sensation cookware set online! But its sold out within 3 hours? Can I get a… https://t.co/GAAMK5vo99]]></document>
		<document><![CDATA[@kissradio play far east movement's song in their new album "dont speak"]]></document>
		<document><![CDATA[@SHOEmeca the new promo was additional 50% off, "revamp2017" which came out on the 10th. Same promo on the 11, 12, 13, 14, and 15 again.]]></document>
		<document><![CDATA[@SHOEmeca order OUT43013. Promo changed a day after I made my purchase...........]]></document>
		<document><![CDATA[@SHOEmeca emailed twice about my order and never got a reply, been a week already...]]></document>
		<document><![CDATA[@oneplus @OnePlus_Support Any updates on when #Oneplus3T in gold will be available again in Canada??]]></document>
		<document><![CDATA[@OnePlus_Support Tried that, it didn't work. This could be a hardware issue. Is there any way to fix it?]]></document>
		<document><![CDATA[@OnePlus_Support Tried that, button is just unresponsive in every way. Is there anything that can be done? Can it be sent in to get fixed?]]></document>
		<document><![CDATA[@oneplus @OnePlus_Support is the #oneplus3t gold not available in Canada? Only available in the US???]]></document>
		<document><![CDATA[@oneplus @OnePlus_Support Can't buy the oneplus 3t gold, suppose to be available at 7PM PST. I had it in my cart, and its now empty..]]></document>
		<document><![CDATA[@OnePlus_Support not sure what happened, it just stopped working all of the sudden. Tried reformatting already but didn't fix the issue]]></document>
		<document><![CDATA[Snow expected Thursday night in Metro #Vancouver. @environmentca says things will get 'really messy' this weekend https://t.co/TmFAYennve]]></document>
		<document><![CDATA[@OnePlus_Support the Oneplus2 Home button stopped working all of the sudden. Anyway to fix it?]]></document>
		<document><![CDATA[#Vancouver is running out of salt for the roads... #bcstorm https://t.co/BjreidfEvn]]></document>
		<document><![CDATA[@OnePlus_Support it's the gold one plus 3t here yet? It's late December now]]></document>
		<document><![CDATA[@WalmartCanada it's store #1205, don't know the employee. But is it true? You're no longer accepting @AmericanExpress starting Jan 1, 2017?]]></document>
		<document><![CDATA[Customer service at @WalmartCanada said will no longer accept @AmericanExpress in 2017, he kept pushing me to get the Walmart @Mastercard...]]></document>
		<document><![CDATA[@UGG Wondering why my boots have different sole treads (UGG 5835), got them in LA Ugg store years ago; but I've never seen them since]]></document>
		<document><![CDATA[When is the #OnePlus3T in gold coming out?]]></document>
		<document><![CDATA[Win a $500 prize pack from @JOEYRestaurants via @VancityBuzz https://t.co/uPKtcRJZry  RT to enter! #DH12Days]]></document>
		<document><![CDATA[Win a Samsung J3 6 from @TELUS via @VancityBuzz https://t.co/Fk43Cg1ycK RT to enter! #DH12Days]]></document>
		<document><![CDATA[Win a $700 product pack from @Logiix via @VancityBuzz https://t.co/iwMzWcU7nr RT to enter! #DH12Days]]></document>
		<document><![CDATA[Win a helicopter flight for two from @Helijet via @VancityBuzz https://t.co/rk9EfQ7mxz RT to enter! #DH12Days]]></document>
		<document><![CDATA[Win a $300 gift card to @CactusClubCafe via @VancityBuzz https://t.co/zXgJ5P2lCE RT to enter! #DH12Days]]></document>
		<document><![CDATA[Play anything from @fareastmovement's new album Identity!! Love "Don't Speak" @VirginRadioVan @kissradio @Z953VAN]]></document>
		<document><![CDATA[will you be salting the roads everyday this week as the temp dips below 0? Lots of black ice! Dangerous! @coquitlam @surrey @CityofVancouver]]></document>
		<document><![CDATA[Win a $500 gift card to @TheKeg via @VancityBuzz https://t.co/dEL6TDXNht RT to enter! #DH12Days]]></document>
		<document><![CDATA[Win a $600 prize pack from @BlenzCoffee via @VancityBuzz https://t.co/NoK9smawWj RT to enter! #DH12Days]]></document>
		<document><![CDATA[Win a $300 gift card to @JoeFortesVan via @VancityBuzz https://t.co/JurpM67YuX RT to enter! #DH12Days]]></document>
		<document><![CDATA[Win a $1,000 @StarbucksCanada card via @VancityBuzz https://t.co/O1QKlgtTEo RT to enter! #DH12Days]]></document>
		<document><![CDATA[Win a $1000 private cooking lesson &amp; dinner for 2 from @blvdyvr via @VancityBuzz https://t.co/pgQtlNGQFg RT to enter! #DH12Days]]></document>
		<document><![CDATA[Win a $660 @OralB Genius prize pack via @VancityBuzz https://t.co/b9Ts48o4vf RT to enter! #DH12Days]]></document>
		<document><![CDATA[Win a $250 gift card to @ThaiHouse restaurants via @VancityBuzz https://t.co/XKFzJky2hZ RT to enter! #DH12Days]]></document>
		<document><![CDATA[Win a $500 gift card from @GapCA via @VancityBuzz https://t.co/q3DbrC7EQu RT to enter! #DH12Days]]></document>
		<document><![CDATA[Win a $500 gift card to @MikuRestaurant and @GyozaBarVan via @VancityBuzz https://t.co/LlUvbPNnVb RT to enter! #DH12Days]]></document>
		<document><![CDATA[Win a $1000 gift card from @FlightCentreCa and travel anywhere via @VancityBuzz https://t.co/EQ1sDJST8g RT to enter! #DH12Days]]></document>
		<document><![CDATA[Win a $500 custom suit from @Indochino via @VancityBuzz https://t.co/8HXU5PD2TF RT to enter! #DH12Days]]></document>
		<document><![CDATA[Win a $1500 @Philips coffee machine via @VancityBuzz https://t.co/4dRQ0A7NQW RT to enter! #DH12Days]]></document>
		<document><![CDATA[Win a $2,000 prize pack from @NewBalanceVan for you and 4 friends via @VancityBuzz https://t.co/SxPZgzAfMq RT to enter! #DH12Days]]></document>
		<document><![CDATA[Win an annual membership and adoption kit from @vanaqua via @VancityBuzz https://t.co/eDW2odKhYW RT to enter! #DH12Days]]></document>
		<document><![CDATA[Win 2 tickets to @Canucks vs Ducks on Dec 30 and a signed @BoHorvat jersey via @VancityBuzz https://t.co/geJUzH3kjp RT to enter! #DH12Days]]></document>
		<document><![CDATA[Win a $300 prize pack from @lushcosmetics via @VancityBuzz https://t.co/yd0AXgFlsA RT to enter! #DH12Days]]></document>
		<document><![CDATA[Win a 1-night staycation + spa from @ShangriLa_Van via @VancityBuzz https://t.co/L7zJnbEwhv RT to enter! #DH12Days]]></document>
		<document><![CDATA[Be ready... it's coming #vancouversnow #vancouver #bcstorm  https://t.co/ndfCc5C6mk https://t.co/otBIE92tu5]]></document>
		<document><![CDATA[I hope the streets gets shoveled and salted today...the hill is really slippery and icy @CityofVancouver… https://t.co/EVSNeGBRqh]]></document>
		<document><![CDATA[On number 1 hwy, going to Vancouver from North van. Why weren't the roads plowed?? It was so dangerous!!!… https://t.co/nJcr9eEKjP]]></document>
		<document><![CDATA[Too cute! Kiss and ride https://t.co/1c8sLhjfLP]]></document>
		<document><![CDATA[@TransLink if I make my trip there and back within 90 mins, do I only pay once? What's the 120 mins tap out?]]></document>
		<document><![CDATA[@TransLink I heard they were all gone at lougheed station, hope there's still some by coq centre station]]></document>
		<document><![CDATA[@TransLink are the green cards still available? Do you know which stations?]]></document>
		<document><![CDATA[@wscu What's the Westminster Savings Money Machine? Happening 12-3PM today at Central City]]></document>
		<document><![CDATA[@Fraserhealth Where would I find more information about the proximity a hand wash station needs to be at an event?]]></document>
		<document><![CDATA[@IBM didnt have caller id, forgot the name Of the guy already. Just sayin']]></document>
		<document><![CDATA[@oneplus the soft gold sold out? Or not available? Cant buy it online.....I only see the grey :(]]></document>
		<document><![CDATA[@FidoSolutions Was able to get the same promo in the end. Just thought it was a joke to tell me to go to Best Buy instead...]]></document>
		<document><![CDATA[@FidoSolutions Talked to agent, able to get the promo, left note on my acct, thought about it, talked to another agent, told me to go BB]]></document>
		<document><![CDATA[I'm using online chat with @Fidomobile agent asking about a promo at BestBuy for Fido, they told me to just go there instead... LOL]]></document>
		<document><![CDATA[#BarronTrump looks like he's going to pass out. His fidgeting is grabbing attention from #DonaldTrump's speech.]]></document>
		<document><![CDATA[That's it America, #Trump is the President of the United States https://t.co/ZAGOvqyZhx]]></document>
		<document><![CDATA[@IBM just called me to ask if I would be interested in marketing materials, I said no, the person on the phone said f***...unprofessional...]]></document>
		<document><![CDATA[@oneplus #OnePlus3 in gold was only available for 15 mins! It was out of stock by the time I put in my credit card :(....]]></document>
		<document><![CDATA[it's over?......are you sure? #BCStorm https://t.co/7OTwKeetch]]></document>
		<document><![CDATA[What do you do when a black bear is digging through your garbage disposal??  Call the city?]]></document>
		<document><![CDATA[@cityofcoquitlam there's a bear that roams in the area every morning looking for food. Our neighbours called the city and they did nothing..]]></document>
		<document><![CDATA[Building customer relationships on Twitter. Love this @hootsuite connect "conference"!!! #hootconnect https://t.co/7mKTIIc3ki]]></document>
		<document><![CDATA[@CityofVancouver the street level changed so much that the drain is in the wrong spot, the sewer cover is popping out and scraping cars.]]></document>
		<document><![CDATA[@CityofVancouver we've cleared it for now, but we have to monitor it. On E. Georgia, cross street is with Rupert.]]></document>
		<document><![CDATA[@CityofVancouver water is pooling on the street, not draining, flooding into the property. The street level has shifted causing flooding!]]></document>
		<document><![CDATA[@CityofVancouver if the meter says in effect from 9am-10pm, 2hrs max. Can I park there at 7am and start paying at 9am and stay till 11am?]]></document>
		<document><![CDATA[Just got a really melted mcflurry from @McD_Canada hq.... :/ this sucks https://t.co/5ohDkrUhaz]]></document>
		<document><![CDATA[These chicks are the cutest 🐣🐣 🐣 🐣 🐣 @pne_playland

#pne #playland #vancity #Vancouver @… https://t.co/sHCImeBkuG]]></document>
		<document><![CDATA[Thanks @pne_playland for the free admission! ❤ super hot and nice day 

#pne #playland… https://t.co/1orOXPHPVh]]></document>
		<document><![CDATA[@PNE_Playland can you go in thru playland main gates for free?]]></document>
		<document><![CDATA[@PNE_Playland any free days this year? 😄😄😄😄]]></document>
		<document><![CDATA[Immediately checked out @RootsCanada's instagram while they talked about utilizing influencers in the webinar @hootbusiness #HootEssentials]]></document>
		<document><![CDATA[Great webinar today about instagram strategies from @hootsuite 😄 #HootEssentials]]></document>
		<document><![CDATA[@MichaelsStores store 3985 denied us even though our product was not in sale. Trying to get a deal here but forced to buy in full price]]></document>
		<document><![CDATA[@MichaelsStores got denied the 40% off coupon Canada because me and my friend came together &amp; we each were paying seperately ourselves...]]></document>
		<document><![CDATA[@pizzafreshslice Got charged extra $0.50 for one slice of pizza cause it was a feast pizza....should've indicated which ones cost more...]]></document>
		<document><![CDATA[@Lowes_Canada are your advertised price the bogo sale? Already discounted or is it additional 25% off each item? https://t.co/G1FJhVSdmq]]></document>
		<document><![CDATA[@Lowes_Canada spent 4 hrs in the store, got a massive headache, argued with 5 employees....]]></document>
		<document><![CDATA[@Lowes_Canada I am so frustrated shopping at lowes right now...the bogo sale is so confusing, 5 different employees told me different things]]></document>
		<document><![CDATA[@AIRMILES will @RONAinc honor the mistake?............]]></document>
		<document><![CDATA[@RONAinc @AIRMILES the photo in the email updated to 14th and 15th...but it originally says 15th and 16th https://t.co/uLlN49AD8x]]></document>
		<document><![CDATA[@RONAinc @AIRMILES was there a typo on your image? My email says 15th and 16th...]]></document>
		<document><![CDATA[@RONAinc was there a typo in the promo for friends &amp; family sale? I took a screenshot on Jul 12, it says 15 &amp; 16 https://t.co/rkDY3aXzDh]]></document>
		<document><![CDATA[@GapCA can gapsun and gapextra be used together? It's not letting me 😭]]></document>
		<document><![CDATA[@Lowes_Canada already read it before tweeting you. Doesn't say who's the courier. Canada post is on strike...]]></document>
		<document><![CDATA[@Lowes_Canada are you shipping thru Canada post? Wanna buy some things online]]></document>
		<document><![CDATA[@oneplus the home button just randomly stopped working on the oneplus2.. What to do now?]]></document>
		<document><![CDATA[@victionary_ sorry, forgot to reply you! I bought it off Amazon.ca. Will be emailing shortly :)]]></document>
		<document><![CDATA[@victionary_ realized your printer completely missed the crop marks in my eat me book :(..... https://t.co/QXt9psH2rp]]></document>
		<document><![CDATA[@Starbucks there's been no cold brew for the past 3 days I've visited!! 😭 #sucks]]></document>
		<document><![CDATA[@IKEACanada do you do price adjustments? Just bought sink and faucet and sink cabinets last week!]]></document>
		<document><![CDATA[LOL... $0.94 off is "everyday steal" 😂 @OldNavyCA https://t.co/kuapXY3xim]]></document>
		<document><![CDATA[@RogersHelps already signed with fido today, ported my number already. Already using fido. Just waiting to cancel with Rogers]]></document>
	</documents>
</author>