<author lang="en">
	<documents>
		<document><![CDATA[@delgado_jakob oath]]></document>
		<document><![CDATA[i'm seeing p!atd live tonight wtf]]></document>
		<document><![CDATA[@chrislanzon who isn't]]></document>
		<document><![CDATA[shoutout to instagram for letting me be able to delete messages]]></document>
		<document><![CDATA[ft my camera 👺 https://t.co/foaxK6kNyQ]]></document>
		<document><![CDATA[@joshhentwistle in ur dreams]]></document>
		<document><![CDATA[@joshhentwistle oh shit my finger slipped ! https://t.co/Bkq2YwXEcg]]></document>
		<document><![CDATA[why can't people understand that i don't have feelings for him anymore??????]]></document>
		<document><![CDATA[i've been at school for three days and i already want to neck myself]]></document>
		<document><![CDATA[@chrislanzon i went back last week stop complaining]]></document>
		<document><![CDATA[kiahla: stressing about relationship and uni
me: stressing about how im going to post on social media while on a cruise]]></document>
		<document><![CDATA[chris is so cute]]></document>
		<document><![CDATA[@chrislanzon prayin for ya]]></document>
		<document><![CDATA[in conclusion: australian fans are wild af https://t.co/ivZErjFpH5]]></document>
		<document><![CDATA[@EthanKarpathy im not gonna ask why]]></document>
		<document><![CDATA[this years #Hottest100 top 10 is 😻]]></document>
		<document><![CDATA[@chrislanzon stop tweeting ed sheeran lyrics]]></document>
		<document><![CDATA[@chrislanzon are you listening to the hottest 100]]></document>
		<document><![CDATA[we have to plan a music festival for english and my teacher said if we can get an artist to giver her free tix to a concert we get an A lmao]]></document>
		<document><![CDATA[SINCE WHEN https://t.co/tz3PrBbBqD]]></document>
		<document><![CDATA[@delgado_jakob @KaneEndsHere is this moose blood]]></document>
		<document><![CDATA[@Jakole13 i didn't do anything lmao we're mutuals so he saw my story]]></document>
		<document><![CDATA[@delgado_jakob this is to sentimental for my liking um]]></document>
		<document><![CDATA[my timelines to happy for me to tweet my depressing thoughts atm im mad]]></document>
		<document><![CDATA[@chrislanzon @alwayslanzon im screaming]]></document>
		<document><![CDATA[why do i do this https://t.co/YdGmw3L9tZ]]></document>
		<document><![CDATA[im that type of person that would ask you to follow me on spotify so i can share with you the music i like]]></document>
		<document><![CDATA[my dog snored so loud he woke hismelf up jfc]]></document>
		<document><![CDATA[@alwayslanzon fml im too broke for that shit]]></document>
		<document><![CDATA[@alwayslanzon WHERE IS THIS HAT FROM]]></document>
		<document><![CDATA[if y'all don't watch out there's gonna be a ring on someones finger soon]]></document>
		<document><![CDATA[when you've watched almost famous too many times https://t.co/hRKT2sH7WH]]></document>
		<document><![CDATA[it took ethan a week to reply to my dm lmao rip https://t.co/ASCFHH2NZ7]]></document>
		<document><![CDATA[Come and play https://t.co/jlsG8PKmFP #slitherio]]></document>
		<document><![CDATA[chris: none of my friends reply to my text im sad
me: *sends snap*
chris: *opens snap*
also chris: *doesnt reply* https://t.co/r3yVQJcEYA]]></document>
		<document><![CDATA[ive missed my macbook]]></document>
		<document><![CDATA[@mikailadelgado im so cold rn in qld omg]]></document>
		<document><![CDATA[@delgado_jakob lmao come back into the gc]]></document>
		<document><![CDATA[when chris fangirls with us https://t.co/Nqg2DEu2G4]]></document>
		<document><![CDATA[@chrislanzon u havent grown taller tho]]></document>
		<document><![CDATA[@carryoncabrita @alwayslanzon THATS ETHANS HSHSHSU]]></document>
		<document><![CDATA[@carryoncabrita @alwayslanzon was yours the one that was on the chair]]></document>
		<document><![CDATA[@carryoncabrita @alwayslanzon i got the one next to the drums which was jakobs what]]></document>
		<document><![CDATA[@carryoncabrita @alwayslanzon i thought mine was jakobs what]]></document>
		<document><![CDATA[@carryoncabrita @alwayslanzon IVE CHUGGED HALF THE BOTTLE IM SCREWED https://t.co/ea4SmTgNwN]]></document>
		<document><![CDATA[@delgado_jakob dm seaworld sqwaaaad for moral support ok]]></document>
		<document><![CDATA[LMAO MY FACE https://t.co/RDGDjjMQNb]]></document>
		<document><![CDATA[y'all it's friday the 13th and there's a full moon im excited]]></document>
		<document><![CDATA[when you don't wanna lose followers so you make a spam acc]]></document>
		<document><![CDATA[@Smallzy @instereomusic can u fly me to adelaide or perth thanks]]></document>
		<document><![CDATA[@AshLondonLIVE #ASHxINSTEREO madeleine + i would dye to have jakobs shirt omg]]></document>
		<document><![CDATA[@chrislanzon @delgado_jakob oath]]></document>
		<document><![CDATA[@joshhentwistle was it yellow]]></document>
		<document><![CDATA[this is why i left that fandom lmao]]></document>
		<document><![CDATA[@alwayslanzon thats what i was going for man]]></document>
		<document><![CDATA[@alwayslanzon @delgado_jakob deadass me with ashton]]></document>
		<document><![CDATA[all she wants is for you to love her like she wants you to]]></document>
		<document><![CDATA[@alwayslanzon i can send u chris but thats it soz]]></document>
		<document><![CDATA[i've never been so happy to have aircon in my room before]]></document>
		<document><![CDATA[when you're in the draw to win in stereo tickets but u know u ain't gonna win]]></document>
		<document><![CDATA[@AshLondonLIVE can this be at dreamworld plz ty]]></document>
		<document><![CDATA[@AshLondonLIVE @instereomusic have me in it]]></document>
		<document><![CDATA[let's prepare myself to get dragged out of mosh again https://t.co/DWi2SKCnBS]]></document>
		<document><![CDATA[@chrislanzon there is a light that never goes out]]></document>
		<document><![CDATA[every musician i know: i love playing at brisbane!!! i love the crowds!!!

also every musician i know: *rarely comes to brisbane*]]></document>
		<document><![CDATA[um why is he prettier then me https://t.co/EAhFV34QXJ]]></document>
		<document><![CDATA[it's eddies bday what]]></document>
		<document><![CDATA[this is such a bop https://t.co/K9QIpk2C3A]]></document>
		<document><![CDATA[who the hell puts a rspca right next to a prison????? in?????]]></document>
		<document><![CDATA[@delgado_jakob oh i know there's all eyes on me]]></document>
		<document><![CDATA[WHAT IS THUSB https://t.co/bG4Cd7UTJs]]></document>
		<document><![CDATA[@alwayslanzon @instereomusic im just really excited????]]></document>
		<document><![CDATA[@alwayslanzon fetus ketchup looks like fetus cucumber iM CRYING]]></document>
		<document><![CDATA[@alwayslanzon @delgado_jakob and dolphins]]></document>
		<document><![CDATA[@alwayslanzon @delgado_jakob and seals]]></document>
		<document><![CDATA[@delgado_jakob bITCH REALLY ONG YES]]></document>
		<document><![CDATA[@delgado_jakob hairdresser]]></document>
		<document><![CDATA[everyones so shook lmao this shit is deadass a year old]]></document>
		<document><![CDATA[deadass just when i wake up chris dms me like hello 2017 please keep being this good]]></document>
		<document><![CDATA[why didn't ketchup win um https://t.co/TU9qvrSKy4]]></document>
		<document><![CDATA[@alwayslanzon WHATBIS IT]]></document>
		<document><![CDATA[going to in stereo w/ @alwayslanzon]]></document>
		<document><![CDATA[@delgado_jakob DYE YOUR HAIR THANKS]]></document>
		<document><![CDATA[things i'm looking forward to in 2017 ✨]]></document>
		<document><![CDATA[hello 2017 i am in you]]></document>
		<document><![CDATA[two of my nails have come off um can 2017 just hurry up already]]></document>
		<document><![CDATA[@delgado_jakob it's still 2016 here lol rip]]></document>
		<document><![CDATA[last day of 2016 plans: sleep]]></document>
		<document><![CDATA[@delgado_jakob is this an indirect @ me?]]></document>
		<document><![CDATA[@delgado_jakob CAN YOU ACTUALLY]]></document>
		<document><![CDATA[@alwayslanzon I KNOW AND I HATE MYSELF FOR IT but it's true though]]></document>
		<document><![CDATA[when i first met luke i deadass told him he was short i hate myself]]></document>
		<document><![CDATA[@alwayslanzon what]]></document>
		<document><![CDATA[when you still can't type properly https://t.co/7Kd2o2iI0a]]></document>
		<document><![CDATA[when you're blind af so you havw to set your phone to zoomed]]></document>
		<document><![CDATA[@MADDlERlCH I LOST IT IM SO ANGEY RN]]></document>
		<document><![CDATA[i think i lost my kim possible ring tone im sad]]></document>
		<document><![CDATA[do you even know how hard it is to find a 6s plus these days jfc]]></document>
		<document><![CDATA[@delgado_jakob okay but channel orange is way better then blonde]]></document>
		<document><![CDATA[@delgado_jakob @theweeknd okay but good choice]]></document>
	</documents>
</author>