<author lang="en">
	<documents>
		<document><![CDATA[@RoisinGlynn well done Roisin.. fair play!👍🏻]]></document>
		<document><![CDATA[@matdinho go team!!! 💪🏻🏆]]></document>
		<document><![CDATA[@SGallagher_ @RoisinGlynn @markbrennan_ @paddisom81 @mdgreen0 @VMnightrun my training starts Monday!🙈👊]]></document>
		<document><![CDATA[Can we do this?? 🏃🏼🏃🏼This time I will train for it!! @SGallagher_ @RoisinGlynn @markbrennan_ @paddisom81 @mdgreen0 https://t.co/VpTXQYoJeK]]></document>
		<document><![CDATA[Everything you need to know about the EBS 2% Back in Cash mortgage offer. https://t.co/aBU3VsBJ6M]]></document>
		<document><![CDATA[5 reasons why you should check out our 2% mortgage cash back offer. https://t.co/AKL50ciz29]]></document>
		<document><![CDATA[#2017in3words Bring it on! 😎 https://t.co/jghdvjEVKi]]></document>
		<document><![CDATA[@SGallagher_ @mdgreen0 you need to order your one now!! That's first on my list on Monday!! ✅]]></document>
		<document><![CDATA[@mdgreen0 @SGallagher_ guys stress is over.... my Christmas dress has arrived!!👗🎉 https://t.co/sWP4VgH8R7]]></document>
		<document><![CDATA[Here's why you should check out EBS' 2% Back in Cash Mortgage offer. https://t.co/UzzhmkGSQr]]></document>
		<document><![CDATA[@rte #rtethefall]]></document>
		<document><![CDATA[@CiamhieMc @EarlyCareerAwds Great stuff.. Massive congrats!🏆 Well done]]></document>
		<document><![CDATA[Delighted to see EBS has received 3 nominations in the International Content Marketing Awards https://t.co/aP3BQPKWYD]]></document>
		<document><![CDATA[@Maresfarrell @IrishRail nice one.. About time! It was badly needed! We just have to hope now there is more than 1 carriage on it! 🚂]]></document>
		<document><![CDATA[@SGallagher_ @paddisom81 @mdgreen0 Michael will sort it out for us... Sure Paddy's "all over the shop!"😂😂]]></document>
		<document><![CDATA[@SGallagher_ same as... Stressful morning! I don't know anyone who got them!]]></document>
		<document><![CDATA[@SGallagher_ I forgot to ask you earlier.. Did you get @coldplay tickets? #nightmare]]></document>
		<document><![CDATA[@RoisinGlynn unbelievably jealous!! Have a blast!! 🌍✈️]]></document>
		<document><![CDATA[@SGallagher_ of course I need you on the team!!👍🏻 Have a great weekend!😎]]></document>
		<document><![CDATA[National Digital Week takes place in Skibbereen from Nov 10th-12th #backedbyAIB https://t.co/4M0lGm9BJD]]></document>
		<document><![CDATA[Get €50 for your nominated GAA club when you purchase a new Home Insurance policy with AIB https://t.co/ZoKtk1Cb1s]]></document>
		<document><![CDATA[I believe @MayoGAA's wait is about to end. I'm behind the Green &amp; Red in the All-Ireland Final 💚❤️ #TheToughest https://t.co/4ZhVRMl1MN]]></document>
		<document><![CDATA[EBS are delighted to announce the extension of the 2% back in cash offer until 31st March 2017. https://t.co/wW4WjQM3aQ]]></document>
		<document><![CDATA[@ItsStephYalll @IrishRail and there's no seats!!]]></document>
		<document><![CDATA[@Maresfarrell @IrishRail we have a solution 4 you @IrishRail    Listen to your customers. Extra carriages needed on your trains!]]></document>
		<document><![CDATA[@Maresfarrell @IrishRail joke of a service... Can't believe we have to pay for this!! 😠😠]]></document>
		<document><![CDATA[@SharonThunder @IrishRail you need extra carriages all the time... Not just during the bus strikes!! #poorcustomerservice]]></document>
		<document><![CDATA[@helenabrady99 @IrishRail your service is an absolute joke!! Where can I get my refund?? I'm not paying for this shite service! #SortItOut]]></document>
		<document><![CDATA[@IrishRail @davidkiernan199 that's bullshit!Put on extra carriages at peak times!People have been standing since b4 Longford.Sligo/Connolly]]></document>
		<document><![CDATA[@Pabzzzz @AidanMcK9 hilarious!! Love the stun Huns!😂 so jealous of all the snapchats! #stunhunsontour]]></document>
		<document><![CDATA[@AidanMcK9 how are you getting on?? We miss you!]]></document>
		<document><![CDATA[If you haven't seen it, check out #TheToughest Truce ahead of the All Ireland replay. Sets the scene! https://t.co/VN8wcOBP9K]]></document>
		<document><![CDATA[@matdinho @AIBBiz @SGallagher_ I had a choice of desks... &amp; I chose yours... You should be honoured!!]]></document>
		<document><![CDATA[@matdinho @AIBBiz @SGallagher_  you're not in the office today!! #liar #LovingMyNewDesk]]></document>
		<document><![CDATA[@nicolamlyons they'll win it yet!! 💪🏻 #UpMayo hope you are keeping well!!]]></document>
		<document><![CDATA[I believe @MayoGAA's wait is about to end. I'm behind the Green &amp; Red in the All-Ireland Final 💚❤️ #TheToughest https://t.co/6hrXgbtu6b]]></document>
		<document><![CDATA[Ahead of the biggest day of the football year, check out The AIB GAA Road to the Final https://t.co/tpmFwqwxnN]]></document>
		<document><![CDATA[I believe @MayoGAA's wait will be over. I'm behind the Green &amp; Red in the All-Ireland Final 💚❤️ #TheToughest https://t.co/zcGzbDSojV]]></document>
		<document><![CDATA[Another #Longford tourism video!!😂😂 @OctoberMudfest 22nd October!!🏃🏼🏃🏼@PadraigBrady8  https://t.co/m29Isa7i5i]]></document>
		<document><![CDATA[Great to see the updated AIB logo go live. https://t.co/w2Nrz8RThk]]></document>
		<document><![CDATA[@rte @Primark  #rtepenneys I would 💜 this!!  https://t.co/QxDUVXt4ZS]]></document>
		<document><![CDATA[@emmierock our convo yesterday!!😂😂 enjoy the holidays!!☀️🎉 https://t.co/l5oiFcUsA5]]></document>
		<document><![CDATA[Win tickets to the All Ireland final - find out how here! https://t.co/rGBB0HMoVn]]></document>
		<document><![CDATA[@Celestineq608 love this!!#Brady]]></document>
		<document><![CDATA[@ThreeIreland I would 💜 these tickets!! #please 🙏🏻🙏🏻 #EP2016 #3LIVE https://t.co/ny7omITqUq]]></document>
		<document><![CDATA[Most miserable county!! #Longford #winners  https://t.co/toIF3D6fEj]]></document>
		<document><![CDATA[And the winner of most miserable county goes to...... #Longford #winners 🏆🏆😂😂 https://t.co/GofrylN4vE]]></document>
		<document><![CDATA[MillwardBrown's latest 'Getting digital right' study is a great read https://t.co/x4G9hyl3l4]]></document>
		<document><![CDATA[@Noles_B still waiting to hear if I've won anything.... #Desperatetimes https://t.co/qocWkOifAA]]></document>
		<document><![CDATA[Fab evening for a #run at #sandymount strand!! @LovinDublin #Dublin #sunshine #fitness https://t.co/0cXUptA4wA]]></document>
		<document><![CDATA[The two best friends that anybody could have!! 👬👬 #bromance https://t.co/o1A6T4eeHY]]></document>
		<document><![CDATA[@SPORTSCODublin cool thanks, I'll call in during the week!👍🏻]]></document>
		<document><![CDATA[@brasseriesixty6 I've entered again!! 😝 #justsaying #winner]]></document>
		<document><![CDATA[@Noles_B @helenabrady99 check this out!! We are so old.... I still love it though! @hansonmusic  https://t.co/SBtNcUJeQP]]></document>
		<document><![CDATA[@SPORTSCODublin hey how much is the membership to join? 💪🏻🏃🏼]]></document>
		<document><![CDATA[@rte @SheratonIreland #rtesheraton  https://t.co/2vyWgmAeCH]]></document>
		<document><![CDATA[@Aldi_Ireland cookbook €4.99 &amp; comfort pillow €12.99 &amp; candle €3.99 = €21.97 #Specialbuys]]></document>
		<document><![CDATA[@helenabrady99 @talktoBOI I can just imagine you!!😂😂 do you know where you could go for it instead??😝 https://t.co/1zmJSYunsM]]></document>
		<document><![CDATA[@brasseriesixty6 I think I deserve this!! 🙏🏻🙏🏻 #JustSaying #WINSixty6 #TuesdayTreat]]></document>
		<document><![CDATA[@brasseriesixty6 @RadissonDublin @DevinesCS #WINSixty6 #TuesdayTreat  https://t.co/TJ8MjDZwks]]></document>
		<document><![CDATA[@AthloneTC @Noles_B did you see this??]]></document>
		<document><![CDATA[@helenabrady99 tell her you are the Queen!👸🏼 https://t.co/NQwIki6UnJ]]></document>
		<document><![CDATA[@256media @sundaybusiness @CMIContent @rhodamcd congrats guys, delighted for you! Fingers crossed for September! 🏆🏆]]></document>
		<document><![CDATA[@helenabrady99 @jb_dublin is this you today??😂😂 https://t.co/QqYeNFpLRg]]></document>
		<document><![CDATA[@helenabrady99 @jb_dublin well Jel of your holiday!!😰 https://t.co/5FTWsYNa4s]]></document>
		<document><![CDATA[@calumscott amazing voice! Love this!💜🎶]]></document>
		<document><![CDATA[Love this!!😂😂 #mondaymotivation https://t.co/J9hC6hPRNM]]></document>
		<document><![CDATA[Another new @alexandani to add to the collection!!💜 #alexandani #jewellery #LiveAHappyLife https://t.co/Q4uupRvM0p]]></document>
		<document><![CDATA[@CiamhieMc congrats, delighted for you!!🏆👍🏻🎉]]></document>
		<document><![CDATA[@mdgreen0 @paddisom81 guys I caught my first pokemon!!😎#PokemonGO https://t.co/AmJFTdI1ts]]></document>
		<document><![CDATA[@256media @AnneJanzer @CMIContent congrats guys, absolutely delighted for you... Well deserved!!🏆🏆]]></document>
		<document><![CDATA[@markbrennan_ I think it suits me!!😂 #JustSaying Of course, sure everything is under control!😝😂🙈🙈 https://t.co/yOsxm0j5j1]]></document>
		<document><![CDATA[@AIB_GAA @crossbar13 @GAABallyclough Devo for @OfficialLDGAA 💙💛 #Longford #TheToughest]]></document>
		<document><![CDATA[@longitudefest &amp; the sun is shining!!🎉☀️🍻 #Longitude2016 https://t.co/O5aS1kZNdP]]></document>
		<document><![CDATA[Absolutely loving this!! 💜💜@jimmychoo #Illicit #Flower #Perfume https://t.co/N5KmsKWg8J]]></document>
		<document><![CDATA[#EBS Back in Cash mortgage offer. https://t.co/qSyVgiLBBa]]></document>
		<document><![CDATA[@rhodamcd @matdinho @RoisinGlynn @Johnny_C51 @markbrennan_ I can't wait for ye to come back... But I'm not sure where Mark's gonna sit!!🤔]]></document>
		<document><![CDATA[@matdinho @RoisinGlynn @Johnny_C51 @markbrennan_ @rhodamcd Don't be worrying about us... I have it all under control!!!]]></document>
		<document><![CDATA[Queen Bey!!👑 What a show @Beyonce #BeyonceDublin https://t.co/mwaWaPKB4j]]></document>
		<document><![CDATA[@helenabrady99 I can't help it!! #winner https://t.co/R6do3thHZq]]></document>
		<document><![CDATA[@helenabrady99 I hope you're still not waiting around for me??😂😂 #chill https://t.co/LgPivVBErV]]></document>
		<document><![CDATA[@Noles_B @helenabrady99 how many can we relate to??😂😂 #princess #bailey  https://t.co/xbTQGpkL5W]]></document>
		<document><![CDATA[@Noles_B You're so weird! https://t.co/dW0tyLmr3Y]]></document>
		<document><![CDATA[@helenabrady99 @Noles_B it's getting too much now!!🙄🙄 https://t.co/0JUhwi3ilG]]></document>
		<document><![CDATA[I miss this doodles!!💜🐶 #puppy #bailey #princess #bichon https://t.co/Yi4wPgtBQE]]></document>
		<document><![CDATA[@paddisom81 @OfficialLDGAA it's ok, we'll let you pick a new county for your desk on Monday!!😝]]></document>
		<document><![CDATA[@matdinho where's the rest??😂😂 #EURO2016]]></document>
		<document><![CDATA[@paddisom81 very disappointing Paddy!!😂 Did you see @OfficialLDGAA won!!🏆🏆 #JustSaying #LoveYourCounty #TheToughest]]></document>
		<document><![CDATA[Hilarious!!😂😂😂 https://t.co/P2Os17Gnzw]]></document>
		<document><![CDATA[@Noles_B remember the good old days!! #OneTreeHill  https://t.co/oNZAkl0f7A]]></document>
		<document><![CDATA[@AidanMcK9 payday next week!! @JonesSteffers you should get a ticket too!! #longitude]]></document>
		<document><![CDATA[@AidanMcK9 is this what you were looking for?? #longitude  https://t.co/MCQiRVElGo]]></document>
		<document><![CDATA[@rihanna are you practicing in the @AVIVAStadium for the weekend?#ShineBrightLikeADiamond #Rihanna #Dublin #CallOver]]></document>
		<document><![CDATA[@jb_dublin welcome to the world of @twitter !!😎 #newbie https://t.co/RR0MvY6DsY]]></document>
		<document><![CDATA[This is brilliant!! Love Galway!! #galwaygirl https://t.co/8Lm56w9T6O]]></document>
		<document><![CDATA[@DublinAirport @airtransat I would be forever grateful.... Please!!!🙏🏻🙏🏻 #DUBToronto  https://t.co/WdQ8i56wQs]]></document>
		<document><![CDATA[Had a moment of weakness &amp; accidentally spent €135 on @boohoo 🙈👗👠 #onlineshopping #boohoo #addiction]]></document>
		<document><![CDATA[@Gaughers we'll need to have a weekly call so we can have the chats about it!😎 hope you're enjoying the sunshine!☀️]]></document>
		<document><![CDATA[@Gaughers are you ready for this?? #BBUK https://t.co/1oWbedVerN]]></document>
		<document><![CDATA[@helenabrady99 @chrisbrown disappointed... He has some quality chooooons!!]]></document>
	</documents>
</author>