<author lang="en">
	<documents>
		<document><![CDATA[@charminglydaft @PaulineHansonOz @australian And did you think it in Inigo Montoyez's voice? 😉]]></document>
		<document><![CDATA[@PaulineHansonOz @australian You use the word "centre". I do not think it means what you think it means.]]></document>
		<document><![CDATA[@seamusdever And what is wrong with that, may I ask?]]></document>
		<document><![CDATA[@StephenKing Could explain the whole boiling of them, actually.]]></document>
		<document><![CDATA[@greyparker @JoyAnnReid @POTUS Just shows them for the pathetic hypocrites that they are.]]></document>
		<document><![CDATA[@YaThinkN I'd be cranky too if some ignoramus told me what I should think.]]></document>
		<document><![CDATA[@YaThinkN Pig-ignorant buttinski. Just block the idiot.]]></document>
		<document><![CDATA[If Trump was the answer, imagine how incoherent the question must have been!]]></document>
		<document><![CDATA[@GeorgeFouracres @robwillb If Jesus actually did return, they'd never accept him. He'd be too much of a "bleeding heart lefty" for them.]]></document>
		<document><![CDATA[@BrentSpiner You're 2nd Feb, too?]]></document>
		<document><![CDATA[@HarrisWarren20 @realDonaldTrump His definition of "fake news" is "anything that makes me look bad".]]></document>
		<document><![CDATA[And Trump is Lord Dampnut to me, now, even unto the ending of the world ( which could be sooner than we think, the… https://t.co/bof0Y6D4mY]]></document>
		<document><![CDATA[@zerogeewhiz Not sure how anyone could get those two mixed up!]]></document>
		<document><![CDATA[Sounds like something The Boss would do 😂 (apologies to Bruce, apparently he hates being called that) https://t.co/hizPj2jiRp]]></document>
		<document><![CDATA[@zerogeewhiz As in ballet...?]]></document>
		<document><![CDATA[@killmebilly @ResignInShame @ItsBouquet Only nowhere near as intelligent.]]></document>
		<document><![CDATA[Really love being the one who always has to fix other people's fuck-ups... 😡😡😡]]></document>
		<document><![CDATA[@AnneWheaton Yeah, I need to get me one of those for work.]]></document>
		<document><![CDATA[@girlie_swot And the Marine bases here.]]></document>
		<document><![CDATA[@vanbadham Oh, it would have been a beautiful thing to witness.]]></document>
		<document><![CDATA[@movieator @pattonoswalt Pfft. It's just a huntsman spider. They aren't venomous.]]></document>
		<document><![CDATA[@LindaLindae9 @daisyxmaisy @LocalJudi @brhodes True, I'm ashamed to say.]]></document>
		<document><![CDATA[Time to seek new alliances, I think. We obviously can't trust Trump to hold up his end of the existing one. Cut him loose, @TurnbullMalcolm]]></document>
		<document><![CDATA[Oi, Tony Abbott? Put down that onion - we've got someone for you to shirtfront!]]></document>
		<document><![CDATA[I would pay serious money to be in the room when he did! https://t.co/cyPOL3Q1fn]]></document>
		<document><![CDATA[@tedlieu It's ok. We know he doesn't speak for all of you.]]></document>
		<document><![CDATA[Face it, Turnbull. Trump's just not that into you. #dumpthechump]]></document>
		<document><![CDATA[And you just know that Pauline Hanson is swooning over how masterful Trump is.]]></document>
		<document><![CDATA[What do you think of Trump now, @TurnbullMalcolm, @JulieBishopMP? https://t.co/Dch3SdRheN]]></document>
		<document><![CDATA[@iMusing I know. Just wondering what the moron thinks of single dads. No doubt he thinks they're total heroes.]]></document>
		<document><![CDATA[Actually, now I think about it, there are quite a few similarities between Trump and @KngHnryVIII:
1. Ginger 2. Unstable 3. A few wives]]></document>
		<document><![CDATA[@iMusing What about single dads? They too lazy to attract and hold a mate, too?]]></document>
		<document><![CDATA[Oh, dear. Steve Bannon compares himself to Thomas Cromwell, one of Henry VIII's closest advisors. Who wants to tell Steve how that ended?]]></document>
		<document><![CDATA[@InnesKay @JacquiLambie It's not free. WE PAY FOR IT THROUGH THE MEDICARE LEVY.]]></document>
		<document><![CDATA[@RBraby @SwannyQLD Yes, that pesky AAA credit rating will haunt him for ever! 🙄]]></document>
		<document><![CDATA[@_3treats @jk_rowling Right?!? That, my friend, is how we deal with trolls in these parts.]]></document>
		<document><![CDATA[@BOM_ACT @RichardTuffin Only 30 degrees?]]></document>
		<document><![CDATA[Been invited to a "girl's night" to see the next 50 Shades film. I'd sooner snog Jabba the Hutt.]]></document>
		<document><![CDATA[@JacquiLambie And the LNP is doing their best to destroy it.]]></document>
		<document><![CDATA[@gates_mcfadden My dad was from there :)]]></document>
		<document><![CDATA[The Raccoons of the #Resistance want YOU! https://t.co/qZ5WAJjyyT]]></document>
		<document><![CDATA[I vote @idriselba as the next Doctor! https://t.co/R29veIPkGb]]></document>
		<document><![CDATA[@SkyNewsAust @PaulineHansonOz Oh, Pauline. You do realise Murdoch is a US citizen now, right? As if you'd have the guts to take him on!]]></document>
		<document><![CDATA[@LuckeyDean @joss Yeah, Joss. How dare you have an opinion about something, and express it using something you created? 🙄]]></document>
		<document><![CDATA[⚡️ “Over one million sign petition to block Trump state visit to UK”

https://t.co/CYeFd1CC3g]]></document>
		<document><![CDATA[@GrumpyOldShaman @neiltyson That's how it looks to me, too 😕]]></document>
		<document><![CDATA[@Vic_Rollison @OzEquitist  I honestly didn't think it was possible to loathe the Turnbull govt more than I already did, but here we are.]]></document>
		<document><![CDATA[@GeorgeTakei @JerryOD @HoCpetitions Except for the Australian government.]]></document>
		<document><![CDATA[@gabriellechan @mephistojones @guardian Yes, bring Abbott back. That'll guarantee the LNP at least a decade in opposition from next election]]></document>
		<document><![CDATA[@neiltyson How many more times do we have to do this? ☹️]]></document>
		<document><![CDATA[@NathanFillion "ahhhhhhhh, wham bam thank you ma'am!" Suffragette City #lyricsIhavetosingoutloud]]></document>
		<document><![CDATA[@noplaceforsheep @itzme2 @NBCNews What Christianity?!?]]></document>
		<document><![CDATA[And what is wrong with that? 😉 https://t.co/sr6ijhRZDA]]></document>
		<document><![CDATA[If the world was a smartphone, I'm at the point where I'd be looking for "restore factory settings".]]></document>
		<document><![CDATA[@peteevansnot @Channel7 That sort of crap is exactly why I no longer watch commercial television.]]></document>
		<document><![CDATA[@SueBursztynski @andrewwhiteau That's how they do it 😕]]></document>
		<document><![CDATA[@komiska_ @prism_kitten @DarickR That's offensive! To toads.]]></document>
		<document><![CDATA[@andrewwhiteau Well, what a surprise...]]></document>
		<document><![CDATA[@Colvinius @3NJ1N3 @BrooklynSpoke It so would!]]></document>
		<document><![CDATA[@WhitfordBradley Just finished watching TWW episode, 'Shibboleth'. I'm going to go away and cry now. #realitybites]]></document>
		<document><![CDATA[@ZackBornstein At least, I HOPE we do.]]></document>
		<document><![CDATA[@theblacksheeepp @GhostOfPJK Yeah, I can understand that.]]></document>
		<document><![CDATA[@GhostOfPJK That's what I've been doing. It helps.]]></document>
		<document><![CDATA[@Jess4_RK That is just insane!]]></document>
		<document><![CDATA[@Sinixstar @misskylie77 @AGSchneiderman Good on them, I say.]]></document>
		<document><![CDATA[@ericgarland @Trillything Seems that only applies to the Christian church, now.]]></document>
		<document><![CDATA[@australian @Barnaby_Joyce Yeah? And what are they supposed to do about jobs? We don't all have taxpayer-funded travel allowances.]]></document>
		<document><![CDATA[@NathanFillion Haha, all good 😂 Was a little worried that your account might have been hacked.]]></document>
		<document><![CDATA[@NathanFillion I'm sorry - Ted Nugent???]]></document>
		<document><![CDATA[@THE_Russell @Zarathhustra On one hand, they tell the unemployed to "get a job". Not enough jobs? Then it becomes "nobody owes you a job!"]]></document>
		<document><![CDATA[Remember when Australians had that whole anti-authoritarian thing going on? What happened to that? When did we stop challenging them?]]></document>
		<document><![CDATA[@MikeCarlton01 @ConversationEDU And he considers himself to have class 🙄]]></document>
		<document><![CDATA[@BridgetOFlynn @OzEquitist @smh I'm almost hoping he does. That would almost guarantee an ALP win next election.]]></document>
		<document><![CDATA[@WhitfordBradley In our guts, we knew he was nuts.]]></document>
		<document><![CDATA[@WhitfordBradley @NewYorker Textbook definition of 'buyer's remorse' 😂😂😂]]></document>
		<document><![CDATA[@DrCurlytek Uhhhh, what...?]]></document>
		<document><![CDATA[@wendy_harmer @Woogsworld @samanthamaiden Not to mention the good ol' Vegemite sanga and an orange... #thosewerethedays]]></document>
		<document><![CDATA[@ktibus @JamieRGonzalez @JarrodBleijieMP @dailytelegraph It really is.]]></document>
		<document><![CDATA[@JamieRGonzalez @JarrodBleijieMP @dailytelegraph Exactly what I was going to say.]]></document>
		<document><![CDATA[@Manglewood @JoshDaCat @TPM Wow. Haliburton Dick thinks DT is OTT?]]></document>
		<document><![CDATA[@fandomkeating You're welcome! 😊]]></document>
		<document><![CDATA[@fandomkeating Pretty sure it's from S1, "Terra Nova".]]></document>
		<document><![CDATA[@charminglydaft Haha, yeah, I hear that one a lot from my mum friends, too. 😂]]></document>
		<document><![CDATA[@charminglydaft And so silly! Like I said, I know plenty of mums who refer to their pets as fur kids. But they have a sense of humour, so...]]></document>
		<document><![CDATA[@verbaliza I'll pat any cat that comes along, me.]]></document>
		<document><![CDATA[@charminglydaft You know the sort. They regard themselves as holy, and set apart from lesser mortals, simply because they reproduced.]]></document>
		<document><![CDATA[@charminglydaft Exactly! But I've seen some v. sniffy comments from mothers complaining that it's offensive to compare pets to kids 🙄]]></document>
		<document><![CDATA[Love those parents who object to the term "fur kids", esp. since I know plenty of other parents who use the term to describe their pets :)]]></document>
		<document><![CDATA[@matthaig1 @realDonaldTrump His favourite horse?]]></document>
		<document><![CDATA[Holy. Crap. https://t.co/kOAyeJYI8W]]></document>
		<document><![CDATA[@MickKime @TheNewDailyAu Love his genius solution - move to the country. Yeah, great idea. After all, who needs a job, right? 🙄]]></document>
		<document><![CDATA[@johnb78 @andrewwhiteau I meant that the Dick Van Dyke Show is eponymous - just not for Mary Tyler Moore.]]></document>
		<document><![CDATA[@johnb78 @andrewwhiteau @abcnews Someone needs to remind them what "eponymous" means.]]></document>
		<document><![CDATA[@ladybirdjones @AltNatParkSer @altUSEPA @Alt_NASA @RogueNASA I'm following them all. I encourage others to do the same. #resist]]></document>
		<document><![CDATA[@LynneAvVer We're "socialists" because we objected to her hiring a helicopter instead of driving to a nearby destination. Lost her job.]]></document>
		<document><![CDATA[@comradetommy @upulie Exactly what I was thinking.]]></document>
		<document><![CDATA[I am SO SICK of regular services being cancelled because the buses are being used to ferry morons to a damn sports event!]]></document>
		<document><![CDATA[Oh, is there a game on tonight, @TransLinkSEQ? No wonder the buses aren't turning up - they're being used to ferry ppl to the bloody Gabba!]]></document>
		<document><![CDATA[Lord of the Ringpull #RedneckAMovie]]></document>
		<document><![CDATA[@esseeeayeenn @piersmorgan @JamieRoss7 Or a lifetime subscription to dignity?]]></document>
	</documents>
</author>