<author lang="en">
	<documents>
		<document><![CDATA[its no ones fault but my own. but ultimately i blame my mom for not terminating the pregnancy.]]></document>
		<document><![CDATA[a moment feels like fucking years and my back hurts]]></document>
		<document><![CDATA[im so tired of this eternal torment]]></document>
		<document><![CDATA[the only people who have ever loved me were catfishes. mind you this happened not once but 3 FUCKING TIMES]]></document>
		<document><![CDATA[duncan is literally the ugliest fucking name i've ever heard]]></document>
		<document><![CDATA[why do so many fuckboys have the last name davis]]></document>
		<document><![CDATA[CUZ I SURELY CANT HELP YOUUUUU IM HURTING MYYYYSELF I'VE TURNED INTO SOMEONE ELSE]]></document>
		<document><![CDATA[IF U TRYNA FIND PITY WELL YOU NEED TO LOOK SOMEWHERE ELSE]]></document>
		<document><![CDATA[i just wanna be held when i'm scared]]></document>
		<document><![CDATA[to be honest: nothing. not anymore 🙅]]></document>
		<document><![CDATA[SOME GUY I NEVER MET JUST SENT ME A VIDEO OF A GIRL SMOKING A CIGARETTE FROM HER COOCHIE 😫😷]]></document>
		<document><![CDATA[used to be a beauty queen with simple acquisitions, met my local rock star now i'm having visions.]]></document>
		<document><![CDATA[@ToveLo "i know what people say about you. they say the same about me." https://t.co/mgrESszBRy]]></document>
		<document><![CDATA[if you demonize azealia banks but not iggy azalea you are the worst kind of person]]></document>
		<document><![CDATA[saying no is so difficult for me but it feels good]]></document>
		<document><![CDATA[me: *calls everyone who looks at me a certain way a cunt*
also me: "i'm so charismatic and friendly"]]></document>
		<document><![CDATA[who the fuck does this bitch think she is https://t.co/X33tA1qR6H]]></document>
		<document><![CDATA[stagnancy is a trick.. you think its all well and good until 25 years have passed and you've barely taken one step forward]]></document>
		<document><![CDATA[even in sex dreams intimacy feels weird]]></document>
		<document><![CDATA[dear women who are against feminism: you're not helping]]></document>
		<document><![CDATA[@Gabby5SOS1994 the only difference i see is that it's a bit thicker, but that's always better in my opinion.]]></document>
		<document><![CDATA[@Gabby5SOS1994 GURL you got it more than perfect ❤️i literally just shed a single tear of joy bc i'm so proud anyone is inspired by me xoxo]]></document>
		<document><![CDATA[hello modelling agencies? 
i'm willing to degrade myself for fame and fortune where u @]]></document>
		<document><![CDATA[@alexisburleson honestly all their products are pretty good]]></document>
		<document><![CDATA[i just LOVE that hoochie cheap ass wet n wild glitter]]></document>
		<document><![CDATA[@CamiCjhill @ShyleighAlexus this makes me LIVID i wish my acne looked like this!!]]></document>
		<document><![CDATA[@LeahWestMusic honestly this tweet made my night! i hope all is well with you, lovely 😊]]></document>
		<document><![CDATA[im goin through a tough time like 24/7 lol but i'm hoping it will add character and make me a bit more resilient in the future]]></document>
		<document><![CDATA[i'll accept ya friend request but by the gods i will not like and comment on your selfies anymore 😡 #Salty]]></document>
		<document><![CDATA[oh honey... i dont think u understand 😐 you are very much below me 😘]]></document>
		<document><![CDATA[*wears a choker to bed so i can look sexy for my wet dream later*]]></document>
		<document><![CDATA[cant stand ugly bitches in my messages]]></document>
		<document><![CDATA[cotton candy perfume is the universal indicator of a hoochie mama]]></document>
		<document><![CDATA[@iggysNumberOnes thanks but my cover photo is of effy from skins 😂 nice try bitch]]></document>
		<document><![CDATA[@anxious_e @iggysNumberOnes IKR she a bottom of the barrel type hoe and her rapping sounds like mayo in a squirt bottle]]></document>
		<document><![CDATA[dr paul nassif is super hot but in a really weird way. like i wouldn't fuck him but i'd probably give him a hand job 😂😂😂]]></document>
		<document><![CDATA[@Evg_20 igloo australia needs an ass lift like you need an actual display picture 😂 what the fuck you hiding from bitch?]]></document>
		<document><![CDATA[@iggysNumberOnes your idol is racist and looks like she smells like garbage juice 🤣]]></document>
		<document><![CDATA[who is cassie fisher]]></document>
		<document><![CDATA[i don't regret getting the flu and throwing up for a day and a half because my body looks amazing and toned. get on my level fatties ❤️]]></document>
		<document><![CDATA[PEOPLE THINK IM JUST BEIN A BITCH WHEN I SAY I DONT HAVE A PHONE BUT I'M NOT]]></document>
		<document><![CDATA[where the FUCK did my coffee go
*spills it everywhere*
it was in my hand 😂☕️😂]]></document>
		<document><![CDATA["you got money for translucent setting powder? we have perfectly good baby powder at home!"

#growinguppoor]]></document>
		<document><![CDATA[@whosalexander white people disgust me]]></document>
		<document><![CDATA[who the fuck is alan thicke]]></document>
		<document><![CDATA[@IGGYAZALEA busted ass hoe]]></document>
		<document><![CDATA[@IGGYAZALEA how your fans can tolerate your nasally voice knowing the hate you've spewed is beyond my understanding.. you have no talent.]]></document>
		<document><![CDATA[@IGGYAZALEA ur 15 minutes of fame is long past expiry date, take ya racist ass elsewhere... you got nothing on my gurl @CupcakKe_rapper]]></document>
		<document><![CDATA[the fire's found a home in me 🔥]]></document>
		<document><![CDATA[lets be honest im kind of a horrible person but i wear it well]]></document>
		<document><![CDATA[don't flatter yourself bat face. you're a little to late to hop on this train hennyyyyy]]></document>
		<document><![CDATA[when someone you've never spoke to in your life comes up in ya messages pretending to know who you are like you had something in the past]]></document>
		<document><![CDATA[don't tell me you straight when the only girls you be hanging out with look like donkeys]]></document>
		<document><![CDATA[if cupcakke ever comes to vancouver, idgaf how broke i am, i will sell my ass on the street for tickets if i have to.]]></document>
		<document><![CDATA[the boys really like it, the girls don’t speak
they rolling they eyes, they lip gloss cheap 
#onlylancomeontheselusciouslips]]></document>
		<document><![CDATA[@DebzSuckz tbh i don't listen to your music but you cute as hell so imma give it a chance LOL]]></document>
		<document><![CDATA[cupcakke is the queen of everything i stand for - crotchless panties, yeast infections and getting finger banged by strange men.]]></document>
		<document><![CDATA[clock is ticking stick your dick in]]></document>
		<document><![CDATA[azealia banks is better than all you trash &lt;3 have a good night y'all]]></document>
		<document><![CDATA[@brandy_wooten you disgust me trump supporting bitch]]></document>
		<document><![CDATA[fashion wise they don't play
when they step out, they gone slay
i'm talkin' tight jeans, good hygienes
mothafuckas stay fleek everyday #lgbt]]></document>
		<document><![CDATA[@realDonaldTrump do me a favor - got to the laundry room. make a cocktail with one part fabric softener and one part bleach. now drink it.]]></document>
		<document><![CDATA[@CupcakKe_rapper i love you sooooooo much. everything you stand for just touches my soul and you've really been helping me speak my mind &lt;3]]></document>
		<document><![CDATA[it's niagara falls in this pussy all day]]></document>
		<document><![CDATA[i think i try too hard on twitter or something maybe thats why im not famous yet lol]]></document>
		<document><![CDATA[im so cringe worthy but y'all just gotta embrace it]]></document>
		<document><![CDATA[this is my life now https://t.co/oiOeVbFCTs]]></document>
		<document><![CDATA[when you think you're over me
and your bad baby's dead and gone
(remember) i'm the ghost in your machine
i'm your real life suicide-blonde]]></document>
		<document><![CDATA[@anxious_e @LilGlolita this is me to a t]]></document>
		<document><![CDATA[oh wait... i already showed them to you and i guess you blocked it out of your head because you don't want to be alone.]]></document>
		<document><![CDATA[keep living ur lil fantasy horse girl but your boyfriend is a cheating sack of shit and i got the screenshots to prove it]]></document>
		<document><![CDATA[@PFCosmetics i love your products! your organic wear bb cream and bronzer is my go-to for natural daytime looks.]]></document>
		<document><![CDATA[@IGGYAZALEA i want nothing more than for you to die in a fiery car accident]]></document>
		<document><![CDATA[thank god https://t.co/vy6EV9QYKg]]></document>
		<document><![CDATA[god damn right you should be scared of me]]></document>
		<document><![CDATA[@HillaryClinton shut the fuck up you dumb cunt]]></document>
		<document><![CDATA[@DaniElleDeLaite followed me and unfollowed me after i followed back.. like are you that thirsty for followers?? step off bitch.]]></document>
		<document><![CDATA[i feel so shit about myself today]]></document>
		<document><![CDATA[@MileyCyrus have to say i'm really disappointed you would endorse hillary. i thought you knew better than that?? we were all rooting for you]]></document>
		<document><![CDATA[i just ate a sour jujube and i tasted a lil blood and im now questioning where my mom got these]]></document>
		<document><![CDATA[@Gabby5SOS1994 gabby you are too sweet &lt;3 ily]]></document>
		<document><![CDATA[them: "are you busy tomorrow?"
me: "let me check my schedule"
me: *never messages them again*]]></document>
		<document><![CDATA[nobody can tell me nothin when i get myself all done up. we are all divine.]]></document>
		<document><![CDATA[words of wisdom https://t.co/amKyAg2GQq]]></document>
		<document><![CDATA[@PURITY_RING you were amazing at vogue theater! thank you for gracing us with your beautiful art :) #vancouver]]></document>
		<document><![CDATA[@jadynraemclean WHO]]></document>
		<document><![CDATA[she's pretty, i'll give you that.. but she's not me ;*]]></document>
		<document><![CDATA[everyone already knows i like dick and look like a chick #nationalcomingoutday]]></document>
		<document><![CDATA[@IGGYAZALEA delete your twitter ugly cunt]]></document>
		<document><![CDATA[@IGGYAZALEA praying that you get some spanx in your life. your ass looks like someone stuffed panty hose with cottage cheese.]]></document>
		<document><![CDATA[@IGGYAZALEA you're such an ugly racist bitch and i hope you never see the slightest glimmer of happiness in your miserable life.]]></document>
		<document><![CDATA[im pretty much ugly 90% of the time but that other 10% i look fierce as fuck]]></document>
		<document><![CDATA[i realize i am such a cunt but that really won't stop me]]></document>
		<document><![CDATA[@dannysuschrist there's a fine line between celebrating the beauty in diversity and cultural appropriation..]]></document>
		<document><![CDATA[the one time i try to dab, i accidentally punch myself really hard in the nose... this is what happens when you follow pop culture.]]></document>
		<document><![CDATA[little bit of a disclaimer: i don't care how many followers you have, i won't follow you back unless i actually enjoy your posts.]]></document>
		<document><![CDATA[@NetflixLoser_57 gurl you know i always go for that smudged eyeliner just out of rehab look]]></document>
		<document><![CDATA[@anxious_e easy diy hillary costume: just get a soccer mom wig and fake smile a lot]]></document>
		<document><![CDATA[@NetflixLoser_57 little do they know we're the most evil clowns of all.]]></document>
		<document><![CDATA[the neighbor lady upstairs is such a petty cunt.. if only nan was still alive to make her drink bleach #AHS]]></document>
	</documents>
</author>