<author lang="en">
	<documents>
		<document><![CDATA[@NeilD1701 @RPSITrains spotted it! Start a family holiday that day so can't make it this time!]]></document>
		<document><![CDATA[That's worth a trip from Scotland all day long! https://t.co/8pI2BIo9Hd]]></document>
		<document><![CDATA[@philatrail so it wasn't a win win then? 😀]]></document>
		<document><![CDATA[@LawmanBrewCo @Cloisters_Bar ah, the infamous Cumbernauld Sausage Porter.... @bill40063 @PaulBigland1 @GlenBatten1]]></document>
		<document><![CDATA[@GlenBatten1 @BathChron top pic, Sir!]]></document>
		<document><![CDATA[@BBCTravelScot afternoon! Enjoying @ScotRail Shotts express back to the east. Salad and fruit - not so much 😇]]></document>
		<document><![CDATA[@RuthDavidsonMSP @pressjournal little awareness? Isn't that a prerequisite for an SNP minister? Transport anyone.....]]></document>
		<document><![CDATA[@stefatrail meanwhile, Scotland gets 40 year old kit which has been to Mars and back. Regional services get a poor deal up here. @bill40063]]></document>
		<document><![CDATA[@CyclingSurgeon @cyclingscot good news. far too many drivers leave insufficient space - but not all. https://t.co/BENcTQHwSK]]></document>
		<document><![CDATA[@on_lothianbuses The Wayfarer is missing some essential equipment, I fear! 😀
https://t.co/VuWjuKvSTu
@dl1701]]></document>
		<document><![CDATA[@bill40063 Not #coventry then? @Its_Ellenn @erols01 @jaynestg]]></document>
		<document><![CDATA[@bill40063 @Its_Ellenn @RAIL it's mainly containers, but there are tractors and HGV as well]]></document>
		<document><![CDATA[@DavidMcOakley @RAIL @bill40063 It's years since my copy of @RAIL arrived on the Saturday.  Quite why it should alw… https://t.co/1I9N3oTDgg]]></document>
		<document><![CDATA[@RAIL seems to be a theme here. @bill40063 and I only seem to get our copies on the Tuesday.]]></document>
		<document><![CDATA[@Angus_Duncan @AlexSalmond Apparently he's walking on to the 'Mission Impossible' theme tune.]]></document>
		<document><![CDATA[@bill40063 @ScotRail I understand all new bilingual signs are to be in ye olde Yorkshire dialect to assist the new MD.....]]></document>
		<document><![CDATA[@jaynestg very pleased with Empire Biscuit from @HarryGowBakery . Dad and #CalMacthebear had soup and a chicken cur… https://t.co/zuyAakIUGM]]></document>
		<document><![CDATA[@BlackIsleBeer @OldPulteneyMalt @SingletonWhisky might have gone a bit wild on supplies on the Wick trip.Thanks all… https://t.co/wLhrVUZCZg]]></document>
		<document><![CDATA[@ScotRail Springfield. Not stopped there in years! Off to Dundee for a meeting and after 625 car miles so far this… https://t.co/R5103fztED]]></document>
		<document><![CDATA[@DougieCoullPics fantastic photos!!]]></document>
		<document><![CDATA[@PaulBigland1 English Electric. The only way to travel 👍 @cfpsnews @bill40063 @GlenBatten1 @philatrail @Clinnick1 @pipdunn]]></document>
		<document><![CDATA[@GlenBatten1 @PaulBigland1 @bill40063 @cameron_heather @jaynestg staff attentive and room fine for a 3*. £70 b&amp;b not too shabby! Wick b4.]]></document>
		<document><![CDATA[@PaulBigland1 @bill40063 @GlenBatten1 @cameron_heather @jaynestg Tain. Tuesday. Must remember to book next time. https://t.co/USgj5JZgBO]]></document>
		<document><![CDATA[@DougieCoullPics thon's a big boat!]]></document>
		<document><![CDATA[@on_lothianbuses @edintravel I'm sure someone can pop some drinks down from Annandale Street 👍😇]]></document>
		<document><![CDATA[@offtheballbbc Corrour is the isolated station, gents.
Steak pies and tomato soup for breakfast from the Travellers Fare at Waverley.]]></document>
		<document><![CDATA[@CalMac_Updates #CalMacthebear sorted out @crsc trip photos
https://t.co/DsgbaLsoBr @mdorchester1 thanks to @neil0379 for arranging]]></document>
		<document><![CDATA[@offtheballbbc This is my favourite train spotting.... @cfpsnews @bill40063 https://t.co/8tC4mXVwXG or is that not what you meant?]]></document>
		<document><![CDATA[@KateForbesMSP @mdorchester1 The West Lothian question all over again!]]></document>
		<document><![CDATA[@EdinburghBikes This works well too 
https://t.co/4OlvE65bB0]]></document>
		<document><![CDATA[@cyclingscot @EdinburghBikes It's a cracking spin!
https://t.co/HQ0WXSc8hg]]></document>
		<document><![CDATA[@MillarRichard @ScottishCanal @LUCS_Canal Where is the drained water going? Will try to pop out for photos at the weekend!]]></document>
		<document><![CDATA[@edinburghtour there's a plan... 👍😇 https://t.co/dDhjlpFam8]]></document>
		<document><![CDATA[@dl1701 @FirstAberdeen down here if it's my birthday I have to buy! Like the one one the left better.]]></document>
		<document><![CDATA[@dl1701 Depends whether that was  a lame attempt to draw attention to your birthday...

Happy Birthday and make sur… https://t.co/JY9NgLzvMo]]></document>
		<document><![CDATA[@CalMac_Updates @crsccruising @StagecoachWScot @auchrannie thirsty work! @mdorchester1 @Arranwhisky https://t.co/HgNx1ACyFZ]]></document>
		<document><![CDATA[@CalMac_Updates @crsccruising @StagecoachWScot @auchrannie it's a cracking day now! #CalMacthebear ⛴⚓️👍 🍻 soon, Dad? https://t.co/ufe7KRr7dt]]></document>
		<document><![CDATA[@CalMac_Updates @crsccruising @StagecoachWScot @auchrannie apparently lunch timings allow for Isle of Arran back 👍⛴]]></document>
		<document><![CDATA[@mdorchester1 @CalMac_Updates @crsccruising @StagecoachWScot @auchrannie stayed a couple of times - strongly agree!]]></document>
		<document><![CDATA[@CalMac_Updates #CalMacthebear Heb Isles to Arran with @crsccruising and @StagecoachWScot bus tour to @auchrannie f… https://t.co/SJrZ5BDV46]]></document>
		<document><![CDATA[@jaynestg @STVoliver @CalMacFerries Better catch @STVNews tonight then! I'm sure @SteveKydd wishes he had got this one...]]></document>
		<document><![CDATA[@Clinnick1 @GlenBatten1 @PaulBigland1 @RAIL @74frankfurt Gare de Lyon, meanwhile - the trains can actually be seen.… https://t.co/INWa1wPrcP]]></document>
		<document><![CDATA[@seatsixtyone In the bar, I hope! Restaurant prices are £££. Turned up there (early) with an RM for a hire to reali… https://t.co/5cIWMjTUlP]]></document>
		<document><![CDATA[@RAIL @Clinnick1 @PaulBigland1 @GlenBatten1 Brightened my morning, this one! https://t.co/wQsrraZe3I]]></document>
		<document><![CDATA[@forthroadbridge it's the bounce when the nearside wheels hit the tarmac which can be a real problem.  Great job, g… https://t.co/gWHRIkYmL0]]></document>
		<document><![CDATA[@edinhelp many thanks!]]></document>
		<document><![CDATA[@Edinburgh_CC Duddingston Road - speed cushion in a cycle lane? Dangerous, surely?  @SpokesLothian @CyclingSurgeon https://t.co/wmpLva48fI]]></document>
		<document><![CDATA[@dl1701 I would have thought a transportation professional like yourself would have checked ahead to ascertain the booked aircraft type 😀]]></document>
		<document><![CDATA[@LochLomondBrew Blonde Stout @Noblescafebar top pub! https://t.co/R1N9tRYbKt]]></document>
		<document><![CDATA[@edinburghtour @on_lothianbuses @EastCoastBuses #heritage 🚌 https://t.co/A2g2MhdjK4]]></document>
		<document><![CDATA[@thomsonsbar managed to boost your takings yesterday by diverting our office mob in. They left, I stayed to chat to your regulars.]]></document>
		<document><![CDATA[@Beathhigh It takes willpower not to actually just make a start on behalf of 🎅l'm a bit off message with @GlenScotiaMalts and nae crisps..]]></document>
		<document><![CDATA[@pipdunn @philatrail D345 was @cfpsnews 👍👍👍👍👍👍 https://t.co/lCVgUvqIvE supreme quality thrash!]]></document>
		<document><![CDATA[@pipdunn @philatrail been there, driven that https://t.co/CRAZzePPMF 👍🚈]]></document>
		<document><![CDATA[@pipdunn @philatrail 45133 is just a 16 wheel duff....]]></document>
		<document><![CDATA[@EdinburghBikes been there, bought one! Ding ding! 🔔]]></document>
		<document><![CDATA[@DougieVipond answered with Dignity, I trust.... 😇]]></document>
		<document><![CDATA[Through the windscreen of a @FirstScotland X62? Glad @on_lothianbuses are trying out the competition 📷😄🚌👍 https://t.co/FcHjCdlyn0]]></document>
		<document><![CDATA[@bradmiddleton @XploreDundeeBus 8 buses needed to operate 1a/1b at 10 min frequency - and PM schools is interpeak not PM peak.]]></document>
		<document><![CDATA[@Beathhigh of interest, perhaps.... https://t.co/xmya2wtTT5]]></document>
		<document><![CDATA[@CalMacFerries @mdorchester1 #CalMacthebear thinks it's Mallaig....⛴😀👍]]></document>
		<document><![CDATA[@Clinnick1 maybe @ScotRail can have the 153s to run Georgemas - Wick then, dividing from the Thurso portion?]]></document>
		<document><![CDATA[@EdinburghTrams two together!
https://t.co/HhGgIaZmAO never seen that before...]]></document>
		<document><![CDATA[Both @on_lothianbuses and @EdinburghTrams get themselves in the movies...
https://t.co/j9pk6p8pfL]]></document>
		<document><![CDATA[@CalMacFerries #CalMacElfie boarding Lochboisdale for Castlebay? #CalMacthebear isn't sure as Dad hasn't taken him
https://t.co/y1SoUIcvSZ]]></document>
		<document><![CDATA[@GlenBatten1 absolutely not!]]></document>
		<document><![CDATA[@Beathhigh the non matching antlers are a bit brave. It is Elgin.... 😇]]></document>
		<document><![CDATA[@Miss_A_2015 it's not just any bus, it's a @on_lothianbuses bus! 😇🚌👍]]></document>
		<document><![CDATA[@CalMacFerries  #CalMacthebear is pretty sure it's Harris! https://t.co/jNSoAO4eDN]]></document>
		<document><![CDATA[@on_lothianbuses Crewe Road North diversion still on?? ;O)]]></document>
		<document><![CDATA[@PaulBigland1 @GlenBatten1 @ScotRail @EdinburghTrams nothing to see here! Gateway 👍 @Clinnick1 @bill40063 on 1st 🚋… https://t.co/c9ukPMPcFu]]></document>
		<document><![CDATA[Helpful for drivers too 👍 @FirstScotland @FirstAberdeen missing the service work. New year new start? https://t.co/u9bIWCu8sm]]></document>
		<document><![CDATA[@PaulBigland1 @GlenBatten1 @bill40063 @jaynestg Who knew? AdBlue isn't blue?? @BBCTravelScot https://t.co/5W6ypp7xaD]]></document>
		<document><![CDATA[@Clinnick1 @ScotRail Shotts Express 👍😄🚈]]></document>
		<document><![CDATA[@Angus_Duncan called Sturgeon what? Fishy, I hope....]]></document>
		<document><![CDATA[@EdinburghBikes Our communal garage. Old one found and returned by @policescotland after new one delivered so donated to @TheBikeStation 👍]]></document>
		<document><![CDATA[@Angus_Duncan get a life. Change the channel. 😄]]></document>
		<document><![CDATA[@EdinburghBikes https://t.co/4QslPNaMF3 the new one since the old one was stolen 👎]]></document>
		<document><![CDATA[@scottishcanals I remember going through there in the early 1970s with only a dim 🚲 light for company!]]></document>
		<document><![CDATA[@StuBarberTweets @on_lothianbuses Meanwhile, this what the whole bus looks like....#fleetofthefuture #lothianbuses
https://t.co/azyTgMPwyd]]></document>
		<document><![CDATA[@on_lothianbuses Yes.  I really thought this was a Tall Chap 'special' photo!]]></document>
		<document><![CDATA[@richardsalkeld @Virgin_TrainsEC chap second from right is #elfinsafety presumably?]]></document>
		<document><![CDATA[@Clinnick1 Tram lines - caught my front wheel.   Bike stopped, I didn't!   Glad it's not too bad.  I have history.
https://t.co/uQqeKQm4Qr]]></document>
		<document><![CDATA[@Clinnick1 as long as nothing is broken!  Nursing a cracked bone and several other minor damage elements after coming to grief on my bike...]]></document>
		<document><![CDATA[@CyclingSurgeon @SpokesLothian @SustransScot @AlastairDalton ah, bicyclists! A most splendid word. @TheBikeStation… https://t.co/WEG6TtW4pi]]></document>
		<document><![CDATA[@StobartClub #ThrowbackThursday Eilysia Mia - Scania - PL10 KVH from Nov 2010
https://t.co/wuE8g3G6U5 @motoway Stirling]]></document>
		<document><![CDATA[@ScotCitylink #TravellingTed could be a chum for #CalMacthebear
@CalMac_Updates @mdorchester1 and he does… https://t.co/0yOVDwsUw8]]></document>
		<document><![CDATA[@ScotCitylink Perth https://t.co/uSj6Ih9GlD]]></document>
		<document><![CDATA[@edintravel @BBCTravelScot A90 bridge inspection Burnshot Flyover city bound queue back to Echline @BBCRadio2]]></document>
		<document><![CDATA[@RAIL @christianwolmar Edinburgh you see. Not like that Glasgow place - much more gentle with the acts! Good to meet you, Sir.]]></document>
		<document><![CDATA[@PaulBigland1 @GlenBatten1 I was truly unaware catering was SO line specific. How does that work with Bakerloo...? Flushed with success?? 😀]]></document>
		<document><![CDATA[@lesley68 Used these chaps - very good
https://t.co/cS13rqTOKm
Created this masterpiece after I took it to bits...! 
https://t.co/2jC5fGVjkU]]></document>
		<document><![CDATA[@on_lothianbuses if the front seats are taken, this is a jolly good second choice. Yer 41 for KB off to hear @RAIL… https://t.co/zu5VQQxKH5]]></document>
		<document><![CDATA[@RAIL Presumably not the @DailyDilbert approach, I trust!
https://t.co/pT1rAMAg3z
Got the meeting in the diary!]]></document>
		<document><![CDATA[@FirstAberdeen @mdorchester1 @CalMac_Updates @SmugMug Perhaps a wee drive of one of these please?
https://t.co/bYawMmADMA
:O)]]></document>
		<document><![CDATA[@mdorchester1 @CalMac_Updates @SmugMug I occasionally manage a perk myself! 
https://t.co/c4G6gVR5MC
thanks to @FirstAberdeen for that one!]]></document>
		<document><![CDATA[@mdorchester1 @CalMac_Updates Now, now. Nobody likes a show-off! :O)   #CalMacthebear still has two to go...
https://t.co/vZmDeGrmcP is one]]></document>
		<document><![CDATA[@Clinnick1 @RAIL @bow_bar @PaulBigland1 pity.  perhaps @TheRavenGlasgow @shillingbrewco @BrewDogGlasgow @DogHouseMCity for starters....]]></document>
		<document><![CDATA[@Clinnick1 @RAIL can recommend @bow_bar close to the venue for a light refreshment.  No use for @PaulBigland1 though, no #beerflight !]]></document>
		<document><![CDATA[@ochkenny @BBCScotlandNews @murdo_fraser @NicolaSturgeon I feel sorry for the lectern.  Poke, poke, poke.....]]></document>
	</documents>
</author>