<author lang="en">
	<documents>
		<document><![CDATA[what a f ing twat https://t.co/5b0KWlSg90]]></document>
		<document><![CDATA[it's such a day to stay in bed all day and watch netflix]]></document>
		<document><![CDATA[i'm at that point where i could stay awake if i want to but also if i shut my eyes for over 5 seconds i'd be asleep]]></document>
		<document><![CDATA[like it's 10 past 11 is there even a point of me going to school at this point]]></document>
		<document><![CDATA[the 1975 tickets are on sale on friday and i've no money ha ha love life xx]]></document>
		<document><![CDATA[have pains all over me but i have to go to school to pay for the debs☹️]]></document>
		<document><![CDATA[@KasiaMcLough stop i know like i do be enjoying a song and the thing changes]]></document>
		<document><![CDATA[my music app keeps changing mid song it's driving me mad]]></document>
		<document><![CDATA[just had the biggest creep on someone's profile was literally breaking a sweat trying not to like anything]]></document>
		<document><![CDATA[ugh i'm so annoyed]]></document>
		<document><![CDATA[do you ever just see someone and just go nah]]></document>
		<document><![CDATA[pineapple DOES belong on pizza and whoever says it doesn't is a fucking liar]]></document>
		<document><![CDATA[moisturising is all i do]]></document>
		<document><![CDATA[that red spot you have when you unfold you legs is the smoothest, softest thing ever don't fight me on this]]></document>
		<document><![CDATA[i was literally hiding my money in my phone case all day but i just remembered i have a purse]]></document>
		<document><![CDATA[i was sobbing at my sisters graduation so 100% i'll be sobbing at my own]]></document>
		<document><![CDATA[i hate 6th year so much but i know at my graduation i'll be in floods of tears]]></document>
		<document><![CDATA[i think there's a duck on my roof]]></document>
		<document><![CDATA[i wanna go to an art museum:(]]></document>
		<document><![CDATA[@bexfahy123 when she seen me she was like "oh you're back we've missed you" hahahah i thought she'd be sassy but she was alright😂]]></document>
		<document><![CDATA[@bexfahy123 thanks😂🤓 shauna bought me a chocolate bar walking home for it hahahah]]></document>
		<document><![CDATA[just don't know who to bring yet ha]]></document>
		<document><![CDATA[did a full day of school today including pe i feel so great]]></document>
		<document><![CDATA[oh hate that x https://t.co/G8hacP3wJR]]></document>
		<document><![CDATA[you'll always catch me in my pyjamas]]></document>
		<document><![CDATA[i want to see all these but i'd be shitting myself https://t.co/Q4LPeG6W77]]></document>
		<document><![CDATA[i want to become vegetarian/vegan coz i love animals but i also love cheese and chicken and burgers]]></document>
		<document><![CDATA[i like so many tweets but it's because i actually like them]]></document>
		<document><![CDATA[love when the sky looks like magic the morning i don't go to school😒]]></document>
		<document><![CDATA[i pressed snooze on my alarm but it didn't go off and i'm only awake now]]></document>
		<document><![CDATA[don't even wanna talk to anyone i feel like death]]></document>
		<document><![CDATA[i honestly can't do school anymore]]></document>
		<document><![CDATA[i'm actually in school i deserve a round of applause]]></document>
		<document><![CDATA[what the fuck is the new snapchat]]></document>
		<document><![CDATA[oh lord what am i gonna do]]></document>
		<document><![CDATA[my debs is literally months away but i haven't a clue who to bring??]]></document>
		<document><![CDATA[my phones been on 19% for about an hour what]]></document>
		<document><![CDATA[can't wait to be finished the leaving i have loads of tv shows to start]]></document>
		<document><![CDATA[i'd love of the leaving was in 2 weeks instead of the mocks so i can just get it over n done with]]></document>
		<document><![CDATA[only one she loves as much as me is jesus christ and taylor]]></document>
		<document><![CDATA[dying for next week]]></document>
		<document><![CDATA[i'd love to have a nap now but i can't]]></document>
		<document><![CDATA[@ChloeMurphy27 record big brother]]></document>
		<document><![CDATA[i feel like shit but i would murder a boojum rn]]></document>
		<document><![CDATA[insta theme is gone🙃]]></document>
		<document><![CDATA[i haven't drank since new years😕]]></document>
		<document><![CDATA[it's so awkward watching videos of people with the dog filter hahaha]]></document>
		<document><![CDATA[the day is flying by wtf]]></document>
		<document><![CDATA[i hate 14 year olds]]></document>
		<document><![CDATA[seeing donald trump everywhere makes me want to gouge my eyes out]]></document>
		<document><![CDATA[she doesn't look like me tho but sure]]></document>
		<document><![CDATA[gave my ID to someone to go diva tonight and i hope she got in with it]]></document>
		<document><![CDATA[about 10 mins ago i was in study humour and was gonna be productive but it's just gone]]></document>
		<document><![CDATA[the mock timetable isn't that bad tbh]]></document>
		<document><![CDATA[oh god i love spencer so much #cbb]]></document>
		<document><![CDATA[this is fucking disgraceful oh my god https://t.co/ORxjNKScfm]]></document>
		<document><![CDATA[but it's working for everyone in the family what a fix]]></document>
		<document><![CDATA[my internet has been so fucking shite today]]></document>
		<document><![CDATA[i used to never use face masks but i used one like last week and it was such a mistake coz now i've spots☹️]]></document>
		<document><![CDATA[my school routine is still fucked because of the christmas break]]></document>
		<document><![CDATA[ok my chest hurts when i breathe i think i'm dying]]></document>
		<document><![CDATA[i keep getting pains in the morning but at like 10 they go away]]></document>
		<document><![CDATA[i wish i was the type of smart that i wouldn't even have to study like i just remember it all]]></document>
		<document><![CDATA[why is instagram being weird today]]></document>
		<document><![CDATA[i've to get my head out of my arse and start studying]]></document>
		<document><![CDATA[i have to get my age card sorted i look so weird in my passport]]></document>
		<document><![CDATA[why do i feel so sick lately]]></document>
		<document><![CDATA[@ChloeMurphy27 you could've let me know at least]]></document>
		<document><![CDATA[i'm bringing my charger everywhere i go from now on i hate when my sisters take it and never give it back the fucking bitches]]></document>
		<document><![CDATA[i literally haven't a clue where my class is]]></document>
		<document><![CDATA[i wish more of my friends were on twitter like it's great here]]></document>
		<document><![CDATA[hate it when the government says they can't print more money like what ? why lie]]></document>
		<document><![CDATA[aw i hate the irish education system]]></document>
		<document><![CDATA[the way i slept really fucked up my back]]></document>
		<document><![CDATA[i have an english essay to do fuck]]></document>
		<document><![CDATA[why am i so tired it's not even 10]]></document>
		<document><![CDATA[(i'm obvi not gonna actually hurt a little kid)]]></document>
		<document><![CDATA[if anyone bullies my little brother again i s2g i'll kick them around regardless of age i'm fucking sick of it]]></document>
		<document><![CDATA[the first day back in school after a break is grand it's the days after that get to me]]></document>
		<document><![CDATA[i've never seen aldi as packed as it was today like i was baffled]]></document>
		<document><![CDATA[i can't find any fluffy socks anywhere in my house]]></document>
		<document><![CDATA[that spice box from kfc looks so good!!😩😩😩👌🏼👌🏼👌🏼]]></document>
		<document><![CDATA[i've been using my 4G all morning]]></document>
		<document><![CDATA[upcs internet is absolute dirt]]></document>
		<document><![CDATA[i don't have the head for double business so if this headache goes away i'll be in after them classes]]></document>
		<document><![CDATA[my throat hurts and my head hurts😔]]></document>
		<document><![CDATA[right i got a lumee case and now it feels like i've a 6s plus]]></document>
		<document><![CDATA[she hates me ! https://t.co/fKlIDLnmhX]]></document>
		<document><![CDATA[this 'spy in the wild' thing on bbc 1 is so so so good]]></document>
		<document><![CDATA[there's ones that seem good enough like but the points are around 400-500 i just can't do that]]></document>
		<document><![CDATA[there's literally not one college course that i like or think i can get]]></document>
		<document><![CDATA[but i love it so much😩]]></document>
		<document><![CDATA[i think orchard thieves make me sick so i'm gonna stop drinking it]]></document>
		<document><![CDATA[i feel like at night is when i can actually have a proper conversation]]></document>
		<document><![CDATA[i wish i had tickets to see justin bieber:(]]></document>
		<document><![CDATA[my teachers used to follow me on this account #awks but i made a school one then so all g]]></document>
		<document><![CDATA[all i do is take pictures of my dog]]></document>
		<document><![CDATA[this is just great]]></document>
		<document><![CDATA[my niece and nephew are sick and my sister has a cold and my brother has the flu]]></document>
		<document><![CDATA[my dog is sitting on my naked foot and it's really uncomfortable]]></document>
	</documents>
</author>