<author lang="en">
	<documents>
		<document><![CDATA[I sold my bike. Because this didn't seem like a workable situation. https://t.co/sQ6URgW0NF]]></document>
		<document><![CDATA[It's moving day!!! https://t.co/YMZXn1WZUx]]></document>
		<document><![CDATA[@abbeyobrien @WBTWNews13 Good tease!]]></document>
		<document><![CDATA[@scottpruett @CFair1 @realDonaldTrump @CBNNews it is on https://t.co/WOIwZQ38Xh, also on CBN News' FB page.]]></document>
		<document><![CDATA[@bhherring @CBNNews He made news on that one. Our interview was hours before the executive order. Wish I would have known then!]]></document>
		<document><![CDATA[Catching up on podcasts! Today I'm listening to @ShannonBream and @jonfavs.]]></document>
		<document><![CDATA[LOVED having @ellieholcomb's new album to rest and reflect to this Saturday morning! ☕️ 📚]]></document>
		<document><![CDATA[@BobLongoANjax @ActionNewsJax Sounds awesome! Have a great day!]]></document>
		<document><![CDATA[One week until I am reunited with @mycritter and #brokawbrown. This is not easy! Praying for my boys this AM. https://t.co/g9sC0U8UiC]]></document>
		<document><![CDATA[Good morning. It sure does feel good to be back! https://t.co/KEszYXX3ul]]></document>
		<document><![CDATA[@suepalkafox5dc feels cold out now!]]></document>
		<document><![CDATA[@MarcelShortstop phewwwwwww, it's a whirlwind!]]></document>
		<document><![CDATA[FaceTime with #brokawbrown melts my heart. He knows my voice! I can't wait to snuggle my puggle… https://t.co/G2UmRBw4xi]]></document>
		<document><![CDATA[@JoneeLewisTV little drug pushers.]]></document>
		<document><![CDATA[@philandalex I'd like to get in touch with you guys about doing a story with you.]]></document>
		<document><![CDATA[Well, that was painful.]]></document>
		<document><![CDATA[Ahhhh the land of all that is holy. #wegmans https://t.co/t6YA9wU2wQ]]></document>
		<document><![CDATA[@AndrewWoolfolk they are seriously growing!!]]></document>
		<document><![CDATA[Pastor @MarkBatterson: if you live by compliments, you'll die by criticisms.]]></document>
		<document><![CDATA[@RonKJones I agree. There is a difference between being a reporter and a repeater. The difference is facts. We must uncover/discover.]]></document>
		<document><![CDATA[To my friends writing stories about the marches today: Words matter. "Protest" and "riot" are not the same thing. Speak truth.]]></document>
		<document><![CDATA[@JoneeLewisTV Lesson in adulting.  My mom said always have $60 cash.]]></document>
		<document><![CDATA[@calebkinchlow So good to meet you and work with y'all!!]]></document>
		<document><![CDATA[I am relaxing after a crazy week of #Inauguration coverage. Yay for coffee and catching up on @philandalex videos!]]></document>
		<document><![CDATA[It does not feel like only my second week back at CBN News! Talk about hitting the ground… https://t.co/Vw4wCPUiUu]]></document>
		<document><![CDATA[Inaugural Ball fun with the @cbnnews team. https://t.co/dWSUpSNonL]]></document>
		<document><![CDATA[Trump ends his speech with #MAGA]]></document>
		<document><![CDATA[References to winning: 2. References to God: 4. If you're counting. #CBNInauguration]]></document>
		<document><![CDATA[Rep. Louie Gohmert waving to someone, he's seated right behind Trump.]]></document>
		<document><![CDATA["We must think big and dream even bigger," Trump says. #CBNinauguration]]></document>
		<document><![CDATA["When America is united, America is totally unstoppable." Trump says.]]></document>
		<document><![CDATA[Trump says "We will unite civilized world against Radical Islamic Terrorism, which we will eradicate completely from the face of the Earth."]]></document>
		<document><![CDATA["We will shine for everyone to follow," Trump says US will reinforce old alliances, build new ones.]]></document>
		<document><![CDATA[Trump says "we will follow two rules: buy American, hire American."]]></document>
		<document><![CDATA["I will fight for you with every breath in my body and I will never, ever let you down." @realDonaldTrump promises #CBNInauguration]]></document>
		<document><![CDATA["From this day forward it's going to be only America first, America first," Trump says re: trade/taxes/immigration/foreign affairs decisions]]></document>
		<document><![CDATA[.@realDonaldTrump : "The oath I take today is an oath of allegiance to all Americans."]]></document>
		<document><![CDATA[Trump's speech theme is power to the people, hitting the theme of "forgotten no longer" hard.]]></document>
		<document><![CDATA[Trump says the forgotten are "forgotten no longer." #CBNinauguration]]></document>
		<document><![CDATA[Trump says 1/20/17 is the day the people became the rulers of this nation again. #CBNinauguration]]></document>
		<document><![CDATA["What truly matters is not which party controls our gov't, but whether our gov't is controlled by the people." - @realDonaldTrump]]></document>
		<document><![CDATA["This moment is your moment, it belongs to you." - @realDonaldTrump "It belongs to everyone gathered here today and everyone watching."]]></document>
		<document><![CDATA["We are transferring power from Washington DC and giving it back to you, the people." - @realDonaldTrump #CBNinauguration]]></document>
		<document><![CDATA[A perk of being President: You don't have to hold your own umbrella.]]></document>
		<document><![CDATA[Trump: We will rebuild our country, restore promise for all of our people. #CBNInauguration]]></document>
		<document><![CDATA[Trump's first comments as President: "Thank you."]]></document>
		<document><![CDATA[#BREAKINGNEWS @realDonaldTrump is now officially the President of the United States. #Inauguration @CBNinauguration]]></document>
		<document><![CDATA[.@mike_pence sworn in as Vice President of the United States. #CBNinauguration]]></document>
		<document><![CDATA[The welcome concert ended with a fireworks show. @realDonaldTrump made brief remarks, said he would unify the count… https://t.co/cVnJzjm8KB]]></document>
		<document><![CDATA[This is the line to get screened for the #Inauguration Welcome Concert. #CBNinauguration https://t.co/Kw0Um4SmPb]]></document>
		<document><![CDATA[Waiting for @realDonaldTrump to arrive at the #inauguration Welcome Concert. #CBNInauguration https://t.co/renH4Azfja]]></document>
		<document><![CDATA[Welcome concert tonight at the Lincoln Memorial. https://t.co/jadyXWMXsh]]></document>
		<document><![CDATA[@JoneeLewisTV @ErinMoranWX @enews I am not either! Also, I am a week behind!]]></document>
		<document><![CDATA[POTUS: You don't want an America where a small sliver of people are doing really well and others are fighting for scraps.]]></document>
		<document><![CDATA[Obama says there are a lot of people who voted for @realDonaldTrump because they feel forgotten.]]></document>
		<document><![CDATA[President Obama says he worries about inequality.]]></document>
		<document><![CDATA[POTUS on LGBT rights: Says he couldn't be prouder of the progress made over the last 10 years.]]></document>
		<document><![CDATA[Obama: President-Elect will have his own policy. Ambassadorship has different views than I do.We'll see how their approach plays itself out.]]></document>
		<document><![CDATA[Obama re:Mideast: "I don't see how this issue gets resolved in a way that maintains Israel as both Jewish and a democracy."]]></document>
		<document><![CDATA[Obama said "I think the status quo is unsustainable," re: Israel and Palestine.]]></document>
		<document><![CDATA[Obama says he came into office wanting to encourage "serious peace talks." Invested time/energy/effort. Ultimately, we cannot force peace.]]></document>
		<document><![CDATA[Obama Re: Israeli UN resolution: "I continue to be significantly worried about the Israeli/Palestinian issue."]]></document>
		<document><![CDATA[@itsashleyhall We appreciate it!]]></document>
		<document><![CDATA[Obama says his priorities are marriage (will celebrate 25th anniversary this year) and spending time with his girls.]]></document>
		<document><![CDATA[On what's next: Obama says he will take time to process, he will write, he will "be quiet a little bit, not hear myself talk so darn much."]]></document>
		<document><![CDATA[Obama said he won't comment on Inauguration. Just that he will be there. @MichelleObama will be there.]]></document>
		<document><![CDATA["Reality has a way of biting back if you aren't paying attention to it," -@POTUS]]></document>
		<document><![CDATA[.@POTUS: @realDonaldTrump's views will be shaped by his advisers. "This is a job of such magnitude that you can't do it by yourself."]]></document>
		<document><![CDATA[Obama says his conversations with @realDonaldTrump have been cordial, fairly lengthy at times.]]></document>
		<document><![CDATA[.@POTUS : It is important for US to stand up for principle that big countries don't go around and bully smaller countries.]]></document>
		<document><![CDATA[Obama says as soon as Russia stops encroaching upon independence, sanctions will be removed.]]></document>
		<document><![CDATA[Obama: reason for sanctions in Russia not b/c of nuclear weapons, but sovereignty of Ukraine had been approached upon by Russia.]]></document>
		<document><![CDATA[Obama says he looked at particulars of Manning case &amp; felt like commuting her sentence was appropriate.]]></document>
		<document><![CDATA[Obama says broadly, in cyber age, we will have to find balance of transparency/recognition of risk.]]></document>
		<document><![CDATA[Re: Wikileaks, Obama says he doesn't see a contradiction.]]></document>
		<document><![CDATA[POTUS: Manning took responsibility for her crime, the sentence she received was disproportionate relative to what other leakers received.]]></document>
		<document><![CDATA[Obama: "Chelsea Manning has served a tough prison sentence."]]></document>
		<document><![CDATA[Obama: "I'm looking forward to being an active consumer of your work rather than the subject of it." (referring to the WH press corps)]]></document>
		<document><![CDATA[Obama says a free press is central to democracy. "It doesn't work if we don't have a well-informed citizenry."]]></document>
		<document><![CDATA[Obama: "Having you in this building has made us work better. It keeps us honest."]]></document>
		<document><![CDATA[Obama to press: I have enjoyed working with you. You're supposed to ask me tough questions.]]></document>
		<document><![CDATA[Obama says he has been in touch with the Bush family. "They are as fine a couple as we know." Says sending prayers and love.]]></document>
		<document><![CDATA[Waiting for @POTUS's last press conference before leaving office to begin.]]></document>
		<document><![CDATA[@DanaPerino @christensen2023 @TWCInternships @POTUS I loved your hair then! Cut mine to be like it. 😉]]></document>
		<document><![CDATA[I miss @mycritter and #Brokawbrown something fierce!!]]></document>
		<document><![CDATA[@AnitaWAVY No, I didn't. I don't have my old work e-mail address, though. Email me here: danabrownritter@gmail.com]]></document>
		<document><![CDATA[Sitting at a Panera in DC alone, new macbook, Jason Mraz on in the background... putting me in a writing mood! #likeoldtimes]]></document>
		<document><![CDATA[Back at my old Starbucks! The scene of the "I'm gonna call you "Boo"" story. https://t.co/338H4KtOSO]]></document>
		<document><![CDATA[@CBSEveningNews @jdickerson Will this conversation be online? I missed it, would like to watch it back.]]></document>
		<document><![CDATA[I would pay cash money to hear a package about a congressional hearing that does not have the word "grill/grilling."]]></document>
		<document><![CDATA[@BeltwayBargain Yes! First day back at work here, today. I'd love to connect with you, once things settle down a bit.]]></document>
		<document><![CDATA[@JoneeLewisTV @TV_Melanie @ErinMoranWX @EW I can't watch until I am back with @mycritter!]]></document>
		<document><![CDATA[All right. I am all oriented, and officially hitting the road to DC!]]></document>
		<document><![CDATA[@WAVY10Bob Brokaw will always find a heating pad and back up to it, if there is one available! We're all getting older. :)]]></document>
		<document><![CDATA[I'm a Clemson fan tonight. Let's go Tigers!]]></document>
		<document><![CDATA[@ChrisLicht Congrats on 5 years. Love the show! #newsisback]]></document>
		<document><![CDATA[I know who maybe 15% of the people are on the #GoldenGlobes. #popculturereject]]></document>
		<document><![CDATA[.@Schwandtk, reminds me of your lists. I love reading them, and so wish, once and for all, I could form this habit! https://t.co/PQvgTOjluW]]></document>
		<document><![CDATA[@Meghan_WBTW @curtisgraham328 I like it! #CoachCurtis. Let's hear more.]]></document>
		<document><![CDATA[@curtisgraham328 @Meghan_WBTW Curtis, you have a good point there!]]></document>
	</documents>
</author>