<author lang="en">
	<documents>
		<document><![CDATA[People gathering on the streets of New York to protest and Fox News is doing public affairs stories on whiskey making and celebrity artists.]]></document>
		<document><![CDATA[@RogueNASA has over 721 THOUSAND followers- I still haven't broken 700. Without the thousand. You go, you rogues, you.]]></document>
		<document><![CDATA[I need a creepiness meter to decide whether to watch a paranormal movie just before bed. (Insert creepy sound effect here.)]]></document>
		<document><![CDATA[I've sent these lovelies to The Ivy Box in Queenstown - so excited to be joining their team! https://t.co/EB0pzWJaww]]></document>
		<document><![CDATA[I'm nowhere near the airport, but every once in a while we get a low, loud... jet? I think it's an alien patrol unit, of the UFO kind.]]></document>
		<document><![CDATA[If you want to learn salsa, now's your moment. All the WGTN dance teachers are coming back. Try Cuban Fusion: https://t.co/LKruJg1dsJ]]></document>
		<document><![CDATA[For a master class in how to blog, plus a nice inside look at how a graphics pro makes magic, check this out: https://t.co/Rs4eeOo7sq]]></document>
		<document><![CDATA[Never mind who's President; all parties will be considered equally tasty: https://t.co/cjj1JcHQsk]]></document>
		<document><![CDATA[Must make a point of going to about 3 @CarlosNavae gigs in a row. I quite like it when his voice is on 'repeat' in the back of my brain.]]></document>
		<document><![CDATA[Apparently the back of my brain is trapped in the 80s.]]></document>
		<document><![CDATA[And also, I have FINALLY replaced the really bad 80s song playing on repeat in my head. With... a GOOD 80s song.]]></document>
		<document><![CDATA[Way more women than men at Southern Cross tonight, which made it a lovely chance to catch up with friends.]]></document>
		<document><![CDATA[WGTN:  Southern Cross White Christmas (salsa) dance party from 6 pm tonight. Be there or be square.]]></document>
		<document><![CDATA[This explains everything:
https://t.co/mLyXUogTgA]]></document>
		<document><![CDATA[Overheard on the bus: "She asked what I was doing and I said, 'Uh-failing at life?'" 
Ouch.]]></document>
		<document><![CDATA[A little something in green. https://t.co/TpH1yhylPV]]></document>
		<document><![CDATA[Now till the end of 2016, I think we should all emphasise posts which include the word 'unicorn.' This will help us.]]></document>
		<document><![CDATA[Worth considering as an end-of-year resolution: if we only read or repost articles that use the word 'unicorn',... https://t.co/U5PG9SmLJT]]></document>
		<document><![CDATA[Friday 9 Dec from 9 p.m. @CarlosNavae is playing at Wellington's Adulis restaurant. Dunno if there's room in there to dance, but I'm going.]]></document>
		<document><![CDATA[Wellington's Havana Bar, Sat 3 December there's a Cumbia event. Probably ridiculously fun for salseros &amp; more normal people, also. Might go.]]></document>
		<document><![CDATA[Okay, confession: I really like the newish Supergirl series. All those perky, upbeat, fashionably dressed aliens. Plus random kick-fighting.]]></document>
		<document><![CDATA[If I were an alien race wanting to conquer humans I would introduce techno music &amp; go away for a generation. Job done.]]></document>
		<document><![CDATA[I had techno music on the other day. It's like: tweet-tweet-tweet, thump-thump-thump (repeat) until you think your head is going to explode.]]></document>
		<document><![CDATA[Awesome article by satirical author of NZ's The Civilian: https://t.co/9GWJ3cnULi]]></document>
		<document><![CDATA[Wow. We'd better hope this is hay fever. Otherwise, I'm the vector for a whole new form of plague.]]></document>
		<document><![CDATA[The fabulous thing about living at tree height is you get lovely bird sound effects pretty much all the time. It's nice.]]></document>
		<document><![CDATA[Something gorgeous for Sunday afternoon. I hope your weekend included good company, lovely weather, and minimal... https://t.co/xB2UqYUpY9]]></document>
		<document><![CDATA[Finally reading Aaronovitch's The Hanging Tree and it is just so worth it. A writer's writer, doing dark fantasy. Can't ask for more.]]></document>
		<document><![CDATA[The part where I already knew these things: I worry about myself. https://t.co/c5H1tlGAqi]]></document>
		<document><![CDATA[@CarlosNavae (w Son Clave) was on fine form @ Southern Cross tonight. Mad salsering ensued. Nice start to the weekend.]]></document>
		<document><![CDATA[@CarlosNavae is playing Latin fusion @ Wellington's Southern Cross Friday from 9:30 pm. Always a good Friday night option. (No cover.)]]></document>
		<document><![CDATA[Except of course now I have blue -went out in the rain and got some! So, really, some less-dark form of gorgeous-gorgeous is probably next.]]></document>
		<document><![CDATA[So now I'm worried I need to make it a whole series and name it: 'ran out of blue' ...]]></document>
		<document><![CDATA[And you know how people love to psychoanalyse artists and say, 'yes, this was her dark phase?' Well you can see that coming, can't you?]]></document>
		<document><![CDATA[Okay, now let's talk about art. This weekend I ran out of blue, &amp; did some gorgeous-gorgeous work ... that just kept getting darker.]]></document>
		<document><![CDATA[Wellington has salsa dancing every night of the week. But most of it starts late, &amp; if I have to get up early... Yep. That's me sleeping.]]></document>
		<document><![CDATA[Cuba Fusion always does a nice job of their 2nd Sunday salsa @ S Cross, &amp; I'm such a lightweight, I love that it's EARLY evening fun!]]></document>
		<document><![CDATA[Turning into a really nice weekend. Braved the rain for a couple of hours of (warming!) Friday night salsa/rueda... https://t.co/Vr2lLcgNvf]]></document>
		<document><![CDATA[Wellington Sunday from 6 it's the 10th anniversary Cuban Fusion FREE lesson-music-salsa dancing fun @ Southern Cross. Always oarsome.]]></document>
		<document><![CDATA[Wellington salsa rueda practica tonight @ Tarrant Studios (Cuba St.), 7:30-9:00, int/adv. Our female leads rock, but we could use men.]]></document>
		<document><![CDATA[This morning at the gym I was looking at this guy's leg, thinking the art in his tattoo was quite good. He thought I liked his leg. Oops.]]></document>
		<document><![CDATA[From FB Word Porn: 'Life is way too short to leave the key to your happiness in someone else's pocket.' Nice.]]></document>
		<document><![CDATA[Got sidetracked into finishing V Gischeer's 'Ink  Mage' before starting Aaronovitch's 'The Hanging Tree'...NO SPOILERS before I get there!]]></document>
		<document><![CDATA[I got you a link and everything. What would you expect from a Dr Who writer? He had to be good: https://t.co/RqaMMYEPs6]]></document>
		<document><![CDATA[Don't anybody try to talk to me, I have Important Reading Things To Do!]]></document>
		<document><![CDATA[Major news flash: Ben Aaronovitch's The Hanging Tree was delivered to my Kindle today. Yuuusss!]]></document>
		<document><![CDATA[It's a lot of things. Which, apparently is my happy place. On that note, we have a UFO sighting near Lake Taupo: https://t.co/sfJOiiOIYb]]></document>
		<document><![CDATA[Although I'll also say that there are some very nice new artworks starting to materialise on my SharonKilzer Artist/Author FB page.]]></document>
		<document><![CDATA[And THEN ... I decided I'd better pause. I had two paintings going to an art show and I still have an actual job and ... yeah.]]></document>
		<document><![CDATA[The working part is especially nice. Very, very awesome to make a web site and have it actually work. https://t.co/0pwftFn8RZ]]></document>
		<document><![CDATA[And of course, that was hard. And it took a long time. But now the web site is beautiful. And it works. https://t.co/0pwftFn8RZ]]></document>
		<document><![CDATA[And then - oh, wait - the app needed a web site. OF COURSE it did! Silly me. So, you know, I made one of those. https://t.co/0pwftFn8RZ]]></document>
		<document><![CDATA[And then I survived the process of uploading the app to iTunes. Which, apparently, is a career field in itself. https://t.co/VqBy6jxBSn]]></document>
		<document><![CDATA[I'm actually pretty proud of the app. It works. That's a pretty big accomplishment, all by itself. https://t.co/VqBy6jxBSn]]></document>
		<document><![CDATA[Because, you know, a lot of sane people DON'T take up app writing, because, like, it might be hard. https://t.co/VqBy6jxBSn]]></document>
		<document><![CDATA[So I taught myself how to write an app. It was hard. And it took a really long time. This surprised me.  https://t.co/VqBy6jxBSn]]></document>
		<document><![CDATA[AUT's Original Art Sale is on this weekend! Don't forget to stop by to have a look at all the beautiful things!... https://t.co/TPE0emp7Sv]]></document>
		<document><![CDATA[I posted 2 photos on Facebook in the album "AUT's Original Art Sale paintings" https://t.co/8M23oI41Vq]]></document>
		<document><![CDATA[Two paintings going into AUT's Original Art Sale (opening night 13 October), cover photo shows one - both are for... https://t.co/BpOVgjbNlD]]></document>
		<document><![CDATA[Okay, someone had to like Terra Nova, &amp; apparently it was me. Repainted nerf blasters &amp; bad dinos-yes! https://t.co/Sy9Eur48S3]]></document>
		<document><![CDATA[Russian alien corpses &amp; a reference to tin-foil hats: this article is fabulous! http://t.co/iVDIltPmYA]]></document>
		<document><![CDATA[Except this one is a grown man acting like a cat. In a fabulous and creepy way: https://t.co/3d6XwW4Zr2]]></document>
		<document><![CDATA[Creepy. And fabulous. Much like the grown man with barrettes in his hair acting like the two-year old girl. https://t.co/3d6XwW4Zr2]]></document>
		<document><![CDATA[Best alien-related line ever: 'we're rare, we're first or ...' http://t.co/Qie0UuZrDf]]></document>
		<document><![CDATA[So now we know what a #gorgosaurus is. Because, clearly, this is important.]]></document>
		<document><![CDATA[Succeeded in roasting chestnuts, then ate...two. What a weird food. If you only ate chestnuts, you'd be very thin. http://t.co/PjrzvJ5epH]]></document>
		<document><![CDATA[Artificial Intelligence, turned loose on YouTube, taught itself to recognise untagged human faces and ... cats. http://t.co/MiJCVpXSQd]]></document>
		<document><![CDATA[I can't believe anyone would try to travel in a plane's wheel well, but apparently it happens. And is deadly. Wow. http://t.co/Fc3ilDNETu]]></document>
		<document><![CDATA[Yep. That whole #distractinglysexy scientist-chick moment just made my week. Thank you, ladies.]]></document>
		<document><![CDATA[Oh-my-GOD have you seen the women scientists who've put up  #distractinglysexy Tweets?!?!?! Gorgeousness!]]></document>
		<document><![CDATA[See. I knew we needed more blue hair in the world: http://t.co/6bSvXYIhIi]]></document>
		<document><![CDATA[Fabulous. And a nice summary of why life in New Zealand is NOT the same as in the U.S. http://t.co/4k3qDsi9JP]]></document>
		<document><![CDATA[I really wish they'd stop putting tags in clothing. That is all.]]></document>
		<document><![CDATA[The thing about Wellington (New Zealand) is we spend a lot of time having Autumn. All year round. But, tell you what: we're in Winter now.]]></document>
		<document><![CDATA[Hoverboard! Yes!!! http://t.co/PYArLABtWd]]></document>
		<document><![CDATA[Nice article, pointing out the obvious, yet again: when in doubt, be nice. http://t.co/5MFnjAVu6S]]></document>
		<document><![CDATA[You know it's that the issue isn't really one of adjusting, anyway. What they really need to do is come up with something genuinely new.]]></document>
		<document><![CDATA[Considering the people who invented TV pretty much invented advertising as we know it, I find it fascinating that now they can't adjust.]]></document>
		<document><![CDATA[Because at 35, after 20+ years of tech-savvy, free surfing they'll be willing to pay for preset, commercial-laden, really boring TV content?]]></document>
		<document><![CDATA[So if people learn to sidestep TV by the age of 12, does anyone really believe they'll just wake up and change?]]></document>
		<document><![CDATA[(And I've personally spent enough on mascara in my lifetime to have paid for a car. Although then I'd have been driving a car mascara-less.)]]></document>
		<document><![CDATA[You know they say women pick a mascara brand by age 17 &amp; stay with it for life?]]></document>
		<document><![CDATA[And are young people even watching TV? Or are they completely sidestepping their parents' process &amp; watching each other's YouTube videos?]]></document>
		<document><![CDATA[I keep thinking TV is ready for something genuinely new, anyway. So far it's just all repackaging.]]></document>
		<document><![CDATA[Telecom has offered me some kind of free TV service. Which would be great if I had a TV. But if I did, I'd probly have service, too. Silly.]]></document>
		<document><![CDATA[When I go, a candlelit vigil will be unnecessary. As will, hopefully, a cow onesie. http://t.co/ncHHKl32SE]]></document>
		<document><![CDATA[Of course, there is more to life than connectivity. Or the risk of sudden, plate-caused, fiery death: http://t.co/mvkfB5vren]]></document>
		<document><![CDATA[Bok choy. That is all. (And all anyone needs, really.)]]></document>
		<document><![CDATA[Tell you what: http://t.co/GmGv3VBRPT]]></document>
		<document><![CDATA[Loving the volcanoes-tsunamis-quakes link: http://t.co/GlMKB6eOe5]]></document>
		<document><![CDATA[This week's Cosmic Thought: if you're dancing, it's probably a good indication you're not dead yet. https://t.co/vOg2zFoaYE]]></document>
		<document><![CDATA[Once again, not comforted: http://t.co/TgGY0Kg9M2]]></document>
		<document><![CDATA[This would be even more relevant of he'd discussed the mass displacements roboticisation will cause: http://t.co/ZraDEowy9B]]></document>
		<document><![CDATA[Whales and elephants won't be far behind: http://t.co/Y3r81O9ZLd]]></document>
		<document><![CDATA[I've the Being A Grownup Is Hard place. This article cheered me immensely: http://t.co/wtsHKEYF5m]]></document>
		<document><![CDATA[Still trying to give away the Strawberry Babies. Apparently strawberries do this. How did I not know?]]></document>
		<document><![CDATA[FB keeps asking me to friend my workmates. Cuz what? I don't know their names and couldn't do this on my own if I wanted?]]></document>
		<document><![CDATA[Haven't decided if this is really cool or a bit oppressive: catch an octopus &amp; train it to help with selfies...http://t.co/iR3bO3CEg2]]></document>
		<document><![CDATA[They worked so hard at this &amp; did an amazing job. It deserves international good press: http://t.co/jz0D7tW2gk]]></document>
		<document><![CDATA[And of course zucchini is a very nice weed, but when you start leaving anonymous piles of head-sized squashes everywhere you go... Yeah.]]></document>
	</documents>
</author>