<author lang="en">
	<documents>
		<document><![CDATA[The latest The Sherpas Chronicle ! https://t.co/Hz77Pie3WB #spiritawards]]></document>
		<document><![CDATA[The Pro Surfers Weekly is out! https://t.co/Eqoi0OE6We]]></document>
		<document><![CDATA[Preach it sister! https://t.co/cggixm2Fnw]]></document>
		<document><![CDATA[Not a fan of Harry Potter but I truly admire @jk_rowling. I think I'll start following this lovely humanitarian.]]></document>
		<document><![CDATA[@destinationeu Thanks for the follow. You're a traveler, Aussie, and you have an awesome name. Of course, I followed back. ;-)]]></document>
		<document><![CDATA[The latest The Road Warrior Journal! https://t.co/W7kL34Th9G  @KellyTirik @vagrantsotworld #travel #potustrump]]></document>
		<document><![CDATA[The latest Cool Geek! https://t.co/yEGT4P7ziT  @LizNeeley #science #earth]]></document>
		<document><![CDATA[The latest The Sherpas Chronicle ! https://t.co/uv5PsTE4ni #vikings #trump]]></document>
		<document><![CDATA[The Pro Surfers Weekly is out! https://t.co/BENAdnf9Fk]]></document>
		<document><![CDATA[Seriously looking into this... https://t.co/DgIta9EL9V]]></document>
		<document><![CDATA[@astVintageSpace Rocking a wig, this I dig! :-)]]></document>
		<document><![CDATA[Physicists Have Found a Metal That Conducts Electricity but Not Heat https://t.co/rVPkiWIWp7 Whoa!]]></document>
		<document><![CDATA[Scientists have confirmed a brand new form of matter: time crystals https://t.co/hTgLeGxnFv]]></document>
		<document><![CDATA[The latest The Road Warrior Journal! https://t.co/2ipQimIQZK  @realBissell2 @DMaria1215 @valscorza #news #travel]]></document>
		<document><![CDATA[The latest Cool Geek! https://t.co/jkTrkMWk9d  @IDoubtIt @NerdyChristie #science #earth]]></document>
		<document><![CDATA[The latest The Sherpas Chronicle ! https://t.co/cne1XN8kzI  @vhlopez1120 #muslimban #uber]]></document>
		<document><![CDATA[The Pro Surfers Weekly is out! https://t.co/od0Ch4vqjd]]></document>
		<document><![CDATA[Another reason this man is one of my heroes. #Humanity https://t.co/BwRy2apefq]]></document>
		<document><![CDATA[@ProfFrancesca I still get called "chink." I correct them and say "jap." ;-p]]></document>
		<document><![CDATA[@ProfFrancesca And your Greek ancestry. Redneck down yonder don't be differentiating between Mediterranean and Middle Eastern.]]></document>
		<document><![CDATA[The latest The Road Warrior Journal! https://t.co/ONCcWTkN6P #travel #cheapflights]]></document>
		<document><![CDATA[The latest Cool Geek! https://t.co/ZJ1yRtrED1  @TheSciBabe @shaka_lulu @LizNeeley #science #brilliant]]></document>
		<document><![CDATA[The latest The Sherpas Chronicle ! https://t.co/MUTK7YkQln  @33photo #fimember #mdma]]></document>
		<document><![CDATA[The Pro Surfers Weekly is out! https://t.co/wTOZrbutbl]]></document>
		<document><![CDATA[I hope Dr. Cooney will continue on FB because she'll always have a fan in me. Keep up the great work @KaraCooney!]]></document>
		<document><![CDATA[A lot of disgusting replies to @KaraCooney's FB page posts. I'd chime in but I refuse to engage with bigots. #NeverArguewithFool]]></document>
		<document><![CDATA[Mozart-Say-Volodos 'Alla Turca', Yuja Wang (encore from Verbier 2016) https://t.co/MVBWbuQg9C Happy Birthday Wolfgang!]]></document>
		<document><![CDATA[Time traveling criminal! Better call the Time Cops! https://t.co/apmW6wleFK]]></document>
		<document><![CDATA[The latest The Road Warrior Journal! https://t.co/ISzgzD2kBU  @aladyinlondon #travel #cheapflights]]></document>
		<document><![CDATA[The latest Cool Geek! https://t.co/jhGJA52cnA  @PolycrystalhD #science #earth]]></document>
		<document><![CDATA[How timely. I just finished a phishing exercise for my client. 30% failure rate. Not good but better than 43% the l… https://t.co/90iRZZyw6d]]></document>
		<document><![CDATA[@ProfFrancesca And contradictions galore like the Bible... but lacking in literary elegance. The new admin is redefining absurdity daily.]]></document>
		<document><![CDATA[The latest The Sherpas Chronicle ! https://t.co/aKmPGojrYf  @BecauseUAreHere @Kate_Arnell #bristol #advofyear]]></document>
		<document><![CDATA[The Pro Surfers Weekly is out! https://t.co/UteK9Zd3Gn]]></document>
		<document><![CDATA[IT's Real: Metallic Hydrogen Has Been Created for the First Time https://t.co/BSLkU5Xzc3 via @ScienceAlert]]></document>
		<document><![CDATA[The latest The Road Warrior Journal! https://t.co/uwXXbAXugE  @HeartRome #travel #australiaday]]></document>
		<document><![CDATA[The latest Cool Geek! https://t.co/Rfhfam3VT0  @IDoubtIt #science #asteroid]]></document>
		<document><![CDATA[The latest The Sherpas Chronicle ! https://t.co/6DAf8XXulC #economy #directorscloseup]]></document>
		<document><![CDATA[The Pro Surfers Weekly is out! https://t.co/HcfD6PLiw8 Stories via @paigehareb]]></document>
		<document><![CDATA[This is what Mozart's own violin actually sounds like (spoiler: it's delightful) @classicfm https://t.co/wNMbqd8jyQ]]></document>
		<document><![CDATA[The latest The Road Warrior Journal! https://t.co/wlLozfzOEY  @susan_shain #travel #belgium]]></document>
		<document><![CDATA[The latest Cool Geek! https://t.co/Xr10E30pnG  @ProfFrancesca @ScienceChannel #science #thermometer]]></document>
		<document><![CDATA[The latest The Sherpas Chronicle ! https://t.co/Fk6Qc2JZF1  @ShebaJo @Lori_Randall @boogybunny #urbanexpeditions]]></document>
		<document><![CDATA[7 Stories that Show Mozart's Weird Genius https://t.co/Isdvfoaolj via @WQXR]]></document>
		<document><![CDATA[The Pro Surfers Weekly is out! https://t.co/WB8QWcyywD]]></document>
		<document><![CDATA[Worse and worse... how deep does this abyss go? https://t.co/obMXDbGz43]]></document>
		<document><![CDATA[The latest The Road Warrior Journal! https://t.co/3u8jjgZVqP  @vagrantsotworld @RickSteves #travel #womensmarch]]></document>
		<document><![CDATA[The latest Cool Geek! https://t.co/HqNeCSKTts  @IDoubtIt @KaraCooney @michaelshermer #science #solarsystem]]></document>
		<document><![CDATA[The latest The Sherpas Chronicle ! https://t.co/Pkkkez8vMS #musicmonday #directorscloseup]]></document>
		<document><![CDATA[The Pro Surfers Weekly is out! https://t.co/xHLnWThkdh]]></document>
		<document><![CDATA[Oh yeah!!! https://t.co/7TRaTSHwey]]></document>
		<document><![CDATA[ANOTHER instrument completely destroyed during a flight @classicfm https://t.co/033XGRkK6f @united. Why am I  not surprised? #WorstAirline]]></document>
		<document><![CDATA[The latest The Road Warrior Journal! https://t.co/Spphd4dCRC #travel #ttot]]></document>
		<document><![CDATA[The latest Cool Geek! https://t.co/0sj7OcrgZV  @shaka_lulu #science #earth]]></document>
		<document><![CDATA[The latest The Sherpas Chronicle ! https://t.co/cGUmptwmZP #mme #marijuana]]></document>
		<document><![CDATA[The Pro Surfers Weekly is out! https://t.co/nOGALZsJjK]]></document>
		<document><![CDATA[The latest The Road Warrior Journal! https://t.co/hFyHErlamL  @RickSteves @davislane1 #travel #jagr]]></document>
		<document><![CDATA[The latest Cool Geek! https://t.co/qzbXnk8WRy #science #southpole]]></document>
		<document><![CDATA[The latest The Sherpas Chronicle ! https://t.co/JiOd0Q5fAZ  @boogybunny @vhlopez1120 #womensmarch #culture]]></document>
		<document><![CDATA[The Pro Surfers Weekly is out! https://t.co/4FxQ5zzUei]]></document>
		<document><![CDATA[The latest The Road Warrior Journal! https://t.co/HeqJrnrhVW  @AnAussieTravels @alfchoice #travel #ttot]]></document>
		<document><![CDATA[The latest Cool Geek! https://t.co/mxL5KpoxEH #science #pluto]]></document>
		<document><![CDATA[A sad reflection of humanity. Keep preaching sister! I'm interested in what you have to say. https://t.co/XR4yvMWIME]]></document>
		<document><![CDATA[The latest The Sherpas Chronicle ! https://t.co/afRRKSGhpJ #science #algore]]></document>
		<document><![CDATA[The Pro Surfers Weekly is out! https://t.co/Pe8NsSlmky Stories via @Chelsea_Tuach]]></document>
		<document><![CDATA[The latest The Road Warrior Journal! https://t.co/ao1JkifxRm  @aladyinlondon @keesha_leahy #travel #adventures]]></document>
		<document><![CDATA[The latest Cool Geek! https://t.co/xavtXgPgy5  @AmericanElement @SPACEdotcom #genecernan #science]]></document>
		<document><![CDATA[The latest The Sherpas Chronicle ! https://t.co/awpqprDqe7  @just_tinaD @kara_schwab @boogybunny #yolo #science]]></document>
		<document><![CDATA[The Pro Surfers Weekly is out! https://t.co/0tcq9PZH2m]]></document>
		<document><![CDATA[The latest The Road Warrior Journal! https://t.co/TOdCt8EulL  @MessyNessyChic #travel #familytravel]]></document>
		<document><![CDATA[The latest Cool Geek! https://t.co/kDvtmMtumC  @KaraCooney #mars #blackhole]]></document>
		<document><![CDATA[The latest The Sherpas Chronicle ! https://t.co/STDPB0Tnu1 #directorscloseup #psychedelics]]></document>
		<document><![CDATA[The Pro Surfers Weekly is out! https://t.co/bQOuDbLLbZ Stories via @IanWalsh4]]></document>
		<document><![CDATA[The latest The Road Warrior Journal! https://t.co/QnuLDTl4sG  @katieparla @RwandaHCZambia #travel #london]]></document>
		<document><![CDATA[The latest Cool Geek! https://t.co/EfvJAcNedt  @TheSciBabe @CosmosMagazine #science #genecernan]]></document>
		<document><![CDATA[The latest The Sherpas Chronicle ! https://t.co/w54mXMkdsH  @vhlopez1120 #spiritawards #marijuana]]></document>
		<document><![CDATA[The Pro Surfers Weekly is out! https://t.co/tLpAhPng4t]]></document>
		<document><![CDATA[@vhlopez1120 Thanks!]]></document>
		<document><![CDATA[The latest The Road Warrior Journal! https://t.co/jwy2n2HVQa  @HeartRome #travel #charitytuesday]]></document>
		<document><![CDATA[The latest Cool Geek! https://t.co/oQRKHsbDxE  @shaka_lulu #science #moon]]></document>
		<document><![CDATA[Been there, done that, want to visit again. I highly recommend a visit! https://t.co/cC3A2qs3mX]]></document>
		<document><![CDATA[Sadly, I have experienced this more than once. https://t.co/90ZKNxYkRz]]></document>
		<document><![CDATA[The latest The Sherpas Chronicle ! https://t.co/KsSPFJN0aH  @mikimarkovich @33photo @Kate_Arnell #airlines #greed]]></document>
		<document><![CDATA[In ‘Brexit’ Speech, Theresa May Outlines a Clean Break for U.K. https://t.co/xDjNKoYtlX]]></document>
		<document><![CDATA[The Pro Surfers Weekly is out! https://t.co/B5ZCL9R2rY Stories via @Chelsea_Tuach]]></document>
		<document><![CDATA[Physicists can now predict the exact moment quantum systems will fail https://t.co/YglR3FjOke]]></document>
		<document><![CDATA[The latest The Road Warrior Journal! https://t.co/3JI08NlOmm  @CultureTrip #travel #cndpoli]]></document>
		<document><![CDATA[The latest Cool Geek! https://t.co/XJh52kcIZh  @DrAliceRoberts #science #earth]]></document>
		<document><![CDATA[The latest The Sherpas Chronicle ! https://t.co/pq85fKZnTl  @vhlopez1120 #psychedelics #science]]></document>
		<document><![CDATA[The Pro Surfers Weekly is out! https://t.co/YPqwAwQfRP]]></document>
		<document><![CDATA[The latest The Road Warrior Journal! https://t.co/0umhDdItAc  @globetrekker @vagrantsotworld #travel #belgium]]></document>
		<document><![CDATA[The latest Cool Geek! https://t.co/UGhoteoMOx]]></document>
		<document><![CDATA[The latest The Sherpas Chronicle ! https://t.co/mMd3DZiWBS #davidbowie #musicals]]></document>
		<document><![CDATA[The Pro Surfers Weekly is out! https://t.co/VouL3zTK58]]></document>
		<document><![CDATA[The latest The Road Warrior Journal! https://t.co/NwSrGMNjgQ  @White_Haven @MessyNessyChic #travel #pubs]]></document>
		<document><![CDATA[The latest Cool Geek! https://t.co/ALEoCh39eh  @heather_berlin #science #fantasticbeasts]]></document>
		<document><![CDATA[The latest The Sherpas Chronicle ! https://t.co/DMt7CBggKh  @boogybunny #globalwarming #virtualreality]]></document>
		<document><![CDATA[The Pro Surfers Weekly is out! https://t.co/CJ8mwdCJ4b]]></document>
		<document><![CDATA[Bush Sisters Write Touching Note To Obama Girls As They Leave The White House https://t.co/f5eNfEOqiX Loved this!]]></document>
		<document><![CDATA[If you're looking to get me a birthday gift, here's a suggestion. Remember to #UseTheForce. https://t.co/mm6PzqdtCr]]></document>
	</documents>
</author>