<author lang="en">
	<documents>
		<document><![CDATA[.@oribe We need some anti-humidity spray at @ritualsalon in #Austin like PRONTO. As in yesterday! Quit sitting on the spray!]]></document>
		<document><![CDATA[Cigna’s ‘kickback’ suit fails, opinion finds insurer should pay $13.7M to Humble Surgical Hospital https://t.co/0M2kAd2yKi #txlege]]></document>
		<document><![CDATA[@jpcassidy000 so are you advocating for non-elected judges?]]></document>
		<document><![CDATA[Or you could just pay the usual &amp; customary rate and stop creating problems. #insuranceabuse #txlege https://t.co/EvyQPuaP3P]]></document>
		<document><![CDATA[Missing in this quote: Insurers OWN Urgent Care Centers. Conflict of interest. Rigging the game. #txlege https://t.co/ckap6T22DM]]></document>
		<document><![CDATA[@austintexasgov Y'all have real problems. Get back to them and stop doing the taxi cartel's bidding. https://t.co/vOleqhvbxk]]></document>
		<document><![CDATA[Travelphiles: take a deep breath. https://t.co/kgE1PkewsX]]></document>
		<document><![CDATA[Meanwhile crickets from @tedcruz and @JohnCornyn who represent Texas. #margaritaville #lostsaltshaker https://t.co/OQh4R3LiTZ]]></document>
		<document><![CDATA[What good is insurance coverage if it abandons you in an emergency? https://t.co/sdxrwceWg3 #insuranceabuse #txlege]]></document>
		<document><![CDATA[No-Fault Bill Could Make Divorce More Expensive, Increase Conflict https://t.co/U689VLvJAB via @TexasLawyer #txlege]]></document>
		<document><![CDATA[Read Cigna v. Humble Surgical in your spare time. Hospital provider awarded $13M in underpayments from Cigna, the i… https://t.co/gjabQxplIa]]></document>
		<document><![CDATA[Penultimate sentence: "Ultimately the insurer paid the bill in full." https://t.co/9A5dJ98Q0p]]></document>
		<document><![CDATA[Dallas man stuck in battle over a $128,000 hospital bill https://t.co/SFyeepkwee via @dallasnews #insuranceabuse #txlege]]></document>
		<document><![CDATA[Spoiler: Insurance company ended up paying the bill it was contractually obligated to pay in the 1st place. So why… https://t.co/fLvrlvdlxP]]></document>
		<document><![CDATA[Medical billing is a national problem that's even a bigger headache in Texas https://t.co/wdXsURnfiE via @dallasnews #insuranceabuse]]></document>
		<document><![CDATA[In a rare reversal, the all-Republican Texas Supreme Court accepted a gay marriage case Friday after... https://t.co/fMT2uHvS7g #deadhorse]]></document>
		<document><![CDATA[Austin #neopretension report: @CapitalGrille will split a dish in the kitchen without being asked to do so. Wonderful service!]]></document>
		<document><![CDATA[Dale: It’s time to act on statewide ride-hailing services https://t.co/6M3WFMXdvi]]></document>
		<document><![CDATA[@fasten thanks guys]]></document>
		<document><![CDATA[.@fasten Pls refund/credit the $6.06 for the canceled ride last night. Driver couldn't find Perry's Steakhouse. Love y'all but make it right]]></document>
		<document><![CDATA[Why would anyone bend over while a goat is present? Bad idea, Folks. https://t.co/ZTKlb5IvdQ]]></document>
		<document><![CDATA[@AnnKitchenATX :helping the Austin lobby grow since 2014. https://t.co/5QPREoi2F3]]></document>
		<document><![CDATA[Our President rewards traitors. Adios, BO. https://t.co/78GBzAE5GA]]></document>
		<document><![CDATA[Happy Birthday, @HCookAustin ! Fireball shots on @SteveBresnen  soon.]]></document>
		<document><![CDATA[As in 40 minutes! This show has been eerily life-like from Day 1. Stay tuned. #Homeland https://t.co/20XMZjgZ9q]]></document>
		<document><![CDATA[Nor were they with Romo. https://t.co/bxzLaOC9us]]></document>
		<document><![CDATA[@jayleeson @SteveBresnen @RandPaul where in KY?]]></document>
		<document><![CDATA[@jayleeson @SteveBresnen @RandPaul oh yeah, but it's just 400k ppl in Kentucky who stand to lose coverage. They'll get over it, right?]]></document>
		<document><![CDATA[Guilty Pleas to Falsifying Reports on Hurricane Sandy Damage https://t.co/8N2WutzhEK #txlege #insuranceabuse]]></document>
		<document><![CDATA[Until death do us part? Fort Worth lawmaker proposes plan to preserve marriage https://t.co/aSnV5yBR1a]]></document>
		<document><![CDATA[COMMENTARY: Economic value of free-standing emergency centers in Texas https://t.co/8moPK16sni via @monitornews]]></document>
		<document><![CDATA[Commentary: Growth of freestanding ERs boosts local, state economies https://t.co/gb1UHhh5Bo]]></document>
		<document><![CDATA[Exactly. https://t.co/n3TDhF1Z42]]></document>
		<document><![CDATA[Great musical for musical lovers. Top 5 best of all time. https://t.co/l7JLezMhpu]]></document>
		<document><![CDATA[Everyone should read The Unwinding. H/t @WareVWendell https://t.co/JSqGR2u8OO]]></document>
		<document><![CDATA[You can do this in Texas, too. https://t.co/C9yVT8S11e]]></document>
		<document><![CDATA[It's getting to the point where I'm no fun anymore. I am sorry. Sometimes it's hurts so badly I must cry out loud..… https://t.co/pROugisiae]]></document>
		<document><![CDATA[DCOA to pursue hailstorm insurance claims https://t.co/dNyMCYXKIc #insuranceabuse]]></document>
		<document><![CDATA[Essential 85th #txlege preparation shopping list:
✔️ @austinwinemerch 
✔️ @BrooksBrothers outlet store
✔️ @officedepot 

COMPLETE!]]></document>
		<document><![CDATA[Meaning they'd have to put their phone down. https://t.co/VymmZkyL1f]]></document>
		<document><![CDATA[.@AUStinAirport How about moving the baggage claim process along at higher pace? Filing this under more #Austin #Transportation needs.]]></document>
		<document><![CDATA[Trial date set for American Phoenix Foundation https://t.co/rkpMU1qS1o via @HoustonChron]]></document>
		<document><![CDATA[Let's talk about NYE, APD. How many ATX ridesharing apps failed? How many times must this happen before we decide t… https://t.co/mXTiStGZzZ]]></document>
		<document><![CDATA[Wut---says whom, the guy whose job it is to monitor Twitter's AP Stylebook handle; puh-leeze, looozers--smh.. https://t.co/fZFrW3zmHP]]></document>
		<document><![CDATA[Wouldn't an "envelope of wet cat food" be more apropos? #JusSayin https://t.co/vHzFGYMjYq]]></document>
		<document><![CDATA[Woman to woman here: does this mean you will grow your hair long again? https://t.co/VssxgcVu4J]]></document>
		<document><![CDATA[@cd_hooks I did not watch the original. Caved to Denzel]]></document>
		<document><![CDATA[NYTimes, you were a lot cooler when you were waging a constant war against Putin. Don't mess with Texas. https://t.co/eHyW9OfKgK]]></document>
		<document><![CDATA[To the non-Austin residents who decided to spend NYE in the Republic of Austin &amp; experienced this, please share w/… https://t.co/K5c6Y3URVc]]></document>
		<document><![CDATA[Now that everyone has sobered up. https://t.co/05KPLoZ47t]]></document>
		<document><![CDATA[SXSW 2017!! Here 👏 we👏 come👏 https://t.co/PadJ1MoixP]]></document>
		<document><![CDATA[@pine_curtain @AnnKitchenATX if there's anything else you'd like the #txlege to fix this session, please speak up.]]></document>
		<document><![CDATA[@pine_curtain out of town. Do tell! Which ones?]]></document>
		<document><![CDATA[This does not deter the need for a new district courthouse, y'all. https://t.co/zD88U6Z2Bw]]></document>
		<document><![CDATA[Pan Pan, Father to a Generation of Pandas, Dies in China https://t.co/yNZZC1r5aS #2016 takes another hero]]></document>
		<document><![CDATA[‘2016 Was Our Archduke Franz Ferdinand’ https://t.co/dqvCa6PBDD #2016]]></document>
		<document><![CDATA[Trump Administration Puts the U.S. at a Crossroad for Global Health Aid https://t.co/zNcLzSY4kG]]></document>
		<document><![CDATA[A Zika Vaccine, but for Whom? https://t.co/FzM6I2ISH5]]></document>
		<document><![CDATA[Uncertainty Over New Chinese Law Rattles Foreign Nonprofits https://t.co/gme7fqjTV6 #aba]]></document>
		<document><![CDATA[China Warmly Welcomes a Giant Rooster With Trumpian Characteristics https://t.co/b3mBjziCvJ]]></document>
		<document><![CDATA[@WWMcClyde thanks man.]]></document>
		<document><![CDATA["Big league" Your Honor. I object "Big League." https://t.co/3j36zSCXqh]]></document>
		<document><![CDATA[Students: there is no breach of fiduciary duty by the law school. Pay attention during your Torts class for starter… https://t.co/besJ1pky70]]></document>
		<document><![CDATA[Brandon is single, Ladies! And very cute. https://t.co/g4V04DgBIu]]></document>
		<document><![CDATA[@kinserka yup. Drinking while Xmas shopping should be illegal]]></document>
		<document><![CDATA[.@TheRedburySB Cleo Restaurant is fabulous, and our server, Brandon was a delight. We will spread the word. #southbeach]]></document>
		<document><![CDATA[Correction: Dallas is not boring and runs circles around Atlanta. As evidenced by no TV sitcom show called "Atlanta… https://t.co/p3qiwo5rJ4]]></document>
		<document><![CDATA[A year after deadly tornadoes, uncertainty swirls amid renewal for some North Texas homeowners https://t.co/83DOYdg02t via @dallasnews]]></document>
		<document><![CDATA[In Russia, It’s Not the Economy, Stupid https://t.co/iBsG3ntDeA]]></document>
		<document><![CDATA[So I've heard.. https://t.co/oGO22IzJV1]]></document>
		<document><![CDATA[We received an ornament for Xmas. #speechless https://t.co/h4vcvEzX0U]]></document>
		<document><![CDATA[@pine_curtain at the Sunflower Inn. Will elaborate]]></document>
		<document><![CDATA[@pine_curtain true story: I opened for him in Mt. Vernon in 1999!]]></document>
		<document><![CDATA[@pine_curtain and Guy Clark]]></document>
		<document><![CDATA[@pine_curtain of course]]></document>
		<document><![CDATA[Prince, Leonard Cohen, Leon Russell, and now George Michael. #2016: You have 5 days to vacate. Don't let the door h… https://t.co/C2ArEjzRbt]]></document>
		<document><![CDATA[.@amybresnen Merry Christmas and Happy Holidays to my Twitter sister, Amy Bresnen! P.S. Are you related to the other Steve Bresnen?]]></document>
		<document><![CDATA[FEED US, PLEASE. Merry Christmas 🎁 https://t.co/r1jY9xMMzg]]></document>
		<document><![CDATA[Fort Worth lawmaker wants to end no-fault divorce in Texas @stevebresnen quoted https://t.co/3AYtbSx7MS via @HoustonChron]]></document>
		<document><![CDATA[@LoebVernon @Forbes Forbes used to be somebody]]></document>
		<document><![CDATA[Open-ended questions should be banned on Twitter in #2017. https://t.co/FTRqUqSJmA]]></document>
		<document><![CDATA[Its well known that Dallas is where the South ends &amp; that you reach geographical purgatory btwn Dallas &amp; FW. But on… https://t.co/MMrSNN4lk7]]></document>
		<document><![CDATA[BBC News - Why US liberals are now buying guns too https://t.co/iz4TDzZsBb]]></document>
		<document><![CDATA[I think you mean KGB; not KFC. Go sit on a tack, traitor. #HappyHolidays https://t.co/Iw5CSk7pwV]]></document>
		<document><![CDATA[Stop sitting on the #Zika vaccine. We know you have it. https://t.co/FFLAUNBMg5]]></document>
		<document><![CDATA[@SteveBresnen if you EVEN get the mumps.. https://t.co/uqQpCoUL2P]]></document>
		<document><![CDATA[Top 10 Quotes of the Year, Courtesy of Yale Law School Librarian https://t.co/NcIfu1jAfT via @lawdotcom #2016]]></document>
		<document><![CDATA[Rent Seeking Organized Dentistry - https://t.co/a6CnC30rFO #txlege]]></document>
		<document><![CDATA[That might be a good plan, Dad. https://t.co/SpUxTuSjY8]]></document>
		<document><![CDATA[WATCH OUT #txlege: The Bresnens now own a drone. Sleep tight.Hey, @SteveBresnen what's this .410 gauge thing w/ the… https://t.co/NX7pZof0pB]]></document>
		<document><![CDATA[Are the Best, Brightest Women Skipping Law School Altogether? https://t.co/jDGpruiPZH via @TexasLawyer]]></document>
		<document><![CDATA[The #Austin ordinance that just keeps on giving, @austintexasgov #txlege https://t.co/aP7A0mKNVa]]></document>
		<document><![CDATA[And so it begins. https://t.co/QYQ1yaIIwC]]></document>
		<document><![CDATA[Maybe so. Maybe so. But only Dandy Don can claim #MtVernon TX as his hometown. #gotigers @jimtexas  https://t.co/EtINhlo5o0]]></document>
		<document><![CDATA[Not exactly a stellar year for Austin. #txlege  https://t.co/XLuGy6UBLq]]></document>
		<document><![CDATA[Beautiful. Merry Christmas. Go Cowboys! 
 https://t.co/QaQIceeJko]]></document>
		<document><![CDATA[Muted U.S. Response to China’s Seizure of Drone Worries Asian Allies, via @nytimes https://t.co/pFgLYqJWQH]]></document>
		<document><![CDATA[E.U. Faces Its Next Big Test as France’s Election Looms, via @nytimes https://t.co/9It7JTnUH1]]></document>
		<document><![CDATA[Running as the Thinking Person’s Sport, via @nytimes https://t.co/awTAX4HTpx]]></document>
		<document><![CDATA[Seeing Africa by Road, via @nytimes // See comments on S Africa @SteveBresnen  https://t.co/bfypU2yJNZ]]></document>
	</documents>
</author>