<author lang="en">
	<documents>
		<document><![CDATA[Well, this is a surprise.... https://t.co/QmXNpoflmm]]></document>
		<document><![CDATA[@seanhannity how about choosing between 9 black churchgoers and one white guy with a gun? 168 people v. one guy with a rental truck?]]></document>
		<document><![CDATA[How to deal with rule-breakers--https://t.co/GDyehlNpgM via @TPM]]></document>
		<document><![CDATA[@45_Committee @SenatorSessions maybe if denying other people's right is a civil right.]]></document>
		<document><![CDATA[@SenSchumer  Write this down in your journal. Break the rules! Play to win! #Resist #2018 https://t.co/qxNh2gs5kM via @TPM]]></document>
		<document><![CDATA[@NPR At 6:30 u had a Gorsuch supporter. At 7 u had...another Gorsuch supporter. Don't forget to find a Gorsuch supporter for my drive home!.]]></document>
		<document><![CDATA[The Republicans should nominate Merrick Garland. https://t.co/Qlrpa7giGb]]></document>
		<document><![CDATA[I constantly have that feeling of deja vu, but instead of deja vu, it's a feeling that I'm living in a Tom Clancy novel. #SallyYates]]></document>
		<document><![CDATA[Drain the swamp? No more insiders? Goldman Sachs speech transcripts? #BusinessAsUsual #Resist https://t.co/xQ649bENah]]></document>
		<document><![CDATA[DJT wants to protect US from "terrorists." Not finding 9/11 countries of Saudi Arabia, UAE, Egypt or Lebanon on the list.  #nomuslimban]]></document>
		<document><![CDATA[Rumors going around that Kim Jong Un called Trump to say the #MuslimBan is too restrictive. #thathappened #resist]]></document>
		<document><![CDATA[Now Trump is making lawyers into heroes. His wickedness knows no bounds. #MuslimBanprotest #NotInMyName #NotMyPresidentTrump]]></document>
		<document><![CDATA[@azizansari watching Master of None. The story of real America by real Americans. #MuslimBan #JFKTerminal4 #RefugeesWelcome]]></document>
		<document><![CDATA[Trump=Voldemort. Conway=Umbridge.  Muslims=mudbloods. Presenting the new AHS: Deathly Hallows. #JFKTerminal4 #RefugeesWelcome #resist]]></document>
		<document><![CDATA[Who saw this coming? Only everyone from the 1930s onward. https://t.co/7TGjCdKeqO via @po_st]]></document>
		<document><![CDATA[Every GOPer is looking for someone else to make the first move, incl. Trump! That's some kind of standoff, right? https://t.co/2b4njuoGDo]]></document>
		<document><![CDATA[Think of the $ we would have spent in Congressional investigations if Hillary had done this https://t.co/b3JOBV7nD7 Phew! #ThankyouTrump]]></document>
		<document><![CDATA[#Resist These people work for us. We don't work for them. https://t.co/rpwHo5QU60]]></document>
		<document><![CDATA[Why would govt scientists be afraid to speak to the media? Oh, wait.... #Resist https://t.co/awckMW8C53]]></document>
		<document><![CDATA[The State Department's entire senior management team just resigned https://t.co/3FOvnDInPj  Exactly how great can we afford to make America?]]></document>
		<document><![CDATA[Death panels...in the form of Republican committee meetings. Palin was right all along. https://t.co/DlK0GKNNSC]]></document>
		<document><![CDATA[I find the #ScienceMarch kind of hopeful in that hopefully by mid-March the worst thing we'll have to protest is some muzzled scientists.]]></document>
		<document><![CDATA[If DJT can build a 1,000+ mile multi-billion $ wall via a single EO, I'm even more disappointed in Obama. #ThanksObama #yesitssarcasm]]></document>
		<document><![CDATA[@RogueNASA With the Death-Eaters in charge of the ministry, welcome to the Order of the Phoenix. #resist]]></document>
		<document><![CDATA[#ThankYouTrump for acting like a crazed despot so quickly. I didn't want to have to wait to show your supporters how unqualified you are.]]></document>
		<document><![CDATA[Trump threatening martial law in Chicago. Anyone still willing to trot out the 'Give him a chance' argument? https://t.co/p3EkUCIrvB]]></document>
		<document><![CDATA[Trump admin has a plan to prevent voter fraud by having voters submit ballots in advance for approval. #TrumpGlobalGag]]></document>
		<document><![CDATA[Ppl trying to delegitimize Trump's win by saying 3-5 mil votes were cast illegally! Oh wait. @realDonaldTrump said it? Then he deserves it.]]></document>
		<document><![CDATA[@ShallowGal @joycekrawiec Alternative facts I guess cause the real facts have a liberal bias.]]></document>
		<document><![CDATA[As long as you say you're "pro-life" you can do whatever you want! #GOPHypocrisy #PP https://t.co/oZaFCZgRH3]]></document>
		<document><![CDATA[DJT said he doesn't need to release his tax returns because he doesn't pay taxes. Well I guess we walked into that one.]]></document>
		<document><![CDATA[@schooltyranny16 @AlannasFries @negansmccall so we're in the reduction ad absurdum phase of your argument already? SAD!]]></document>
		<document><![CDATA[@schooltyranny16 @AlannasFries @negansmccall Are women asexual? Or did they not teach you how it works?]]></document>
		<document><![CDATA[@schooltyranny16 @negansmccall Fair point. After the GOP commits to helping women who are here now we can discuss the nonexistent ones.]]></document>
		<document><![CDATA[@schooltyranny16 @negansmccall except for 51 percent of the population but when was the last time they expressed an opinion? #WomensMarch]]></document>
		<document><![CDATA[@realDonaldTrump classic abuser behavior. Support Voter ID laws then blame them for not voting. #Notmypresident]]></document>
		<document><![CDATA[Cottage cheese is an excellent substitute for ricotta. #SpicerFacts]]></document>
		<document><![CDATA[@realDonaldTrump 2.5 million protested you one day in. And we're just getting started. #WomensMarch #TrumpInaugural #MillionWomensVoices]]></document>
		<document><![CDATA[Trumpkins think we're because of the last election. We are here for the next one. #notmypresident #WomensMarch]]></document>
		<document><![CDATA[Should have come to the inauguration instead. Smaller crowds. #inauguration #WomensMarch https://t.co/1lynLLNXZE]]></document>
		<document><![CDATA[Heading to DC to protest Obama not taking our guns and rounding us all up into UN camps. Another broken promise #WomensMarchOnWashington]]></document>
		<document><![CDATA[He hasn't divest from anything, esp. lying. https://t.co/JCDXT4AMtT via @jezebel]]></document>
		<document><![CDATA[DJT wanted missiles and tanks for his parade. When you resemble Putin and Kim Jong-Un more than George Washington... #notmypresident]]></document>
		<document><![CDATA[How long b4 Trumpkins figure out that holding office is more than mean tweets and racist memes on FB? #NotMyPresidentTrump #MAGA]]></document>
		<document><![CDATA[@realDonaldTrump Here's an article calling you insecure. You should probably lash out at them. https://t.co/LlCXLj2m7B]]></document>
		<document><![CDATA[How 2 spot fake news: Good news not attributed to DJT? FAKE. Bad news attributed to DJT? FAKE. #NotMyPresidentTrump #Narcissistic]]></document>
		<document><![CDATA[WSJ: Trump tells Russia, China 'Everything is for sale'.]]></document>
		<document><![CDATA[@realDonaldTrump Totally not a reporter. Totally care about seeing your tax returns. Care to DM them to me? #showusyourtaxes]]></document>
		<document><![CDATA[I don't mean to spray Twitter with anti-Trump nonsense, but this @TheDailyShow tweet is making a splash.… https://t.co/4sQrutgSVF]]></document>
		<document><![CDATA[Evangelicals RN: When a PEOTUS and a Russian prostitute love each other very much for 20 minutes, but one of them has to go...#GoldenShowers]]></document>
		<document><![CDATA[Find it odd that the FBI director kept quiet about Trump's whoring but not Hillary's e-mails. #doublestandards #MAGA #PEEOTUS #GoldenShowers]]></document>
		<document><![CDATA[Forecast for Inauguration Day: Golden Showers. Wear a raincoat! #MAGA #TrumpInaugural]]></document>
		<document><![CDATA[Dawn in Reston @capitalweather https://t.co/OLdWxQO6C5]]></document>
		<document><![CDATA[@realDonaldTrump How can you be sure the IC showed it to you already but you weren't paying attention.]]></document>
		<document><![CDATA[@hausfath The GOP has a fix for this. Hold your computer upside-down. Checkmate, climate change hoaxers!]]></document>
		<document><![CDATA[ZOMG! Mexico is making us pay for the wall! How did this happen? #MAGA #TRUMPWALL]]></document>
		<document><![CDATA[The Republicans' corruption campaign against Hillary was a vast study in projection. Theory seems to be holding up… https://t.co/Uqa45L6W9g]]></document>
		<document><![CDATA[@GovMattBevin just as long as your wife and daughters understand they aren't included in that. #prochoice #PP]]></document>
		<document><![CDATA[@schooltyranny16 @ShallowGal @fcpsnews and why 1998? Is that the equivalent of 1967 $'s?]]></document>
		<document><![CDATA[@schooltyranny16 @ShallowGal @fcpsnews Numbers! But help me out. Are we deporting everyone who takes ESOL? What if only the parents do?]]></document>
		<document><![CDATA[@schooltyranny16 @ShallowGal @fcpsnews I'm sorry. Do you not have Internet where you are?]]></document>
		<document><![CDATA[@schooltyranny16 @ShallowGal @fcpsnews never said it was. But I was using source docs. You're just using a thesaurus.]]></document>
		<document><![CDATA[@schooltyranny16 @ShallowGal @fcpsnews But looking at the FCPS budget ESOL enrollment has been the same for five years. Massively the same]]></document>
		<document><![CDATA[@schooltyranny16 @ShallowGal @fcpsnews 'Massive' isn't a number I recognize. Normally we use Arabic numerals.]]></document>
		<document><![CDATA[@ShallowGal @schooltyranny16 @fcpsnews is there a list of these effects or are we going by your feels? Seems kinda liberal]]></document>
		<document><![CDATA[@schooltyranny16 @ShallowGal @vdare True b/c we are the most adv. society in the world. As built by....immigrants.]]></document>
		<document><![CDATA[@ShallowGal @schooltyranny16 @fcpsnews so is the problem immigration? Or reading comprehension? Sounds like the latter. That means #2.]]></document>
		<document><![CDATA[@schooltyranny16 @ShallowGal @fcpsnews immigration has only ever benefited the US. Starting with the Native Americans I guess.]]></document>
		<document><![CDATA[@ShallowGal @schooltyranny16 @fcpsnews Colonization? This sounds familiar. Are you quoting an Iroquois chieftain from 1609?]]></document>
		<document><![CDATA[@schooltyranny16 @jake_gold @ShallowGal and if they were Brown v. Education would never have happened. Thank you Founding Fathers!]]></document>
		<document><![CDATA[@schooltyranny16 @jake_gold @ShallowGal there is probably a book at an FCPS library you could use to help you keep up.]]></document>
		<document><![CDATA[@schooltyranny16 @ShallowGal it's true @ShallowGal common sense lost in Bush v. Gore too.]]></document>
		<document><![CDATA[@schooltyranny16 @ShallowGal Christianity has survived a lot worse than a YA novel in a school library. Or is that its kryptonite?]]></document>
		<document><![CDATA[@schooltyranny16 @ShallowGal aren't the schools filled with people? People who presumably are covered by the First Amendment? Sorry..PEOPLE!]]></document>
		<document><![CDATA[@ShallowGal @schooltyranny16 The First Amendment can be so difficult like that. Prez-elect Snow--please repeal!]]></document>
		<document><![CDATA[Watching the Trump Family Christmas Special #TrumpAltRightFilms #notmypresident https://t.co/LIlqRrSRY3]]></document>
		<document><![CDATA[Is it too late to vote for the Giant Meteor? #NotMyPresident #AllHailDearLeader]]></document>
		<document><![CDATA[Trump's Closing Argument (posted last night) https://t.co/xw4aqxflFV #ElectionDay #Elections2016 #MakeAmericaDrumpfAgain]]></document>
		<document><![CDATA[So excited. Campaign 2020 starts in 18 hours. #ElectionFinalThoughts #election2016]]></document>
		<document><![CDATA[Thought I was watching Trump accept Repub nom. Turns out it was Prez Snow. #RNCinDistrict13]]></document>
		<document><![CDATA[@swimNVSL Relays are all about the turn #bsstdestroyers #swmrelays https://t.co/eBKkCEbr9T]]></document>
		<document><![CDATA[@swimNVSL @BurkeStation Hello swim season! Regards, BSST Destroyers https://t.co/ckmucA5Q7g]]></document>
		<document><![CDATA[#reasonswehatematt 39. Simulates being a goat.]]></document>
		<document><![CDATA[#reasonswehatematt 38.  Flawless netstorage installs]]></document>
		<document><![CDATA[#reasonswehatematt 37. His turbos are smaller than a watermelon]]></document>
		<document><![CDATA[#reasonswehatematt 36. Eats Dinner]]></document>
		<document><![CDATA[#reasonswehatematt 35. Eats lunch]]></document>
		<document><![CDATA[#reasonswehatematt 34. Eats breakfast]]></document>
		<document><![CDATA[#reasonswehatematt 33. One word: Riverbottom]]></document>
		<document><![CDATA[#reasonswehatematt 32. How much does this text cost?]]></document>
		<document><![CDATA[#reasonswehatematt 31. Isn't here for power outages]]></document>
		<document><![CDATA[#reasonswehatematt 30. Probably won't bring us anything nice from Italy]]></document>
		<document><![CDATA[#reasonswehatematt 29. Tests positive for jerkiness]]></document>
		<document><![CDATA[#reasonswehatematt 28. Fails to test positive for awesome.]]></document>
		<document><![CDATA[#reasonswehatematt 27. Thinks Pizza Hut buffet is a good idea]]></document>
		<document><![CDATA[#reasonswehatematt 26. Hasn't finished the ReasonsWeHateRick website]]></document>
		<document><![CDATA[#reasonswehatematt 25. Still uses the old ReasonsWeHateMatt website]]></document>
		<document><![CDATA[#reasonswehatematt 24. He said there were WMDs in Iraq]]></document>
		<document><![CDATA[#reasonswehatematt 23. Wears leather Power Rangers suit to work]]></document>
		<document><![CDATA[#reasonswehatematt 22. His texts cost $0.25 each]]></document>
	</documents>
</author>