<author lang="en">
	<documents>
		<document><![CDATA[Headed to California? Check out Oakland’s food scene: https://t.co/w12ruarVfw @VisitCA @visitoakland #dining]]></document>
		<document><![CDATA[California coastal chic: Experiencing The Ranch at Laguna Beach: https://t.co/X4QWWEcv8u @visitCA #luxury #lodging]]></document>
		<document><![CDATA[.Instagram &gt; QUALITY over quantity. The "rest" is for Facebook. Wish more (social media) peeps knew the difference sometimes 🙈]]></document>
		<document><![CDATA[We've been having a little visitor at night 👀🐾#snowcouver https://t.co/pn1sEvJsxD]]></document>
		<document><![CDATA[A castle in the hills: experiencing @Fairmont’s Claremont Club and Spa: https://t.co/cu7hO0zvGL @visitoakland https://t.co/KSYgsLNKA4]]></document>
		<document><![CDATA[Can you imagine living in a cute little house with palm trees and the Golden Gate Bridge in your… https://t.co/K90pjbCVs6]]></document>
		<document><![CDATA[Proud to be part of the @VarietyBC #ShowOfHearts Social Lounge again on Feb 12! U can help by texting "KIDS" to 456… https://t.co/oScZSbbiWQ]]></document>
		<document><![CDATA[Discover Oakland on a historic downtown walking tour: https://t.co/7Ho0c8di7k #oakland #architecture @visitoakland https://t.co/nFR08vPjwc]]></document>
		<document><![CDATA[@TravelEater @GatelyUganda You made it to #Entebbe. Look forward to your posts!]]></document>
		<document><![CDATA[@DaveDTC Not yet but it's high on our #travel list! #ttot #thailand]]></document>
		<document><![CDATA[California coastal chic: Experiencing The Ranch at Laguna Beach: https://t.co/X4QWWEcv8u @visitlaguna #lodging #luxury]]></document>
		<document><![CDATA[@visualheart Shoveled snow at lunch hour. Not sure it was worth the effort. ❄️❄️❄️]]></document>
		<document><![CDATA[.TRUTH. He will fail because he cannot corrupt the courts, &amp; because even the most timid senator sooner or later wi… https://t.co/AQsXZrPgAG]]></document>
		<document><![CDATA[Thinking how lovely this view would be right now, esp. in Vancouver ❄️ https://t.co/h1rHt3xTwy]]></document>
		<document><![CDATA[Luxury sleeps inside Claremont Club and Spa, a Fairmont Hotel: https://t.co/cu7hO0zvGL @ClaremontHotel https://t.co/1RGONFeGAz]]></document>
		<document><![CDATA[Hey @whitney_writer I'm back in Canada, missed your text somehow after our flight to John Wayne but feel free to get in touch! 🤗]]></document>
		<document><![CDATA[But the man behind the building is swine. https://t.co/gklIhyuFvH]]></document>
		<document><![CDATA[Geeking out at USS Midway Museum, San Diego on the Flight Deck admiring this cool beast: This… https://t.co/KE09oHX2zp]]></document>
		<document><![CDATA[Checking out Oakland’s food scene: https://t.co/w12ruarVfw @VisitCA @visitoakland #dining https://t.co/srJdRCBbMW]]></document>
		<document><![CDATA[I'll be live tweeting from the @VarietyBC #ShowOfHearts! Tune into @GlobalBC on Feb 12 to support BC kids… https://t.co/m1jOlmjKVN]]></document>
		<document><![CDATA[Discover Oakland on a historic downtown walking tour: https://t.co/7Ho0c7VGIK #oakland @visitoakland #architecture https://t.co/PKu72V6SUo]]></document>
		<document><![CDATA[Never thought I'd see the day when THESE two Repubs bash one another, but then again, Trump: https://t.co/IQkfMu0JZF]]></document>
		<document><![CDATA[California coastal chic: Experiencing The Ranch at Laguna Beach: https://t.co/X4QWWEcv8u @visitlaguna #luxury #lodging]]></document>
		<document><![CDATA[Planning on hosting or participating in an Instagram loop giveaway? What you need to know: https://t.co/KmJ4jnRo9f #instagram]]></document>
		<document><![CDATA[Canada-wide! Women in Tech Week, Feb. 27-March 3: https://t.co/NxNvid0E4M #WinTech #vancouver #mediapartner]]></document>
		<document><![CDATA[@hmwhistler Thanks, Heather! Good to know. Now need to look up seasonal ferry schedules ⛴]]></document>
		<document><![CDATA[Currently researching a trip to Split, #croatia ~ how easy is it to get around w/o rental car? Reliable transit? #travel #ttot]]></document>
		<document><![CDATA[I'm ready to go, @GoPureGrenada #luxury #travelblogger 🌴✈️ https://t.co/uNRuwG9148]]></document>
		<document><![CDATA[Shaw's #BlueSkyTV just launched today in #Vancouver &amp; I'll be one of the first to test-drive it! #tech #influencer… https://t.co/roPK0lTRke]]></document>
		<document><![CDATA[Another long and gorgeous sunset in Laguna Beach. I think they're even more stunning in the… https://t.co/hcIPHejzJO]]></document>
		<document><![CDATA[Tune into @GlobalBC for the #ShowOfHearts telethon on Feb 12 feat. live entertainment from @DanManganMusic @DallasSmith &amp; more!]]></document>
		<document><![CDATA[Headed to California? Check out Oakland’s food scene: https://t.co/w12ruarVfw @visitoakland @PenroseOakland #dining https://t.co/ZoQOeNG7PB]]></document>
		<document><![CDATA[Discover Oakland on a historic downtown walking tour: https://t.co/7Ho0c8di7k #architecture #oakland @visitoakland https://t.co/5L91H1ZYN2]]></document>
		<document><![CDATA[Excited to be checking out our first-ever @ShenYun performance tonight! #Vancouver #ShenYun2017 https://t.co/giX3PMMeT1]]></document>
		<document><![CDATA[Weekend breakfast with THIS view at Loft @montagelaguna #visitlagunabeach 🌴#visitcalifornia @… https://t.co/zn9Jf2bYhP]]></document>
		<document><![CDATA[Checking out Oakland’s food scene: https://t.co/w12ruarVfw @VisitCA @visitoakland @lakechalet #dining https://t.co/2JSSNocYfH]]></document>
		<document><![CDATA[I had the chance to sleep in a gorgeous castle high above Oakland: https://t.co/cu7hO0zvGL #luxury #lodging]]></document>
		<document><![CDATA[Checking out Oakland’s food scene: https://t.co/w12ruarVfw @VisitCA #dining @visitoakland @DrakesBeer https://t.co/Kl20B8LiMp]]></document>
		<document><![CDATA[Broadway Across Canada’s 2017/18 season now on sale: https://t.co/qDNV1kl5qU @BACTouring https://t.co/HOyFxcpzyP]]></document>
		<document><![CDATA[He seems to think he's still on TV hosting his crappy reality show. What a moron. Embarrassed to call myself an Ame… https://t.co/PCNT0juicN]]></document>
		<document><![CDATA[Just another stunner at the end of the day in Laguna Beach. 🌅 #visitlagunabeach @ Laguna Beach,… https://t.co/BRqLziS92P]]></document>
		<document><![CDATA[A castle in the Oakland hills: experiencing Claremont Club and Spa, a Fairmont Hotel: https://t.co/cu7hO0zvGL… https://t.co/WuBh9U90CH]]></document>
		<document><![CDATA[Why has this bozo not yet been impeached? https://t.co/Tzmz1AKa2Q]]></document>
		<document><![CDATA[Broadway Across Canada’s 2017/18 season now on sale: https://t.co/qDNV1kl5qU #vancouver @BACTouring]]></document>
		<document><![CDATA[OK, @rogerfederer let's DO this! #AusOpenFinal #AusOpen 🎾]]></document>
		<document><![CDATA[Just beyond words for the digust that is (not) my President. https://t.co/qmgd2UkSaA]]></document>
		<document><![CDATA[@chaptersindigo We're hoping to catch this fascinating film over the weekend!]]></document>
		<document><![CDATA[Royally entertaining global sensation The Audience comes to @theArtsClub: https://t.co/uhyNVuZ8Lr #vancouver https://t.co/K8365P0IXD]]></document>
		<document><![CDATA[Broadway Across Canada’s 2017/18 season now on sale: https://t.co/qDNV1kl5qU #theater #vancouver https://t.co/FZcJ2RKtR6]]></document>
		<document><![CDATA[To all staff &amp; pilot tonight at @AlaskaAir SEA &gt; YVR, thank you SO much for getting me onto that flight. You're my hero in airlines! 😇✈️]]></document>
		<document><![CDATA[Broadway Across Canada’s 2017/18 season now on sale: https://t.co/qDNV1kl5qU #Vancouver https://t.co/bCPHsApDbf]]></document>
		<document><![CDATA[Am I in Bali... or Southern California? La Jolla's Pantai Inn is a gorgeous luxury retreat by… https://t.co/AmiFDAdGip]]></document>
		<document><![CDATA[@Spinthemap The village is lovely &amp; filled w/art galleries. Great town for nature photography. Nearby SD has a ton of museums too.]]></document>
		<document><![CDATA[Pretty incredible views on Mt. Soledad high above La Jolla! #visitSD #VisitCalifornia https://t.co/kh0orQXTBi]]></document>
		<document><![CDATA[Royally entertaining global sensation The Audience comes to @theArtsClub: https://t.co/uhyNVuZ8Lr #theater]]></document>
		<document><![CDATA[Gah. Snapchat filters are for Snapchat. Pics of dogs and coffees are for FB. #instagram]]></document>
		<document><![CDATA[Royally entertaining global sensation The Audience comes to @theArtsClub: https://t.co/uhyNVuZ8Lr #TheAudience https://t.co/7d2yF8p7UP]]></document>
		<document><![CDATA[Greetings from the flight deck of the USS Midway ~ impressive collection of fighter carrier jets! #visitSD https://t.co/LIspkQf37n]]></document>
		<document><![CDATA[William Faulkner’s Classic As I Lay Dying presented by @theArtsClub https://t.co/FIQzJ51vfM #livepush]]></document>
		<document><![CDATA[A little cabana time before lunch. Sweet pool, @EstanciaLaJolla #visitSD 🌴 https://t.co/e6W8gp6Z6Y]]></document>
		<document><![CDATA[This serene, inviting space with saltwater jacuzzi will do nicely! @EstanciaLaJolla #visitSD 🤗 https://t.co/3XKf8aTLLG]]></document>
		<document><![CDATA[Broadway Across Canada’s 2017/18 season now on sale: https://t.co/qDNV1kl5qU #BACTouring https://t.co/j7mwV5Gsy8]]></document>
		<document><![CDATA[Another stunning start to the day here in La Jolla. #visitSD https://t.co/ziVGR6rhiO]]></document>
		<document><![CDATA[Feeling the #Bali vibe in La Jolla! Current sleeps at @PantaiInn 🌴#visitSD @VisitCA https://t.co/JqCedX7oXH]]></document>
		<document><![CDATA[Basking in the sunshine, La Jolla Cove. #visitsd 🐦 @ La Jolla Cove https://t.co/SebyaP0lZU]]></document>
		<document><![CDATA[Seriously though ~ how sweet is my office view today from @PantaiInn @visitsandiego 🌊👍 https://t.co/H1kpVEtLjK]]></document>
		<document><![CDATA[Royally entertaining global sensation The Audience comes to @theArtsClub: https://t.co/uhyNVuZ8Lr #theater… https://t.co/gagDSll9Br]]></document>
		<document><![CDATA[Today's storms brought some beautiful lighting down at the beach in La Jolla cove! @visitsandiego #VisitSD https://t.co/XeiN6obD8h]]></document>
		<document><![CDATA[Now that the storms are leaving the South coast, who wants to join me for a picnic?… https://t.co/Cal3wUVlFf]]></document>
		<document><![CDATA[My #California road trip continues down to La Jolla today. But first... #lunch https://t.co/IfVU3vWHAd]]></document>
		<document><![CDATA[Royally entertaining global sensation The Audience comes to @theArtsClub: https://t.co/uhyNVuZ8Lr #vancouver… https://t.co/mtruNrqdP1]]></document>
		<document><![CDATA[@MontageLaguna Thanks! Great food + sublime view ⭐️⭐️⭐️⭐️⭐️]]></document>
		<document><![CDATA[William Faulkner’s Classic As I Lay Dying presented by @theArtsClub https://t.co/FIQzJ51vfM #vancouver #livepush]]></document>
		<document><![CDATA[@DaveDTC No. headed to La Jolla tomorrow. Hope to make the next one!]]></document>
		<document><![CDATA[Never thought I'd get a chance to stormwatch in Southern California! Cozy inside my Canyon room at @TheRanchLB… https://t.co/MqCC6dVCRk]]></document>
		<document><![CDATA[A stunning end to the day at Aliso Creek Beach, close to my 'ranch away from home'. 🌅… https://t.co/WipCmKeFlQ]]></document>
		<document><![CDATA[@DaveDTC I'm actually in Orange County now. Hoping to get some snorkel time in Hawaii soon. 🐠🐟]]></document>
		<document><![CDATA[@DaveDTC Are you doing any diving/snorkeling out there?]]></document>
		<document><![CDATA[Beautiful! We honeymooned in #Maldives 🌴 https://t.co/ULT41Iyepw]]></document>
		<document><![CDATA[Starting my @DriftwoodKitchn experience with the Old Blue Chair cocktail: #MyLagunaBeach #rumoclock https://t.co/5KOGUQpRzT]]></document>
		<document><![CDATA[@VisitCA @visitlaguna Fave #sunset of the series: #MyLagunaBeach 🌅 https://t.co/VNVlbMtClX]]></document>
		<document><![CDATA[@VisitCA @visitlaguna It's getting more stunning by the second, too! 🌅]]></document>
		<document><![CDATA[Current view 🤗🤗#MyLagunaBeach @visitca https://t.co/XYsKHnV7IY]]></document>
		<document><![CDATA[William Faulkner’s Classic As I Lay Dying presented by @theArtsClub https://t.co/FIQzJ51vfM #theater #vancouver]]></document>
		<document><![CDATA[Hey @rufinachang current view looking up #MyLagunaBeach 🌴🌴🌴 https://t.co/LW8knrW3DU]]></document>
		<document><![CDATA[@nep Waving from down the coast in Laguna Beach! https://t.co/jeB8pbcJy6]]></document>
		<document><![CDATA[How cute are these handmade soaps   at Soul Project?! #MyLagunaBeach https://t.co/eTQOmGdXXX]]></document>
		<document><![CDATA[Warm yet blustery down the coast today. Gorgeous weekend to enjoy @visitlaguna #MyLagunaBeach https://t.co/vZHoxfLhRf]]></document>
		<document><![CDATA[@VanRealDeal Am there with you in spirit 👊🌸]]></document>
		<document><![CDATA[Because *every* breakfast should come with this view ⭐️~ at @MontageLaguna #MyLagunaBeach https://t.co/KARJJ2BjA4]]></document>
		<document><![CDATA[In solidarity with all the other women (and men) in the world making their voices heard today.… https://t.co/cACz3RRDa2]]></document>
		<document><![CDATA[@DennisPang He wasn't in tonight 😞]]></document>
		<document><![CDATA[cc @DennisPang Excellent food here BTW. And hockey on the screen near the bar. https://t.co/EWu5hNNKR8]]></document>
		<document><![CDATA[Simply stunning applewood smoked Skeena Bay salmon w/farro, celeriac, pork belly at @SelanneSteak #MyLagunaBeach https://t.co/ROU8CGbECM]]></document>
		<document><![CDATA[@TheRanchLB @camcountry It's a windy one tonight in the canyon but love my cozy room here. 😇#MyLagunaBeach 🏄‍♀️]]></document>
		<document><![CDATA[A little palate cleanser between dishes at @SelanneSteak #MyLagunaBeach https://t.co/Dmr5u4NH0W]]></document>
		<document><![CDATA[A yummy turn-down treat as this windswept afternoon turns to dusk at @TheRanchLB #MyLagunaBeach https://t.co/KEH0T6aqtM]]></document>
		<document><![CDATA[William Faulkner’s Classic As I Lay Dying presented by @theArtsClub https://t.co/FIQzJ51vfM #vancouver #theater]]></document>
		<document><![CDATA[Women in Leadership Foundation launches Women in Tech Week: https://t.co/NxNvid0E4M #WinTech #tech https://t.co/cJHfJgbuBQ]]></document>
		<document><![CDATA[@oakridge604 *look AWAY from the screen* 😣]]></document>
	</documents>
</author>