<author lang="en">
	<documents>
		<document><![CDATA[@grahamsull I know but sick people eat it]]></document>
		<document><![CDATA[I'm so poorly someone please bring me soup xx]]></document>
		<document><![CDATA[guess who's seeing la la land for the second time in 2 days? this gay]]></document>
		<document><![CDATA[@karishopkinson i got 3 rolls of 24 for 15 quid or so on amazon and to develop one roll was 11ish! kinda a pain]]></document>
		<document><![CDATA[@karishopkinson yeah i bought a canon eos 300. first camera so didn't wanna spend too much money on it! you should,… https://t.co/qHjSOyZcgW]]></document>
		<document><![CDATA[the cool girl with pink hair is @naggins]]></document>
		<document><![CDATA[i love the way my pics turned out!! https://t.co/W0x7pcc9nA]]></document>
		<document><![CDATA[@zoewithumlauts there's a wicked dominos in finglas]]></document>
		<document><![CDATA[perks of having a bf who works in starbucks: free drinks off the secret menu whenever i want]]></document>
		<document><![CDATA[second time seeing @jamesvmcmorrow live and both times it has been beyond amazing!!!]]></document>
		<document><![CDATA[going out in skibb on friday for the first time in 2 years??? boiiizzz]]></document>
		<document><![CDATA[@karishopkinson Yessss! Show me the results!!!]]></document>
		<document><![CDATA[@karishopkinson Itll look awesome! You never know until you try!!]]></document>
		<document><![CDATA[@DiarmuidKelly2 Omggg we loved that show]]></document>
		<document><![CDATA[@jamesvmcmorrow are you gonna be meeting people before/after the concert tomorrow? :-)]]></document>
		<document><![CDATA[@naggins But I'm home tomorrow fiel]]></document>
		<document><![CDATA[anyone selling two tickets to @jamesvmcmorrow thur 26th in cork opera house? #ticketfairy #pls]]></document>
		<document><![CDATA[@naggins is this an indirect about me]]></document>
		<document><![CDATA[follow @j1995dm if we are mutuals xx]]></document>
		<document><![CDATA[@naggins you're welcome]]></document>
		<document><![CDATA[@Seanazure ahh, it's so addictive isn't it? i'm stuck in gold. went down like 200 elo today :@]]></document>
		<document><![CDATA[is anyone going to mall grab on the 21st???]]></document>
		<document><![CDATA[@Seanazure do you play on the ps4??]]></document>
		<document><![CDATA[@naggins say you're also 7 months pregnant]]></document>
		<document><![CDATA[@naggins that he posts good memes]]></document>
		<document><![CDATA[i still cant believe im seeing this! i keep getting emotional and shit ahahHAa im so gay]]></document>
		<document><![CDATA[me: is freezing in my apartment              me: makes a smoothie]]></document>
		<document><![CDATA[i've never seen the omni so quiet wtf where is everyone]]></document>
		<document><![CDATA[praying i'm able to get tickets to see hamilton live in london 🙏🙏]]></document>
		<document><![CDATA[this new bonobo album is pure fire]]></document>
		<document><![CDATA[my sister is 19 weeks pregnant and i asked her if she's practiced pushing out the baby lmao]]></document>
		<document><![CDATA[i'm buying a film camera in a few days!! i can't wait to try it out]]></document>
		<document><![CDATA[if anyone has a ps4 add me on psn - joester95 :)]]></document>
		<document><![CDATA[i've come to the conclusion that the oa is better than stranger things]]></document>
		<document><![CDATA[@fl4ws i am in love with the colour!!]]></document>
		<document><![CDATA[goin to some techno club in shoreditch n am BUZZING for it]]></document>
		<document><![CDATA[@karishopkinson lmao i know i hate myself tbh]]></document>
		<document><![CDATA[twat in shoreditch https://t.co/mV2mZYOZTG]]></document>
		<document><![CDATA[wait no i had onions in my chinese lmao]]></document>
		<document><![CDATA[haven't had a single vegetable in the last week and today i waited 20 minutes outside kfc for it to open. new year new me]]></document>
		<document><![CDATA[been up since 4am and goin out tonight. ahhh i'm mad]]></document>
		<document><![CDATA[wearing a turtle neck and a denim jacket, i feel so gay 80s]]></document>
		<document><![CDATA[@zoewithumlauts ahh i'm so excited]]></document>
		<document><![CDATA[@zoewithumlauts when are you going to amsterdam?! i'm there in feb!]]></document>
		<document><![CDATA[i'm honestly so excited for the ps4 game sales!!!]]></document>
		<document><![CDATA[just bought the last guardian for 30 euro. merry christmas to me!!]]></document>
		<document><![CDATA[@karishopkinson @D_Donovan21 @zoewithumlauts dunno which pics you guys look more intimidating in!! 💁🏼‍♂️]]></document>
		<document><![CDATA[@Seanazure where dya work?]]></document>
		<document><![CDATA[@jamesvmcmorrow damn, was waiting for payday in 2 days and don't think i can make the 25th 😭😭😭 y u do dis james]]></document>
		<document><![CDATA[guess who's seeing bon iver twice next year?? this boyyyy!!!]]></document>
		<document><![CDATA[@go_baguette_it it's funny looking back on it :D]]></document>
		<document><![CDATA[i just really love passion pit]]></document>
		<document><![CDATA[@ohheythererach i go through it most days and i still think what if i accidentally dropped a knife or something into my bag!]]></document>
		<document><![CDATA[@ovrplyd i got tickets to see them in 2 months in london but i'm soooo tempted to get the day ticket to ff!]]></document>
		<document><![CDATA[woke up at 2am and said out loud to myself "don't diss yung lean"...]]></document>
		<document><![CDATA["it's so tacky but it's so joe" @naggins]]></document>
		<document><![CDATA[GUYS IM SEEING BON IVER IN FEBRUARY IN LONDON. I HAVE WAITED 8 YEARS FOR THIS!!! @grahamsull and his family are the BEST]]></document>
		<document><![CDATA[@blobtower just seen you announced another date in london, is there any hope for a dublin date?]]></document>
		<document><![CDATA[@someyoungwan yesss same with grindr! i met my bf 3 years ago on it!]]></document>
		<document><![CDATA[tfw your call of duty obsession is back]]></document>
		<document><![CDATA[@go_baguette_it trans positive! your parents will adjust honestly!! just takes time]]></document>
		<document><![CDATA[@go_baguette_it when they found out they realised i'm their son and no matter what they love me. took them time but… https://t.co/ndeDWcBR3k]]></document>
		<document><![CDATA[@go_baguette_it i thought the same before i came out but honestly it isn't bad as you think. heck my dad said all g… https://t.co/6732X1bwOq]]></document>
		<document><![CDATA[@doddleoddle dodie this is amazing!!!]]></document>
		<document><![CDATA[so effffing excited to see mura masa on the 30th]]></document>
		<document><![CDATA[been blaring musical soundtracks through my headphones at the gym. i'm so gay]]></document>
		<document><![CDATA[i feel like a twat wearing a xmas jumper in town. is it too early or am i just overly excited??]]></document>
		<document><![CDATA[worlds most grumpiest dublin bus driver goes to the 16 bus from the airport to town!! dublin bus you've outdone yourself this time :)]]></document>
		<document><![CDATA[@Seanazure and i'm joe to you]]></document>
		<document><![CDATA[@dvvidmurray it's so amazing! can't wait to see what their albums gonna be like]]></document>
		<document><![CDATA[where's the best place for a kebab in dublin?]]></document>
		<document><![CDATA[@joehhx i'm delayed as well. i have plans today too. don't take your grumpiness out on meeeeeeee]]></document>
		<document><![CDATA[already been shouted at by a passenger because the plane is delayed 40 minutes. he also called the captain stupid. lmao]]></document>
		<document><![CDATA[chance the rapper is on the hamilton mixtape soundtrack, whaaaaaat???! 💦💯]]></document>
		<document><![CDATA[@naggins that's how they're pronounced tho]]></document>
		<document><![CDATA[the aircoach is BLOODY FREEZING !!!!!]]></document>
		<document><![CDATA[who just cut their fringe too short and now looks like an absolute wally?? me!!! 😵]]></document>
		<document><![CDATA[just seen a guy proper jamming to some music in his car. u go random guy! knock em dead!!]]></document>
		<document><![CDATA[when u get stoned texts from ur friend lmao https://t.co/13w8J9H57V]]></document>
		<document><![CDATA[going for dinner with the pilots in newcastle. gonna get so drunk n talk them into going to a techno sesh]]></document>
		<document><![CDATA[i have to be up for work in 5 minutes and i haven't slept yet and i wanna die lmao]]></document>
		<document><![CDATA[about to go christmas shopping and have no idea what to get anyone 💀💀]]></document>
		<document><![CDATA[9g packs of amber leafs are so small compared to 50 lol https://t.co/wx43H0SKn9]]></document>
		<document><![CDATA[the bus from my sisters house to my apartment literally takes 45 minutes uhhhh i'm so bored]]></document>
		<document><![CDATA[@Seanazure she's just too squeaky for my liking. love her in victorious tho]]></document>
		<document><![CDATA[@Seanazure so aids she's terrible]]></document>
		<document><![CDATA[@Seanazure he's so bad on facebook u have no idea ahaha]]></document>
		<document><![CDATA[is my dad the kink of sass or just straight up rude? i'm undecided.. https://t.co/wDtVzgMNfk]]></document>
		<document><![CDATA[@av0cad0nt ooh i'll check them out!]]></document>
		<document><![CDATA[@naggins YOU CANT JUST TWEET THAT OMG]]></document>
		<document><![CDATA[@av0cad0nt what band?? that's so cool]]></document>
		<document><![CDATA[some guy wasn't allowed on the bus to cit with half a bottle of wine so he stepped outside n downed it. cork i've missed u!!]]></document>
		<document><![CDATA[got tickets for that new year's eve-eve event in district 8. gonna be mentallllllll]]></document>
		<document><![CDATA[@joehhx we had to wait 45 minutes for a new bus and now some guy near me is projectile vomiting. wtf is this day]]></document>
		<document><![CDATA[when ur aircoach breaks down on the side of the road 😬]]></document>
		<document><![CDATA[wouldn't it be nice to be able to get at least 4 hours sleep before work]]></document>
		<document><![CDATA[i still can't believe i bought this shirt from nasa omg i love it https://t.co/3iDyAakI4g]]></document>
		<document><![CDATA[i have work in 3 hours and i'm still wide awake. 💯💯👌🏻]]></document>
		<document><![CDATA[@fl4ws ahah i'm so hooked on it again! i always watch a season then stop and now i'm just gonna marathon it like crazy!!]]></document>
		<document><![CDATA[@fl4ws i have been for the last like 2 hours!! i'm so sad lmao]]></document>
	</documents>
</author>