<author lang="en">
	<documents>
		<document><![CDATA[Enjoying hubbies wedding anniversary pressie early with beersies and music 😍🍹🎶 https://t.co/9f4zTVAPJO]]></document>
		<document><![CDATA[New hair time! 😎❤💙💜🦄 @ Hair On Queens https://t.co/hBJoVwST0r]]></document>
		<document><![CDATA[When you're having @foofighters   concert withdrawals you do the next best thing 😂 #concertforone #liveinwembley #almost]]></document>
		<document><![CDATA[Ooo these bad boys arrived today 😎👟  #cignaroundthebays https://t.co/flDtBas7EV]]></document>
		<document><![CDATA[@HatchiNZ same!!! I'm getting real close to tweeting them "oi, did you get it or what?!" 😂]]></document>
		<document><![CDATA[Cmon @edsheeran you know you want to! 😉 #BringEdSheerantoNZ https://t.co/5MwlaGBbA6]]></document>
		<document><![CDATA[@nzsecretsanta true that! This was my first time, it was fun! Thanks to you guys for your hard work &amp; organising 😊]]></document>
		<document><![CDATA[@nzsecretsanta  good point! So I potentially had a bad santee who either didn't Luke their gift or just didn't post 😂 🤔]]></document>
		<document><![CDATA[@nzsecretsanta oh OK. I thought where it said it was on it's way to that person, it would update to say if it was delivered]]></document>
		<document><![CDATA[@nzsecretsanta oh boo. I don't think they got it. It was still out for delivery when our access to log in and check was stopped 😕]]></document>
		<document><![CDATA[@SallyannMoffat that green is beautiful! Trying to wear less welly black! Started my first week back with a yellow bag to brighten my day ☀]]></document>
		<document><![CDATA[@nzsecretsanta is there any way to find out if my giftee actually got their gift or not if we can't log in anymore?]]></document>
		<document><![CDATA[Imma just gonna live here in 1997, you guys can carry on without. #NowPlaying YEAR: 1997 by Ricardo Oliveira ♫ https://t.co/CnBVGGTgdI]]></document>
		<document><![CDATA[I was hoping this brand would be yuck and that I'd only have 1 or 2. I'm half a box down dammit! 😂 😂 😂 https://t.co/feUfHEhfS5]]></document>
		<document><![CDATA[It is summer right?! 🤔 https://t.co/uBtZbyWmkr]]></document>
		<document><![CDATA[And enjoyed a last dinner 🐡🐠 they were a bit better this year....that makes me worried for next… https://t.co/7TobZi7ICJ]]></document>
		<document><![CDATA[Before the elfies packed up &amp; went home they had a wee fishing trip 🐠 🎄#elfontheshelf #hollyandrudy https://t.co/SIdV5pOmVJ]]></document>
		<document><![CDATA[I don't know if my giftee ever got their #nzsecretsanta gift. They haven't tweeted since the 22nd of Dec 😔 should I just ask? 😂]]></document>
		<document><![CDATA[While the girls watch and get their booze on 😂 🍸🎊🍹🌴🌺🌞 #elfontheshelf #hollyandrudy https://t.co/Icy0w2cBGY]]></document>
		<document><![CDATA[The boys are out doing a bit of gardening in the beautiful weather ☀ Trying to be good cause… https://t.co/OyrePbemfz]]></document>
		<document><![CDATA[Until.......  #elfontheshelf #naughtyelf #hollyandrudy https://t.co/mdDgCZF14x]]></document>
		<document><![CDATA[Sugarplum, Bubbles, Rudy &amp; Holly having a nice game of snakes &amp; ladders on Boxing Day… https://t.co/2DxQIYDPIq]]></document>
		<document><![CDATA[@swinkfilms do we have the same person? 😂]]></document>
		<document><![CDATA[Relaxin' after a busy night 🎅 Merry Christmas 💜💙💜🎄#elf #Christmas https://t.co/5zFBoFbt0y]]></document>
		<document><![CDATA[Said simple Simon to the pie man it's time for Die Hard 3 yo! 🎅 🎥 🎄 https://t.co/oKdWddPqc4]]></document>
		<document><![CDATA[My #nzsecretsanta giftees prezzie has said 'on its way' for a week. Is it actually? 🤔 I didn't forget you. Im not a… https://t.co/AJXRgkw90o]]></document>
		<document><![CDATA[Christmas Die Hard week has officially begun! Yippeekiyay......... 🎄🎥 https://t.co/jyUu3pv60C]]></document>
		<document><![CDATA[@JCHart I knooow!!! Mine still hasn't tweeted boo about secret Santa! They've tweeted about other stuff Eugh 😂]]></document>
		<document><![CDATA[Oh god, they are taking notes!!! 😕🙈🙈🙈 🎄#elfontheshelf #naughtyelf #hollyandrudy #gremlins2 https://t.co/wEPipobiRS]]></document>
		<document><![CDATA[It's a Christmas movie Sunday double feature!!! 🎅 🎥 🎄 https://t.co/dmKJPuXPl7]]></document>
		<document><![CDATA[Present wrapping and Christmas movie Sunday fave!!! #yumyum #gremlins 🎅 🎥 🎄 https://t.co/vhyJbwE05w]]></document>
		<document><![CDATA[So I gots a bad Santa (or something went wrong) in my first NZ twitter secret Santa which meant… https://t.co/wqIzP69FUo]]></document>
		<document><![CDATA[Thank you SO MUCH to the elves for saving my 1st #nzsecretsanta for me! Nailed it! I squeeled with excitement, this… https://t.co/2ofZT3jfrD]]></document>
		<document><![CDATA[@fIiightlessbird hope so 😂]]></document>
		<document><![CDATA[@fIiightlessbird same!!! What are they up to?! Mine actually hasn't tweeted the whole time garr https://t.co/ciF8df9C31]]></document>
		<document><![CDATA[When you're out the back hanging  washing &amp; hear the courier banging on the door 😂#nzsecretsanta https://t.co/iqIMrJwxGt]]></document>
		<document><![CDATA[#nzsecretsanta I really need to get ready to go out but keep looking through awesome tweets from people that have t… https://t.co/aaXD1zsLqR]]></document>
		<document><![CDATA[Still keep checking on my #nzsecretsanta giftee even though they haven't tweeted about NZSS at all!!! 🤔😕😂 https://t.co/mZteKjUhga]]></document>
		<document><![CDATA[#nzsecretsanta Aww thank you elves! I still have faith in you secret Santa that something just went AWOL along the… https://t.co/dLLMoT4XUv]]></document>
		<document><![CDATA[@TheComedyWife woohooooo! That's exciting! 😎]]></document>
		<document><![CDATA[@nzsecretsanta my 'sleigh' yesterday 😂 🎅 #nzsecretsanta https://t.co/wvZXFO2Gfh]]></document>
		<document><![CDATA[@TheComedyWife you're right! Hope yours was arrived! Mine is still awol]]></document>
		<document><![CDATA[But I still have hope 😁 #nzsecretsanta https://t.co/2QueBy5fQ2]]></document>
		<document><![CDATA[first #nzsecretsanta not quite going to plan 😢 https://t.co/WSyG1BQ9nB]]></document>
		<document><![CDATA[@TheComedyWife I feel like there's still time...right? 🤔😑]]></document>
		<document><![CDATA[@TheComedyWife mine isn't there either 😑]]></document>
		<document><![CDATA[Favourite day of the week, Christmas movie Sunday!!! 😍🎥🎅🎄 https://t.co/9Wvg9YTrxy]]></document>
		<document><![CDATA[It's a mutha freakin Deadpool bag!!! An actual deadpool bag! Hubby has aced birthday gift giving… https://t.co/RyGB6Uw7ce]]></document>
		<document><![CDATA[You've got this! #inkkelly #inkmaster]]></document>
		<document><![CDATA[Ah. Still waiting for that NZ stamp! 😂🇳🇿 #seriouslythough https://t.co/YITAvKeaXG]]></document>
		<document><![CDATA[Wooo my giftees gift has arrived safely at Santa's storehouse! 🎅 🎄#nzsecretsanta]]></document>
		<document><![CDATA[Rudy's seriously regretting being such a piggy with the taco boat! 😲 😂 #icehelps #elfontheshelf… https://t.co/N4QdUebB7h]]></document>
		<document><![CDATA[oi Rudy! You're meant to be sharing the taco boat with Holly. Bloody guts! 🐷🎄 #elfontheshelf… https://t.co/xITRcAoCdO]]></document>
		<document><![CDATA[These guys were up nice and early this morning to get their #nzsecretsanta pressie to the post office. About time t… https://t.co/Nfb7nrpyUH]]></document>
		<document><![CDATA[Ready for posting! #nzsecretsanta 🎁🎉🎅🎄 https://t.co/3qOq1GXoAQ]]></document>
		<document><![CDATA[Soooo Holly found snapchat! 🙄 😂 📷 🎄 #elfontheshelf #naughtyelf #hollyandrudy https://t.co/ufSAFu2xWQ]]></document>
		<document><![CDATA[When you can't find anything healthy to go in the other compartment but you gotta fill it coz you're slightly ocd 😂 https://t.co/XI0vHRVV7n]]></document>
		<document><![CDATA[Having a re-stalk of my secret Santa. This is a tough one! #nzsecretsanta 🎅🤔]]></document>
		<document><![CDATA[Lamb burgers and Christmas movie Sunday with hubby 💙🎥 🎄 https://t.co/VOMGurpgAz]]></document>
		<document><![CDATA[Holly just finished @gilmoregirls A year in the life 😢😮💙 #uglycrying #elfontheshelf #hollyandrudy #gilmoregirls https://t.co/z3ENyfEwDi]]></document>
		<document><![CDATA[Rudy &amp; Holly were just hanging out this arvo watching a bit of new gilmoregirls  and munching on… https://t.co/reJX4TYULY]]></document>
		<document><![CDATA[1 down! @GilmoreGirls it's so good to have you back 💙 #iminallin]]></document>
		<document><![CDATA[Shower ☑ pjs ☑ coke ☑ all the food ☑ @GilmoreGirls less than 2 minutes away! #excited 😀💖🎉]]></document>
		<document><![CDATA[It's as close as I can get to a Luke's Diner burger! SO GOOD! Less than an hour to go! 🎉😁 @gilmoregirls @BurgerFuel… https://t.co/SoYHqPrMB1]]></document>
		<document><![CDATA[Just saw my #nzsecretsanta email! Yuss! Let the sleuthing begin! But first food! 😂 🎄🎅]]></document>
		<document><![CDATA[Waiting for work to hurry up and finish so I can go get snacks! So excited to see the family again #GilmoreGirls 😍💜😘]]></document>
		<document><![CDATA[@GilmoreGirls it's too early in the morning to work out how to do this on my phone haha 😔 😂]]></document>
		<document><![CDATA[Just realised that tomorrow I find out who I'm #nzsecretsanta for!  OOOO EXCITING!!!]]></document>
		<document><![CDATA[Nooooo Rudy! It's not an actual ring of fire! Drop the lighter!!! 🙅🙈🎄#elfontheshelf… https://t.co/CkAexE12Op]]></document>
		<document><![CDATA[It's the annual strawberry fare for the hospices! My dad and one of my besties mum were taken… https://t.co/QqJTwwx6uq]]></document>
		<document><![CDATA[Struggling to decide what food &amp; snacks to have for @GilmoreGirls 🍔🌮🍪 only a few days to go, shit's getting real! 💙 #Excited #bigdecisions]]></document>
		<document><![CDATA[What mischief are they gonna get up to this year?! 🤔 🎄 #elfontheshelf @ Wellington, New Zealand https://t.co/JC09Ovk6PE]]></document>
		<document><![CDATA[Uh oh! They're back! 🎄#naughtyelves #elfontheshelf https://t.co/YygvzUiHBo]]></document>
		<document><![CDATA[On Monday I won a super exciting prize from designat409 !!! #rawrr #trexisbest #laserbeams 😍💙 https://t.co/EBPca5Zr9X]]></document>
		<document><![CDATA[@FallonTonight Luke, Lane, Sookie &amp; Kirk. Unofficial no.5 Mrs Kim, why so angry?! #youbreakityouboughtit #GilmoreGirlsTop4]]></document>
		<document><![CDATA[Christmas movie Sunday! 🎄🎅 #griswolds https://t.co/zlh67ci4jT]]></document>
		<document><![CDATA[Waiting for that NZ stamp to go in! 😍 https://t.co/BuBRzW6po0]]></document>
		<document><![CDATA[Oooo exciting!!  I’ve just signed up for awesomeness at #nzsecretsanta. Come play! https://t.co/B9tkw1lRBc]]></document>
		<document><![CDATA[Mark &amp; Ange's traditional Christmas movie Sunday's have officially… https://t.co/cTgRjm9cb1]]></document>
		<document><![CDATA[@ACLFestivalNZ it might be closer but still accurate feels ⏳⏰😐😂]]></document>
		<document><![CDATA[Please vote for me!!!!  26hrs (ish) left :) https://t.co/fB3JHPhfSk]]></document>
		<document><![CDATA[Some nights you just wanna watch 80s movies and eat mac n cheese… https://t.co/OI93iheLFy]]></document>
		<document><![CDATA[Help a sista out....vote for a cake!  Pretty please x https://t.co/fB3JHPhfSk]]></document>
		<document><![CDATA[No line up yet, not even tickets out but flights &amp; hotel are booked 😎 same as last year. @ACLFestivalNZ  who loves ya baby! 😍 #BestGroupies]]></document>
		<document><![CDATA[@ACLFestivalNZ leave ✔ hotel ✔ just flights and ACL tickets to go 😎 #FestivalGoals #NotNormallyThisOrganised]]></document>
		<document><![CDATA[@nickbassett1981 they're not even cute ones! What are you up to?! #OldManPyjamas 🤓😜]]></document>
		<document><![CDATA[Concert announcements always make my day! 🎉 if last years is anything to go by, #ACL2017   will be amazing! 😎 https://t.co/GEilnVdvQJ]]></document>
		<document><![CDATA[@ACLFestivalNZ yeah you will! What a way to start the day! #excited 😁👊😎]]></document>
		<document><![CDATA[@ACLFestivalNZ if you could let us know what you have decided by mid Sept, that would be awesome. My flight vouchers expire then 😂👊]]></document>
		<document><![CDATA[@ACLFestivalNZ the whole atmosphere was amazing! Seeing so many new bands. The food! Too hard to pick a fave memory!]]></document>
		<document><![CDATA[@LaundryRoomStud @foofighters can you enter if we live in New Zealand? 😁]]></document>
		<document><![CDATA[Acceptable breakfast when at the markets 😂 https://t.co/mUgHxJK014]]></document>
		<document><![CDATA[Blue Man Group are amazing! #bluemanselfie https://t.co/pegxvd4rmg]]></document>
		<document><![CDATA[One week old today! 😍 👶🍼🚙 #TheyGrowUpSoFast  #MitsubishiNZ #ASX https://t.co/W9RMNXANFr]]></document>
		<document><![CDATA[Had to give in to winter by getting the heater out last night. Roxy's pretty happy about it 🐶 https://t.co/uZNtIFHgtX]]></document>
		<document><![CDATA[Oh yeah! 😂 😎 https://t.co/xJIsVrTznb]]></document>
		<document><![CDATA[Yeah Friday! 😎 🎉 #NowPlaying Something From Nothing by Foo Fighters ♫ https://t.co/5tNJvqRoq2]]></document>
		<document><![CDATA[Off to pick up my new @MitsubishiNZ  ! Eek! Excited, shh don't tell mum, she doesn't know yet 😝 #ASX 💙🌸🎀]]></document>
		<document><![CDATA[@MitsubishiNZ that's OK! They called me Angle on the front 😂😂😂]]></document>
		<document><![CDATA[@MitsubishiNZ you guys are 🐝's knees! Thank you so much! The flowers are 🐝utiful. 1 more sleep! Eek! #ASX https://t.co/iM3DxLMm1t]]></document>
	</documents>
</author>