<author lang="en">
	<documents>
		<document><![CDATA[This is sweet and sad. https://t.co/gKUxQCJm3F]]></document>
		<document><![CDATA[I want to know what it is.  https://t.co/6fz1Pe6FMK]]></document>
		<document><![CDATA[Circle closes:  "another Kent State" used not to indicate horror but nostalgia. https://t.co/sm5klKSJS6]]></document>
		<document><![CDATA[He calls you the opposition party. None of you should go. Have some self-respect. https://t.co/uy18b6W3C7]]></document>
		<document><![CDATA[@JoyAnnReid Did Trump threaten to send troops?  If not, probably just an average call.]]></document>
		<document><![CDATA[@eaakr Sorry.  Transparency Massacre, I meant to say.]]></document>
		<document><![CDATA[@eaakr Transparency is not what's on offer in that venue.]]></document>
		<document><![CDATA[@jsheehy People don't know this because it wasn't reported.]]></document>
		<document><![CDATA[To be fair, I often misspeak in this way, too.  Like this morning I got Out of Bed Massacre, had a very satisfying… https://t.co/zdGnSghaM0]]></document>
		<document><![CDATA[This is just rich. https://t.co/ZoBDlnj2qp]]></document>
		<document><![CDATA[@radical6216 @sarahkendzior I think so, too. Trump and Putin summit, Putin emerges saying Trump stared him down. Then sanctions lift.]]></document>
		<document><![CDATA[Uh, yeah. Trump takes first step to ease Russia sanctions. Tass knows about it before Congress.  https://t.co/IFtZvlpTUR]]></document>
		<document><![CDATA[@jsheehy Oh, and by the way.  How this threat will play out will depend a lot on WHO HEADS THE DEPARTMENT OF EDUCATION.]]></document>
		<document><![CDATA[Day 13. Threatened so far:  Mexico, Chicago, Iran, Australia, Mexico again, the Middle East, Islam, a university.… https://t.co/7WxepDla1i]]></document>
		<document><![CDATA[A big part of hell will be having to watch the Two McConnells fight each other to the death over and over again.

O… https://t.co/5umgLIWezE]]></document>
		<document><![CDATA[It'd be nice if you took this guy down maybe a day or two before he nukes Iran.  https://t.co/xQcT6AKV7g]]></document>
		<document><![CDATA[This looks bad, but it's blinking first. This is cover Dems need to fight. Filibuster necessary now.  https://t.co/bL8CDv678X]]></document>
		<document><![CDATA[We've always been at war with Eastasia. https://t.co/kxQCKR338B]]></document>
		<document><![CDATA[@dyrdaisy Use their fax numbers, too.]]></document>
		<document><![CDATA[@young_em_see @MarlboroCollege Thanks, Matt.]]></document>
		<document><![CDATA[Thread. Very much worth its length. https://t.co/TusL5dpjM3]]></document>
		<document><![CDATA[@realDonaldTrump How the fuck did you get through, then?]]></document>
		<document><![CDATA[Lest we forget, Putin hung up the phone after talking to Trump and immediately stepped up Ukraine invasion.  https://t.co/8NRGw9U4Xv]]></document>
		<document><![CDATA[Jesus Christ @CNN. Have some pride. Prime-time Justice: Trump puts on a flawless show - CNN https://t.co/M7GWi8Nk3Q]]></document>
		<document><![CDATA[0:38. Fuck this. https://t.co/A30NqmHbIG]]></document>
		<document><![CDATA[@_arm_the_EPA_ Yeah, I've seen this. It's very bad.]]></document>
		<document><![CDATA[@Empowlr I take what I can get.]]></document>
		<document><![CDATA[@Empowlr don't tell anybody. It's a secret.]]></document>
		<document><![CDATA[@CNN @ABC @CBSNews @NBCNews @FoxNews @politico You need this. And we do, too.]]></document>
		<document><![CDATA[@CNN @ABC @CBSNews @NBCNews @FoxNews @politico You get ONE shot at this. Stick up for journalism now.]]></document>
		<document><![CDATA[@CNN @ABC @CBSNews @NBCNews @FoxNews @politico You shift from access journalism to investigative journalism. We'll thank you.]]></document>
		<document><![CDATA[@CNN @ABC @CBSNews @NBCNews @FoxNews @politico Let them flog their PR on Breitbart, where it will look like the propaganda it is.]]></document>
		<document><![CDATA[@CNN @ABC @CBSNews @NBCNews @FoxNews @politico Refuse to air Trump or his surrogates until they stop this.]]></document>
		<document><![CDATA[@CNN @ABC @CBSNews @NBCNews @FoxNews @politico Do NOT play ball. Boycott.]]></document>
		<document><![CDATA[@CNN @ABC @CBSNews @NBCNews @FoxNews @politico It's ALL of you getting bullied. An attack on one outlet is an attack on journalism.]]></document>
		<document><![CDATA[@CNN @ABC @CBSNews @NBCNews @FoxNews @politico This seems like CNN getting bullied. But it's not.]]></document>
		<document><![CDATA[.@CNN @ABC @CBSNews @NBCNews @FoxNews Resist this. https://t.co/QuP42LkyI1]]></document>
		<document><![CDATA[@MattGallagher0 My money was on Incitatus.]]></document>
		<document><![CDATA[Check it out. Trump signed paperwork to run in 2020 already. So he can now ask. for. money. directly. https://t.co/yLNryg39wb]]></document>
		<document><![CDATA[@BernieSanders @mike33mje Shorten it a little:  impeach the sumbitch.]]></document>
		<document><![CDATA[@TheRickWilson Setup: T &amp; P meet nxt wk. P says T "backed him down."  T gets PR boost, lifts sanctions. Two months l8r P back in Ukraine.]]></document>
		<document><![CDATA[@BernieSanders impeach or 25th Amendment. Now. Not later.]]></document>
		<document><![CDATA[Thread. This is serious. https://t.co/sqz77HBOGm]]></document>
		<document><![CDATA[.@SenSanders @PatrickLeahy Please hear this. Shut it down. https://t.co/dqJS62Gkjt]]></document>
		<document><![CDATA[@realDonaldTrump Are you seriously using the royal "we" now?  Or just acknowledging your schizophrenia?]]></document>
		<document><![CDATA[@realDonaldTrump What the fuck is wrong with you?]]></document>
		<document><![CDATA[@RyanLizza @bpolitics A setup. Trump will meet with Putin and "back him down."  Will bolster Trump and set stage for lifting sanctions.]]></document>
		<document><![CDATA[@SenSchumer @ShaunKing Then impeach him. Now.]]></document>
		<document><![CDATA[@seanhannity @newtgingrich Do you guys honestly think somebody would have to pay me to call you assholes?]]></document>
		<document><![CDATA[@JoyAnnReid I'd like to see the White House lose about 260. Maybe 520.]]></document>
		<document><![CDATA[@NRSC Uh, I had a little trouble reading this. But I'm assuming it said IMPEACH DONALD TRUMP.]]></document>
		<document><![CDATA[@JoyAnnReid I'll give him the "unbelievably qualified" part. I mean, I don't believe it. And neither does anybody else.]]></document>
		<document><![CDATA[@CoryBooker There must be an impeachment for this. That will be the right level of accountability.]]></document>
		<document><![CDATA[@SenSchumer 1. Send in Marshals. 2. Pursue Contempt charges. 3. Draw up articles of impeachment.]]></document>
		<document><![CDATA[@SoloChills @Aradashi Tune in to Fox for "Hard on Nazis, Too:  the Untold Story of the Holocaust."]]></document>
		<document><![CDATA[@realDonaldTrump Show us your taxes and then shut up.]]></document>
		<document><![CDATA[You get the stinkeye from the Kochs AND Dick Cheney, boy you're on the wrong side of the road.  https://t.co/4cpMqPAlou]]></document>
		<document><![CDATA[@rebelpride32 @Gallaecian @BUSHADEMOCRAT @JoyAnnReid House on fire. I'll use any bucket holds water.]]></document>
		<document><![CDATA[@rebelpride32 @Gallaecian @BUSHADEMOCRAT @JoyAnnReid I get it. But it's hard times. I'm going to use who's available. No choice. He must go.]]></document>
		<document><![CDATA[@rebelpride32 @Gallaecian @BUSHADEMOCRAT @JoyAnnReid Because that's when it will get ugly. That's what they're scared of. Walking that plank]]></document>
		<document><![CDATA[@rebelpride32 @Gallaecian @BUSHADEMOCRAT @JoyAnnReid But the first R that turns will need to know that a million of us have their back.]]></document>
		<document><![CDATA[@rebelpride32 @Gallaecian @BUSHADEMOCRAT @JoyAnnReid True. But we could turn McCain. Maybe Graham. They hate him personally.]]></document>
		<document><![CDATA[@rebelpride32 @Gallaecian @BUSHADEMOCRAT @JoyAnnReid Me 2. Put heat on Intel comm. When he lifts RUS sanctions, go all out. Nat'l strike.]]></document>
		<document><![CDATA[@Gallaecian @rebelpride32 @BUSHADEMOCRAT @JoyAnnReid Big, steady public protests. Show him he's wrong about himself, give an R a way out.]]></document>
		<document><![CDATA[@Gallaecian @rebelpride32 @BUSHADEMOCRAT @JoyAnnReid I think so. But we need to bring that home to a couple Rs in Congress.]]></document>
		<document><![CDATA[@kjones_kimberly Pretty much. He's one burned Reichstag away from what he wants. Blow out every match.]]></document>
		<document><![CDATA[@LindseyGrahamSC Please. You know what he is. You know where he's going. STOP HIM.]]></document>
		<document><![CDATA[@missdeutsch People of America:  take a wide stance!]]></document>
		<document><![CDATA[@rebelpride32 @Gallaecian @BUSHADEMOCRAT @JoyAnnReid That's a fact. And that's how we'll get him, IF we're ready, and up for it.]]></document>
		<document><![CDATA[@rebelpride32 @Gallaecian @BUSHADEMOCRAT @JoyAnnReid got a theory about that. Too long for a tweet.]]></document>
		<document><![CDATA[@Gallaecian @rebelpride32 @BUSHADEMOCRAT @JoyAnnReid So stay frosty. He'll crack. He's weak.]]></document>
		<document><![CDATA[@Gallaecian @rebelpride32 @BUSHADEMOCRAT @JoyAnnReid and when we all give in and accept him as the only available solution, we're toast.]]></document>
		<document><![CDATA[@rebelpride32 @Gallaecian @BUSHADEMOCRAT @JoyAnnReid He needs us to feel that ALL the time, in an unspecific way.]]></document>
		<document><![CDATA[@rebelpride32 @Gallaecian @BUSHADEMOCRAT @JoyAnnReid "I alone can save you" is what he said on campaign.]]></document>
		<document><![CDATA[@rebelpride32 @Gallaecian @BUSHADEMOCRAT @JoyAnnReid don't think he cares about order. He needs premise -"world=danger" - to FEEL true to us]]></document>
		<document><![CDATA[@CharlesVDamme @TheRickWilson I know them. They don't feel shame.]]></document>
		<document><![CDATA[@Gallaecian @rebelpride32 @BUSHADEMOCRAT @JoyAnnReid I'm hoping it doesn't come to that. But it may.]]></document>
		<document><![CDATA[@Gallaecian @rebelpride32 @BUSHADEMOCRAT @JoyAnnReid Well, we'll see. My money's still on those Intel Comm investigations.]]></document>
		<document><![CDATA[@TheSteveTheCat @JoyAnnReid One of these guys is a douchebag. So is the other one.]]></document>
		<document><![CDATA[@Gallaecian @rebelpride32 @BUSHADEMOCRAT @JoyAnnReid They want it to break loose. It's the key to their narrative. They want this.]]></document>
		<document><![CDATA[@JoyAnnReid Gee, I don't see any way this new antagonistic policy might be a boon to terrorist recruitment efforts.]]></document>
		<document><![CDATA[@coryscrib No, I don't doubt myself. But I doubt the fuck out of @seanspicer.]]></document>
		<document><![CDATA[@KeithOlbermann So if @seanspicer Lies about things we can easily verify, how does he expect us to believe him about what we can't?]]></document>
		<document><![CDATA[C'mon, Donny Boy. You know you want to. Tweet your doom.]]></document>
		<document><![CDATA[@sarahkendzior @YouTube Rudy Giuliani is an utterly repulsive human being.]]></document>
		<document><![CDATA[@LouiseMensch @SenSasse Read the writing on the wall. If you want a future in politics, sack the fuck up. Mene mene tekel upharsin.]]></document>
		<document><![CDATA[Uh. Bannon and Flynn will both be Principals at NSC meetings. https://t.co/YmQl71hkKg]]></document>
		<document><![CDATA[@ericgarland Personally I'd go with "The Screw Deal."]]></document>
		<document><![CDATA[@TanyaJEasley @KeithOlbermann You and me both.]]></document>
		<document><![CDATA[Watch video. Spread video. https://t.co/HgBnEgh64O]]></document>
		<document><![CDATA[A crack in the wall. https://t.co/KziLSDqCxb]]></document>
		<document><![CDATA[Of course. https://t.co/5BVVlAahwB]]></document>
		<document><![CDATA[@JustSchmeltzer Oh, wait, is it RINO?  Dude. Did you think all your friends hated big veldt-dwelling herbivores all this time?]]></document>
		<document><![CDATA[@JustSchmeltzer I'm seriously just hanging on to see what rhinos have to do with it. And why they're capitalized. So many questions raised.]]></document>
		<document><![CDATA[@sarahkendzior I really appreciate the work you do. Thank you.]]></document>
		<document><![CDATA[@JustSchmeltzer Man, the troll work ethic. Just flat sad.]]></document>
		<document><![CDATA[@dcbigjohn @chrislhayes I heard he fell down a flight of stairs and landed real hard on five bullets.]]></document>
		<document><![CDATA[@DavidRitchie09 @KeithOlbermann They're doing all kinds of stuff with burlap these days.]]></document>
		<document><![CDATA[@KeithOlbermann Once he's out of office, which will be soon, she'll have to put a sack on her head to go get groceries.]]></document>
		<document><![CDATA[@RoguePOTUSStaff There'd be two puddles, but DJT didn't have any cash on him.]]></document>
	</documents>
</author>