<author lang="en">
	<documents>
		<document><![CDATA["The President had a very cordial conversation with Prime Minister Trumble" x 2. Its Turnbull you miss informed pretender. @PressSec]]></document>
		<document><![CDATA[Congrats @theSamOutlaw winning @TheAMAUK International Album of the Year #AMAUK17 @SixShooterR @ThirtyTigers… https://t.co/I3fWWDczUd]]></document>
		<document><![CDATA["We stand before you embarrassed Americans tonight" - @springsteen Melbourne, February 2, 2017. Enough said. #Springsteen #summer17]]></document>
		<document><![CDATA[It's ok @StevieVanZandt we like most Americans but this idiot is a global embarrassment. His on earth did this happ… https://t.co/o8CUwt0OHN]]></document>
		<document><![CDATA[You're welcome my friend. Can't wait to have you, Andi &amp; I hope Leo back downunder @theSamOutlaw @SixShooterR @ThirtyTigers @CookingVinylAU]]></document>
		<document><![CDATA[Delighted to be working the fab new @theSamOutlaw LP Tenderheart out April 14 via @SixShooterR @ThirtyTigers… https://t.co/Wt68ZkPVAq]]></document>
		<document><![CDATA[58 different songs from a total of 79 played over three shows. That's why you see @springsteen multiple times. The End. #summer17]]></document>
		<document><![CDATA[Close Ties will be released March 31st, 2017 via @newwestrecords \ @WarnerMusicAU]]></document>
		<document><![CDATA[Delighted to be working on the incredible new @RodneyJCrowell album Close Ties feat. @rosannecash @SherylCrow &amp;… https://t.co/tuy98xWoAf]]></document>
		<document><![CDATA[Tuesday night tunes. The incredible stark &amp; brilliant Nebraska album. #summer17 #springsteen #estband @springsteen https://t.co/j5ndce8WrG]]></document>
		<document><![CDATA[Review @springsteen #estband @PerthArena, Feb 22, via @GuardianAus @@staffo_sez 
https://t.co/8J7nROBKa1 #summer17 #NewAmericanResistance]]></document>
		<document><![CDATA[Great a terrific knock @davidwarner31 @wwos @CricketAus #AUSvPAK]]></document>
		<document><![CDATA[The only miss representation in media today is this complete dribble from new Press Sec @seanspicer #whatagoose]]></document>
		<document><![CDATA[Pedestrians who walk and read shit or text on their phones should be slapped into next freaking week. Or run over. Either would work.]]></document>
		<document><![CDATA[Smart kid this one. https://t.co/EXPJZxuvJd]]></document>
		<document><![CDATA[LOVE, LOVE, LOVE @amandashires The boss arrives on our shores this weekend. Can not wait!! x]]></document>
		<document><![CDATA[Well after an incredible summer break the laptop opens tomorrow. Though coming home from this beach was a little ha… https://t.co/3UCMM77G5Y]]></document>
		<document><![CDATA[As U2 once sang "It's a beautiful day" #summer17 #sealrocks #beers https://t.co/dFb4P2FnL3]]></document>
		<document><![CDATA[A few of the guys I've known a lifetime. #summer17 #beers #sealrocks https://t.co/oJykhH2nzw]]></document>
		<document><![CDATA[Summer is coming along nicely. #summer17 #beers #lighthousebeach https://t.co/csTWN16E1W]]></document>
		<document><![CDATA[It's a little bit over cast today so you know... lets drink. #beers… https://t.co/vHMDLEHRk3]]></document>
		<document><![CDATA[White sand &amp; plenty of blue. #summer17 #beers #lighthousebeach https://t.co/6VKleJvIc2]]></document>
		<document><![CDATA[Summer holidays at this place commences tomorrow. And relax...… https://t.co/V1yEcuAHVd]]></document>
		<document><![CDATA[This Xmas I'm officially an orphan. I had so many great Xmas days with these 2 so enjoy the ones you love &amp; tell th… https://t.co/alGD77tlqZ]]></document>
		<document><![CDATA[@mike4libertyCA you call that an interview? Yikes.]]></document>
		<document><![CDATA[@IAMTHETRUEDOD @THR of course you are entitled to your bollocks comment.]]></document>
		<document><![CDATA[@thmadnutter well my excuse is I'm from Irish heritage so I had little choice in it. But thanks for asking.]]></document>
		<document><![CDATA[@BradmanTV @THR I'm sure he won't.]]></document>
		<document><![CDATA[@THE_AFC_ @THR I'm sure he won't.]]></document>
		<document><![CDATA[@poalexander8 @THR fair enough but If he could do without the crap he should have said no to the interview. Simple.]]></document>
		<document><![CDATA[@ebaygolfer @THR well if he didn't want to do the interview he could. &amp; should have said no. It's not brain surgery.]]></document>
		<document><![CDATA[@Fruffnee @THR true enough. And maybe he didn't want to do the interview so maybe he just should have said no to begin with.]]></document>
		<document><![CDATA[After watching this I doubt I'll ever watch a #jerrylewis film again. He may be 90 but he acts like a petulant 5 ye… https://t.co/GzLP8jyOGE]]></document>
		<document><![CDATA[7pm to 3am digging up a freaking road "which may cause some disturbance to the residents." No shit. Genius week to… https://t.co/bdQAKW4WjS]]></document>
		<document><![CDATA[@springsteen Christchurch Feb 21 ticket sorted. Flights booked. #summer17 #springsteen #estband #beers… https://t.co/0iQmoG6f3J]]></document>
		<document><![CDATA[Very pleased to be working on the fabulous new @sonvoltmusic album NOTES OF BLUE out Feb 17 via @ThirtyTigers \… https://t.co/k9YNyyD2EI]]></document>
		<document><![CDATA[Retro Band T-Shirt. @midnightoilband #screaminblue #live 1992 https://t.co/wuRS0Ckqlc]]></document>
		<document><![CDATA[Just watched @SullyMovie What an amazing story brought to life brilliantly by #clinteastwood with @tomhanks @aaroneckhart &amp; #LauraLinney]]></document>
		<document><![CDATA[@davidwarner31 156 off 128. Under all sort of pressure thats 1 of the best knocks you'll ever see anywhere. @MCG #AUSvNZ @CricketAus]]></document>
		<document><![CDATA[Great to see @robertellis_ &amp; @shovelsandrope in @RollingStone Top 40 Country Albums of 2016. https://t.co/V4jsPN5bsf @newwestrecords]]></document>
		<document><![CDATA[Giant ballon Pigs to cover #DonaldTrump logo seems appropriate because they are giant ballon pigs &amp; he is one. A pi… https://t.co/OBgVE9XKf8]]></document>
		<document><![CDATA["Neil Finn, Steve Waugh prove it's not only natural" from @mrjoeaston at @FinancialReview https://t.co/d6sVgqqS0w @CrowdedHouseHQ]]></document>
		<document><![CDATA[@CrowdedHouseHQ at the @SydOperaHouse plus an interview with @DoubleJRadio @MyfWarhurst is on @ABCTV iView https://t.co/zo9Lp0nUb5 #chencore]]></document>
		<document><![CDATA[Jesus. New Zealand lose one game of cricket and the PM resigns. Gee that's passion.]]></document>
		<document><![CDATA[@CrowdedHouseHQ have launched very special interactive #crowdedhouse based band's 7 albums. Check it out at https://t.co/H10EY2baOl]]></document>
		<document><![CDATA[Another great drive @shanevg97 today but a big farewell @holden_racing &amp; 
@GarthTander Thanks for the memories #VASC]]></document>
		<document><![CDATA[I was told to watch the @PointBreak 2015 because "it's so good" Verdict: on every level It's possibly the worst film I've ever seen #crap]]></document>
		<document><![CDATA[Amazing drive by @shanevg97 today to wrap up the 2016 #V8SC season championship. Seriously good. @redbullracingAU]]></document>
		<document><![CDATA[@coldchisel The Live Tapes – Vol 3 – Live At The Manly Vale Hotel Out Now. Full details at https://t.co/Q1o3mK46nC… https://t.co/cJEHmxrnf5]]></document>
		<document><![CDATA[@eilenjewell #NewtownSocialClub Tues Nov 22 4star review via @smh https://t.co/oO3BUQ8Wxz @thelovepolice @smhentnews]]></document>
		<document><![CDATA[Australia Bloody Loved @CrowdedHouseHQ Return To The Opera House via @HuffPostAU https://t.co/5L6BgoAztz #CHencore #CrowdedHouse]]></document>
		<document><![CDATA["So, how bloody good was tuning in the telly to watch @CrowdedHouseHQ House last night?" @FasterLouder https://t.co/Lpzl1W28k6… #CHencore]]></document>
		<document><![CDATA[A great read from @JamilaRizvi on the final @CrowdedHouseHQ show in Sydney. https://t.co/Brs41KTKaY #CHencore #CrowdedHouse]]></document>
		<document><![CDATA[Oh ok....one more. Tonight the last of what has been 4 amaze ball nights. #crowdedhouse #CHencore https://t.co/zsVvXv6JpP]]></document>
		<document><![CDATA[Tonight @CrowdedHouseHQ will stream the final ENCORE performance around the world LIVE. Details here: https://t.co/0IHViZlBen #CHencore]]></document>
		<document><![CDATA[Another absolutely cracking @CrowdedHouseHQ show last night. Tonight round 3!! #crowdedhouse #CHencore https://t.co/bbyAni2HsB]]></document>
		<document><![CDATA[Gold @NeilFinn Just gold. Much line tonight's show! https://t.co/lUH2YhKBep]]></document>
		<document><![CDATA[“What a glorious night to be alive on the planet.” And it truly was. https://t.co/3gyQmRxV3z #CHencore @CrowdedHouseHQ]]></document>
		<document><![CDATA[And we come back tonight for round 2 of 4 at the @SydOperaHouse @CrowdedHouseHQ #7News https://t.co/kLR1w5Jfdv]]></document>
		<document><![CDATA[#CrowdedHouse #chencore has lift fucking off!!! https://t.co/WJcN24y1JO]]></document>
		<document><![CDATA[And so it begins. #crowdedhouse #CHencore #arias  @CrowdedHouseHQ https://t.co/NEWkjOWECh]]></document>
		<document><![CDATA[Thank you @abc730 &amp; @leighsales for a fabulous @CrowdedHouseHQ interview tonight. Bring on Thursday!! #CHencore]]></document>
		<document><![CDATA[@CrowdedHouseHQ members @NeilFinn &amp; Nick Seymour tonight on @abc730 with @leighsales Its a great interview. Tune in… https://t.co/YYkR57MY8J]]></document>
		<document><![CDATA[@CrowdedHouseHQ members @NeilFinn and #NickSeymour join @leighsales tomorrow night on @abc730 Tune in!! #abc730 https://t.co/MAeWU12Gva]]></document>
		<document><![CDATA[Phew!!! That was a bit close but 3 on the trot is always a good thing #FRAvAUS https://t.co/lOQXVET1PB]]></document>
		<document><![CDATA[@realDonaldTrump just in case you're planning a trip: we have a no dickheads policy in Australia. Sorry.… https://t.co/bqw7bBm1uO]]></document>
		<document><![CDATA[Today's office is not shit. #crowdedhouse #CHencore #lockedout @CrowdedHouseHQ https://t.co/m9JB7jHgih]]></document>
		<document><![CDATA[@CrowdedHouseHQ Australian love affair via @smh &amp; @BernardZuel https://t.co/OEdn8IwIal #CHencore Nov 24, 25, 26 &amp; 27 SOLDOUT]]></document>
		<document><![CDATA[[First Listen]: @gillianwelch 'Boots No. 1 The Official Revival Bootleg' via @nprmusic \ @NPR Listen, enjoy, love https://t.co/zYV8Wf9T0Y]]></document>
		<document><![CDATA[@CrowdedHouseHQ rocking Auckland right now in preparation for the four SOLDOUT #CHencore #CrowdedHouse thanks to… https://t.co/LnIMxlUYkF]]></document>
		<document><![CDATA[@rollingstoneaus give thoughts on @CrowdedHouseHQ 10 Most Underrated Crowded House Songs. https://t.co/qOYUxfXv6T Do you agree? #CHencore]]></document>
		<document><![CDATA[@CrowdedHouseHQ Live stream Weds 5.30pm AEDT via the bands facebook or @Optus Facebook page Details here https://t.co/5BrJQrt4hf #CHencore]]></document>
		<document><![CDATA[@realDonaldTrump people protest because they don't like something. Usually it takes a bit longer then 72 hours but… https://t.co/mhAQ1hEhp4]]></document>
		<document><![CDATA[Farewell &amp; thank you Leonard Cohen. The songwriters songwriter. A huge loss but the songs remain for generations to come. Such a gift.]]></document>
		<document><![CDATA[4 star reviews for the wonderful @CrowdedHouseHQ Deluxe Album re-issues via newscomauHQ https://t.co/NKTworOmeQ Thank you @cameron_adams]]></document>
		<document><![CDATA[@realDonaldTrump gives a very belated thanks to @mike_pence AFTER his acceptance speech ends. What a statesman. Not. #Election2016]]></document>
		<document><![CDATA[@CNN could you please ask @CLewandowski_ to please STFU Thank you. The world thanks you. #ElectionNight #cnnelection]]></document>
		<document><![CDATA[Breaking News: Colombian drug lords secure the biggest cocaine export in history. Delivery address: the Oval Office #sniff #ElectionNight]]></document>
		<document><![CDATA[Hate to say it but this is very true. https://t.co/Q3b3hOwli6]]></document>
		<document><![CDATA[Best Tuesday night viewing on TV? #backpage on @FOXSportsAUS]]></document>
		<document><![CDATA[@springsteen live from Philly. Dear America, please get this right.… https://t.co/Th3iaL9SD6]]></document>
		<document><![CDATA[@TheCrownNetflix is brilliant, must watch TV. @NetflixANZ @netflix]]></document>
		<document><![CDATA[@CrowdedHouseHQ 30th Anniversary Part 2 via @radionzmusic @radionz 
https://t.co/5LfLYAu45R @NeilFinn &amp; Nick Seymour talk to
@JamJarMusic]]></document>
		<document><![CDATA[Love Soldiers On - The new song from the new album 'Stitch of the World' from my lovely friend @tiftmerritt https://t.co/aMjSAaSq1j]]></document>
		<document><![CDATA[Exclusive @CrowdedHouseHQ radio special will air TODAY at MIDDAY on @TripleMSydney @TripleMMelb &amp; @TripleMBrisbane Tune in folks! #CHencore]]></document>
		<document><![CDATA[I love a good Friday cover. @CrowdedHouseHQ @sydneyoperahouse Forecourt, Nov 24, 25, 26 &amp; 27 SOLD OUT. #CHencore… https://t.co/m9W0t3pBL6]]></document>
		<document><![CDATA[Well played @Cubs 1st #WorldSeries win in 108 years &amp; only the 6th team in history to win after being down 3-1 @ESPNAusNZ #FlyTheW]]></document>
		<document><![CDATA[Absolutely no pressure on  Chapman what so ever...  @Cubs @Indians #game7 #WorldSeries @ESPNAusNZ]]></document>
		<document><![CDATA[Do the @cubs dare to dream?!! #FlyTheW @Indians #game7 #WorldSeries @ESPNAusNZ]]></document>
		<document><![CDATA[What a way to start!! #FlyTheW @Cubs @Indians #game7 #WorldSeries @ESPNAusNZ]]></document>
		<document><![CDATA[@Cubs v @Indians #game7 #WorldSeries on @ESPNAusNZ This should be good.]]></document>
		<document><![CDATA[@springsteen and the #EStBand add more Australian shows   https://t.co/PhZbYpsbE0  @frontiertouring #brucespringsteen #summer17 #beers]]></document>
		<document><![CDATA[A true gentleman with dignity personified. Thank you @Ken_Sutcliffe for bringing sport to our screens with absolute… https://t.co/os5fLTUUMf]]></document>
		<document><![CDATA[#SebastianVettel is &amp; always will be a egotistical spoilt prat who always blames every1 but himself. @SkySportsF1 #askcrofty #MexicanGP]]></document>
		<document><![CDATA[@CrowdedHouseHQ 30th Anniversary Part 1 via @radionzmusic @radionz https://t.co/Si6HheByou Neil Finn &amp; Nick Seymour talk to
@JamJarMusic]]></document>
		<document><![CDATA[@realDonaldTrump bullshit is on scale we have never seen before. We must not let him take his sexist attitude into the Oval Office. #knob]]></document>
		<document><![CDATA[Thrilled to be working on @mattjoegow fabulous new album 'Seven Years' Check out the video for 'I'm Your Man' here https://t.co/JeiOaVVPGN]]></document>
		<document><![CDATA[@joepug podcast #TheWorkingSongwriter feat. @kaseychambers A great listen from 2 of my fav people. https://t.co/J34KVNuLJU]]></document>
		<document><![CDATA[@ABCTV &amp; @DoubleJRadio to simulcast @CrowdedHouseHQ 'Encore' show on Sun Nov 27. 
#CHencore #crowdedhouse https://t.co/w5NvAkhods]]></document>
		<document><![CDATA[The weekend starts now. #beers https://t.co/pn9U1jew2J]]></document>
	</documents>
</author>