<author lang="en">
	<documents>
		<document><![CDATA[How did I get ill overnight 1 day before my interview :-))))]]></document>
		<document><![CDATA[This vid made me out of breath  https://t.co/HhLPKI8WBN]]></document>
		<document><![CDATA[Lost count of how many crime documentaries I've watched today idec]]></document>
		<document><![CDATA[I worry for this boy https://t.co/5qJrMVJOFG]]></document>
		<document><![CDATA[How to spend ur entire paycheck in 2 days - a book by me]]></document>
		<document><![CDATA["How avant-garde of you"]]></document>
		<document><![CDATA[First 3 weeks of 2017 has been the biggest mess how do I delete]]></document>
		<document><![CDATA[Why am I ginger again]]></document>
		<document><![CDATA[yr13 is not for me]]></document>
		<document><![CDATA[ironic how sarcastic I am considering I barely understand other ppls sarcasm]]></document>
		<document><![CDATA[Shouldn't be charged for cancelling an uber when the driver was driving away from me]]></document>
		<document><![CDATA[@kofoajala_ at least u live in walking distance 😪😪😪]]></document>
		<document><![CDATA[Who is Caroline and why has she used my email to sign up to hungry house emails]]></document>
		<document><![CDATA[@Saskia_24 it's only the second week back I dno how we are gonna survive]]></document>
		<document><![CDATA[Genuinely thought it was Friday tomorrow n now I'm sad]]></document>
		<document><![CDATA[What happened to nelly furtado]]></document>
		<document><![CDATA[I have a peppermint tea addiction]]></document>
		<document><![CDATA[Woke up at 7am this morning still wearing my jeans n jacket and a full face of makeup well in Mia]]></document>
		<document><![CDATA[I've fully gone mad how did I forget what time I start work &amp; leave my house an hour early 🙃]]></document>
		<document><![CDATA[@_juhitailorxo we are going xx x]]></document>
		<document><![CDATA[I cannot breathe]]></document>
		<document><![CDATA[Can't help getting so easily annoyed at everything]]></document>
		<document><![CDATA[this must be my fav vine https://t.co/eNoZX43qFt]]></document>
		<document><![CDATA[offer from my first choice making me 222 gassedddd]]></document>
		<document><![CDATA[Ffs how did I completely forget to go to work today 😭]]></document>
		<document><![CDATA[nah why am I such a bitch sometimes :(]]></document>
		<document><![CDATA[I'm pretty much nocturnal now]]></document>
		<document><![CDATA[Half term was meant to help me catch up on sleep but I'm more sleep deprived than before 😞]]></document>
		<document><![CDATA[What the fuck am I doing]]></document>
		<document><![CDATA[My sister comes to my House for 10 mins and has already set off the smoke alarm 🙃]]></document>
		<document><![CDATA[@bbloodsports_ boing application 😈😜😍🍴😋]]></document>
		<document><![CDATA[So happy today is over xX]]></document>
		<document><![CDATA[happy birthday @kkkatym hope u had a great day🎉🎉 (ps. never forget this eventful day) https://t.co/QFdV9GXg5m]]></document>
		<document><![CDATA[starting to see results of drinking 5 nights in a row 🤒]]></document>
		<document><![CDATA[Nye please]]></document>
		<document><![CDATA[@blueb0yy thought this was u https://t.co/7MgUUmiDob]]></document>
		<document><![CDATA[A summary of my day at work today https://t.co/gJctbpAbMt]]></document>
		<document><![CDATA[Happy birthday to my absolute favourite gal @bbloodsports_ hope you have an amazing day love u forever ❤️❤️🎁🎉 https://t.co/nnYhopYkyB]]></document>
		<document><![CDATA[@_jesshunt bomb the Japanese 😂😂😂]]></document>
		<document><![CDATA[Did I really just go all the way to muswell hill for an art shop to not sell sketchbooks 🙃]]></document>
		<document><![CDATA["Come back happier please"]]></document>
		<document><![CDATA[Rice cakes are basically polystyrene]]></document>
		<document><![CDATA[Basically taught myself 1/3 of the A2 geography course in one day 🙃]]></document>
		<document><![CDATA[Thought this week was bad then remembered next week is gonna be even worse x]]></document>
		<document><![CDATA[Just wanna know why my politics teacher was dabbing throughout the lesson today]]></document>
		<document><![CDATA[when she catches u cheating but you're too waved to care https://t.co/Y8v1ByMtKA]]></document>
		<document><![CDATA[@Nabellend it's not me,it's the teachers 😒]]></document>
		<document><![CDATA[Advice for y12s considering taking art next year: don't]]></document>
		<document><![CDATA[I am so done with a2 right now just need a break pleaSe]]></document>
		<document><![CDATA[I cannot wait to leave some of the ppl in this sixth form behind]]></document>
		<document><![CDATA[@pennysalman @romeysgambati_ God save the croc x]]></document>
		<document><![CDATA["I lost my croc in the swamp" -@romeysgambati_]]></document>
		<document><![CDATA[Fuckin hate my left eyebrow rn]]></document>
		<document><![CDATA[Everything about this chat confuses me https://t.co/u2krQYGts0]]></document>
		<document><![CDATA[how can my art teacher basically tell me my personal statement is shit bcos I'm not applying for the course she wants me to do 🙂]]></document>
		<document><![CDATA[I am actually addicted to 24 hrs in a&amp;e]]></document>
		<document><![CDATA[not looking forward to having to work xmas eve AND New Years eve :-(]]></document>
		<document><![CDATA[I can't even do a wing looool https://t.co/8tjmIUeQGt]]></document>
		<document><![CDATA[The fuck https://t.co/yLGhrg2XjX]]></document>
		<document><![CDATA[I beg someone buy me a dress from boom boom the label :( so beaut]]></document>
		<document><![CDATA[Where we are we]]></document>
		<document><![CDATA[What actually am I]]></document>
		<document><![CDATA[Walking home at 2am last night through the storm has left me feeling triggered and victimised]]></document>
		<document><![CDATA[this week was shockingly bad]]></document>
		<document><![CDATA[Out done myself this time well done Mia]]></document>
		<document><![CDATA[Did not think A2 would make me so physically and mentally drained]]></document>
		<document><![CDATA[I actually need to fix up I am a MESS .]]></document>
		<document><![CDATA[ngl all I wanna do rn is play Simpsons hit &amp; run]]></document>
		<document><![CDATA[Literally me https://t.co/k9cJgfCWaJ]]></document>
		<document><![CDATA[Got mug written all over my face]]></document>
		<document><![CDATA[What even kind of band were the pussycat dolls ffs Nicole did not rate]]></document>
		<document><![CDATA[@SteveCal12 I duno how to type anymore tbh]]></document>
		<document><![CDATA[Also my spelling errors have gotten x10 worse recently]]></document>
		<document><![CDATA[Only thing that could make my procrastination worthwhile is if I hat a cat or dog to procrastinate with]]></document>
		<document><![CDATA[fell down an entire flight of stairs today I hate myself]]></document>
		<document><![CDATA[@mctothemax loooool omg not her they were just gossiping!! But if it was her 🙃]]></document>
		<document><![CDATA[how am I overhearing my sister on FaceTime to her friend talking about y8s giving "heads" 😷]]></document>
		<document><![CDATA[@Saskia_24 it's cos i stopped drinking so much water I need to start again!!!]]></document>
		<document><![CDATA[@Saskia_24 Saturday my face was clear, today it's a mess :-(]]></document>
		<document><![CDATA[Spots .why]]></document>
		<document><![CDATA[How did I get to school for 8:30am for my first lesson to be at 3pm 🙃🙃]]></document>
		<document><![CDATA[happy birthday @amyyates_ have a good one 😘🎉 x]]></document>
		<document><![CDATA[3 days in the row I've had the strangest dreams 🙄]]></document>
		<document><![CDATA[Romey will only ever reply to your text between 11pm-3am]]></document>
		<document><![CDATA[@_juhitailorxo every time 😭😭]]></document>
		<document><![CDATA[@saffaaah me right now]]></document>
		<document><![CDATA[my dislike for a2 politics grows daily]]></document>
		<document><![CDATA[I physically cannot stop lazing around]]></document>
		<document><![CDATA[@Saskia_24 I gave up after doing 2 points in 2 hours looool]]></document>
		<document><![CDATA[trying very hard not to crumble into a million pieces rn]]></document>
		<document><![CDATA[I hate myself so much for leaving things last minute]]></document>
		<document><![CDATA[The last thing I need rn is a 9 hour shift :-)]]></document>
		<document><![CDATA[@JackCassen_ my mum was born &amp; raised there lol]]></document>
		<document><![CDATA[Lool sorry mum https://t.co/qYetWb6tYM]]></document>
		<document><![CDATA[I can't believe all I've done today is sit in bed wearing a puffa doing jack shit]]></document>
		<document><![CDATA[Brown 4 Sale]]></document>
		<document><![CDATA[this was so many people last night 😂 https://t.co/14ZvATe5ms]]></document>
		<document><![CDATA[@miasharp_ when ur friends with intelligent people https://t.co/WsqXavgGZG]]></document>
		<document><![CDATA[brown haired mia is back 😊 https://t.co/JFxLyl91QN]]></document>
		<document><![CDATA[happy birthday @Nabellend have a great day!!🔞🎉xx]]></document>
	</documents>
</author>