<author lang="en">
	<documents>
		<document><![CDATA[Dip and seeded crackers at lunch were delicious. #nikaucafe #wellington @ Nikau Cafe https://t.co/P7CUBwQknY]]></document>
		<document><![CDATA[All I can smell in Wellington airport is donuts.]]></document>
		<document><![CDATA[I didn't expect to see rain today?  #welly #dressup @ Lambton Quay https://t.co/K8EkErBwwV]]></document>
		<document><![CDATA[What I read in December. #decemberreads https://t.co/XDggqV8CBY]]></document>
		<document><![CDATA[Happy New Year everyone! https://t.co/s7S3c4fTEl]]></document>
		<document><![CDATA[Some of the stepping stones are furry. #SunWorshipper #Jordyn https://t.co/aMufXNOQxd]]></document>
		<document><![CDATA[Christmas humor in Napier. @ Napier CBD / Town Centre - Art Deco Capital of New Zealand https://t.co/ZZtNl7Sh0d]]></document>
		<document><![CDATA[So that's what is making all the noise among the courgettes at half past midnight. #NotCute Some… https://t.co/8TSILWlZtd]]></document>
		<document><![CDATA[Is it any wonder I find cat fur in my laptop fan. #CatbookPro https://t.co/j3ajAfHvAe]]></document>
		<document><![CDATA[Santa got me a new stocking. #whovianxmas #awesome https://t.co/TmJIiIBW8l]]></document>
		<document><![CDATA[Jordyn thinks she'll get to see Santa if she waits long enough. We've told her it's bedtime. https://t.co/pUWvkvfvhJ]]></document>
		<document><![CDATA[Reindeer runway is suitably lit up. #ReadyForSanta https://t.co/Ed0d2XOaHK]]></document>
		<document><![CDATA[Jordyn gives the reindeer runway a final check. #ReadyForSanta https://t.co/UVGGq3uuIq]]></document>
		<document><![CDATA[@HaggisKiwi haha, I was hoping I wouldn't have to go that far.]]></document>
		<document><![CDATA[Just one little piece of punctuation was all this needed airnz  Corridor was empty so I didn't… https://t.co/iBTMpMFS2W]]></document>
		<document><![CDATA[@JustJennTX I do still have it but not interested in selling it sorry.]]></document>
		<document><![CDATA[Well done my #nzsecretsanta and very meta with pics of secret Santa presents past. https://t.co/H0G9yMUz6b]]></document>
		<document><![CDATA[I've got such an interesting person for my #nzsecretsanta very excited to find something to send.]]></document>
		<document><![CDATA[I've been on Twitter 10 years today!]]></document>
		<document><![CDATA[Fence beside Katherine Mansfield birthplace now more of a lean-to than fence. #eqnz #wellyshakes… https://t.co/m5cdzV8zPZ]]></document>
		<document><![CDATA[Nearby cafe may not have the 37 genders of tinder but has more than most. #toilet #signs #gender https://t.co/4JFwDHExyA]]></document>
		<document><![CDATA[What does a squirrel holding a camera have to do with Christmas? #latergram… https://t.co/pFFNIVjVjE]]></document>
		<document><![CDATA[Wellington motorway looks more like a carpark tonight. https://t.co/jHxrIjOLPQ]]></document>
		<document><![CDATA[Nest building doesn't work so well when you try for the camera cable. #RoyalCam https://t.co/GzJVkFpNyG https://t.co/sWRsUvCZUa]]></document>
		<document><![CDATA[Time for some serious nest building this morning. #RoyalCam https://t.co/GzJVkFpNyG https://t.co/IqlGdfdjyt]]></document>
		<document><![CDATA[@ChristineBusby ditto, except that I keep getting shaken awake every few minutes.]]></document>
		<document><![CDATA[@tui_talk couldn't agree more. I am well and truly over this.]]></document>
		<document><![CDATA[Who doesn't enjoy watching a nice sunset? #RoyalCam https://t.co/9s7XnjwHk7]]></document>
		<document><![CDATA[It is couple time at the colony. #RoyalCam https://t.co/GzJVkFpNyG https://t.co/S5WecSrtXY]]></document>
		<document><![CDATA[Pretty excited to have my Book Buddy Box from @robertson_elena arrive. Just my kind of book too. https://t.co/zLx7n4ru9i]]></document>
		<document><![CDATA[@amiemccarron Heh, I felt sure you'd know, but it is important to make sure.]]></document>
		<document><![CDATA[@amiemccarron Have you seen the Fluevog pop-up shop on Willis Street?]]></document>
		<document><![CDATA[Gotta love Welly. @ Chaffers Marina https://t.co/hYRcSOvTYY]]></document>
		<document><![CDATA[@HaggisKiwi Heh, Southland Cheese Rolls!]]></document>
		<document><![CDATA[Hopefully these will reheat nicely in the work sandwich press tomorrow. #bringaplate #morningtea https://t.co/UdcBMlHSKo]]></document>
		<document><![CDATA[Just spotted in the office, the lesser known post it bird. #ConservationWeek https://t.co/1WUEBAJe31]]></document>
		<document><![CDATA[Bye Moana, it has been fun watching you grow. #RoyalCam https://t.co/MTGTIIbMcj]]></document>
		<document><![CDATA[Just hanging about. #catsofinstagram #jordyn https://t.co/9sEI2TAbXi]]></document>
		<document><![CDATA[@HaggisKiwi People seemed to be queuing for the cupcakes and shakes more than just the chocolate.]]></document>
		<document><![CDATA[Queues for the K-bar are insane. #whittakerschocolate #kbar #popupshop #wellington https://t.co/91p9i4Z0He]]></document>
		<document><![CDATA[If you can get a booking I recommend Apache's #burgerwelly offering. The Bang Bang Burger is… https://t.co/k2DsyFp8jV]]></document>
		<document><![CDATA[Making Lambton Quay more of a shopping destination. #topshopwellington #shopping https://t.co/a7z9RrOtcz]]></document>
		<document><![CDATA[Not long now. Starting to look like a real store again. #davidjoneswellington @ Lambton Quay https://t.co/fmAikPbAbi]]></document>
		<document><![CDATA[Office got a new piece for the wall. #art https://t.co/My147JAOOr]]></document>
		<document><![CDATA[Nice one #countdown we need to keep our energy up. #pokemongo https://t.co/1BdtpRz4v1]]></document>
		<document><![CDATA[Such a calm clear day. #cantbeatwellingtononagoodday #wellington @ Wadestown Hill https://t.co/6M7NloEKGN]]></document>
		<document><![CDATA[Colleague brought in a beanbag for the office. #groan #matthewsback https://t.co/IR5S8RZEHb]]></document>
		<document><![CDATA[A matter of weeks to go. #davidjoneswellington @ Lambton Quay https://t.co/xvLfz3Vmu9]]></document>
		<document><![CDATA[It is fascinating what surfaces when the office has a tidy up. #BetterWorkStories #PooPot https://t.co/954XSsLU75]]></document>
		<document><![CDATA[Wondered why we were crawling up Molesworth St.  https://t.co/fKgzeUs495]]></document>
		<document><![CDATA[It should be illegal to get on a bus with hot chips unless you're planning on sharing them.]]></document>
		<document><![CDATA[Woah, that was quite the jolt. #eqnz]]></document>
		<document><![CDATA[@SarahKreig hilarious!]]></document>
		<document><![CDATA[My name is Moana. #RoyalCam If you missed it live, go to https://t.co/InNgCtcfoC and rewind to 2pm. https://t.co/CpYYI7sxUa]]></document>
		<document><![CDATA[Mostly we're Percy pig fans in the office. https://t.co/TwRTjqLpwo]]></document>
		<document><![CDATA[French Smurf lollies for work. #haribo #lesschtroumpfs https://t.co/mFAovt8tb1]]></document>
		<document><![CDATA[Love this open sign outside Caroline on Manners Street. #wellington @ Caroline https://t.co/IIgYd6ezYp]]></document>
		<document><![CDATA["Check out my wings" #RoyalCam https://t.co/InNgCtcfoC https://t.co/BUiTMZ1mfO]]></document>
		<document><![CDATA[Flying over Greenland a week ago. #airnz #greenland #fromtheair #latergram https://t.co/QE1oUrarvS]]></document>
		<document><![CDATA[@HaggisKiwi surely 404.]]></document>
		<document><![CDATA[So it turns out there were several more inserts to my workbook while I was on holiday. Here's a… https://t.co/gvGcBLhHXi]]></document>
		<document><![CDATA[New pigeon paste up on Victoria St, Wellington. #pigeons #graffiti #wellington https://t.co/RhPGh3OuVb]]></document>
		<document><![CDATA[Opened my workbook in a meeting this morning and there was this. Wondering if I'll find anything… https://t.co/RVxxlIzdDA]]></document>
		<document><![CDATA[My mouse wasn't moving easily on my desk. I turned it over to find out why... https://t.co/hOfvdBbAHx]]></document>
		<document><![CDATA[Woohoo, I get the Hobbit plane. #airnz #heathrow #endofmyholiday @ Heathrow Terminal 2 : The… https://t.co/gumcU5kFdC]]></document>
		<document><![CDATA[Farewell England and your curious museum exhibits. #fox #saffronwalden @ Saffron Walden Museum https://t.co/vWh1IxEMiM]]></document>
		<document><![CDATA[Saffron Walden just happened to have a French Fair when we visited today. #saffronwalden @… https://t.co/L41Km517a3]]></document>
		<document><![CDATA[Sad to be leaving Ickleton tomorrow - the village where every house has a name. #ickleton @… https://t.co/IV7mUHkSv0]]></document>
		<document><![CDATA[There's no hope for this bit of road. #London #roadmarkings @ Кларкенулл https://t.co/ZopjeboSYP]]></document>
		<document><![CDATA[More from Minty in #brightonandhove  #graffiti #wonderwoman @ Brighton, United Kingdom https://t.co/g6jqJAWd5i]]></document>
		<document><![CDATA[Brighton graffiti. #simpsons  #graffiti #brightonandhove @ Brighton, United Kingdom https://t.co/tWOpuAiEGj]]></document>
		<document><![CDATA[Brighton's anti-litter campaign in puns. #brightonandhove @ Brighton, United Kingdom https://t.co/kVllVbSz0w]]></document>
		<document><![CDATA[So many hangars crammed with so many planes. You could spend days at Duxford. #iwm #duxford… https://t.co/tZlPwuSGA3]]></document>
		<document><![CDATA[Why yes, that is the belly of a Concorde above me. #iwm #duxford #duxfordiwm @ Imperial War… https://t.co/FOK1Srwhr5]]></document>
		<document><![CDATA[Restoring the beauties. #iwm #duxford #duxfordiwm @ Imperial War Museum Duxford https://t.co/2w6mkQKHMD]]></document>
		<document><![CDATA[Cierva C30a autogyro. Used in WWII, last flown in the 1950s. #iwm #duxfordiwm #duxford @… https://t.co/snpbaXvKM3]]></document>
		<document><![CDATA[The de Havilland Vampire T11, this is a 1950s training version. #iwm #duxford #duxfordiwm @… https://t.co/RUcB0Ld2cF]]></document>
		<document><![CDATA[The SR-71 Blackbird. #iwm  #duxford #duxfordiwm @ Imperial War Museum Duxford https://t.co/QSw4rFwfq5]]></document>
		<document><![CDATA[I guess you'll have to find somewhere else to sit. So friendly #chelmsford @ Chelmsford, Essex https://t.co/wmS7KX26gU]]></document>
		<document><![CDATA[I wonder if there's a limit on how many bears you can fit on a mobility scooter? @ Bletchley Park https://t.co/tH9WGoApWw]]></document>
		<document><![CDATA[Sensory garden. #rhs #rhschelseaflowershow2016 @ RHS Chelsea Flower Show https://t.co/JBaQR4Vlbc]]></document>
		<document><![CDATA[So much vibrant colour at Chelsea. #rhs #rhschelseaflowershow2016 #mands @ RHS Chelsea Flower Show https://t.co/UbzFtO1VIh]]></document>
		<document><![CDATA[Summer hairstyles. #chelseaflowershow2016 #rhs @ RHS Chelsea Flower Show https://t.co/nLgS3AvAIz]]></document>
		<document><![CDATA[A snippet of Saffron Walden.  #SaffronWalden @ Saffron Walden https://t.co/B5LuSyuDe5]]></document>
		<document><![CDATA[Lots of #OldMoot cider advertising around London. https://t.co/wy2tdBt6Zz]]></document>
		<document><![CDATA[New Scotland Yard. @ Scotland Yard https://t.co/7MSrMHO0a6]]></document>
		<document><![CDATA[Visited Colchester today, architecture of every age and a protest. #Colchester @ Colchester, Essex https://t.co/9ObDuHg1lU]]></document>
		<document><![CDATA[Welcome to Ickleton. #cambridgeshire #villagelife @ Ickleton https://t.co/NZzn4YG6Lt]]></document>
		<document><![CDATA[One must also take breaks for tea and cakes. #cambridge #fitzbillies @ Fitzbillies https://t.co/6vSngpuM2k]]></document>
		<document><![CDATA[Cambridge has much to recommend it. #gin #cambridge @ Cambridge, United Kingdom https://t.co/Kz6W38v9ow]]></document>
		<document><![CDATA[Refueling in Coventry. #electric #Coventry @ Coventry, United Kingdom https://t.co/jnEU9JYtAW]]></document>
		<document><![CDATA[Dinner companion was super hopeful I might drop something or just decide to share. #ickleton @… https://t.co/iV2wFSjRDt]]></document>
		<document><![CDATA[I didn't have much time before my bus to Cambridge so I went and saw an exhibition of old… https://t.co/4xDv7jckVX]]></document>
		<document><![CDATA[A very British type of food truck. #teaandcakes #coventry @ Coventry, United Kingdom https://t.co/pxE5DBaNDC]]></document>
		<document><![CDATA[Coventry Cathedral stained glass window. #coventry @ Coventry Cathedral https://t.co/ifmn7HOxEg]]></document>
		<document><![CDATA[A selection of stained glass from Coventry Cathedral. #coventry #windows @ Coventry Cathedral https://t.co/LjxTu2GNGi]]></document>
		<document><![CDATA[Fireplace and ceiling detail at Plas Mawr. There's so much to see in Conwy, pleased I made the… https://t.co/OIo0x2a7Nd]]></document>
		<document><![CDATA[When a town is surrounded by a wall, I feel compelled to walk it. #Conwy @ Conwy https://t.co/i2XSbUvl2S]]></document>
		<document><![CDATA[It always makes me laugh when a handful of crisps is served with *every* cafe lunch.  #conwy @… https://t.co/UBoSHaMWIS]]></document>
		<document><![CDATA[@steventallach so lovely to catch up today - now your turn to come to NZ :)]]></document>
	</documents>
</author>