<author lang="en">
	<documents>
		<document><![CDATA[Em, you can cuddle with her tonight. https://t.co/4LqJk6lB8M]]></document>
		<document><![CDATA[I guess I'll let you. That means I won't have her to cuddle with but I'll live. https://t.co/TJhMq3Uup1]]></document>
		<document><![CDATA[Family portraits. https://t.co/3Ss8zEY1vQ]]></document>
		<document><![CDATA[Why would you do that? https://t.co/0cWcu4IQtG]]></document>
		<document><![CDATA[@OfNefelibata Cuddling with Rajah.]]></document>
		<document><![CDATA[Now someone fake Harry Shum Jr and Isaiah Mustafa.]]></document>
		<document><![CDATA[Alberto, my man! @OfNefelibata]]></document>
		<document><![CDATA[@HeartlessDame Thank you, beautiful!]]></document>
		<document><![CDATA[My Twitter Valentine is: @HeartlessDame

Find yours at https://t.co/3pJ6gwkUnG]]></document>
		<document><![CDATA[It's my last day as a 26 year old.]]></document>
		<document><![CDATA[@EnchantedWinds7 I feel you. I'm just glad I have the next couple days off.]]></document>
		<document><![CDATA[@EnchantedWinds7 I'm pretty good. What about you?]]></document>
		<document><![CDATA[@EnchantedWinds7 You're welcome.]]></document>
		<document><![CDATA[We're close but not that close. https://t.co/Kmir8yMFTd]]></document>
		<document><![CDATA[A mans, you know.. https://t.co/WApjiBBVSd]]></document>
		<document><![CDATA[I shouldn't be talking like this so late at night.]]></document>
		<document><![CDATA[No not shoes. https://t.co/hsUJmZg2bG]]></document>
		<document><![CDATA[You know what that means. 😏 https://t.co/NctUoY2oy8]]></document>
		<document><![CDATA[@KatMcNamora That is true, I won't be!]]></document>
		<document><![CDATA[@ArtfulSoul72 @HeartlessDame Of course you can.]]></document>
		<document><![CDATA[@ArtfulSoul72 @HeartlessDame I'll be the person to do the ass kicking.]]></document>
		<document><![CDATA[@ArtfulSoul72 If he ever comes back, I will.]]></document>
		<document><![CDATA[@ArtfulSoul72 I know he hurt her. I wanted to kick his ass.]]></document>
		<document><![CDATA[@ArtfulSoul72 He blocked me so. We just need to move on.]]></document>
		<document><![CDATA[YOU FUCKING ASSHOLE.]]></document>
		<document><![CDATA[@HeartlessDame [He nods and kisses her forehead oh so gently.] I do feel better now. I just needed to calm down.]]></document>
		<document><![CDATA[@HeartlessDame [He held her close to him, not wanting to let go at all at least not for a while.] It is all out now.]]></document>
		<document><![CDATA[Man with a British accent, breaking hearts everywhere. https://t.co/3mHfwjumTe]]></document>
		<document><![CDATA[@HeartlessDame No it's not worth it. I just needed to get it out of my system, that's all. [He pulls her in close to her.]]]></document>
		<document><![CDATA[@HeartlessDame [He sighs and looks at her, placing his hands on top of hers.] I'm just pissed. I'm just glad both of you are okay.]]></document>
		<document><![CDATA[I'm fucking livid.]]></document>
		<document><![CDATA[It clearly doesn't take you that long to move on either.]]></document>
		<document><![CDATA[I'm fucking furious with you and I have every right to be. You hurt my best friend.]]></document>
		<document><![CDATA[You're lucky that I don't come after your fucking ass because believe me, I want to.]]></document>
		<document><![CDATA[I swear to god the next person to hurt either one of those girls is going to have to deal with me.]]></document>
		<document><![CDATA[anything in this world. They both are beautiful women.]]></document>
		<document><![CDATA[I will always make sure that my best friends get treated the best. Especially Em and Kat because those girls deserve it more than -]]></document>
		<document><![CDATA[All girls deserve to be treated with respect and loved. If you can't do that, don't get into a relationship.]]></document>
		<document><![CDATA[@Amxzingfake @HeartlessDame Are you trying to say something?]]></document>
		<document><![CDATA[#GayforMatt2017]]></document>
		<document><![CDATA[@HeartlessDame @Amxzingfake Matt is basically my brother.]]></document>
		<document><![CDATA[@HeartlessDame @Amxzingfake But no one needs to know that.]]></document>
		<document><![CDATA[@Amxzingfake @HeartlessDame [He scratches the back of his neck, not saying a word.]]]></document>
		<document><![CDATA[My jaw fell to the floor.]]></document>
		<document><![CDATA[@HeartlessDame @Amxzingfake Because you have a crush on him.]]></document>
		<document><![CDATA[@HeartlessDame @Amxzingfake But why?]]></document>
		<document><![CDATA[You still love me though. https://t.co/Rot4aZOkdp]]></document>
		<document><![CDATA[This is true. No one does. https://t.co/55p0pYcdUd]]></document>
		<document><![CDATA[@HeartlessDame @Amxzingfake Why are you running away?]]></document>
		<document><![CDATA[I'm a cocky son of a bitch. https://t.co/eu7jM6L9kH]]></document>
		<document><![CDATA[You look hot as hell while doing it though. https://t.co/OYRW5CduEy]]></document>
		<document><![CDATA[@Amxzingfake I need to cool down before I go off on someone, but I'm glad you're here now.]]></document>
		<document><![CDATA[That's my name, don't wear it out. https://t.co/3kGV9Bys1x]]></document>
		<document><![CDATA[I know you find me hot. 😏 https://t.co/CAaVQSjEc8]]></document>
		<document><![CDATA[Matt. Where the fuck are you, man? @Amxzingfake]]></document>
		<document><![CDATA[Because I'm about to explode.]]></document>
		<document><![CDATA[I probably should go and calm myself down.]]></document>
		<document><![CDATA[@HeartlessDame I'd be watching it all by myself if I didn't ask you. You're not imposing.]]></document>
		<document><![CDATA[@HeartlessDame I'll let you know for sure. Unless you wanna go with me today?]]></document>
		<document><![CDATA[@HeartlessDame It does. Vin is a great actor.]]></document>
		<document><![CDATA[@HeartlessDame It will be. I might go to the movies later or something. Not sure yet.]]></document>
		<document><![CDATA[@HeartlessDame Well I went to the gym and now I'm just hanging out with Rajah.]]></document>
		<document><![CDATA[@HeartlessDame What are your plans for the day since we don't have to work?]]></document>
		<document><![CDATA[Glad that it's the weekend because that means no work.]]></document>
		<document><![CDATA[@HeartlessDame Pretty much.]]></document>
		<document><![CDATA[@HeartlessDame I hope you say no, but I'll be okay with whatever you say.]]></document>
		<document><![CDATA[@KatMcNamora I'm getting old. Grandpa is probably right.]]></document>
		<document><![CDATA[I'll be 27 in two days.]]></document>
		<document><![CDATA[@HeartlessDame He is. But is that bad?]]></document>
		<document><![CDATA[@ArtfulSoul72 I am, I am. One of the many things I'm good at.]]></document>
		<document><![CDATA[@HeartlessDame I get bored quite easily when I'm home alone by myself so next time I'll call you and Matty up.]]></document>
		<document><![CDATA[@ArtfulSoul72 I'm the animal whisperer.]]></document>
		<document><![CDATA[@HeartlessDame Thank you. At least I have someone to keep me company at home.]]></document>
		<document><![CDATA[@ArtfulSoul72 Thank you. She's pretty great.]]></document>
		<document><![CDATA[What are you winking for? https://t.co/EldSuc8nVj]]></document>
		<document><![CDATA[@HeartlessDame You look beautiful as always.]]></document>
		<document><![CDATA[@ArtfulSoul72 [He places Rajah in your arms.] There you go.]]></document>
		<document><![CDATA[@HeartlessDame You're welcome. [He sits on the steps and watches you with her.]]]></document>
		<document><![CDATA[@HeartlessDame @HellsThreat I would like what exactly?]]></document>
		<document><![CDATA[@HeartlessDame Of course. [He hands Rajah to Em.]]]></document>
		<document><![CDATA[@HeartlessDame [He comes out of his trailer with Rajah in his arms.] Right here, love.]]></document>
		<document><![CDATA[My 'hype girl' everyone. Meet Rajah! My little lioness! https://t.co/90CN9bh5Hr]]></document>
		<document><![CDATA[@ArtfulSoul72 || Why?]]></document>
		<document><![CDATA[My two best friends. https://t.co/4Ul4KMG7jl]]></document>
		<document><![CDATA[@HeartlessDame @Amxzingfake [He laughs and waves as she walks into her trailer.] We always behave.]]></document>
		<document><![CDATA[@Amxzingfake I'm great. What about you?]]></document>
		<document><![CDATA[@Amxzingfake Hey bro.]]></document>
		<document><![CDATA[@HeartlessDame What happened?]]></document>
		<document><![CDATA[@EnchantedWinds7 How are you?]]></document>
		<document><![CDATA[@FakingShadow @ArtfulSoul72 You two are the best.]]></document>
		<document><![CDATA[@ArtfulSoul72 I'm gonna worry because that's what I do.]]></document>
		<document><![CDATA[@FakingShadow @ArtfulSoul72 [He takes the oranges with a smile.] Thank you.]]></document>
		<document><![CDATA[@ArtfulSoul72 Oh. I'm sorry to hear that. Did something happen that I'm not aware of?]]></document>
		<document><![CDATA[@ArtfulSoul72 Why do you say that?]]></document>
		<document><![CDATA[@ArtfulSoul72 I hope that tomorrow is a better day for you.]]></document>
		<document><![CDATA[@ArtfulSoul72 Is everything okay though? You know you can tell me if there isn't.]]></document>
		<document><![CDATA[@ArtfulSoul72 Okay good. [He smiled back at her.]]]></document>
		<document><![CDATA[@ArtfulSoul72 Just asking. [He scratches the back of his neck.] Am I not aloud to?]]></document>
		<document><![CDATA[@ArtfulSoul72 [He films a few of his scenes then walks over and sits down on his chair.]]]></document>
		<document><![CDATA[@ArtfulSoul72 What's the matter, love?]]></document>
	</documents>
</author>