<author lang="en">
	<documents>
		<document><![CDATA[Brain pollution: Evidence builds that dirty air causes Alzheimer’s, dementia https://t.co/iVHL5FZEyx]]></document>
		<document><![CDATA[It has been a warm winter... https://t.co/jbVtwDpxiM]]></document>
		<document><![CDATA[WMO confirms 2016 as hottest year on record, about 1.1°C above pre-industrial era https://t.co/mf3emyKHeZ]]></document>
		<document><![CDATA[OK, I'm convinced now. Fully onboard with "Anthropocene." https://t.co/F0fW8kf1hp]]></document>
		<document><![CDATA[Biking on Inauguration Weekend 2017: TO, but NOT THROUGH https://t.co/Cd564IJQ5v via @WABADC]]></document>
		<document><![CDATA[Serve WABA on the Board of Directors https://t.co/1HY9Cl8kFt via @WABADC]]></document>
		<document><![CDATA[Trump's inauguration could be the warmest on record https://t.co/NF4QmWGoW9]]></document>
		<document><![CDATA[Rising global temperatures -- Earth will be okay but we (humans) will not be okay. https://t.co/IbjmTzRTGx]]></document>
		<document><![CDATA[Is this real? https://t.co/FSdDmZ37K3 via @WSJ]]></document>
		<document><![CDATA[3,000 four-passenger cars could serve 98% of taxi demand in New York City, with an average wait-time of only 2.7 min https://t.co/W53FEArLRe]]></document>
		<document><![CDATA[Apple AirPods Are All But Impossible to Recycle; A Big FAIL In Sustainability https://t.co/zFXFLpNbvZ]]></document>
		<document><![CDATA[To my climate science friends, please comment on the Climate Science Special Report. Need your support. https://t.co/Z1J90rUAmX]]></document>
		<document><![CDATA[I thought I was imagining this, but sadly I guess I wasn't. https://t.co/K0kQrxh8Lu]]></document>
		<document><![CDATA["Good economics is about asking the right questions," or ML will yield the ultimate answer: 42. https://t.co/7Cpjrr76fw via @TheEconomist]]></document>
		<document><![CDATA[Svalbard sees 'shocking' temperatures near freezing point https://t.co/5uQ7OJqwrr]]></document>
		<document><![CDATA[I have to remember to guess measurement at DCA and not my backyard, so must underestimate... https://t.co/YIETZezEzy]]></document>
		<document><![CDATA[George Takei: They interned my family. Don’t let them do it to Muslims. https://t.co/11JovdW6tB]]></document>
		<document><![CDATA[The North Pole is an insane 36 degrees warmer than normal as winter descends https://t.co/fhk6OaqQNy]]></document>
		<document><![CDATA[Ugh, tell me about it. https://t.co/bEbVwd6hig]]></document>
		<document><![CDATA[Just when I went all out retro with a Model M mech keyboard by Unicomp... It's clickety loud, but my coworkers don'… https://t.co/C4G3uucgXT]]></document>
		<document><![CDATA[The science is clear, the future is not. https://t.co/qLrRKYNGtM via @Before The Flood]]></document>
		<document><![CDATA[This doesn't directly apply to me since I'm a bike commuter, but this news is not great for public transit. https://t.co/g5IiljL6VL]]></document>
		<document><![CDATA[Things economists research... Is there any return to education in criminal activities? https://t.co/wb1oNeatee]]></document>
		<document><![CDATA["[W]e can ... improve air quality by regulating [SOx], ... while having a minimal impact on the climate." Woot! https://t.co/mvVX3TK6Yg]]></document>
		<document><![CDATA["As much as we dislike brown rats, they may be our staunchest defenders." So DC's  Dupont Circle rat family, A-OK. https://t.co/7MYPRIvOwb]]></document>
		<document><![CDATA[[B]ikers need to understand that even when it seems like the road is car-free, it is a very active construction zone https://t.co/b2Z88PxQ2W]]></document>
		<document><![CDATA[Still a bit ways to go for #equalpayforequalwork  https://t.co/RLqtUthExF]]></document>
		<document><![CDATA[@UnityPolitics I was thinking the same thing when I read the article.]]></document>
		<document><![CDATA[Lots of violinists play well but very few bring the music alive as she does. Looking forward to Oct 28! https://t.co/pmOnRis6rS]]></document>
		<document><![CDATA[It's embarrassing and amazing that computers were better than us at differentiating Asian ethnic groups. 
https://t.co/ELE77NPvAL]]></document>
		<document><![CDATA[If Congress invests in seasonal weather forecast research, everyone wins https://t.co/7Zj4pOYRHc]]></document>
		<document><![CDATA[Doesn't this guy know the saying, "When in Rome, do as the Romans do." https://t.co/SLmGXVPYbn]]></document>
		<document><![CDATA["History shows that nations that do not fund science [...] will not succeed economically in the long run." Amen. https://t.co/8ZlySyTa2n]]></document>
		<document><![CDATA[Good for Mylan? | Tick bites that trigger severe meat allergy on rise around the world - the guardian https://t.co/QZqzzUEQoI]]></document>
		<document><![CDATA[At the end of the day, we are all "from Africa." https://t.co/C9uRZWOQLR]]></document>
		<document><![CDATA[Much of the evidence supporting lethal control is flawed. Don't shoot that endangered wolf. https://t.co/9kvfb5Q15t]]></document>
		<document><![CDATA[Why not park in the bike lane? You probably won't get a ticket. https://t.co/wbMwrLApyI via @WABADC]]></document>
		<document><![CDATA[We'll be fine but for our children and grand children... Good luck! https://t.co/qsV3uhEZ48]]></document>
		<document><![CDATA[An alarming number of scientific papers contain Excel errors https://t.co/tPOZM5vpzE this is why Excel shouldn't be used by scientists.]]></document>
		<document><![CDATA[@UnityPolitics I think people are more afraid of a quick death than a slow death.]]></document>
		<document><![CDATA[This would be refreshing.  https://t.co/5LA0Zqjlpi]]></document>
		<document><![CDATA[We must recommit to national parks, America’s cathedrals https://t.co/gIqucDg14V]]></document>
		<document><![CDATA[Tourists show appalling lack of lightning safety awareness on the Mall https://t.co/Mc0UAyVQil]]></document>
		<document><![CDATA[Mo' Money, Mo' Bug Problems: Wealthier Homes Are Rich In Insects Too - NPR https://t.co/IzzCAWH5Ow]]></document>
		<document><![CDATA[@FitbitSupport Thx for the prompt response, but since this is my 3rd replacement, I'm going to try a different product.]]></document>
		<document><![CDATA[Our Historic Chance to Protect the Grand Canyon https://t.co/LRQzWnf0QO via @ngadventure]]></document>
		<document><![CDATA[My 3rd replacement from @fitbit. They have #QualityControlProblems. Great customer service, though. https://t.co/X9JpiulnWx]]></document>
		<document><![CDATA[Ah, hurry up and begin blooming. Your sibling @NYBG is already being smelly (https://t.co/PTtyQyVuv7). https://t.co/71u4AZduST]]></document>
		<document><![CDATA[DNA Study Says Only One Kind of Wolf in North America: The Gray Wolf, via @nytimes https://t.co/IBCAarVVkI]]></document>
		<document><![CDATA[😩 but luckily there are a plenty of other Smithsonian museums to visit to stay out of the heat this afternoon.  https://t.co/KYSsLrZa8Z]]></document>
		<document><![CDATA[Hopefully we will be able to mathematically explain how riding with no hands is possible. https://t.co/vQBM9HGxb3 via @NatureNews]]></document>
		<document><![CDATA[Advocates Push to Restore Funding for Arizona Geological Survey https://t.co/R0qqX4zJzw]]></document>
		<document><![CDATA[So Many Research Scientists, So Few Openings as Professors https://t.co/cWw7FOLROQ]]></document>
		<document><![CDATA[Sadly, some places in DC won't allow: "Anything with two wheels and a seat is a bicycle and we are anti-bicycles." 😦 https://t.co/iWCsvguAQQ]]></document>
		<document><![CDATA["[C]loud changes most consistently predicted by global climate models are currently occurring in nature." Oh snap! https://t.co/NBpiaEO3bU]]></document>
		<document><![CDATA[@BicycleSPACE And, they are riding their bikes without starring at their cell phones. FTW! #lookup #ridesafe]]></document>
		<document><![CDATA[I got my free membership code. https://t.co/ehbk7rHfzh]]></document>
		<document><![CDATA[Elizabeth Holmes of Theranos Is Barred From Running Lab for 2 Years https://t.co/QgOiBE3YSQ]]></document>
		<document><![CDATA[Yup! I forgot about folks b/c they didn't follow up. When they asked for help, I was: who are you? https://t.co/fgig7ZJOdg]]></document>
		<document><![CDATA[True! In many cases, chatting with staffers is more productive. Convince them first. https://t.co/2uKgxvbnuz]]></document>
		<document><![CDATA[@kcetebn @co2ley @jasonesummers @AaasKavli Thx! I'm interested.]]></document>
		<document><![CDATA[NASA extends the New Horizons mission to fly by another small world beyond Pluto https://t.co/P9eCFq3QqR via @verge]]></document>
		<document><![CDATA[FYI: Claim that jet stream crossing equator is 'climate emergency' is utter nonsense https://t.co/tMtPEtuJJh]]></document>
		<document><![CDATA[Antarctic ozone hole is on the mend https://t.co/gUhl5fMWOS ...until N2O comes along...]]></document>
		<document><![CDATA[Note to self: Caution when transporting weapons of math instructions. https://t.co/opbogiLJTU]]></document>
		<document><![CDATA[@AlisonSudol FYI: awhile back @POTUS signed a bill to ban microbeads. The UK is behind...]]></document>
		<document><![CDATA[Report blames both contractor and NSF for blunders in building major ecological observatory https://t.co/Vo9J2lqeAt]]></document>
		<document><![CDATA[Lucky me, I commute by @bikeshare  https://t.co/tTgamosHoo]]></document>
		<document><![CDATA[ExxonMobil and FuelCell Energy, Inc. Pursue Novel Technology in Carbon Capture https://t.co/0mgVJTQP3S Hoped for power gen w/ CO2 or decomp]]></document>
		<document><![CDATA[NOAA concludes that Jan 2016 #snow meas. at #DCA is OK. @karen_kosiba I'll have to under-est. meas. next time to win https://t.co/lDdncmGDM7]]></document>
		<document><![CDATA["Walgreens made a rookie mistake when it looked at Theranos’s GPS coordinates." https://t.co/2klFrf7HOg]]></document>
		<document><![CDATA[Who's downloading pirated papers? Everyone https://t.co/qeeVZGdmd7]]></document>
		<document><![CDATA[Got my Voter's Guide for the Primary Election. DC folks, we vote on June 14.]]></document>
		<document><![CDATA[@jtierno2 @HopeJahren Yes! Congress reviews &amp; restricts the budget prepared by @POTUS @NSF So must tell Congress.]]></document>
		<document><![CDATA[Also "hire someone to [brag] for you" https://t.co/a1OBLV2mSG]]></document>
		<document><![CDATA[An Energy Bill in Need of Fixes https://t.co/tlR9DOuPWU]]></document>
		<document><![CDATA[What Jenny Bilfield started for @washperformarts paid off with Hilary Hahn’s performance last night at Strathmore https://t.co/g8L9REHAkJ]]></document>
		<document><![CDATA[Theranos Is Subject of Criminal Probe https://t.co/ff3YHXlDVY]]></document>
		<document><![CDATA[Rising CO2 Lowers Nutritional Value of Food. In other words, forget dieting, more junk food with climate change. https://t.co/v7cvXR8eBT]]></document>
		<document><![CDATA[“I’ve [...] given you 365 deadlines.” NSF test finds no deadlines 1/2-no. of grant proposals in a good way. https://t.co/svlxkIAVtq]]></document>
		<document><![CDATA[Boaty McBoatface wins poll to name polar research vessel https://t.co/11AoDJdPOT | The trolls on the Internet did their job.]]></document>
		<document><![CDATA[According Apple, iOS devices (i.e. iPhones) are expected to last three years. https://t.co/W2XNMqjWav]]></document>
		<document><![CDATA[Check out what the air we breathe is like around the world https://t.co/G24PKCdJqE]]></document>
		<document><![CDATA[Started my #NationalParkWeek celebration with the #WHGarden tour; the bees took a holiday to avoid the tourists. https://t.co/tdUe20hfuO]]></document>
		<document><![CDATA[U.S. government worse than all major industries on cyber security: report https://t.co/5VRNaZY1yz via @Reuters]]></document>
		<document><![CDATA[Looks like Mother Nature endorses Carbon Trade. Trees have been trading carbon all along. https://t.co/pRh5g9GzH7]]></document>
		<document><![CDATA[@j_zelikova Bravo! I say the best carbon capture system is climate-smart soils.]]></document>
		<document><![CDATA[I agree w/ ICS chair Stan Finney. Anthropocene is better used as a cultural term, like Neolithic. https://t.co/MwNnyVx1Tz]]></document>
		<document><![CDATA[Coral crisis: Great Barrier Reef bleaching is “the worst we’ve ever seen” https://t.co/8r67MDD3KG]]></document>
		<document><![CDATA[Don't forget to sign their online climate change petition, especially if you love frozen cream. https://t.co/KU5NBkfoko]]></document>
		<document><![CDATA[As a 4mer violin player, a retirement plan for me... Tokyo violin maker's apprentice fulfills lifetime dream at 81 https://t.co/pVpIMy53Ze]]></document>
		<document><![CDATA[Yes, please! https://t.co/dP7uOrC9NR]]></document>
		<document><![CDATA[Smithsonian Gives Nod to More 'Dark Money' Funding for Willie Soon https://t.co/MnPivCKCni]]></document>
		<document><![CDATA[Will You Sprint, Stroll or Stumble Into a Career?, via @nytimes https://t.co/JKEdj68RVE]]></document>
		<document><![CDATA[I'm all for @wmata #shutdown for overhaul if free @bikeshare mbrships are included and expanding #ParkNRide. Too many cars in DC!]]></document>
		<document><![CDATA[Democrats and Republicans were prompted to recycle. You’ll be surprised what happened next https://t.co/ytM8EgB24f https://t.co/Z5Uozr2Ch3]]></document>
		<document><![CDATA[Even in a Warming World, It Will Still Snow Somewhere https://t.co/ruuJKOV2aT]]></document>
		<document><![CDATA[Cleaning up messy computer code from science to business https://t.co/4aEChPjgSe via @TheEconomist]]></document>
		<document><![CDATA[Theranos blood-testing devices often failed to meet company's own accuracy requirements, report says  https://t.co/qgFEfHSZCi]]></document>
		<document><![CDATA[Don't Start Playing This Absurdly Addictive 8-Bit Statistics Game https://t.co/ZcvZkOVJ2F]]></document>
	</documents>
</author>