<author lang="en">
	<documents>
		<document><![CDATA[@KennedyMary Oh no. I forgot that as well]]></document>
		<document><![CDATA[@cmcgovern @MrPaulDuane Never seen the words *shocking* and *reason* in a sentence before. In fairness.]]></document>
		<document><![CDATA[@cmcgovern @MrPaulDuane I killed her because she called me hubby. God damn.]]></document>
		<document><![CDATA[Every day, Sean #Spicer checks his hair, straightens his tie, sobs uncontrollably then breathes in and walks out to the press room]]></document>
		<document><![CDATA[@garethharron And you know what, I was at nothing. Just sitting there watching the news . And then the Sport came on]]></document>
		<document><![CDATA[@rickoshea okay this one then. Thanks Rick you're the tops]]></document>
		<document><![CDATA[@rickoshea or this one https://t.co/tfU6WwMhjL]]></document>
		<document><![CDATA[@rickoshea mmmkay. This one https://t.co/2Qr8mkHtt1]]></document>
		<document><![CDATA[@rickoshea Should I wear this                    or     this]]></document>
		<document><![CDATA[Oh no I completely forgot about Transfer deadline day]]></document>
		<document><![CDATA[@emmetbroaders Manure. Great for a glowing skin AND gets rid of the blackheads]]></document>
		<document><![CDATA[@PFQMUSIC Wait till you hear about David Drumm.]]></document>
		<document><![CDATA[@CathalMacCoille Happy to oblige *mumbles incoherently]]></document>
		<document><![CDATA[@MallowNews Imagine what it must be like to be those Biros]]></document>
		<document><![CDATA[@kieranquinnn @danleydon Thank you kind sir]]></document>
		<document><![CDATA[@kieranquinnn I loved it. And as @danleydon will confirm I am a yuge fan of the foopball https://t.co/NDxcGU5x4f]]></document>
		<document><![CDATA[Lordy ! Congrats @kieranquinnn you Strandhill fellas are obsessed with the foopball @danleydon Must be somfink in t… https://t.co/gUfzdj0w0W]]></document>
		<document><![CDATA[What fresh hell is this]]></document>
		<document><![CDATA[@martylyricfm Now we know where Uncle John got his good looks.]]></document>
		<document><![CDATA[@ramblinghobo @RollsRoyce I'm checking the back of the shed. *fingers crossed*]]></document>
		<document><![CDATA[A few of these @RollsRoyce spares boxes knocking around. Hmmm gosh I'm hearing that Johnny Cash song in my head now https://t.co/1CqQbwWL3m]]></document>
		<document><![CDATA[@CyberAndrew @rollsroycecars Actually it would be @RollsRoyce because Dad worked on Jet Engines . But yes. I get the irony.]]></document>
		<document><![CDATA[@seanieBM I love this story.]]></document>
		<document><![CDATA[I guess I ought to return it to @RollsRoyce but it's living in my pencil case now]]></document>
		<document><![CDATA[From Dad's toolbox https://t.co/d4VAH2Aazm]]></document>
		<document><![CDATA[Sean Spicer pressers. Shocking yet weirdly compelling telly . Like Glenroe used to be]]></document>
		<document><![CDATA[@ellenmcoyne I know it's not fair but I can't help seeing him sitting in his pyjamas. In his Ma's box room]]></document>
		<document><![CDATA[Quickest  and most effective way to annoy #Trump is make fun of him. By the glorious @serafinowicz   https://t.co/WJsWbCpSMT]]></document>
		<document><![CDATA[@tomdoorley Aren't we just delightful.  And so overundereducated]]></document>
		<document><![CDATA[@MrPaulDuane Well I personally can't wait for the moment (in predictable fashion) Prince Philip calls Trump a stairhating overweight slob.]]></document>
		<document><![CDATA[@tomdoorley I, too, dossed my way through one of those top schools. Look at me now, eh.     Eh Tom]]></document>
		<document><![CDATA[@MrPaulDuane I don't know what to do. I.... I.... oh lordy]]></document>
		<document><![CDATA[@Marie_Casserly thanks Marie]]></document>
		<document><![CDATA[@juneshannon thanks darlin x]]></document>
		<document><![CDATA[@OwensDamien mmmmmhmmmm look how that turned out]]></document>
		<document><![CDATA[@OwensDamien You should see what happens when you tell him his skin is all loose https://t.co/TAxWI8SqXr]]></document>
		<document><![CDATA[@colmtobin oh.   Erm yes well eh same here *blushes with embarassment and regret]]></document>
		<document><![CDATA[@colmtobin I'm thinking a video showing #Trump burning down a Puppy shelter]]></document>
		<document><![CDATA[@colmtobin ah here. I assumed *you* were working on it]]></document>
		<document><![CDATA[@davidcorway Thank you dear]]></document>
		<document><![CDATA[@RuthieFizz no. But she will nag you into submission]]></document>
		<document><![CDATA[Sign! Or I'll send Granny round https://t.co/qbKjjTZI22  #NotInMyName]]></document>
		<document><![CDATA[@CathalMacCoille Happy to help. Cheers! *clink*]]></document>
		<document><![CDATA[@Aiannucci And loads of stairs and slidey slopes]]></document>
		<document><![CDATA[@JillianvT @MargaretEWard @AudreyCarville Well @jonathanhealy that turned out all right in the end didn't it]]></document>
		<document><![CDATA[@DearbhailDibs oh Lord. What. WhathaveIdone]]></document>
		<document><![CDATA[@fionndavenport @jenoconnell He's sitting in his wee room waiting to see what everyone else does first.]]></document>
		<document><![CDATA[Omigod Charlie you're right https://t.co/AVBhnMpA8G]]></document>
		<document><![CDATA[Well now. https://t.co/vm7xrQvSSs]]></document>
		<document><![CDATA[@jonathanhealy Here I'll take the back end you take the front end]]></document>
		<document><![CDATA[@natkingcoleslaw Oh yes. @TedKellyy is the bomb.]]></document>
		<document><![CDATA[@josefoshea @brian_dneen hapfffffff]]></document>
		<document><![CDATA[@TheRichieFlynn @phlaimeaux I should mention I bought them all. And hung them all up in the office right in front of my face. All of them.]]></document>
		<document><![CDATA[@AoifeConnolly oooo! I'd clutch that]]></document>
		<document><![CDATA[And a delight to meet you also!  Hon the wimmin of #sligo https://t.co/k07knhbKwc]]></document>
		<document><![CDATA[I second that *swoon* https://t.co/Qysk80l18I]]></document>
		<document><![CDATA[Meanwhile. Sarah Palin checks her phone one more time.]]></document>
		<document><![CDATA[Brilliant , fearless @SwearyLady on the #tommytiernanshow]]></document>
		<document><![CDATA[That's not the set from Féach is it #tommytiernanshow]]></document>
		<document><![CDATA[@colmtobin @MrPaulDuane Paul checks his phone at  4.05 am . Nothing. Blank screen. Then the air raid sirens start up outside.]]></document>
		<document><![CDATA[@siliconrepublic @johnnnugent My back garden is available]]></document>
		<document><![CDATA[@shanehegarty  I've got 25 years' experience of permanent, incurable Tinnitus in my swop bag if he's interested]]></document>
		<document><![CDATA[@kidd_kong78 Maybe credit @BadLipReading who created it]]></document>
		<document><![CDATA[@Colmogorman For what it's worth  I thought it was silly . And sort of pointless @MissusVee @AodhBC]]></document>
		<document><![CDATA[Someone could make a fortune selling Toe uncurling tongs https://t.co/tFROXeCDOb]]></document>
		<document><![CDATA[Thank you God. Thank you @BadLipReading  https://t.co/Rwf3yg8Nh8]]></document>
		<document><![CDATA[@faduda Might need to get you one of these https://t.co/Imtbm0iiMg]]></document>
		<document><![CDATA[@angrymiddleaged @TherealGerRyan But mine was tremendous. Braggadociously tremendous]]></document>
		<document><![CDATA[@angrymiddleaged @TherealGerRyan Hapfffffffffffffffffffff]]></document>
		<document><![CDATA[@angrymiddleaged @TherealGerRyan Actually it's 'easily climbed mountain if you think mountain climbing is generally easy']]></document>
		<document><![CDATA[@TherealGerRyan @angrymiddleaged Well we have 2.5 million Cake shops in Grttan street alone #SligoAlternativeFacts]]></document>
		<document><![CDATA[@dj_mckeown Right. All we need to do now is      erm         introduce these two people  @ireland @joeboating @susankilkenny]]></document>
		<document><![CDATA[@dj_mckeown Yes. Also all the gobstoppers you can fit @joeboating @ireland @susankilkenny]]></document>
		<document><![CDATA[@TherealGerRyan @angrymiddleaged Actually we insist Leitrim pays]]></document>
		<document><![CDATA[@susankilkenny @ireland @joeboating @dj_mckeown I was told there's money in it.]]></document>
		<document><![CDATA[@ireland @susankilkenny @joeboating @dj_mckeown We could just send out a tweet to everyone . Be grand.]]></document>
		<document><![CDATA[@ireland @susankilkenny We must also insist @joeboating and @dj_mckeown have to officiate]]></document>
		<document><![CDATA[@ireland @susankilkenny Um well might be a bit of a problem because Herself has stated she likes the names Tarquin and Moon Unit]]></document>
		<document><![CDATA[@TodayFMNews @todayfm Dream comes true. Hmmm Imagine trying to be equally kind to all the rellies. Even Cousin Tony.  Oh my God.]]></document>
		<document><![CDATA[@CathalMacCoille It was you, wasn't it.]]></document>
		<document><![CDATA[@ireland @susankilkenny Sort of quietly hoping they'll run away to get married. Save me a fortune]]></document>
		<document><![CDATA[@ireland @susankilkenny Will do. Also *ahem* college prospects #priorities]]></document>
		<document><![CDATA[@CathalMacCoille She must have been a woman in a million. With a hape o land]]></document>
		<document><![CDATA[@Feargaling @cathalMacCoille  I'm so glad I have Feargal to oversee my oversights. Sigh]]></document>
		<document><![CDATA[@ireland @susankilkenny If this works out we might finally get on the #sixone news. For a GOOD reason *cough*]]></document>
		<document><![CDATA[@CathalMacCoille @BBCScotlandNews HApfffffffffffffffffffffffffffffff]]></document>
		<document><![CDATA[@CathalMacCoille @BBCScotlandNews Mind you that was back in the 50s]]></document>
		<document><![CDATA[@CathalMacCoille @BBCScotlandNews Apropos of nothing. Father in law cycled to Dublin and back in one day with nothing but a box of bananas.]]></document>
		<document><![CDATA[@CathalMacCoille @BBCScotlandNews Also an App that occasionally inserts a careless driver you can shout at. Makes the experience more real.]]></document>
		<document><![CDATA[@CathalMacCoille @BBCScotlandNews Maybe that virtual cycle thing could include a can of Eau de Caca.                  Pour homme. Per Uomo.]]></document>
		<document><![CDATA[@CathalMacCoille @BBCScotlandNews  It's good for the soul, the whiff of manure. Very life-affirming.]]></document>
		<document><![CDATA[@CathalMacCoille @BBCScotlandNews  It's not the same without the occasional whiff of manure]]></document>
		<document><![CDATA[@susankilkenny That's mad. And yet if you want to do art or design it's all about your work and an interview. Sport should be no different]]></document>
		<document><![CDATA[@TherealGerRyan Eeek!  Where are you off to? Do you want to come to #Sligo? We have Cake]]></document>
		<document><![CDATA[@susankilkenny 510 points? Hmmm. What are we planning to study? She needs a hape o points too #Physics]]></document>
		<document><![CDATA[@susankilkenny Sounds good. Her: Funny, gorgeous, brainy, hape o land. Cons: Consumes 1 jar nutella in one go]]></document>
		<document><![CDATA[@susankilkenny Handsome guy. What are his prospects. Does he have a hape o land]]></document>
		<document><![CDATA[Wouldn't it be the most delicious irony if @potus were forced to apologise to Trees and Grass and Animals and Insects @BadlandsNPS #EPA]]></document>
		<document><![CDATA[@GerryMcBride He hasn't fallen over clutching his guts yet. Stay tuned.]]></document>
		<document><![CDATA[@GerryMcBride  Husband halfway through the bag. Reads label.    *Wild Bird Foo.......       arrah*  [keeps munching]]]></document>
	</documents>
</author>