<author lang="en">
	<documents>
		<document><![CDATA[Cool to see New Zealand feature in the demo 😀 https://t.co/VUtthhZaP9 https://t.co/oslkt5iinU]]></document>
		<document><![CDATA[@rsavagenz @mrs_tbell Just a reminder there’s 3 official languages of New Zealand ;-) https://t.co/61vWz8zB39]]></document>
		<document><![CDATA[Wow. What a terrible piece of @IMDb trivia! People actually take the time to write stuff like this! https://t.co/O88nl7pF9i]]></document>
		<document><![CDATA[@empiremagazine you guys really need to mention in the mag that the new iOS app works in landscape mode as well as portrait...it's great!]]></document>
		<document><![CDATA[Another movie spoiled by @IMDb The shot of a badly calibrated 3D printer ruined everything ! https://t.co/fkm3WhqNCr]]></document>
		<document><![CDATA[If you have to watch a presidential press conference, then this really is the only one worth watching…

https://t.co/OnBOLKCw8E]]></document>
		<document><![CDATA[Definition of utter panic? The moment you realise you have inadvertently installed MacKeeper on your Mac! Appalled by how it can creep in!]]></document>
		<document><![CDATA[Impeccable timing by @fatsoDVD Just posted some movies back to you and my prize turns up! Thank you so much guys!! 😷 https://t.co/qyh2Z3G54G]]></document>
		<document><![CDATA[Woohoo! Thanks @fatsoDVD !! 😷

“@fatsoDVD: Congrats to @mismonypenny007 &amp; @philroyNZ you’ve won a copy of @PeregrinesMovie on Blu-ray! 👏”]]></document>
		<document><![CDATA[@NZStuff Riveting headline but I’m guessing the answer is “36”? https://t.co/8VZrFoOU4R]]></document>
		<document><![CDATA[Another major movie goof courtesy of @imdb This time from Jason Bourne. Ruins the whole movie! https://t.co/auTi5MHfrR]]></document>
		<document><![CDATA[It's fun getting to do this every year...I just wish at the time that I bought 1 share (14 shares now thru splits)… https://t.co/qRnNGBBTO3]]></document>
		<document><![CDATA[Successfully upgraded @TeRitoMaioha LMS to @Moodle 3.2 today. Pou Manawa Akoranga has shiny new features, ready for 2017! Thanks @CatalystNZ]]></document>
		<document><![CDATA[@anitsirk and some of us have a @moodle upgrade to worry about tomorrow. We don’t need a 5.3 quake too! #eqnz]]></document>
		<document><![CDATA[The @empiremagazine app has been telling me something special is coming. Tomorrow we’ll find out I guess? https://t.co/32nc7Iphmy]]></document>
		<document><![CDATA[Hmm, so the inbox sorting on "my @orcon" would have to be the oddest I'e seen. Can't figure out what order it's in? https://t.co/G6DNmznjF0]]></document>
		<document><![CDATA[@Office Umm, there's nothing on the roadmap re Office Mix development, and Mix isn't part of 365 is it? The roadmap has me more worried now!]]></document>
		<document><![CDATA[@Office Have you've killed off @OfficeMixTeam? 1 year, no updates? It's important software for ECNZ teaching staff https://t.co/0uXoahfmNt]]></document>
		<document><![CDATA[@fatsoDVD Happy New Year! Xmas "Get Nows" in the post back to you, thanks! Looking forward to some Twitter contests too this year maybe? 😇]]></document>
		<document><![CDATA[Speed up your Mac via hidden prefs https://t.co/jWLaGOJRdE via @rgriff]]></document>
		<document><![CDATA[@Office365 Joined days ago. Pretty sure your newsletters breach this bit of the Unsolicited Electronic Messages Act https://t.co/E9ViVEKkJr]]></document>
		<document><![CDATA[So was #RogueOne a tech saga about cable vs wireless, multiple storage media formats and the need for local, off-site and cloud backup?]]></document>
		<document><![CDATA[Some sad geek I know just showed his 80 year old mum in Palmy how #2degreesDataHunt works….oh and scored 150 Mb in the process 😉]]></document>
		<document><![CDATA[@dark_sue @totaralearning LMS expertise of the provider + Their availability/Help system - are 2 things that jump to mind quickly for me]]></document>
		<document><![CDATA[Nice Christmas touch/surprise from #VLC when changing between apps on my Mac. Nice touch @videolan https://t.co/sXQr45t6OA]]></document>
		<document><![CDATA[And birthday present from my bro...a nice dozen from @BeerCellar Looking like I might need to use Google translate… https://t.co/JlzhRQc0l1]]></document>
		<document><![CDATA[4 months, 2 weeks in the waiting, but @ChorusNZ did a nice job today. Now finally on @Orcon fibre! Loving the speed… https://t.co/aGbEAoD6al]]></document>
		<document><![CDATA[@fatsoDVD It’s probably me..refresh, refresh, refresh! OK, I’ll stop ;-)]]></document>
		<document><![CDATA[NOW it feels like Christmas!! Thanks (again as per every year) @fatsoDVD !! Getting in quick!! https://t.co/0ani8FwDSe]]></document>
		<document><![CDATA[@leonardmaltin Please don’t retweet things that those of us who haven’t seen it might like to discover ourselves ☹️]]></document>
		<document><![CDATA[@Orcon Thanks. Still expect 2 months credit as would have gone elsewhere without. Really wish we didn’t have to keep using Twitter for this!]]></document>
		<document><![CDATA[@Orcon Nope. The cost of unlimited no phone fibre was $95 in Aug. Was told I have to pay that despite it now being $90 and I connect Monday]]></document>
		<document><![CDATA[@lowededwookie @Orcon fibre was new in the street so had to wait for apartments to get cable around them before more could happen]]></document>
		<document><![CDATA[@Orcon Get fibre Mon after 4 months wait. Call centre just said I get the "special" offered 4 months ago of $95/month &amp; not current $90/m !?]]></document>
		<document><![CDATA[Chancellor to step down - Massey University https://t.co/EuJCpSQNUZ]]></document>
		<document><![CDATA[Awesome app update @Lotto_NZ ! Makes buying tickets soooo much easier!]]></document>
		<document><![CDATA[@moodle Not quite sure I see the logic? It's like my inbox reporting "1" and not "18" from the site that accidental… https://t.co/e7d1mjt70K]]></document>
		<document><![CDATA[@moodle 3.2 is here! Downloading to my test site!

@TeRitoMaioha upgrading to #moodle 3.2 January 6th....user tours… https://t.co/8uR4x6NZqA]]></document>
		<document><![CDATA[Appalling goof in the 2016 version of ghostbusters via @IMDb https://t.co/RbLn0dyOTi]]></document>
		<document><![CDATA[Finally! @empiremagazine mentioned on NZ telly! @NewshubNZ 6pm news just ran a story on Hunt for the Wilderpeople getting your #1 spot!]]></document>
		<document><![CDATA[@JacksonKernion Check out T&amp;Cs on sites with similar functionality. Mostly don’t claim ownership in any way]]></document>
		<document><![CDATA[@hover @JacksonKernion Hmm…no T&amp;Cs visible. No indication as to what happens to uploaded material and how it might be used/re-used? Yikes!]]></document>
		<document><![CDATA[Don't need pro features in @InfuseApp but 30% off is good response to recent concerns and lets me support amazing software. Purchased! ;-)]]></document>
		<document><![CDATA[Ironically @InfuseApp decision to move to subscription or costlier pro fee caused a rethink. Free app is enough for me, so no cost from now]]></document>
		<document><![CDATA[@fatsoDVD *cough* twitter contest *cough*]]></document>
		<document><![CDATA[@InfuseApp Right, but I’m trying to get a gauge of update frequency to determine the most cost effective approach from my point of view]]></document>
		<document><![CDATA[@InfuseApp so the one-off purchase app won’t be updated as often?]]></document>
		<document><![CDATA[@InfuseApp ahh, ok apologies as that wasn’t picked up in the announcement. Curious to know which you think is the better option financially?]]></document>
		<document><![CDATA[@InfuseApp wow, that annual fee is a major disappointment. Too steep for me sorry. Time to find a new app ;-(]]></document>
		<document><![CDATA[Futureworld (1976) ruined by a spectacular goof. It just ruins the whole movie! https://t.co/L1menr1iez]]></document>
		<document><![CDATA[Have moved from following @geonet to following @geonet_above4 because I just kept having way too many tweets to read #eqnz]]></document>
		<document><![CDATA[Looks like this is the solution https://t.co/QnqeEgTxn4 via @9to5mac but can't manage it on iOS or web. Will have to try on my iMac tonight]]></document>
		<document><![CDATA[Never had spam calender invite before, to my iCloud account which I don't really use...but if I delete, I notify th… https://t.co/BUm9aiHkA4]]></document>
		<document><![CDATA[@NZRedCross Pretty sure Lower Hutt is part of NZ? ;-) Slight glitch on the website, but managed to sort out my dona… https://t.co/vYxGWz0xv0]]></document>
		<document><![CDATA[So Apple’s making it that on tvOS we’ll use “TV” to not watch TV on our Apple TV? OK if there’s logic in there somewhere I’m missing it]]></document>
		<document><![CDATA[Curious @BBCBreaking reported 7.4 at 3.20am https://t.co/HjfLi3pSvG, but @geonet only upped it 90 minutes later? https://t.co/ByGhrPlRnZ]]></document>
		<document><![CDATA[This is quite surreal…4am...driven north for an hour (with everyone) to the top of a big hill...yet Wellington airport remains open!?]]></document>
		<document><![CDATA[2.39am and Civil Defence sirens sounding in Wellington. Quite ominous]]></document>
		<document><![CDATA[“@geonet: M6.8 quake causing severe shaking near Cheviot https://t.co/6DcE2hH9LU”

Wow. That was a biggie!]]></document>
		<document><![CDATA[@lowededwookie It's a re-release from 2 days ago. Just happened synching my iPad to iTunes also https://t.co/ReUZji8uZb]]></document>
		<document><![CDATA[Why has iTunes suddenly decided my phone iOS is out of date, when my iPhone thinks it's fine and has done for a whi… https://t.co/EGRPxSkM0o]]></document>
		<document><![CDATA[My lotto win tonight was $37,999,988 short of my target ;-( oh well]]></document>
		<document><![CDATA[Why 2016 is such a terrible year for the Mac https://t.co/6KkhleXc0F via @macworld]]></document>
		<document><![CDATA[Another great @fatsoDVD rental ruined by this hard hitting @IMDb trivia. In this case, Michael Moore’s superb “Wher… https://t.co/x7tyQxq2b4]]></document>
		<document><![CDATA[Cool...had't even noticed that AutoMounter (bought last week) is from a kiwi company! @pixeleyes_ltd https://t.co/F6BjNFgxOQ]]></document>
		<document><![CDATA[Gosh the Mac is getting confusing. iCloud asked for password then "Mail" data appeared to be backed up, even though… https://t.co/9i01sP50kL]]></document>
		<document><![CDATA[MacOS Sierra not showing me the 8 updates that are available, but supposedly it's a common issue?… https://t.co/lHTesGOjuj]]></document>
		<document><![CDATA[@JulianDavis71 Want ! https://t.co/MYLOQCt9AA This would be amazing for our @moodle install, so hope it is released. Congrats!]]></document>
		<document><![CDATA[Wasn’t overly impressed with the Touch Bar…and then I watched the video. Really impressive and has so much potential !]]></document>
		<document><![CDATA[“Hello” and “Hello again” are associated with desktop Macs are they not? The Mac and iMac respectively…so why no talk of new desktop models?]]></document>
		<document><![CDATA[@stephenharlow yeah, I see similarities between @AdaptLearning for eLearning and @getuikit for web development]]></document>
		<document><![CDATA[@PlayStationNZ Will this work with an Apple TV 4?]]></document>
		<document><![CDATA[UI/UX in iTunes - Two out of three things in this image are buttons and somehow we're meant to easily know?! https://t.co/1jhD3qyLGv]]></document>
		<document><![CDATA[@orcn Ordered fibre 4 Aug @ChorusNZ got consent (multidwelling) 26 Aug and design approved 29 Aug and then nothing. Couldn't give me any ETA]]></document>
		<document><![CDATA[Wearable Arts DVD had nothing on it to indicate region free. Just learnt that on a Mac DVD Player command-I tells you a disc’s regions ;-)]]></document>
		<document><![CDATA[@saz84 You make your ex teacher feel very VERY old, miss London and yet proud to have known you for so long. You looked stunning!]]></document>
		<document><![CDATA[@antonkudin @WesternDigital I'm with Anton. Your kb says 2.11.153 but device says 2.11.142 &amp; no download available from your site of update?]]></document>
		<document><![CDATA[@1Password Hate to say it...re-enabled the cache in FF about 6 hours ago and I am still getting the welcome screen appearing ;-(]]></document>
		<document><![CDATA[@JoMangee Good to know, thanks!]]></document>
		<document><![CDATA[You know iTunes, I would have thought 650 Gb free on my Mac was enough space to backup my iPad...but you say differ… https://t.co/KKZvMWfYoD]]></document>
		<document><![CDATA[@1Password OK thanks. No idea why it’s suddenly started working then…I guess I’ll have to turn my cache on? Not overly pleased about that]]></document>
		<document><![CDATA[@1Password ..but on a positive note....I watched the welcome video and never knew about the keyboard shortcut...woohoo!]]></document>
		<document><![CDATA[@1Password Is that new? Because it's slightly a pain to have to turn on my cache just for 1P? I like having no cache for all web tests I do]]></document>
		<document><![CDATA[@1Password Nope...but I do have FF set to override the cache to set it to zero? I just launch FF, click 1P button and it happens]]></document>
		<document><![CDATA[@1Password 4.6.1 and it is still happening sorry. It didn't first thing this morning, but it's come back when I start using FF and 1P again]]></document>
		<document><![CDATA[@1Password OK...maybe by the time I got around to it I hadn't noticed that the add-on had updated when I gathered all the version details?]]></document>
		<document><![CDATA[@1Password It was 4.6.1 that was causing it, but this morning it doesn't seem to be happening. Fingers crossed ;-)]]></document>
		<document><![CDATA[@1Password Updated add-in (1P4.6.0.604, FF49.0.1, Win7, add-in 4.6.1) &amp; get https://t.co/woF0pCPHzo every time I launch FF and go to a site?]]></document>
		<document><![CDATA[@Orcon as they say on Dragon’s Den, “I’m out”.

And $500 early termination fee??!!!]]></document>
		<document><![CDATA[@fatsoDVD didn’t like the first hour, but they missed the better parts. Great reply @dillamonster but would easily give up on a show earlier]]></document>
		<document><![CDATA[@saz84 look out Cersei !]]></document>
		<document><![CDATA[@Office @OfficeNews ok, starting to get worried as I see no mention of @OfficeMixTeam and it’s been very quiet recently on that front?]]></document>
		<document><![CDATA[Not overly impressed that the macOS Sierra install process enabled a guest account on my Mac ! https://t.co/VEiKrLM8ot]]></document>
		<document><![CDATA[macOS Sierra Photos - Still no way to easily find unnamed photos..and it still tells me this is a selfie?! https://t.co/awzSqJGBKr]]></document>
		<document><![CDATA[@creditsimplenz just told me my rating is wrong. Never had a loan. Always pay in full. Contacting Harmoney as to why it lists a $20K loan]]></document>
		<document><![CDATA[Irony...company that provides credit rating then suggests ways to loan/spend money more easily! @creditsimplenz How… https://t.co/SRGb2nfaOQ]]></document>
		<document><![CDATA[@QuentinReade Chorus engineers have been scoping the flats earlier this week to plan their attack. All good and understand the wait]]></document>
		<document><![CDATA[@QuentinReade @Orcon have been great also. Seriously my order was so new most ISPs still said fibre wasn’t available when I checked…]]></document>
		<document><![CDATA[@QuentinReade &amp; counting! Chorus have been great. Fibre is so new to street they told me I was so keen i may need to wait a bit. It’s fine]]></document>
		<document><![CDATA[@now_nz Thanks but no thanks. I confess when he said Now, my response was “who?”. Happily sticking with @Orcon who have been great for years]]></document>
	</documents>
</author>