<author lang="en">
	<documents>
		<document><![CDATA[@wakeupwake007 @domjoly it's incredibly aggressive and he's simply marking his territory. Get used to that move.]]></document>
		<document><![CDATA[Can we talk about Bradley Cooper in the new Haagen-Dazs TVC. I think i just got a little bit pregnant. #ohbradley #icecream #imdone]]></document>
		<document><![CDATA[@clementine_ford @MattAkersten Yep that was enough. In a wonderful way.]]></document>
		<document><![CDATA[@DannyOne9 @petstarr @clementine_ford sorry, who are you and how do you know us?]]></document>
		<document><![CDATA[@petstarr @clementine_ford I had a kinesiology session on that today. Which, I assure you, was in no way related post #TheOA viewing.]]></document>
		<document><![CDATA[@clementine_ford PS OA wrote it too! What an incredible imagination.]]></document>
		<document><![CDATA[@clementine_ford I haven't reacted that way to anything in a long time. Took my breath away. So glad to be talking about this with someone!]]></document>
		<document><![CDATA[@clementine_ford YES! We finished it last night. The closing scene. If only horrific things like that could be diffused with such beauty.]]></document>
		<document><![CDATA[Brent would love fact #4 @rickygervais https://t.co/mO6sTzJUAZ]]></document>
		<document><![CDATA[@petstarr also trust me on BLACK MIRRORS. You'll love it. Watching Ep1 now. It's life in 50 years!]]></document>
		<document><![CDATA[@petstarr where you up to?]]></document>
		<document><![CDATA[@petstarr OMG stick with it. I beg you!]]></document>
		<document><![CDATA[@KristopherMcD they sure do. Good morning :)]]></document>
		<document><![CDATA[A day off &amp; @NashvilleCMT catch ups. #heaven #season5]]></document>
		<document><![CDATA[Today: Thirroul, Australia - Jan 27 at THE DIVINE MISS BETT... https://t.co/iI84CIz9PW]]></document>
		<document><![CDATA[@EmmaKennedy @washingtonpost He's still a bullied little boy who has never recovered and is obsessed with being liked. It's so sad.]]></document>
		<document><![CDATA[@DancingDanB @triplej @flumemusic @listentokai IT IS IT IS IT IS!!!!]]></document>
		<document><![CDATA[Quoting myself, and standing by it! C'mon @flumemusic @listentokai 🙏🏻 https://t.co/eL5i2NnVpy]]></document>
		<document><![CDATA[This Weekend: Thirroul, Australia - Jan 27 at THE DIVINE M... https://t.co/7xCjQzm2rf]]></document>
		<document><![CDATA[I love Australia. We must choose an alternative to celebrate our great nation. Today is not the day
📷of Anangu Wome… https://t.co/zrHuPNN930]]></document>
		<document><![CDATA[I'm calling it. @flumemusic's 'NEVER BE LIKE YOU' for #1 on @triplej Hottest 100.]]></document>
		<document><![CDATA[@Darlene36340694 @clementine_ford Your mother had one of those too.]]></document>
		<document><![CDATA[I've been waiting for this! Lip reading of @realDonaldTrump's Inauguration Day. https://t.co/hc1my7xTgx]]></document>
		<document><![CDATA[@CeliaPacquola THANK YOU for sharing this xx]]></document>
		<document><![CDATA[@bemco152 @clementine_ford oh PUH-LEASE!]]></document>
		<document><![CDATA[Wonderful!! Such a huge fan of #PaulVasileff's gowns. Incredible achievement. https://t.co/IAfRBjbvz6]]></document>
		<document><![CDATA[@NickHallworth sad and shocking. Something needs to be done.]]></document>
		<document><![CDATA[NEWTOWN SOCIAL CLUB to close. Another blow to the #Sydney music scene. Devastating and something needs to be done. https://t.co/b80FfvZTX2]]></document>
		<document><![CDATA[The sounds on this album are inspired.Such diverse textures &amp; I'm absolutely loving it.Congrats @kaseychambers, you… https://t.co/0mk3JBm1zi]]></document>
		<document><![CDATA[You beauty @mcgregor_ewan #piersoff https://t.co/cpjKot2Suc]]></document>
		<document><![CDATA[What news! My favourite books growing up. Still love them. Onya Mr Mendes. #dontfuckitup https://t.co/QleXZvZjHX]]></document>
		<document><![CDATA[@bmm_73 it goes even further than Black Swan. If you loved that, this will intrigue you. Enjoy!]]></document>
		<document><![CDATA[@bmm_73 Look no further than FLESH AND BONE on Netflix. Uber dark. Centre Stage meets Black Swan.]]></document>
		<document><![CDATA[@RobynHitchcock A all the way!]]></document>
		<document><![CDATA[@piersmorgan @Rare They weren't and you know it. They were Madonna's words, not ours. Disassociate the two. The marches were to end bigotry.]]></document>
		<document><![CDATA[Being part of the Sydney Theatre community got us like...😍#pride #sydneytheatreawards #sydta #sydtheatreawards2017… https://t.co/HTvyUIoVpi]]></document>
		<document><![CDATA[Huge congratulations to everyone at the @SydTheatreAward tonight. You're all extraordinary and a constant inspiration. Keep powering xx]]></document>
		<document><![CDATA[@richardthewatts EVERY. SIGLE. TIME.]]></document>
		<document><![CDATA[Excited to celebrate our incredible theatre community tonight at @SydTheatreAward 🌟]]></document>
		<document><![CDATA[@petstarr where's my small pinky finger emoticon?]]></document>
		<document><![CDATA[@mikeanthonylusk @joelcreasey And your point, Michael?]]></document>
		<document><![CDATA[@kwaite1969 @FoxNews @AshleyJudd @FoxNewsInsider And what does she look like Kathy? Clearly no one you know.]]></document>
		<document><![CDATA[@mflynnJR @CBSNews We want respectful attitudes, which clearly you need to work on.]]></document>
		<document><![CDATA[#REVIEW: '...swept away by Alcorn’s renditions. A mighty fine show' -@ozbabyboomers @_The_Joan @GYOWShow https://t.co/423uJab6DN…]]></document>
		<document><![CDATA[@Jrock_978 @CNN you have, fundamentally, missed the point.]]></document>
		<document><![CDATA[@piersmorgan yet you gloat about how many followers you have. Ironic.]]></document>
		<document><![CDATA[@piersmorgan Why does this #womensmarch rile you so? #tearsforpiers]]></document>
		<document><![CDATA[Today in DC. So proud! How long until Trump twists it and uses it as his inauguration shot though. #placeyourbets… https://t.co/otCukrJzxf]]></document>
		<document><![CDATA[@FLSURFR @JuddLegum haha that's what I thought.]]></document>
		<document><![CDATA[@EmmaKennedy what's happened to him!?]]></document>
		<document><![CDATA[@richardthewatts my heart is bursting!]]></document>
		<document><![CDATA[Have woken to feeds FULL of proud women &amp; men #marching all around the world today. It's a beautiful thing &amp; I am with you all. #womensmarch]]></document>
		<document><![CDATA[@amymaiden so glad you're there xx]]></document>
		<document><![CDATA[This makes me teary with pride. Via @petstarr #equality #humanity #womensmarch https://t.co/CDgTUVtQ62]]></document>
		<document><![CDATA[@petstarr @thisisbray This makes me teary with pride!!]]></document>
		<document><![CDATA[@piersmorgan Because it's been a Men's March since the dawn of time. That the POINT, Piers.]]></document>
		<document><![CDATA[@jayrayner1 @stefanbednar @piersmorgan And probably on a Trump payroll.]]></document>
		<document><![CDATA[@moanyman19 @EmmaKennedy @DPJHodges Equality is a global issue.]]></document>
		<document><![CDATA[@jojojoheeley who's having a tantrum?]]></document>
		<document><![CDATA[@AdrenalinGuru @lilyallen @piersmorgan and that is?]]></document>
		<document><![CDATA[@SkipHopz @EmmaKennedy @piersmorgan why?]]></document>
		<document><![CDATA[@petertaggart oh god it is. It's still a vivid memory of mine. Heartbreaking.]]></document>
		<document><![CDATA[TONIGHT! Kicking off @GYOWShow's national tour to a #SOLDOUT audience at @_The_Joan! #christinemcvie #songbird… https://t.co/16hvptZwY3]]></document>
		<document><![CDATA[@alisoncroggon for what? Benefits? Money?]]></document>
		<document><![CDATA[@alisoncroggon where?]]></document>
		<document><![CDATA[@matt_gilbertson @theTiser Got my new drag name out of this too. Shannon Pole.]]></document>
		<document><![CDATA[@miameow86 @sydney_festival @BobDowne4Real Give me every hairpiece ever!]]></document>
		<document><![CDATA[@SydneyEditor @dailytelegraph He did everything but. #howsydneygotitsgrooveback]]></document>
		<document><![CDATA[@MichaelaCarr1 Be careful what you wish for.]]></document>
		<document><![CDATA[#howsydneygotitsgrooveback #keepsydneyopen #buggeroffbaird https://t.co/vyANJ0hORX]]></document>
		<document><![CDATA[@Russell_Woolf YES!! #howsydneygotitsgrooveback]]></document>
		<document><![CDATA[@matt_gilbertson @mikebairdMP literally SKIPPING down the street.]]></document>
		<document><![CDATA[All we are saying, is give PIECE a chance. Ready to ROCK tonight at @sydney_festival in @BobDowne4Real's HAIR SALON… https://t.co/xi55LnOtFa]]></document>
		<document><![CDATA[We are so ready to ROCK! Thanks @PenrithPress for this great write up. See you at @_The_Joan 🤘🏻🎸#gyowtour17… https://t.co/0MldjArLdI]]></document>
		<document><![CDATA[That feeling when show #1 on your tour is almost #SOLDOUT! Don't miss final tix to @GYOWShow this Fri at @_the_joan… https://t.co/irSufDU31a]]></document>
		<document><![CDATA[@SirWobblebottom @heronimous @JaneTweets16 @clementine_ford You really don't get it, do you WobblyBum?]]></document>
		<document><![CDATA[@petstarr @clementine_ford @DailyLifeAu Horrific.]]></document>
		<document><![CDATA[@LibbyODonovan Happy Birthday!!]]></document>
		<document><![CDATA[Congratulations @MothersRuinCab @maevemarsden @jeremy_brennan !!!! https://t.co/mAOczUxlin]]></document>
		<document><![CDATA[@petstarr thinking of you guys. Stay safe xx]]></document>
		<document><![CDATA[@Mumbrellanews YAWN. Not you. Them.]]></document>
		<document><![CDATA[This is what you SHOULD be tweeting @realDonaldTrump 🙄 https://t.co/B3GwH0MiBL]]></document>
		<document><![CDATA[@antinoz it was official business wasn't it?]]></document>
		<document><![CDATA[@Travistritt @arleen_jackson because it affects the world.]]></document>
		<document><![CDATA[@arleen_jackson but what's the point in having such reach as a person if you can't use it to make change?]]></document>
		<document><![CDATA[@Travistritt Actors and artists are humans. Humans take interest in politics. They comment. It's natural. They're not exempt from opinions.]]></document>
		<document><![CDATA[@Travistritt @BForce77 @giant_gary at least you could sleep peacefully knowing Obama could actually lead a country, whereas...]]></document>
		<document><![CDATA[@bondnickbond Bond you've done it again. This is so ACE!]]></document>
		<document><![CDATA[@officialdaisyh @realDonaldTrump Casting on point. https://t.co/Fmgex7Yya3]]></document>
		<document><![CDATA[IF ONLY! @MatureTrumpTwts wins. https://t.co/RUXcpFrd4y]]></document>
		<document><![CDATA[Follow @MatureTrumpTwts for what the next leader of the free world SHOULD be tweeting. Just brilliant! #brava https://t.co/fBtk6Tv5MH]]></document>
		<document><![CDATA[@anneedmonds1 Just read that as the Edge Of MY Bush and thought 'Ooh. Something I can get on board with'. Still excited for your show though]]></document>
		<document><![CDATA[Right on cue! #placeyourbets https://t.co/3Ij0CF8iat]]></document>
		<document><![CDATA[@realDonaldTrump it was mocking. Plain and simple.]]></document>
		<document><![CDATA[@mygirltheriver @officialdaisyh hold on to your hats 😬😬😬😬]]></document>
		<document><![CDATA[Merry for President #allhail]]></document>
		<document><![CDATA[@officialdaisyh I think it's worse knowing what's coming. First time round is safer. Bloody great film though.]]></document>
		<document><![CDATA[@officialdaisyh oh no question. It's a masterpiece. I just can't handle it. Felt like the second time round would be even more intense.]]></document>
		<document><![CDATA[@officialdaisyh is this your first time?]]></document>
		<document><![CDATA[@officialdaisyh Saw it was on again the other night. The first time was so harrowing. I gave it a two minute chance &amp; had to turn off!]]></document>
	</documents>
</author>