<author lang="en">
	<documents>
		<document><![CDATA[Eva who? https://t.co/dNCBIMIixP]]></document>
		<document><![CDATA[@lifeaseva Omw to your book tour!!!! https://t.co/KomaI7LWcD]]></document>
		<document><![CDATA[Goodnight ❤️ in 14 days I'll have Eva's book in my own hands and I'm beyond proud, excited and happy 📕🙏🏼]]></document>
		<document><![CDATA[11:11 Eva's recovery from sickness ❤️]]></document>
		<document><![CDATA[@lifeaseva 5 months 🙁❤️ https://t.co/zYYXJmlxOI]]></document>
		<document><![CDATA[@lifeaseva I love you so much thank you for putting us first ❤️ JUST be sure to take care of yourself that's the most important thing 💕]]></document>
		<document><![CDATA[Eva could've clapped back so hard and ended that hater today and yet she responded in such a classy way STAN A WOKE QUEEN LIKE HER ❤️🙌🏼]]></document>
		<document><![CDATA[@lifeaseva @reckluh also ur so hot I'll take this coward of a person to the optometrist they need some help ❤️👓]]></document>
		<document><![CDATA[@lifeaseva @reckluh I have the biggest ears &amp; everyone calls me a monkey so if you want we can be monkey pals &amp; live in the jungle together💕]]></document>
		<document><![CDATA[Me on twitter vs me on Instagram https://t.co/fepQuLCw1b]]></document>
		<document><![CDATA[Almost died 10 times this morning when the board literally bruised my head but ya know 🏄🏽🏄🏽🏄🏽 https://t.co/XjFFVOnT2v]]></document>
		<document><![CDATA[@maskitmati @lifeaseva HILLSONG THE CHRISTIAN SONGWRITERS AND SINGERS WE HAVE TO SING THEIR SONGS AT CHAPEL EVERYWEEK AT SCHOOL GOD BLESS]]></document>
		<document><![CDATA[@lifeaseva HE ROSE AND CONQUERED THE GRAVE JESUS CONQUERED THE GRAVE I LOVE THAT SONG IT GETS NE SO LIT]]></document>
		<document><![CDATA[HOW WHAT WHEN WHERE I DO NOT UNDERSTAND HOW SOMEONE CAN BE THAT HOT https://t.co/j9kvods8xo]]></document>
		<document><![CDATA[@maskitmati you look SO HOT 😍 have fun, hope the movie's good ❤️]]></document>
		<document><![CDATA[I TRIED VEGAN FOOD WITH MASKIT YESTERDAY AND IT WAS SO GOOD I POSTED A GRAM ❤️ https://t.co/uqmZyKwrny]]></document>
		<document><![CDATA[@lifeaseva shameless self promo https://t.co/SWMDIwncu1]]></document>
		<document><![CDATA[It's funny how your favourite person can introduce you to SO many amazing people ❤️ @lifeaseva thank you for creati… https://t.co/pZ3DBtuHz7]]></document>
		<document><![CDATA[@lifeaseva I met this amazing human today bc of you and i had a VEGAN BREAKFAST BE PROUD OF ME ❤️💫 https://t.co/kc0XVBo9ZH]]></document>
		<document><![CDATA[11:11 @lifeaseva factimes @maskitmati and I NOW ❤️]]></document>
		<document><![CDATA[@lifeaseva because of youuu ❤️ https://t.co/Xil6DI3D8u]]></document>
		<document><![CDATA[@thisisamplify ANNOUNCE THE LINEUP OR ILL HAVE https://t.co/w35Kkh8Bcx]]></document>
		<document><![CDATA["I be on that 10 yr old body...." https://t.co/gFX84Q2RtU]]></document>
		<document><![CDATA[3 WEEKS UNTIL THE STRUGGLE IS REAL]]></document>
		<document><![CDATA[IM MEETING ABBY AND MASKIT IN MELBOURNE THANKS TO EVA OVER THE NEXT 2 DAYS IM SO EXCITED ❤️❤️❤️❤️]]></document>
		<document><![CDATA[@lifeaseva @TTLYTEALA me drowning https://t.co/erpl4n2JXk and their grandma panties https://t.co/ta0tAPs6rD]]></document>
		<document><![CDATA[Imagine being this hot https://t.co/0NKpJr4Bet]]></document>
		<document><![CDATA[Droning today after I got smashed by 10878867 waves surfing 🏄🏽👍🏼📸 https://t.co/c4MCpT3dSx]]></document>
		<document><![CDATA[Can you believe Eva invented SLAYING every hair colour? 😍 https://t.co/CDhJhl5a6Q]]></document>
		<document><![CDATA[Goodnight I have to be up in 5 hours to surf but that's ok 💕 I love Eva, my friends &amp; family and this squad of beautiful supporters ❤️]]></document>
		<document><![CDATA[How many copies of the struggle is real do I have to buy for Eva to become a New York Times Bestselling author? ❤️]]></document>
		<document><![CDATA[Okay but Adam and Eva's boat photos from Puerto Ricoooo are such a yes]]></document>
		<document><![CDATA[@lifeaseva dw everyone can wait another day it doesn't change anything ❤️ hope you had a good night ⭐️]]></document>
		<document><![CDATA[Me vs priorities when Eva posts an Instagram https://t.co/My7i0p2RU8]]></document>
		<document><![CDATA[@lifeaseva CAN we do this pose for a photo with Adam next time I see uuuu ❤️❤️❤️❤️? https://t.co/QT3EbS2CfG]]></document>
		<document><![CDATA[This was ME, LACHIE, MASKIT and TAYLOR RT YOUR GOALS https://t.co/vt42mxzmB4]]></document>
		<document><![CDATA[All my 11:11 's pulled through today and my favourite person in the world followed me on Instagram ❤️⭐️ https://t.co/O9EhObmulE]]></document>
		<document><![CDATA[@lifeaseva I LOVE YOU I LOVE YOU I REALLY DO YOU MEAN THE WORLD TO ME AND I CANT WAIT TO SEE YOU AGAIN YOU MAKE ME… https://t.co/KHkbdfTOhO]]></document>
		<document><![CDATA[@lifeaseva MOMMMMMM PLEASE https://t.co/BQvRltTmEm]]></document>
		<document><![CDATA[@lifeaseva FOLLOW ME DONT BE SNAKE]]></document>
		<document><![CDATA[@lifeaseva the things we do for you https://t.co/hqy8ME5yB3]]></document>
		<document><![CDATA[Goodnight I love her and I miss her and I want to get on the next plane to Puerto Rico to see her with $3.50 ❤️ https://t.co/zaUoCcgUVM]]></document>
		<document><![CDATA[@lifeaseva @BNEventsGrove @YouTube proud of you ❤️*books the next flight to LA 💕]]></document>
		<document><![CDATA[SYDNEY AUSTRALIA DATES PLEASE @ArianaGrande DONT SNAKE US LIKE THAT ❤️🇦🇺 #DangerousWomanTourAustralia https://t.co/ahBLydTigm]]></document>
		<document><![CDATA[Thankful for her being in my life ❤️ https://t.co/zffaOdA73B]]></document>
		<document><![CDATA[@youngfxlks @lifeaseva OH MY GOD LITERALLY WHAT THE HELL https://t.co/CUawIMxKwM]]></document>
		<document><![CDATA[Say a prayer to thank our man JC for this beauty 😍 https://t.co/EXQclu3xba]]></document>
		<document><![CDATA[@lifeaseva Wake him up you're only in Puerto Rico for a bit! ❤️🏛]]></document>
		<document><![CDATA[perks of living in Australia and only being able to choose priority shipping which costs $32847824 + MY SOUL https://t.co/xdbMFg3gZJ]]></document>
		<document><![CDATA[The first of many Venice instagrams 😊📸🏛🛥❤️ https://t.co/JoNR0yF8kh]]></document>
		<document><![CDATA[@lifeaseva the sign changed again... BUT YOUR FIRST BOOK RELEASES IN EXACTLY ONE MONTH  😵❤️📚 #MYLIFEASEVABOOK https://t.co/NHeosl34SR]]></document>
		<document><![CDATA[Today I swam in secret lagoons hidden by tall rock faces in 40 degree weather 💦☀️🌴😊 https://t.co/AN2J1KHsfL]]></document>
		<document><![CDATA[Can Adam and Eva just adopt me already and be my parents]]></document>
		<document><![CDATA[@lifeaseva WE GOTTA BOP TO THE TOP DONT EVER STOP https://t.co/YgvDl65mcx]]></document>
		<document><![CDATA[I posted an Instagram of my feet :) https://t.co/2eXuQSaD1u]]></document>
		<document><![CDATA[I WAS THE FIRST PERSON TO CALL OUT ADAM AND EVA AS A COUPLE I WIN AT LIFE]]></document>
		<document><![CDATA[@lifeaseva HOW THE FUCK DID I NOT NOTICE THIS BEFORE I LOVE YOU SO MUCH MY NAME IS GOING TO BE IN YOUR BOOK IM OVER… https://t.co/VKwoTK6z1W]]></document>
		<document><![CDATA[MY NAME IS IN THE STRUGGLE IS REAL IM SHAKINGGGGGG]]></document>
		<document><![CDATA[All I want is for Eva or Tana or The Savage to be at Amplify ❤️🙏🏼🎉]]></document>
		<document><![CDATA[I love Adams photography so much and Eva looks like a bloody supermodel 😍 https://t.co/fylR5vaYKo]]></document>
		<document><![CDATA[Oh my god can Eva and Tana or Eva and Shane PLS COLLAB I WANT IT SO BAD]]></document>
		<document><![CDATA[@lifeaseva WE LOVE LONGER ONES KEEP THEM]]></document>
		<document><![CDATA[@lifeaseva Should this even be considered as a yes/ no question https://t.co/vRcsveXovq]]></document>
		<document><![CDATA[@lifeaseva YES PLS THANK YIU]]></document>
		<document><![CDATA[Summer in Australia is the greatest https://t.co/NxKnF3uOtH]]></document>
		<document><![CDATA[They want me dead https://t.co/rkxi8bRUcY]]></document>
		<document><![CDATA[@lifeaseva ADOPT ME BE MY MOTHER]]></document>
		<document><![CDATA[@Pride_Janiel AHAHSHSUSJSJ SHE WAS IM SO HAPPY ITS THE BEST ONE IVE EVER GOTTEN]]></document>
		<document><![CDATA[I JUST GOT MY SCHOOL REPORT CARD IM SHAKING SAY A PRAYER FOR ME]]></document>
		<document><![CDATA[EVA JUST MADE A SECOND ACCOUNT A DAY AGO AND HER FEED IS ALREADY TEN FUCKING THOUSAND TIMES BETTER THAN MINE THIS IS UNFAIR]]></document>
		<document><![CDATA[.@lifeaseva what a baddie https://t.co/6r79vLQpXb]]></document>
		<document><![CDATA[@lifeaseva @MeredithFoster MERVA LIVES ON THROUGH 2017 https://t.co/dX8mOS7BuN]]></document>
		<document><![CDATA[Get you a squad that can do both 🙏🏼❤️👯👯 https://t.co/jvOCjoC7dv]]></document>
		<document><![CDATA[@lifeaseva r u having a quarter life crisis https://t.co/A8fseLygI3]]></document>
		<document><![CDATA[QUEEN of cuteness ❤️❤️❤️ https://t.co/PW39B5zGZ8]]></document>
		<document><![CDATA[Eva releases her book in 1 month and seven days I'm over the moon with excitement 🤗❤️📔]]></document>
		<document><![CDATA[*screams https://t.co/4tpXvedJwN]]></document>
		<document><![CDATA[When the hostess on the plane calls you "sir" https://t.co/v8jXDhKBCQ]]></document>
		<document><![CDATA[I'm at Venice Airport about to fly back home to Sydney now but I love my second home here and my family so much  ❤️… https://t.co/ZZcHuMBieQ]]></document>
		<document><![CDATA[@Moniekdelapas @SofiaBakrim @captainbarto @lifeaseva THIS IS SO GOOD IM OBSESSED]]></document>
		<document><![CDATA[HOW TF DOES SHE LOOK GOOD EVEN WHEN ITS FREEZING OUTSIDE THIS IS UNJUST I FEEL ABUSED https://t.co/mp3ZrK8hk5]]></document>
		<document><![CDATA[@lifeaseva then I'm going to run home and get my online copy and read it all throughout the night ❤️❤️❤️📚📚📚]]></document>
		<document><![CDATA[@lifeaseva the day the struggle is real comes out I'm going to run from school to the bookstore and buy as many copies as my broke self can]]></document>
		<document><![CDATA[I tweet to Eva because I hope to somehow repay the happiness she gives me everyday ♡ happiness is almost unrepayable]]></document>
		<document><![CDATA[For Christmas I booked my parents a romantic dinner in Venice while we're visiting family in Italy 🇮🇹❤️ and I just dropped them off]]></document>
		<document><![CDATA[lil mountain goats 😍😍🌲🌲🏔🗻 https://t.co/bwWP15gy9v]]></document>
		<document><![CDATA[He's treating her like the queen she really is and Im so happy for my parentals I love them incredibly much ♡ https://t.co/qlJwoBNaJ1]]></document>
		<document><![CDATA[@lifeaseva and I hope you know how much you've impacted people's lives with stories like these ♡ I'll always support you &amp; I love you sm]]></document>
		<document><![CDATA[@lifeaseva I wish I'd have known about all of this beforehand ♡ No matter how many times i say it, You really are amazing]]></document>
		<document><![CDATA[.@lifeaseva You're so strong &amp; brave to have gone through it all ♡ Thank you for constantly leading me into light ⭐️️https://t.co/KzLzKcT5pp]]></document>
		<document><![CDATA[Wether you respect her or not Eva has an amazing heart for everyone and anyone ❤️ she's so strong and brave I'm so glad I look up to her  ♡]]></document>
		<document><![CDATA[Lilac skies and winter ground https://t.co/qDVKAPp7bG]]></document>
		<document><![CDATA[I'm just happy people know how strong Eva really is now, I would've never been able to handle anything she went through ❤️]]></document>
		<document><![CDATA[ED SHEERAN IS DROPPING MUSIC LEGIT SO SOON IM SHOOK I CAN HEAR THE VOICE OF GOD AGAIN FINALLY]]></document>
		<document><![CDATA[@lifeaseva I love you so much too ❤️I'm so proud of you and 2017 is going to be LIT I can't wait to see what's next 😉💕]]></document>
		<document><![CDATA[Last 11:11 of 2016: Eva follows me on Instagram and everyone is healthy/ happy in 2017 ❤️🙌🏽]]></document>
		<document><![CDATA[@lifeaseva 2016 may not have been so bad after all .... 🙈❤️Thank you for everything you do, I really hope you know… https://t.co/zbRoVkNodx]]></document>
		<document><![CDATA[11:11 EVA follows me on INSTAGRAM before 2017 ❤️😊]]></document>
		<document><![CDATA[Don't think I've ever been happier than in this moment 😊❤️ https://t.co/W7c4FtkZvw]]></document>
		<document><![CDATA[@lifeaseva outside of Sierras Apartment? Wooowwwwwww]]></document>
	</documents>
</author>