<author lang="en">
	<documents>
		<document><![CDATA[The true #Nazi's are the violent Democrat Leftists trying to limit freedom of speech like tonight @berkeleyside… https://t.co/RRJjTbnHrt]]></document>
		<document><![CDATA[Do the #Democrats realize how ridiculous they look, pandering to Victimism &amp; Identity politics for their own greedy purposes? How clownish?]]></document>
		<document><![CDATA[We are now up to 155,915 on this tweet. Let's keep it going! Retweet! @KellyannePolls @seanspicer @seanhannity… https://t.co/2t9rva3Dxp]]></document>
		<document><![CDATA[Only in America could a person so utterly racist &amp; brainwashed as @CornelWest get a job at @Harvard. Just watched him on @seanhannity. Sigh.]]></document>
		<document><![CDATA[Anyone who threatens the President of the United States' life MUST be arrested and prosecuted. PERIOD. @SenatorSessions @realDonaldTrump]]></document>
		<document><![CDATA[Spoiled student elitists cultivated &amp; brainwashed for the past 8 yrs now performing for @CNN. #NYC &amp; #LA - #Berkeley do not run #America]]></document>
		<document><![CDATA[Left-wing anti-free-speec #Nazi movement at UC Berkeley shutting down free speech at this hour via violence. #Berkeley Such stupid people.]]></document>
		<document><![CDATA[#GeorgeSoros is bankrolling agitators to build up crowds. UC Berkeley example. @realDonaldTrump and @SenatorSessions @DHSgov MUST jail.]]></document>
		<document><![CDATA[Attacks on Milo at #UCBerkeley show again how today's college student is an intolerant Left-wing #Nazi - #Nazism started from the LEFT...]]></document>
		<document><![CDATA[Berkeley #Police are useless. They should be moving the violent Berkeley anti-Milo people out. @MiloYiannopoul1 @MiloYiannopoul2]]></document>
		<document><![CDATA[@UCBerkeley @BerkeleyPD Get off your rear ends, Police, and move these stupid people and the Soros-paid scum out. Get out pepper spray.]]></document>
		<document><![CDATA[#Democrats look SO bad these days. I almost feel sorry for them. Everyday Americans just aren't buying what they're selling. @SenateMajLdr]]></document>
		<document><![CDATA[#TrumpWins4USA We need to use all legal means to put George #Soros in jail. Plain and simple. He is bankrolling the ridiculous protests.]]></document>
		<document><![CDATA[@gatewaypundit @ChristiChat #CNN -- the Connivers Numbnuts Network - can be ignored.]]></document>
		<document><![CDATA[Use of former gangsters in Chicago, if ready to stay on side of law, to keep the peace, is a potentially good solution @realDonaldTrump]]></document>
		<document><![CDATA[@seanhannity @AriFleischer @Austan_Goolsbee @MichaelCohen212 @realDonaldTrump New Total: 154,093 -- keep this going! Retweet, everywhere]]></document>
		<document><![CDATA[Senator Cardin, you had better vote for Mr. Gorsuch. We - the same folks who voted for Hogan - are watching you. If… https://t.co/8j3O8ixGAu]]></document>
		<document><![CDATA[We diehard Trump supporters - #TrumpTrain - heartily approve. @benshapiro https://t.co/Fz8T0bAuqy]]></document>
		<document><![CDATA[#FallonTonight #MissUniverse #GorsuchNomination https://t.co/k9BbttQNvu]]></document>
		<document><![CDATA[@dcexaminer We will back you, Paul. FIGHT never CAVE. @SpeakerRyan #MAGA #TaxReturns #FightToLowerTaxes #Retail @RetailProphet]]></document>
		<document><![CDATA[@POTUS makes it clear that there's a new sheriff in town to #Iran. Mullahs, we are not afraid to turn your nuke generators into dust @Reince]]></document>
		<document><![CDATA[@The_Trump_Train Very good news. As our president forms his cabinet, the power to run our government becomes complete.]]></document>
		<document><![CDATA[@dcexaminer #MuslimBan Ah! -- its the pathetic Wasserman Stooge, back for an encore performance after being summoned by his Democrat masters]]></document>
		<document><![CDATA[@dcexaminer @nytimes Send them something symbolic of the quality and objectiveness of their writing staff, say, some used toilet paper #MAGA]]></document>
		<document><![CDATA[#mainemade #Maine #mainecoon #bangor  @mainegop @realDonaldTrump @SpeakerRyan We, #TrumpNation 63 million, will ass… https://t.co/88bkjoE1o6]]></document>
		<document><![CDATA[Please assist Mr. Farage by retweeting/sharing this list. He is the lone voice of reason there. @Nigel_Farage… https://t.co/tOVxPy9rhJ]]></document>
		<document><![CDATA[Hapless #ChuckSchumer is just plain sad. @Oprah @realDonaldTrump #TrumpInauguration #TeamTrump https://t.co/onC6UDZ6WB]]></document>
		<document><![CDATA[If #Democrats had any brains they'd stop pissing off @POTUS: he has a LONG memory. Smart move? Talk to him directly to make your case  #MAGA]]></document>
		<document><![CDATA[Very sad to hear PM @theresa_may support the endangerment of British families by opposing Trump's vetting. Pandering for votes?@Nigel_Farage]]></document>
		<document><![CDATA[@realDonaldTrump Don't destroy our forests by letting people use them for profit only. BALANCE. #TrumpNation wants a clean, preserved enviro]]></document>
		<document><![CDATA[@rtoberl @LT_Misc No Islamusts in positions of leadership, unless you love a "go-easy" policy on Islamic terrorists slicing your head off]]></document>
		<document><![CDATA[Pass NEW LIBEL LAWS to make it easier for networks acting as #Democrat party to be sued for deception. @realDonaldTrump @SenatorSessions]]></document>
		<document><![CDATA[@GOP https://t.co/cBTOvftbjF @Oprah @SenateMajLdr @realDonaldTrump #MAGA #Democrat #elizabethwarren #TrumpNation #NeverTrump @CNN]]></document>
		<document><![CDATA[@HouseGOP @SpeakerRyan @rushlimbaugh NO prob w/ some not seeing @realDonaldTrump as good yet. 1 year from now, economy booming, they will.]]></document>
		<document><![CDATA[@HouseGOP @SpeakerRyan Trump never, ever backs down. #TrumpNation @RushLimbaugh Rush it will take time B4 Trumps's actions win media]]></document>
		<document><![CDATA[@dahle44 @LadiesForTrump @TeamTrump @immcouncil  Yes, true. But a few morsels for the Democrats might be a good idea to let some steam out]]></document>
		<document><![CDATA[@IngrahamAngle Charlton Heston - skinnier, less sculpted version]]></document>
		<document><![CDATA[@BillKristol Bill, the 63 million of #TrumpNation, ones who'll never have a wood-paneled library like you, outed you from Day 1 @seanspicer]]></document>
		<document><![CDATA[US economy began growing when date for #Obama leaving got closer. Now growth will explode as he will never be back @CNN #stocks #business]]></document>
		<document><![CDATA[@Uldouz @BlueShieldCA Thank you, Obamacare... soon to be replaced w/ something better. PS - am a huge fan. Thx for following!]]></document>
		<document><![CDATA[@true_pundit Good idea. They can use some of the $$ @TheRevAl stole from the poor, uneducated blacks he has bamboozled for two decades #MAGA]]></document>
		<document><![CDATA[Petraeus supports @realDonaldTrumpin deference to General Mattis re: waterboarding https://t.co/nPa8pzEJui!]]></document>
		<document><![CDATA[Excellent, intelligent move. To our Democrat friends: we warned you not to ram thru #Obamacare w/ no #GOP votes, la… https://t.co/2G4Llsvou4]]></document>
		<document><![CDATA[Changes in the direction of true fairness and justice now coming back, as #America regains its borders, language, &amp;… https://t.co/gD9nPBCNoX]]></document>
		<document><![CDATA[63M on #TeamTrump fully back Tom Brady in his support for America's president @realDonaldTrump @CNN #TomBrady #NFL #SuperBowl2017 @tbrady14]]></document>
		<document><![CDATA[@POTUS wants to work w/ #Democrats but not accepting the election results &amp; childishly leaving our govt exposed? No @Oprah @KellyannePolls]]></document>
		<document><![CDATA[@CNN @Fox @ericbolling #Democrats @Oprah Please, antiTrumpers. Relax. @POTUS is no ideologue. Present your ideas to… https://t.co/MxznKjxKCo]]></document>
		<document><![CDATA[Some fed employees take civil disobedience class https://t.co/MYMYGhCEi2 To be fired &amp; replaced w/ vets. @realDonaldTrump @MichaelCohen212]]></document>
		<document><![CDATA[@LindaSuhler @seanspicer @KellyannePolls @ericbolling @LouDobbs Trump is no ideologue; seeks EFFECTIVENESS. Solutio… https://t.co/2lR3ykldZl]]></document>
		<document><![CDATA[Big problems caused by idealism &amp; naivete require big solutions. #Trump is not opposed to #Democrats but IS opposed to inaction @SpeakerRyan]]></document>
		<document><![CDATA[Mr. President, it's ok to take foot off pedal a bit &amp; spend some time on politics/bridge-building to Dems. @realDonaldTrump @KellyannePolls]]></document>
		<document><![CDATA[@dcexaminer @SenateMajLdr Mitch dont hand bullets to the damned Democrats by publucly criticizing Trump! Do it privately! #MAGA]]></document>
		<document><![CDATA[#TrumpNation says ... we think it is time to meet w/ group of just Dems. They're scared. Calm 'em @SeanSpicer @IvankaTrump @realDonaldTrump]]></document>
		<document><![CDATA[@crazyyhorse69 @dcexaminer Happy to see Bannon in there.]]></document>
		<document><![CDATA[@Morning_Joe is just more brain-dead liberal BS sold as "the Republican view". Nope it is a liberal grandstander's… https://t.co/tvLtZYoRVd]]></document>
		<document><![CDATA[@dcexaminer @Morning_Joe is more like Morning AntiTrump Blather #WeSupportTrump #MakeAmericaSafeAgain]]></document>
		<document><![CDATA[@CNN and their outrageous abuse of the airwaves is causing people like this one to lose it and attack liberals viol… https://t.co/5LqhFGLxVo]]></document>
		<document><![CDATA[Kudos to Liz Wheeler of One America News Network (OANN), a trooper for honesty and accuracy. WATCH her at 10PM and SUPPORT them @Liz_Wheeler]]></document>
		<document><![CDATA[@dcexaminer Such a biased, ugly piece of ar-left garbage]]></document>
		<document><![CDATA[@CNN news is illegitimate news. #MAGA #GorsuchisGreat @SupremeCtofPA]]></document>
		<document><![CDATA[STRONG SUPPORT FOR NEIL GORSUCH! @SenateMajLdr @CGasparino @cvpayne #MuslimBan #MuslimBanprotest]]></document>
		<document><![CDATA[@CNN Here too. #CNN is hated, but especially Rachel Maddow. @maddow @KellyannePolls @SenBobCorker https://t.co/9Jj5ASoOyp]]></document>
		<document><![CDATA[#hiphop #Snoop @SnoopDogg Trump is a Battle Boss w/ a Baseball Bat. Love the man's fight. @BlacksForTrump https://t.co/gnDaVVXCR8]]></document>
		<document><![CDATA[@realDonaldTrump Use the nuclear option if necessary. GET YOUR SUP CT NOMINEE!]]></document>
		<document><![CDATA[@realDonaldTrump Quick surprise rollout was smart. Who knows what terrorists were kept out by doing so. #MuslimBan #SCOTUS #FightLiberals]]></document>
		<document><![CDATA[@realDonaldTrump @SenBobCorker Don't criticize Trump publicly at least during early days! Do it quietly! Don't feed Dem obstructionism!]]></document>
		<document><![CDATA[@realDonaldTrump Do not criticize Trump, @SpeakerRyan @SenateMajLdr because right or wrong, you FEED DEM OPPOSITION. Stop! Discuss quietly!]]></document>
		<document><![CDATA[@realDonaldTrump Do we recruit a proTrump Democrat for Committees voting on picks if Dems keep boycoting permanently? @seanspicer #SCOTUS]]></document>
		<document><![CDATA[@The_Trump_Train What kind of pressure can we apply or negotiate to get nominees passed?]]></document>
		<document><![CDATA[If you have other picks for 2 cabinet slots they're blocking, we'll stand w/ you Mr. President @realDonaldTrump #MAGA #LiberalsAreHypocrites]]></document>
		<document><![CDATA[@SpeakerRyan Paul, @POTUS knew he'd take heat w/rollout but also knew surprise was ESSENTIAL. NO leaks! Dont give fodder to antiTrumpers.]]></document>
		<document><![CDATA[How can a psychologist be a patriot when their profession, ridden w/ drug addiction &amp; antisocial behavior, calls patriotism an illness? #CNN]]></document>
		<document><![CDATA[@DiamondandSilk Left makes up words all the time. Yates granstanded to get cushy job after leaving @DOJ @CNN @wolfblitzer Pond scum is she]]></document>
		<document><![CDATA[Best way to for wall? Forfeited int'l drug money. Guzman - in our custody now - worth over $12B, enuf to pay for 2 walls @SpeakerRyanDick]]></document>
		<document><![CDATA[Another good job by @seanspicer - He didnt let the dishonest press re-define or rewrite ANYTHING! Good job! @realDonaldTrump]]></document>
		<document><![CDATA[Extreme vetting https://t.co/OhFhGekQTY Bill O'Reilly hits the issue right on the head. Thank you Bill! @realDonaldTrump @POTUS #MuslimBan]]></document>
		<document><![CDATA[@mitchellvii @TheLastRefuge2 @WSJ @SenJohnMcCain @facebook @Google Hire Americans first; always. Hire foreigners second, but ONLY legally]]></document>
		<document><![CDATA[Former Nazi collaborator @georgesoros - who hates the United States for a variety of reasons, bankrolled many of th… https://t.co/aPwfNaRCSZ]]></document>
		<document><![CDATA[We love our @POTUS 100%. Thank you for standing up to the MMD - Media (e.g., @CNN) Milktoasts (e.g., Sen. Graham) &amp;… https://t.co/F7mFAVm5V5]]></document>
		<document><![CDATA[@mitchellvii @BreitbartNews @WashingtonPost #Trump #WeLoveTrump #ThankYouMrPresident @realDonaldTrump We Trump supporters are SO happy.]]></document>
		<document><![CDATA[She was auditioning for a Democrat job as she was going to be dumped when Sessions was approved anyway. https://t.co/uXa8RJ9OBK]]></document>
		<document><![CDATA[It is a duty of all Americans to denounce snowflake America-haters abusing our great country's gifts. The war is on… https://t.co/L2Mp5ZNKwR]]></document>
		<document><![CDATA[@dcexaminer Ban was sudden to ensure terrorists would not advance their plans &amp; try to sneak in. A BRILLIANT, deft move by @realDonaldTrump]]></document>
		<document><![CDATA[@dcexaminer @NoemieEmery1 Strength &amp; refusal to back down or apologize IS the strength we need in our president today, to fix the Obama mess]]></document>
		<document><![CDATA[@DRUDGE_REPORT Almost certainly fake news.]]></document>
		<document><![CDATA[@true_pundit Good. As long as it is supportive of a pragmatic approach to making our country strong again, I'm all for it. #TeamTrump @POTUS]]></document>
		<document><![CDATA[@LouDobbs @POTUS @USATODAY Yes, and #TrumpNation grows tighter and more loyal, all 63 million + of us, in the face of the enemy. #TrumpTrain]]></document>
		<document><![CDATA[@dcexaminer @realDonaldTrump 1 thing you can count on from our 45th @POTUS: He'll keep you guessing while he studies. Never underestimate...]]></document>
		<document><![CDATA[Scientists Criticize "Hottest Year on Record" Hype https://t.co/98CRMdgxQZ]]></document>
		<document><![CDATA[@seanhannity Brother Trump's extreme vetting is so comforting to people with children like me. Finally, a man of principal @MichaelCohen212]]></document>
		<document><![CDATA["Sally Yates" What makes Sally run? Donald handed her a piece of pink paper &amp; said scram. This was our #DOJ? Partisan quacks like this?]]></document>
		<document><![CDATA[@TuckerCarlson @seanspicer @realDonaldTrump @REALStaceyDash There he goes... what an upstanding guy... https://t.co/e62JepAmS9]]></document>
		<document><![CDATA[@dcexaminer About time we allowed young people to get their first job and others to be rewarded based on merit.]]></document>
		<document><![CDATA[The Left is composed of committed hypocrites. The biggest (and fattest) of the hypocrite fools is Michael Moore. Ha… https://t.co/iwvJTKrUmu]]></document>
		<document><![CDATA[@dcexaminer Nah. We don't help the disgusting Iranians. Never more. We demand FairPlay and we don't lay down as our Muslim-president did]]></document>
		<document><![CDATA[Out comes the fat-cat elitists of #Hollywood like @springsteen &amp; @cher who know NOTHING about the 60 hour dirt job we work to pay water bill]]></document>
		<document><![CDATA[@DRUDGE_REPORT @THR Stupid jerks trying to be popular w/ the Hollywood Reporter. These elitist bastards don't care about us. @rupertmurdoch]]></document>
		<document><![CDATA[#SallyYates showed us how partisan our justice system was during the #Obama years. I praise God on my knees that President Trump won.]]></document>
		<document><![CDATA[@DRUDGE_REPORT @washingtonpost Wrong. No tensions, nothing even close. @Reince is an admired fighter and we love him. Bannon is a genius.]]></document>
		<document><![CDATA[@dcexaminer Trump is not an ideologue by nature. AntiTrumpers should make their case to him if they believe in something, not whine and cry.]]></document>
	</documents>
</author>