<author lang="en">
	<documents>
		<document><![CDATA[@mjasher @drewby417 well, yes. But he's not in first or second]]></document>
		<document><![CDATA[@Rastaripcity @hutchinsfamily5 all depends on where you live]]></document>
		<document><![CDATA[I'm with ya https://t.co/dNjbEHdj05]]></document>
		<document><![CDATA[AN followed up this birdie with stuffing my hug attempt https://t.co/zw2aWobJNq]]></document>
		<document><![CDATA[AN is close on 6 https://t.co/pZ2VFfRQgT]]></document>
		<document><![CDATA[We just got a #Philroar]]></document>
		<document><![CDATA[Kevin Na tilting Phil &amp; Webb taking 5 mins to line up a 5 footer]]></document>
		<document><![CDATA[@Davidollielli it took him 4 to get into the bunk]]></document>
		<document><![CDATA[We're in between 6 green and 7 tee by the giant leaderboard. Come hang. @JLUDEOBV already here https://t.co/pbifz3Ujvj]]></document>
		<document><![CDATA[Phil is officially ANDERCURSED. Tim went for high five, got rejected, and slapped his arm anyway https://t.co/LbVQXMu0pE]]></document>
		<document><![CDATA[Let's do this. No 16 today. Fuck that line. https://t.co/cmZQpp6qpV]]></document>
		<document><![CDATA[Sunday Uber is gonna be LIT https://t.co/TNxrXZKO4Q]]></document>
		<document><![CDATA[@RG_Gibbathy just say yes and move on]]></document>
		<document><![CDATA[@Brodero20 @kevinsportsgeek Watch this contest with me,  https://t.co/Gi7EBechDB]]></document>
		<document><![CDATA[Tim AnderCUST - Eagle 🦅on hole 12. (+20) https://t.co/FVz8HGuNek]]></document>
		<document><![CDATA[@BLanVancity it's only Friday]]></document>
		<document><![CDATA[@rychase i like where your heads at]]></document>
		<document><![CDATA[Hopefully one of these guys is a weekend hero. https://t.co/kD3taIKIS1]]></document>
		<document><![CDATA[This is actually @TIMANDERCUST. His celebrity got him off Scott free https://t.co/3cF1by6khN]]></document>
		<document><![CDATA[#UFCHOUSTON @DraftKings Picks w/ @CjSaftic 

V https://t.co/h3FZtF8NrG 
A https://t.co/9FiTOutX4C 
CS… https://t.co/5Rgi3HFNUR]]></document>
		<document><![CDATA[@rich_kruszyna I'm a White Bear man myself, but I too am FIRED UP for the challenge]]></document>
		<document><![CDATA[@rich_kruszyna IM WORKIN ON IT]]></document>
		<document><![CDATA[@DeanLeask oh Lord, no. But I know who wants press and publicity, and gets mad when he doesn't get it.]]></document>
		<document><![CDATA[@DeanLeask in truth, it's actually not.]]></document>
		<document><![CDATA[Thanks for contributing! https://t.co/W3vcwE4efO]]></document>
		<document><![CDATA[We talked about this exact thing on the Pod this week. Bannon's finished. Stealing the limelight. BAD! https://t.co/GXhMDW6yH0]]></document>
		<document><![CDATA[@Race4thePrize DUH. And stay outta Riverdale. https://t.co/MjGLWMaXAi]]></document>
		<document><![CDATA[@NYCPunter @Degenerate_Mike that's what I've always been told. It may be incorrect]]></document>
		<document><![CDATA[Apparently he just needed the party atmosphere https://t.co/r3pGHpPqPX]]></document>
		<document><![CDATA[Can anyone help this guy out? https://t.co/6nP7f5QXts]]></document>
		<document><![CDATA[We've only been here 10 minutes and already @TIMANDERCUST is dressed as a fly fisherman espousing his distrust of A… https://t.co/h4p09G7DuO]]></document>
		<document><![CDATA[@BudSportMMA @CjSaftic it's always up on the FNTSY feed first]]></document>
		<document><![CDATA[@BudSportMMA @CjSaftic came out this morning.]]></document>
		<document><![CDATA[@JBower4 I just got off the plane]]></document>
		<document><![CDATA[THE HAG!!! https://t.co/bAWmg4sV5F]]></document>
		<document><![CDATA[@allinkid I'm still sitting on the tarmac.]]></document>
		<document><![CDATA[@allinkid also, never take my advice. I'm bruta]]></document>
		<document><![CDATA[@allinkid everyone does. It's far more difficult than people make it seem]]></document>
		<document><![CDATA[@allinkid you're starting to love DFS Golf, aren't you?]]></document>
		<document><![CDATA[@allinkid maybe you'll split with 10000 people!]]></document>
		<document><![CDATA[Most owned golfers in the $3 

Get full info c/o @TFFDFS 
https://t.co/SH8ERTsffT https://t.co/d9ZpbxbVxd]]></document>
		<document><![CDATA[I was thinking the same thing after @PGABirdies started lighting up my screen. Have to get updated FRP from… https://t.co/XjEjZnDlFO]]></document>
		<document><![CDATA[Can't wait for HAGY FRL. In fairness, T4 after today works fine too]]></document>
		<document><![CDATA[@pgatourbetting @_BHax2 you all can reap the rewards then.]]></document>
		<document><![CDATA[@_BHax2 I can't do keegan. It's too much of a slippery slope]]></document>
		<document><![CDATA[ITS OUT!!!! #UFCHOUSTON @DraftKings Picks w/ @CjSaftic 

V https://t.co/h3FZtF8NrG
A https://t.co/9FiTOutX4C
CS… https://t.co/KDvfCy15Ex]]></document>
		<document><![CDATA[PHOENIX!!!!!!

Picks https://t.co/DXmmuQgo61
DK https://t.co/hprb2acBrf
DK Cheatsheet https://t.co/f5Dpa7yt6N
Bets… https://t.co/PTBiPvfT3C]]></document>
		<document><![CDATA[GOLF!!!!!!!!!!

Picks https://t.co/DXmmuQgo61
DK https://t.co/hprb2acBrf
DK Cheatsheet https://t.co/f5Dpa7yt6N
Bets… https://t.co/mkkVYjE2zn]]></document>
		<document><![CDATA[@PatrickMella @coachesser playing like shit and dealing with a rib injury that caused him to WD last week]]></document>
		<document><![CDATA[@69Boyer69 @kascough1 basically]]></document>
		<document><![CDATA[GOLF!!!!!

Picks https://t.co/DXmmuPYNet
DK https://t.co/hprb2aucPP
DK Cheatsheet https://t.co/f5Dpa7Q4vn
Bets… https://t.co/PAN59lUyZd]]></document>
		<document><![CDATA[@The_WinningEdge @JLUDEOBV He made my betting sheet]]></document>
		<document><![CDATA[@Ellz1103 i allocated some spots for him on my DK rosters]]></document>
		<document><![CDATA[YUGGGE NEWS: @TIMANDERCUST has received a promotion. He's now officially the Steve Bannon of the Pat Mayo Hour. 

H… https://t.co/dJY6RE4eCA]]></document>
		<document><![CDATA[ITS OUT!!!!!!!!! Super Bowl LI PICKS &amp; PROPS w/ @GarionThorne &amp; @timanderson87 

V https://t.co/nSbsHbWpbP
A… https://t.co/L4lc7xXpkn]]></document>
		<document><![CDATA[#SuperBowl Picks &amp; pros w/ @GarionThorne &amp; @TIMANDERCUST 

https://t.co/eBpyNnuYHh https://t.co/gyngbZPfip]]></document>
		<document><![CDATA[@RG_Notorious what's the game plan for getting stadium seats? Just show up early?]]></document>
		<document><![CDATA[@RG_Notorious I'll be the one being thrown out]]></document>
		<document><![CDATA[@RG_Notorious you gonna be there?]]></document>
		<document><![CDATA[.@PaulShag reveals he’s haunted by ghosts https://t.co/7DJGYUIbOG]]></document>
		<document><![CDATA[@m_andrews93 @futureoffantasy @kackalack09 @JKeene21 Knox is best of those bunch]]></document>
		<document><![CDATA[@KungPhui @JLUDEOBV I'm still at work. Thursday can't come soon enough]]></document>
		<document><![CDATA[@RotoGrindersCam what's the wager?]]></document>
		<document><![CDATA[Canadian data plans are terrible in USA. If wifi, for sure https://t.co/cQaDCD2ziw]]></document>
		<document><![CDATA[It was nice of @coachesser to stop by and chat popular OADs. I also added HAGYYY as a super punt at 600/1. (Each wa… https://t.co/P3nUFqmUa6]]></document>
		<document><![CDATA[@kackalack09 @m_andrews93 @JKeene21 I'm not certain, but I'd think @futureoffantasy would agree with the volatility of some of these stats]]></document>
		<document><![CDATA[@kackalack09 @m_andrews93 @JKeene21 sure, but that was a small sample, and his recent performance shows he may have that figured out]]></document>
		<document><![CDATA[Had a great chat with @jaebberwock about how not to have the same lineup as everyone else https://t.co/GiI1nBrUHe]]></document>
		<document><![CDATA[I'm watching Moonlight. I have a sense of dread at every moment.]]></document>
		<document><![CDATA[@MattGamby too early for that]]></document>
		<document><![CDATA[@MattGamby I got on Noren late at 100/1. Down to 66/1 now]]></document>
		<document><![CDATA[Feel like this LU, without Lowry, is going to be VERY popular this week. No shade. I love it, but may have to think… https://t.co/mYb7VEUEGw]]></document>
		<document><![CDATA[Fuck off https://t.co/edz9Sq8tTd]]></document>
		<document><![CDATA[Hopefully the misspelling throws it off. Phils fucked however. But hes been ANDERCURSED since the '13 Open.… https://t.co/n7rExS6VJU]]></document>
		<document><![CDATA[My worst fears have been confirmed. It appears as if Jon RAHM may have been ANDERCURSED!!!! It's a grey area, thoug… https://t.co/2WNAKtZYIf]]></document>
		<document><![CDATA[@Ra_Horakhty98 I don’t think thats a real site]]></document>
		<document><![CDATA[Get your ass in the league NOWWW!!!!!! That, or CT is gonna come for ya https://t.co/PKrZ6hZjwu]]></document>
		<document><![CDATA[ITS OUT!!!!! #TheBachelor Ep. 5 Recap &amp; Fantasy Scoring w/ @PaulShag 

V https://t.co/kNsi2HzcAv
A… https://t.co/Ja1ATeFNUc]]></document>
		<document><![CDATA[ITS OUT!!!!! Wasted Management DK Picks w/ @jaebberwock 

V https://t.co/hprb2aucPP
A https://t.co/jdK3FEco14
CS… https://t.co/HPkjXr6AHB]]></document>
		<document><![CDATA[@DFSWINS I'll try to find a guy]]></document>
		<document><![CDATA[#TheBachelor Episode 5 Recap, Fantasy Scoring 7 GHOSTS!!!!!!!!!!!! w/ @PaulShag 

https://t.co/IZDJMaSFZI https://t.co/kJysSGEp8Q]]></document>
		<document><![CDATA[@DFSWINS I mean, I hate soccer, but it's not impossible to see happening.]]></document>
		<document><![CDATA[@CalConal1 can't bet on betfair here]]></document>
		<document><![CDATA[@JPCheez I think PGA tour has one. But sign up dead line may have passed]]></document>
		<document><![CDATA[Now that I’m in, I fully expect him to WD two holes in after learning his custom bed didn’t show up. https://t.co/vBMbJvK8dD]]></document>
		<document><![CDATA[I was surprised to discover Louis has only missed one cut since the US Open. (2 were no cut events)

Has Nine T25s… https://t.co/8IlxG1Yr26]]></document>
		<document><![CDATA[Strokes Gained: Approach leaders in the field. https://t.co/s4YywLAmVE]]></document>
		<document><![CDATA[Everyone needs to vote for @robinblackmma. Guy never stops grinding and always brings it. https://t.co/3NEVfjg1oP]]></document>
		<document><![CDATA[You have to play one, which one is it?]]></document>
		<document><![CDATA[Not a sport. The Challenge is. https://t.co/I77MArUB1P]]></document>
		<document><![CDATA[@SpikeBoyQ @FGMetrics not from me. I had a hard enough time going back through old tweets to find that thing]]></document>
		<document><![CDATA[@2Hats1Mike @LHitch09 @DrewDinkmeyer 8 for THE HAG!!!]]></document>
		<document><![CDATA[NFL
PGA
The Challenge
MLB 
NBA
Roller Jam https://t.co/GJOwnhkL0y]]></document>
		<document><![CDATA[I couldn't think of anything better to do with $8. Before you rebut, remember, those are Canadian $$$. Options are… https://t.co/h7a3zhBsaC]]></document>
		<document><![CDATA[Par 4 Birdies or Better leaders in the field https://t.co/LjoA6zXCVb]]></document>
		<document><![CDATA[Ball Striking Leaders in the field https://t.co/eA1o2f56zb]]></document>
		<document><![CDATA[Driving Distance Leaders in the field https://t.co/zEKoAhGqX5]]></document>
		<document><![CDATA[Only 29 spots left. GET IN NOW!!!!! https://t.co/FDqdEnf4Nz]]></document>
		<document><![CDATA[ITS OUT!!!!!! Waste Management Picks &amp; One and Dones w/ @CamStewartLive &amp; @coachesser 

V https://t.co/aADSuvxhTk
A… https://t.co/0vH5IxUdmP]]></document>
		<document><![CDATA[@zaolds its up]]></document>
	</documents>
</author>