<author lang="en">
	<documents>
		<document><![CDATA[Read "When Breath Becomes Air" recently and cannot recommend it enough - compelling, full of emotion, and scientifi… https://t.co/eapGyhHE3D]]></document>
		<document><![CDATA[~2 months left till our #bonehealth #socialmosaic symposium with @Brennan_Olsen https://t.co/nj3PqfvHDO… https://t.co/pqJm5H9Tv4]]></document>
		<document><![CDATA[Interesting paper on #osteon circularity &amp; #biomechanics &amp; #speciesID in #primate and nonprimate #bone from @UUtah https://t.co/p1HZKRIpyd]]></document>
		<document><![CDATA[@AdrianaTamayoE I do indeed! You are right about the link between nursing and bioarch - a lot of inspiration!]]></document>
		<document><![CDATA[@AlanaCSharp London is the greatest city in the world, you will have a blast!]]></document>
		<document><![CDATA[@OsMonkey don't be silly! You should come and visit us :)]]></document>
		<document><![CDATA[@TheErenLab @AlastairKey congrats Ali! Will I see you at AAPAs this year?]]></document>
		<document><![CDATA[Excavating with students in the Philippines #bioarchaeology #fieldschool! @ANU_BioAnth https://t.co/Fggp9yrOz8]]></document>
		<document><![CDATA[@Arrybones very interesting! I'm a histologist so would be interested in hearing more about your findings, hopefully some conference soon!]]></document>
		<document><![CDATA[Don't miss this #forensic event @KentSAC https://t.co/Ut1q0se42x / https://t.co/86tpXlcYuU March 30th! #victimidentification]]></document>
		<document><![CDATA[My PhD student's @archaeocattus @PNASNews paper is out! #proudsupervisor @ANUcass https://t.co/nJzo0Eh2DL]]></document>
		<document><![CDATA[@Arrybones are you sampling arch tissue?]]></document>
		<document><![CDATA[Yes we are! 💀 https://t.co/4m31gDER6h]]></document>
		<document><![CDATA[Why thank you! 😊 https://t.co/gZ6nhF2zec]]></document>
		<document><![CDATA[Prepping the lab for @NYSFoz today - introducing young minds to palaeoanthropology and skeletal biology with @alannah_pearson #nysf2017]]></document>
		<document><![CDATA[Our paper on #biorhythms is now fully published in @JAnatomy https://t.co/DcS0kgEKMB #greatapes #dentalhistology]]></document>
		<document><![CDATA[Our fab students working hard in the field! #bioarchaeology @ANU_BioAnth https://t.co/hM9rqePA6Z]]></document>
		<document><![CDATA[Greetings from our fieldschool in the Philippines! My official "I'm an archaeologist" pic! https://t.co/6osiVjGYqc]]></document>
		<document><![CDATA[Off to join the rest of our @ANU_BioAnth team in the Philippines! Let's get digging 💀stay tuned for #bioarchaeology… https://t.co/aw4DXwqRto]]></document>
		<document><![CDATA[2017 means I am officially the convenor of our Masters in Biological Anthropology! Come and study with us - ANU is the place to be! #bioanth]]></document>
		<document><![CDATA[In the middle of finalising our schedule for @ANU_BioAnth 2017 research seminars. So many exciting talks coming up... stay tuned everyone!]]></document>
		<document><![CDATA[Just found out that my other research student, Coco James, has had her first ever #AAPA abstract accepted for New Orleans! #proudsupervisor]]></document>
		<document><![CDATA[Exciting #forensic event @KentSAC @KentForensic @UniKent in March! https://t.co/86tpXlcYuU]]></document>
		<document><![CDATA[Looking forward to catching up with @DrFahy_Anthro later today! @KentSAC re-union!]]></document>
		<document><![CDATA[Both abstracts @PhysAnth #aapa2017 accepted! New Orleans here we come! Well done to my research student Paula Fuente García  🔬]]></document>
		<document><![CDATA[What a fantastic visit to the University of Warsaw arch department - here's to hopefully many years of collaboration #feelinginspired 👍]]></document>
		<document><![CDATA[Looking forward to visiting the University of Warsaw today - establishing Australia-Poland #bioarchaeology collaboration! @ANU_BioAnth]]></document>
		<document><![CDATA[Children are the future! https://t.co/wmnQ3vXOtw]]></document>
		<document><![CDATA[Structural biology paper I have been working on this whole year is ready to go go go! #nervoussubmission #pleasenodeskrejection]]></document>
		<document><![CDATA[Really looking forward to it! https://t.co/QGWO9l88aJ]]></document>
		<document><![CDATA[Prospective students, come &amp; study with us, ANU is the place to be! https://t.co/nJYqik0ojQ - from our VC @cosmicpinot himself, must watch!]]></document>
		<document><![CDATA[Lab equipment I secured grant money for is here! It feels amazing :D #earlycareerresearcher #settinguplab #settingupresearchgroup]]></document>
		<document><![CDATA[New paper @PNASNews reports knocking out #Spop leads to brachydactyly! Important regulator of #bone development? https://t.co/y1pqbmH4Gk …]]></document>
		<document><![CDATA[A massive well done to my research students for wonderful presentations at #ashb2016 @tahliajade87 @archaeocattus… https://t.co/0dl4rXyzV0]]></document>
		<document><![CDATA[Intriguing proposal by @ancientchildren to consider infants in the #bioarchaeology of care model #ashb2016]]></document>
		<document><![CDATA[@showmethemummy "don't use isotopes in isolation! We have skeletons" - well said! #ashb2016]]></document>
		<document><![CDATA[Great session on growth and stress this morning I was a part of, thanks @otago for hosting such a great conference #ashb2016]]></document>
		<document><![CDATA[@showmethemummy giving an awesome overview of isotopes in #bioarchaeology #ashb2016]]></document>
		<document><![CDATA[Fascinating insights into the usefulness of Barium in studying weaning in living and fossil #primates  @DrTanyaMSmith #ashb2016]]></document>
		<document><![CDATA[I'll be there too, talking about bone quality in past humans! Looking forward to catching up @Dr_BoAbrahamsen https://t.co/v1iGh6JsGy]]></document>
		<document><![CDATA[This is exactly why I'm studying the human body. We're amazing! A must watch! https://t.co/MOmRNoXUu1]]></document>
		<document><![CDATA[That's right! I just got the e-mail :) 2017 shall be grand! https://t.co/icmnyugV80]]></document>
		<document><![CDATA[Big ideas workshop #ashb2016 started with a talk by Prof Roberts on #leprosy and #tuberculosis - need to bridge bioanth &amp; clinical research!]]></document>
		<document><![CDATA[Really looking forward to it! https://t.co/zIGXTxedWr]]></document>
		<document><![CDATA[Nothing feels better than the proof stage! Thanks so much for involving us in your project cc @david_errickson https://t.co/EiNtZbpp3j]]></document>
		<document><![CDATA[Feeling very inspired at #ashb2016 and it's only day 2 :)]]></document>
		<document><![CDATA[@wfxue Great! I'm going to be on the east coast next year so will check it out! Was this as part of your annual Boston trip?]]></document>
		<document><![CDATA[Nice one @wfxue where is that? https://t.co/pS2BVyodNI]]></document>
		<document><![CDATA[Intrigued by the large research collection of modern SE Asian skeletal material at Khon Kaen University in Thailand... #ashb2016]]></document>
		<document><![CDATA[Incredibly thought provoking keynote from Prof Charlotte Roberts @durham_uni need to consider ethics in analysis of human remains #ashb2016]]></document>
		<document><![CDATA[Book chapter proofs are here 😊 little things in my academic life 👍🏻]]></document>
		<document><![CDATA[Lots of great talk today #ashb2016, three of our research students also presented posters @ANU_BioAnth]]></document>
		<document><![CDATA[Course reviews are in - thanks to my students for all their amazing feedback! Until next semester! :)]]></document>
		<document><![CDATA[This one's for my students @ABACUS_ANU https://t.co/1qK0zwv5wk]]></document>
		<document><![CDATA[That's right, I always say academia is not the only option. Science can be done outside! Postdocs leaving the lab https://t.co/pEKcvxdP1u]]></document>
		<document><![CDATA[Off to Dunedin @otago for #ashb2016 - a whole week of all things skeletal, can't get any better, can it? 💀]]></document>
		<document><![CDATA[#Archaeology soap reveals tiny #dinosaurs as you use it - you're all welcome. https://t.co/D1MpQJ4xPC]]></document>
		<document><![CDATA[@DrTanyaMSmith Welcome to Australia!]]></document>
		<document><![CDATA[Happy Monday everyone! https://t.co/7nE8ZAJYbk]]></document>
		<document><![CDATA[Today's 2 years since my #PhD graduation @KentSAC @UniKent Never imagined I'd end up in Australia! https://t.co/EZEM2vtwgg]]></document>
		<document><![CDATA[Received a lovely thank you pressie from our work experience student this week. Happy to have been able to introduce her to bioarch work!]]></document>
		<document><![CDATA[@ancientchildren @loveskeletons going on a reading list for my skeletal class next semester!]]></document>
		<document><![CDATA[Great review on #microwear #weaning by @loveskeletons &amp; @ancientchildren - so happy you incl our 2016 JArchSci paper https://t.co/y5tR0oyNIT]]></document>
		<document><![CDATA[@BoneGuerrilla @ANU_BioAnth I know 😢 but you're moving onto new exciting adventures 😊]]></document>
		<document><![CDATA[Yay - my brand new @ANU_BioAnth grad course is official! Semester 2 2017 https://t.co/zup1n85Sc4 #bioarchaeology #skeletalbiology]]></document>
		<document><![CDATA[Honoured to be working with Marc! https://t.co/VDZ9YA4kQa]]></document>
		<document><![CDATA[@loveskeletons forensic study, experimentally burnt pig teeth, looking at perikymata preservation (micro) &amp; macro-morph change @ diff temp]]></document>
		<document><![CDATA[Congrats to my research student Natasha on submitting her masters thesis today! My 2nd submission since I took up m… https://t.co/S81RumCnB8]]></document>
		<document><![CDATA[#Menopausal hormone therapy improves #bonehealth https://t.co/T2QcIHWglw]]></document>
		<document><![CDATA[First bioarch paper evaluating the new #Olympus #OLS4000 - so much potential for dental #enamel research https://t.co/AwtXaqxDqL]]></document>
		<document><![CDATA[That's right - make sure 28 Nov is in your diary! As the new programme convenor (from 2017), I will talk about mast… https://t.co/KyR3bG9lh4]]></document>
		<document><![CDATA[Congrats to my research students @Walking_Skelly @archaeocattus @tahliajade87 and Ashley Bridge for having abstracts accepted at #ASHB2016]]></document>
		<document><![CDATA[1st brand new piece of histo prep equipment should be arriving for the lab next week! #slowlybutsurely #earlycareer #settingupresearchgroup]]></document>
		<document><![CDATA[Trying out my new scope on some initial samples - happy to see #osteocytelacunae in this ~900 yr cortical bone, mag… https://t.co/sajKvR1W2x]]></document>
		<document><![CDATA[@forensicfix I am obviously in denial that 2017 is approaching fast! 😉]]></document>
		<document><![CDATA[@ctmccartney @forensicfix ah yes! Just corrected it! 🙈]]></document>
		<document><![CDATA[Great forensic science event - New York April 2017! By @forensicfix https://t.co/6UPrM1UzHF  #forensics]]></document>
		<document><![CDATA[#postdoc in #forensicanthropology at Tennessee https://t.co/4OQkqaFP8c with access to Anthropology Research Facility - unique opportunity!]]></document>
		<document><![CDATA[Exciting new title by @maddymant just arrived, perfect for the weekend 👍🏻 https://t.co/TzNgdMP30s]]></document>
		<document><![CDATA[#Leg movement restored in #primates using wireless neural interface https://t.co/ZtvgzNiK3m]]></document>
		<document><![CDATA[Save the date everyone! #bonebiology https://t.co/ikayIga9VG https://t.co/xQIQWAXNzC]]></document>
		<document><![CDATA[My greatest inspiration! https://t.co/iG0GPvv6Ug]]></document>
		<document><![CDATA[Towards better hip replacements https://t.co/ZfsJcuOarV]]></document>
		<document><![CDATA[And I'm lucky to have a wonderful TA @clare_mcfadden_ !!! https://t.co/vzys0NYusp]]></document>
		<document><![CDATA[I just received a handwritten letter from one of my students thanking for my classes. Teaching is so incredibly rewarding. #myacademiclife]]></document>
		<document><![CDATA[Just registered for #ISPH2017 including the advanced #histology workshop at Biomaterials dept at @NYUDental - July hurry up! #hardtissues]]></document>
		<document><![CDATA[This event looks great, really wish I could make it! https://t.co/t2Y3stvvIW]]></document>
		<document><![CDATA[key #protein for #spinalcord repair found? Mokalled et al in Science https://t.co/7IkTEd0REU]]></document>
		<document><![CDATA[Super interesting special issue on #pain! https://t.co/TotAGXwiEx]]></document>
		<document><![CDATA[Reminder for Canterbury/ London folk: @LeeRberger on recent hominin fossils next week at my academic home @UniKent https://t.co/Icq1LsqYvk]]></document>
		<document><![CDATA[DNA: core principles of molecular phylogenetic inference https://t.co/U5UEeeQIHf this Friday lunchtime @ Sciences Teaching Building]]></document>
		<document><![CDATA[@ProfCJHernandez @NatalieASims @jboerckel growth factors? I'm all about osteocyte apoptosis + microdamage but there was no mech stim here]]></document>
		<document><![CDATA[Fantastic paper in #Bone - there is lower Young’s modulus in resorbed versus unresorbed osteons #osteoclasts https://t.co/zib30zCMzu]]></document>
		<document><![CDATA[This includes three of my colleagues in the School - so much inspiration! @CarlySchuster @CJFrieman https://t.co/KD75LRzSqa]]></document>
		<document><![CDATA[Mutations in #bone cells can drive #leukemia in neighboring stem cells https://t.co/bqdV0nJ7v4]]></document>
		<document><![CDATA[Great news - funding to attend #aapa2017 next year in New Orleans secured 😁💀]]></document>
		<document><![CDATA[Screws that fit the body's notches https://t.co/gTU2HDLadS]]></document>
		<document><![CDATA[#WCOIOFESCEO2017 in Italy looks great! I will be presenting on ancient bone health as part of an invited symposium https://t.co/yWdcuaML8R]]></document>
		<document><![CDATA[There's a huge spider relaxing on my window sill in my office, and I swear it's watching me. I can't focus on work! https://t.co/IrEXGiSopu]]></document>
		<document><![CDATA[Super proud of @Megg_Walker's research project presentation today on paleophysiology in Medieval England - well done!]]></document>
	</documents>
</author>