<author lang="en">
	<documents>
		<document><![CDATA[Rangers announce we received a fee for Matt Gilks https://t.co/zYsuPacxMh]]></document>
		<document><![CDATA[Why does he even bother time and time again shown up. https://t.co/7zqLC5XonD]]></document>
		<document><![CDATA[@warbo04 if you're looking for something in town there are plenty places city centre, up market go to George street just a boozer rose st]]></document>
		<document><![CDATA[@warbo04 local to the stadium it will be mostly hearts but Rangers friendly pub not far from ground where Gers fans… https://t.co/WC5XGQydz3]]></document>
		<document><![CDATA[Been browsing today ☺ https://t.co/YcLNLqzZJn]]></document>
		<document><![CDATA[@william_scott17 @Rabadams12 @1994NathanC Makes a change from you potting the brown 😂]]></document>
		<document><![CDATA[@william_scott17 @tedermeatballs @Record_Sport exactly headline Rangers/Warburton 2 paragraphs on Rangers rest on Hearts]]></document>
		<document><![CDATA[@Rabadams12 @1994NathanC @william_scott17 any fall outs on here now settled 1v1 on 8 ball lmao]]></document>
		<document><![CDATA[@Rabadams12 @1994NathanC @william_scott17 nothing worse watching someone clear up you can't do feck all about it 😂]]></document>
		<document><![CDATA[@Rabadams12 @1994NathanC @william_scott17 pure raging I bet making it even worse for the poor cunt]]></document>
		<document><![CDATA[@Rabadams12 @1994NathanC @william_scott17 wish you could type a message in the chat give you all abuse lol]]></document>
		<document><![CDATA[@Rabadams12 @1994NathanC @william_scott17 clash of clans can fuck off now lol]]></document>
		<document><![CDATA[@Rabadams12 @1994NathanC @william_scott17 defo need to get this organised more often lol]]></document>
		<document><![CDATA[@Rabadams12 @1994NathanC @william_scott17 was I the only one to take a frame from you ?]]></document>
		<document><![CDATA[@1994NathanC @william_scott17 @Rabadams12 new stats after you cunts fucked it for me only had lost 1 prior to playi… https://t.co/yPO5LiH015]]></document>
		<document><![CDATA[@1994NathanC @william_scott17 @Rabadams12 we move on and learn from it lol]]></document>
		<document><![CDATA[@william_scott17 @Rabadams12 @1994NathanC aye aye rub it in eh I tanked Nathan 5-1 just now lol]]></document>
		<document><![CDATA[@1994NathanC @william_scott17 @Rabadams12 good games mate]]></document>
		<document><![CDATA[@1994NathanC @william_scott17 @Rabadams12 right Nathan me and you first to 5 ?]]></document>
		<document><![CDATA[@william_scott17 @1994NathanC @Rabadams12 cheers I was lol]]></document>
		<document><![CDATA[@1994NathanC @william_scott17 @Rabadams12 stats are fucked now after playing you cunts lol]]></document>
		<document><![CDATA[@william_scott17 @Rabadams12 @1994NathanC fucking sharky here eh lol]]></document>
		<document><![CDATA[@william_scott17 @1994NathanC @Rabadams12 you potted the black for my only win lol]]></document>
		<document><![CDATA[@william_scott17 @1994NathanC @Rabadams12 I just didn't get anything going you done well got the chance and cleared up I was lucky you]]></document>
		<document><![CDATA[@william_scott17 @1994NathanC @Rabadams12 well played William I got beasted]]></document>
		<document><![CDATA[@william_scott17 @1994NathanC @Rabadams12 ok I'll send you an invite 5 games ?]]></document>
		<document><![CDATA[@Rabadams12 @1994NathanC @william_scott17 yeah you are crazy ranked with a mega cue unlike me with a beginners lol]]></document>
		<document><![CDATA[@1994NathanC @william_scott17 @Rabadams12 right who's next?]]></document>
		<document><![CDATA[@Rabadams12 @1994NathanC @william_scott17 cheers mate you're pretty good spinning that ball all over like a shark lol]]></document>
		<document><![CDATA[@Rabadams12 @1994NathanC @william_scott17 I'll hop on see if we can get a game going]]></document>
		<document><![CDATA[@william_scott17 @1994NathanC how can we play each other ?]]></document>
		<document><![CDATA[@1994NathanC only lost one and I really should've won it down to the black]]></document>
		<document><![CDATA[@1994NathanC just downloaded this I'm on a roll https://t.co/q1wgA726BQ]]></document>
		<document><![CDATA[Check ed out here every week he failed to make an impact while he was top dog at labour, bumbling fool https://t.co/4QS09ePBlT]]></document>
		<document><![CDATA[@SkyHelpTeam lost my Broadband and phone looks like TV subscription will go as well if Eurosport isn't available]]></document>
		<document><![CDATA[@tagsbo Says more about the person writing the article]]></document>
		<document><![CDATA[When did Millwall start wearing a striped shirt?]]></document>
		<document><![CDATA[Out with the old and in with the new https://t.co/cvhlKpRnVH]]></document>
		<document><![CDATA[The Rossiter patter isn't funny]]></document>
		<document><![CDATA[@ForzaPapac not fully match sharp but shows he has the skill at times, think some fans are overly critical of the boy.]]></document>
		<document><![CDATA[@gemma_gems6 Hyndman was outstanding some great passes that cut open their defence]]></document>
		<document><![CDATA[@gemma_gems6 Good 2nd half we dominated them was good to watch actually]]></document>
		<document><![CDATA[@taximan2002 we did mate was a good performance dug in played well got the rewards could've been 3 or 4]]></document>
		<document><![CDATA[Leapfrogged those pesky sheep worriers who think their a big club]]></document>
		<document><![CDATA[Rangers today reminded me of the old Walter Smith teams go a man down but battle through to get the win and convincingly]]></document>
		<document><![CDATA[MOTM fantastic performance from Hyndman and a well deserved goal]]></document>
		<document><![CDATA[Kenny isn't coming off no chance he's coming off lol]]></document>
		<document><![CDATA[Cheer up Mark McGhee oh what can it be to a sad...]]></document>
		<document><![CDATA[Playing really well much deserved goal keep doing the same and we'll get a 2nd]]></document>
		<document><![CDATA[Rangers all over them you know Motherwell will run up and score soon.]]></document>
		<document><![CDATA[@DS_dieci @The_Muher wish we all had your crystal ball. https://t.co/pdMvpy4XQg]]></document>
		<document><![CDATA[@DS_dieci @The_Muher so never sign a player that's bad an injury is that your plan ?]]></document>
		<document><![CDATA[@DS_dieci @The_Muher player with a big reputation on the park with no recent idiot actions but you think MW is the blame for a fall out ?]]></document>
		<document><![CDATA[@DS_dieci @The_Muher Barton's previous manager is best buds with MW you think they never spoke about him and his attitude before he signed.]]></document>
		<document><![CDATA[@DS_dieci @The_Muher Rossiter spent the summer playing with England and Barton player of the Championship.]]></document>
		<document><![CDATA[Toral 2 games in he's shite Hyndman 2 games in he's brilliant Rangers fans never over react]]></document>
		<document><![CDATA[@DS_dieci @The_Muher no he wouldn't he wasn't in the team at the start of the season, sure the management are able to read the future.]]></document>
		<document><![CDATA[@AldridgePrior give the lad a chance we're down to 10 men in his 2nd game for us]]></document>
		<document><![CDATA[I'm sure that's why Warburton signed them.]]></document>
		<document><![CDATA[we know Halliday isn't good enough he'd be nowhere near the team had Barton, Rossiter still been around to be picked.]]></document>
		<document><![CDATA[Moult looks a decent player good touch]]></document>
		<document><![CDATA[Mickgeees face was a picture]]></document>
		<document><![CDATA[Sore one that]]></document>
		<document><![CDATA[I just find anyone that says sevco just rather cringeworthy, even worse when it's a grown adult.]]></document>
		<document><![CDATA[@TheLoudenTavern true I've not seen anyone tweet about them apart from himself.]]></document>
		<document><![CDATA[@rossco_bear @BobSmithWalker think Bobs been on the 45% proof whisky tonight.]]></document>
		<document><![CDATA[Obsessed sevco fanatic https://t.co/U3alOOkNFx]]></document>
		<document><![CDATA[Briefed the Ref #sevco https://t.co/4MsadcDU5l]]></document>
		<document><![CDATA[Conspiracy sheep meltdown lol https://t.co/HMhfYC5uaV]]></document>
		<document><![CDATA[Bobs team is apparently winning but tweeting about sevco #weird https://t.co/xu7dnLjDbA]]></document>
		<document><![CDATA[Starting to warm to trump after this lol 😂 https://t.co/DmPdVFeVbI]]></document>
		<document><![CDATA[@WillieVass the grounds men clearing the snow reminds me of the time Charles green didn't switch on the heating, embarrassing]]></document>
		<document><![CDATA[@Chr1sMcLaughlin @Gregco5088 sniff sniff lol]]></document>
		<document><![CDATA[@Juan_Cornetto most likely Gilks as he's been asking for a move.]]></document>
		<document><![CDATA[@ShawlandsLim would you like a #RIPShawlandsLimmy hashtag ?]]></document>
		<document><![CDATA[Another goalkeeper 🤔]]></document>
		<document><![CDATA[@draxmcg hope so he's a moron way out his depth.]]></document>
		<document><![CDATA[@gemma_gems6 all over the place wasn't it.]]></document>
		<document><![CDATA[And the award for the best car crash tv award presenter goes to Ken Dodd]]></document>
		<document><![CDATA[That's very sad, not only cheated himself and other teams but he done what's worse and cheated his own team mates https://t.co/cs1aY6GjQE]]></document>
		<document><![CDATA[@keith11724802 who me or him 😂]]></document>
		<document><![CDATA[Hilarious https://t.co/Qm0e6sthvD]]></document>
		<document><![CDATA[@gemma_gems6 no but I'm sure there will be a few twitter managers that do 🙄]]></document>
		<document><![CDATA[@Art_VandelayRFC sure you can sell the code mate.]]></document>
		<document><![CDATA[@AndrewDBurns @fountainbridge @southwest_team @edinhelp to be fair it does say the footpath is closed.]]></document>
		<document><![CDATA[@BobSmithWalker There was reference to sopranos when someone said its like an episode of sopranos, he said tell me about it lol]]></document>
		<document><![CDATA[@BobSmithWalker I've never fully watched Sopranos, it's on the list though.]]></document>
		<document><![CDATA[@BobSmithWalker I just finished it yesterday it was outstanding.]]></document>
		<document><![CDATA[Probably one of the most repulsive pictures ever. https://t.co/O1lAydbgVt]]></document>
		<document><![CDATA[@BobSmithWalker have you seen lilyhammer on Netflix ?]]></document>
		<document><![CDATA[I agree with this but I'd hazard a guess it's because he gets paid a lot of money to work with Polanski https://t.co/93hRscQ3jz]]></document>
		<document><![CDATA[@susannareid100 don't let what he says consume your day, it's not all about piers although he does try very hard.]]></document>
		<document><![CDATA[@StevieVanZandt just finished watching Lilyhammer what a show absolutely loved every minute of it. Would love a season 4]]></document>
		<document><![CDATA[Metallica and a Legend great combination https://t.co/v0IG2UbikG]]></document>
		<document><![CDATA[Oh shit not good not good at all. https://t.co/UrP86b3yhj]]></document>
		<document><![CDATA[@PeelezRFC I'll research a bit might have a bet]]></document>
		<document><![CDATA[@PeelezRFC favs to win the Super Bowl ?]]></document>
		<document><![CDATA[@PeelezRFC can't see them coming back though]]></document>
		<document><![CDATA[@PeelezRFC Green Bay taking a tanking, will they score]]></document>
		<document><![CDATA[@Iainang @PeelezRFC had to do that last year was a bugger though lens would get paint over it so got the head lamp for this year]]></document>
	</documents>
</author>