<author lang="en">
	<documents>
		<document><![CDATA[@Only1Argyle fantastic signing for you guys 👏🏽]]></document>
		<document><![CDATA[@OUFCOfficial @Everton should smash at as this level - had a decent spell at @CardiffCityFC the other season. @GeorgeDugdale can vouch]]></document>
		<document><![CDATA[@mattmartyr hahaha you and @DjGiggsy hosting it like the sweepstakes]]></document>
		<document><![CDATA[The worst transfer window in years. https://t.co/cpmlanYTYq]]></document>
		<document><![CDATA[@lee_spear92 @ViewFromTheNin he should smash it in that league! Get them promoted hopefully]]></document>
		<document><![CDATA[@ViewFromTheNin true. Would rather him go help the 'port]]></document>
		<document><![CDATA[@ViewFromTheNin my main comment on these outgoings is Kennedy is far better than League 2!]]></document>
		<document><![CDATA[@mrbean1927 yeah very underrated - I like Kennedy too, he's far too good for league 2!]]></document>
		<document><![CDATA[@Taylor16Wynn @CardiffCityFC @Only1Argyle great player - he will smash it in your league!]]></document>
		<document><![CDATA[Are we gonna have anyone left tonight? https://t.co/HOqlnCgG3Z]]></document>
		<document><![CDATA[It's a quick fire clear out.. https://t.co/lo3of9hgTn]]></document>
		<document><![CDATA[@CardiffCityFC @EmyrHuws1 @Official_ITFC Good luck Emyr! Look after him @lixlev @ScrumpyDaniel ⚽️]]></document>
		<document><![CDATA[Easy easy easy! https://t.co/ikU1Tq3Ol9]]></document>
		<document><![CDATA[He does what he wants! https://t.co/sdxZXtpZuK]]></document>
		<document><![CDATA[Woah! They've done it again.. 👏🏽#Parklife2017 https://t.co/TzLBgB8hWM]]></document>
		<document><![CDATA[@RobGilbz same for us I wanted him to do well but didn't work out. Bags of talent but how he uses it we will see..]]></document>
		<document><![CDATA[Gone back in time @RobGilbz ? https://t.co/NwhlT9irCK]]></document>
		<document><![CDATA[@TheMattDean couldn't hit a barn door for us lad]]></document>
		<document><![CDATA[@philpete it is every year but can't see Villa getting promoted this year as much as I'd like them up.]]></document>
		<document><![CDATA[@philpete haha, seriously though £15 mil for any championship player is madness especially when going to another champ team]]></document>
		<document><![CDATA[I remember Alan Shearer costing that.. 😂 https://t.co/nNgsR619nN]]></document>
		<document><![CDATA[How the mighty have fallen.. @DjGiggsy @c_howells https://t.co/uSc9UaBVr3]]></document>
		<document><![CDATA[Happy Transfer Dealine Day!]]></document>
		<document><![CDATA[Great to see the big man @SamoaJoe debut on #RAW last night. Been a long time coming. 👊🏽 https://t.co/b4ixIpjvho]]></document>
		<document><![CDATA[When Sky block 123 movies from you but then you find another way round it.. 😏]]></document>
		<document><![CDATA[Tickets sorted for #Hamilton @HamiltonWestEnd - let the countdown begin! 🙌🏽]]></document>
		<document><![CDATA[@simondavies45 seems like it! Need a good #Raw tomorrow to follow it up..]]></document>
		<document><![CDATA[@simondavies45 really thought Balor and Joe were going to be in it. Only highlight was Tye but he was obvious]]></document>
		<document><![CDATA[@simondavies45 the match itself was poor, enjoyed the event as a whole.]]></document>
		<document><![CDATA[@simondavies45 I should've bet on it..]]></document>
		<document><![CDATA[@DoyleesTheJack @jyp15 at least my prediction was right..]]></document>
		<document><![CDATA[@acailler @RandyOrton nah it won't be Cena, it'll all change by then]]></document>
		<document><![CDATA[HAVE THAT ROMAN]]></document>
		<document><![CDATA[I knew it. ORTON WINS!!]]></document>
		<document><![CDATA[@acailler they shat on all of us]]></document>
		<document><![CDATA[Orton'a to lose now.. #RoyalRumble]]></document>
		<document><![CDATA[@WWE Vince right now.. https://t.co/LMqcL7lzQV]]></document>
		<document><![CDATA[Taker couldn't do the walk to the ring then.. #RoyalRumble]]></document>
		<document><![CDATA[@DoyleesTheJack who is the other surprise? There's taker left and someone else...]]></document>
		<document><![CDATA[@WWE what another waste]]></document>
		<document><![CDATA[HERE COMES THE PAIN!!!]]></document>
		<document><![CDATA[Lesnar, Goldberg, Taker still to come. The two "suprises" better be good.. #RoyalRumble]]></document>
		<document><![CDATA[@acailler @RandyOrton it's alrite - everyone's waiting for the two surprises, lesnar, Goldberg and taker..]]></document>
		<document><![CDATA[Here's the #RoyalRumble winner.. @RandyOrton]]></document>
		<document><![CDATA[No one wants to see Shaemus Cesaro... AGAIN #RoyalRumble]]></document>
		<document><![CDATA[Bracing themselves for Lesnar to clean house any minute.. #RoyalRumble]]></document>
		<document><![CDATA[Ffs not Ellsworth #RoyalRumble]]></document>
		<document><![CDATA[C'mon Tye! #RoyalRumble]]></document>
		<document><![CDATA[@WWE another waste]]></document>
		<document><![CDATA[Another waste.. #RoyalRumble]]></document>
		<document><![CDATA[@WWE @KalistoWWE what a waste]]></document>
		<document><![CDATA[@simondavies45 true! It'll take Taker about half hour!]]></document>
		<document><![CDATA[What a waste of an entrant.. #RoyalRumble]]></document>
		<document><![CDATA[Every 2 minutes? What happened to 90 seconds.. #RoyalRumble]]></document>
		<document><![CDATA[I personally can't wait for number 10! #RoyalRumble]]></document>
		<document><![CDATA[Here we go... #RoyalRumble]]></document>
		<document><![CDATA[Rumble in Philly? Go on then..]]></document>
		<document><![CDATA[@acailler hahaha I just loved him having to regret what he said to the rock about being part time etc]]></document>
		<document><![CDATA[Flair to be in the rumble now to get his record back?! 😂 #RoyalRumble]]></document>
		<document><![CDATA[@acailler part time champs time is now!]]></document>
		<document><![CDATA[What a match. Now turn heel Cena and we will all love you.]]></document>
		<document><![CDATA[@acailler it was epic just hate cena as a face]]></document>
		<document><![CDATA[At least we see Cena lose at mania, again.]]></document>
		<document><![CDATA[Last pre Rumble match. This is going 40 mins.. #RoyalRumble]]></document>
		<document><![CDATA[If Cena wins, we riot. #RoyalRumble]]></document>
		<document><![CDATA[@spencermorgan93 Orton or Balor to win..]]></document>
		<document><![CDATA[Predictable win for Neville.]]></document>
		<document><![CDATA[@WWEUK randy orton #RoyalRumbleUK]]></document>
		<document><![CDATA[Love how they even changed the ropes for this.. #RoyalRumble]]></document>
		<document><![CDATA[@deansy_boy I know, must be paying a fortune]]></document>
		<document><![CDATA[@SamanthaQuek Balor or Orton]]></document>
		<document><![CDATA[Toilet match #RoyalRumble]]></document>
		<document><![CDATA[That stupid clown behind the commentary ffs #RoyalRumble]]></document>
		<document><![CDATA[Foley looks in great shape. #RoyalRumble]]></document>
		<document><![CDATA[#ThankYouStrowman]]></document>
		<document><![CDATA[All these people complaining about sound delay on Sky Box Office.. why would you even pay for it on Sky if you're not a pub?! 😂🙈]]></document>
		<document><![CDATA[@DoyleesTheJack Orton or Finn to win]]></document>
		<document><![CDATA[@BilliBhatti @FrancescaWoodWT it's lit here 💪🏾 https://t.co/aSRE3z5Uxd]]></document>
		<document><![CDATA[@JamesHiscocks Balor or Orton to win]]></document>
		<document><![CDATA[@DoyleesTheJack it's mental! Sold out. You staying up?]]></document>
		<document><![CDATA[Pretty busy here @WalkaboutTemple for the #RoyalRumble - doesn't officially start for 3 hours 😂💪🏾 https://t.co/LzVAu6AyZY]]></document>
		<document><![CDATA[@simondavies45 Orton or Balor 💪🏾]]></document>
		<document><![CDATA[Can't wait for the sign pointing to start tonight.. #RoyalRumble #RoadToWrestlemania https://t.co/Yp0dHRgv1J]]></document>
		<document><![CDATA[What an absolute joke that pitch is. Terrible. https://t.co/WifdUTEaIb]]></document>
		<document><![CDATA[For those watching the #RoyalRumble later.. 😏🍻 https://t.co/ZFlJVVEvYX]]></document>
		<document><![CDATA[@Freemason_UK yeah - they have to be for Europa, not expecting a big crowd]]></document>
		<document><![CDATA[@Freemason_UK that game is a bargain! Hopefully they make it through and I will be at the next round]]></document>
		<document><![CDATA[@Freemason_UK just! What a game]]></document>
		<document><![CDATA[@simonrug why are they even playing? Destroying the pitch even more. @NewportCounty will struggle to get a game on that again anytime soon]]></document>
		<document><![CDATA[Great to see Sutton knock out Leeds. Brings back memories of when a 3rd tier @CardiffCityFC knocked them out when they were top of Prem. 👏🏽]]></document>
		<document><![CDATA[Simply the best @rogerfederer 👏🏽 https://t.co/7IMsP05BEE]]></document>
		<document><![CDATA[Never did this for Cardiff.. https://t.co/YyuLdsXJul]]></document>
		<document><![CDATA[@robphillipshere haven't had an out and out goalscorer in years. Severely lacking one.]]></document>
		<document><![CDATA[Fantastic performance today @wwfcofficial @joe_jacobson did yourselves proud. 👏🏽]]></document>
		<document><![CDATA[@Ollie_Davis terrific game - had everything]]></document>
		<document><![CDATA[Absolute sickener. Spurs 4-3 94th minute 😭]]></document>
		<document><![CDATA[3-3 what a game #TOTvWYC]]></document>
		<document><![CDATA[SCENES AT THE LANE!! 3-2, HOLD ON @wwfcofficial #TOTvWYC #emiratesfacup https://t.co/NI90ecwUyY]]></document>
		<document><![CDATA[WHAT A GOAL WYCOMBE]]></document>
		<document><![CDATA[Spurs are going to have to finish his with 10 men. Trippier looks out of it..]]></document>
	</documents>
</author>