<author lang="en">
	<documents>
		<document><![CDATA[‘The Patriots’ Charts a Family’s Reverse Journey From Brooklyn to the Gulag https://t.co/oVJdocoyJ3 https://t.co/3fxn2XSCEJ]]></document>
		<document><![CDATA[A Story of Chaos at the Border of Turkey and Syria https://t.co/HqAhgUjvWq See more articles to help you with you… https://t.co/a3CINK40zX]]></document>
		<document><![CDATA[A Story of Chaos at the Border of Turkey and Syria https://t.co/tD5oTZBrEw https://t.co/zzlEkAGs5I]]></document>
		<document><![CDATA["A Story of Chaos at the Border of Turkey and Syria" by LAWRENCE OSBORNE via NYT https://t.co/0EVztNkhNx]]></document>
		<document><![CDATA[One Book for Five Boroughs https://t.co/D1uqIe7Hi0 See more articles to help you with your writing at my blog: https://t.co/a3CINK40zX]]></document>
		<document><![CDATA["One Book for Five Boroughs" by Unknown Author via NYT https://t.co/Hj6KwFb7yA]]></document>
		<document><![CDATA[One Book for Five Boroughs https://t.co/2RBy9Uevuu]]></document>
		<document><![CDATA[‘Bring Back the King,’ a Gung-Ho Guide to Resurrecting Species https://t.co/ZmwONC9ZkS See more articles to help … https://t.co/a3CINK40zX]]></document>
		<document><![CDATA[‘Bring Back the King,’ a Gung-Ho Guide to Resurrecting Species https://t.co/csrtIGDO6R]]></document>
		<document><![CDATA["‘Bring Back the King,’ a Gung-Ho Guide to Resurrecting Species" by JOHN WILLIAMS via NYT https://t.co/O553TmFAIo]]></document>
		<document><![CDATA[NPR News: Four Lives In Parallel Run Through Ambitious ‘4 3 2 1’ https://t.co/3eR3SOSECS See more articles to hel… https://t.co/a3CINK40zX]]></document>
		<document><![CDATA[NPR News: Four Lives In Parallel Run Through Ambitious ‘4 3 2 1’ https://t.co/Y1QQdAJtMg]]></document>
		<document><![CDATA["‘Elizabeth Bishop’ Details a Poet’s Life. An Author’s, Too." by DWIGHT GARNER via NYT https://t.co/ZAyHIBkdZ2]]></document>
		<document><![CDATA[‘Elizabeth Bishop’ Details a Poet’s Life. An Author’s, Too. https://t.co/6MCqrmMS68 See more articles to help you… https://t.co/a3CINK40zX]]></document>
		<document><![CDATA[‘Elizabeth Bishop’ Details a Poet’s Life. An Author’s, Too. https://t.co/z39TyVhsDK https://t.co/UvTwt0Bxr2]]></document>
		<document><![CDATA[The Writing Life Daily is out! https://t.co/S1TB7tD5xC Stories via @evepaludan @CharlesFinch @kuiperdesu #writing #amwriting]]></document>
		<document><![CDATA[In ‘Hitler,’ an Ascent From ‘Dunderhead’ to Demagogue https://t.co/xxrksITJEB See more articles to help you with … https://t.co/a3CINK40zX]]></document>
		<document><![CDATA[How to Come up With More Than Enough (Great) Ideas for Your Blog https://t.co/lO59GyHG7e See more articles to hel… https://t.co/a3CINK40zX]]></document>
		<document><![CDATA[In ‘Hitler,’ an Ascent From ‘Dunderhead’ to Demagogue https://t.co/PC64lSHs4D https://t.co/B2xay850DX]]></document>
		<document><![CDATA[How to Come up With More Than Enough (Great) Ideas for Your Blog https://t.co/leQ8CwjpoU https://t.co/u7PE8TmAaR]]></document>
		<document><![CDATA[One Young Man’s Life Served Up Four Ways https://t.co/c0ldgQAes9 See more articles to help you with your writing … https://t.co/a3CINK40zX]]></document>
		<document><![CDATA[The Message of Thomas Friedman’s New Book: It’s Going to Be O.K. https://t.co/ZRz8s4Ulfc See more articles to hel… https://t.co/a3CINK40zX]]></document>
		<document><![CDATA[One Young Man’s Life Served Up Four Ways https://t.co/ZEASVjjVTY https://t.co/2DRDjTUqDQ]]></document>
		<document><![CDATA[The Message of Thomas Friedman’s New Book: It’s Going to Be O.K. https://t.co/2Qwt4fmtD1 https://t.co/9fcccjZk4A]]></document>
		<document><![CDATA["One Young Man’s Life Served Up Four Ways" by TOM PERROTTA via NYT https://t.co/LPDI74hwH7]]></document>
		<document><![CDATA[After a 20-Year Hiatus, the Booker Prize-Winning Novelist Arundhati Roy Returns to Fiction … https://t.co/a3CINK40zX]]></document>
		<document><![CDATA[After a 20-Year Hiatus, the Booker Prize-Winning Novelist Arundhati Roy Returns to Fiction https://t.co/VSzrmOwVOx https://t.co/HQjYxfR4Xq]]></document>
		<document><![CDATA["After a 20-Year Hiatus, the Booker Prize-Winning Novelist Arundhati Roy Returns to Fiction" by ALEXANDRA ALTER vi… https://t.co/VQ1LZe3GlU]]></document>
		<document><![CDATA[NPR News: ‘Six Wakes’ Is A Nerve-Tingling Interstellar Murder Mystery https://t.co/25wx4XL6hC See more articles t… https://t.co/a3CINK40zX]]></document>
		<document><![CDATA[NPR News: ‘Six Wakes’ Is A Nerve-Tingling Interstellar Murder Mystery https://t.co/qOTzLfhVEm]]></document>
		<document><![CDATA[NPR News: Fact Or Fiction? Even When It Comes To Food, It’s Hard To Tell With Rasputin https://t.co/DbDWOaWI5l Se… https://t.co/a3CINK40zX]]></document>
		<document><![CDATA[NPR News: Fact Or Fiction? Even When It Comes To Food, It’s Hard To Tell With Rasputin https://t.co/2R7svLHa3N]]></document>
		<document><![CDATA[Love Story Cheat Sheet/Obligatory Scenes https://t.co/NuLrE1afae See more articles to help you with your writing … https://t.co/a3CINK40zX]]></document>
		<document><![CDATA[Want to Write Better Stories? Research Your Genre https://t.co/z6DytaJBmK See more articles to help you with your… https://t.co/a3CINK40zX]]></document>
		<document><![CDATA[The Writing Life Daily is out! https://t.co/zLlLf1lkvX Stories via @benkalcher @petercluskey @Sowerbutt #writing #amwriting]]></document>
		<document><![CDATA[Love Story Cheat Sheet/Obligatory Scenes https://t.co/512F2Ar6Gc]]></document>
		<document><![CDATA[Want to Write Better Stories? Research Your Genre https://t.co/xpuKD9kUoB https://t.co/1HatadfQ3a]]></document>
		<document><![CDATA[Style Quiz #9: Geographical and Geopolitical Names https://t.co/N8E0lrxk7O See more articles to help you with you… https://t.co/a3CINK40zX]]></document>
		<document><![CDATA[What Really Might Be Behind Your Procrastination https://t.co/wLBD0r9NaO See more articles to help you with your … https://t.co/a3CINK40zX]]></document>
		<document><![CDATA[How to Make Money with Videos Online https://t.co/44XYcYP9xA See more articles to help you with your writing at m… https://t.co/a3CINK40zX]]></document>
		<document><![CDATA[Speaking Your Truth Through Fiction https://t.co/wAu2iFoL1J See more articles to help you with your writing at my… https://t.co/a3CINK40zX]]></document>
		<document><![CDATA[3 Keys to Finishing Your Book Once and For All https://t.co/dfJisa0iYP See more articles to help you with your wr… https://t.co/a3CINK40zX]]></document>
		<document><![CDATA[Are Your Excuses Preventing You from Becoming Super Productive? https://t.co/0Cxo6FlZpz See more articles to help… https://t.co/a3CINK40zX]]></document>
		<document><![CDATA[10 Ways To Stop Feeling Like A Failure As A Writer https://t.co/Ygr49L6Fqd See more articles to help you with you… https://t.co/a3CINJMpbn]]></document>
		<document><![CDATA[4 Steps To Monetize Your Blog Like A Professional https://t.co/WNwYd2KKHC See more articles to help you with your… https://t.co/a3CINK40zX]]></document>
		<document><![CDATA[7 Essentials for Your Book Launch https://t.co/8lk55Qw8cG See more articles to help you with your writing at my b… https://t.co/a3CINK40zX]]></document>
		<document><![CDATA[3 Social Sharing Tricks to Optimize Your Next Blog Post https://t.co/MHRqsvj4Ug See more articles to help you wit… https://t.co/a3CINK40zX]]></document>
		<document><![CDATA[Style Quiz #9: Geographical and Geopolitical Names https://t.co/m4QTr7m5Or https://t.co/WRMiT3UJFF]]></document>
		<document><![CDATA[What Really Might Be Behind Your Procrastination https://t.co/AsTs3M1TPI]]></document>
		<document><![CDATA[How to Make Money with Videos Online https://t.co/sU8t0Io0CU https://t.co/EeBiijBDtN]]></document>
		<document><![CDATA[Speaking Your Truth Through Fiction https://t.co/JxpWGethj4 https://t.co/iiAriEqoty]]></document>
		<document><![CDATA[3 Keys to Finishing Your Book Once and For All https://t.co/pOSoBgHt4g https://t.co/yANlzmzyJj]]></document>
		<document><![CDATA[Are Your Excuses Preventing You from Becoming Super Productive? https://t.co/ikMGAJtMWb]]></document>
		<document><![CDATA[10 Ways To Stop Feeling Like A Failure As A Writer https://t.co/FMjBUXB2gZ https://t.co/q2ZEpmHpTS]]></document>
		<document><![CDATA[4 Steps To Monetize Your Blog Like A Professional https://t.co/q097uP0kt3 https://t.co/YGXOosmd92]]></document>
		<document><![CDATA[7 Essentials for Your Book Launch https://t.co/G3x39lRcrV https://t.co/DxVveO4k8Z]]></document>
		<document><![CDATA[3 Social Sharing Tricks to Optimize Your Next Blog Post https://t.co/YBJhgYy540 https://t.co/IEciUyZtf7]]></document>
		<document><![CDATA[Writing Rehab https://t.co/sBrtpV1Nu4 https://t.co/fxqF01xRwO]]></document>
		<document><![CDATA[Use Your Own Life Story To Bring Depth to Your Writing with Steven Pressfield https://t.co/9konm2LX9F https://t.co/L1L1cRpohe]]></document>
		<document><![CDATA[This Way Be Dragons: How to Evaluate a Publishing Contest https://t.co/EWNcjDwOon]]></document>
		<document><![CDATA[How to Find Exactly the Right Story Hook https://t.co/6whYT9lpLL https://t.co/nIORIuMY1e]]></document>
		<document><![CDATA[Using Scrivener with Story Genius https://t.co/SE1OrbTdRV https://t.co/ogjUjw4RYP]]></document>
		<document><![CDATA[Stop Running the Wrong Race and Choose Your Own Craft https://t.co/BBiaNK2duX https://t.co/U2OyX4obDQ]]></document>
		<document><![CDATA[Want to Write for Us? Here’s What We Want to Publish in 2017 (and We Pay!) https://t.co/v6IjYW9mlv https://t.co/aWMmUnQz1F]]></document>
		<document><![CDATA[3 Character Development Questions for Writing About Jobs You’ve Never Done https://t.co/SaybR7HvNp https://t.co/pEKQLGm0ao]]></document>
		<document><![CDATA[The Promise and Peril of Editing in Proof https://t.co/iPF5q50wTc https://t.co/Bs6siWss0g]]></document>
		<document><![CDATA[Jodi Picoult’s New Novel Reviewed by Roxane Gay https://t.co/TxrXrJF30b See more articles to help you with your w… https://t.co/a3CINK40zX]]></document>
		<document><![CDATA[Jodi Picoult’s New Novel Reviewed by Roxane Gay https://t.co/gJIwokHaU9 https://t.co/Go6t6NuJHJ]]></document>
		<document><![CDATA[It Takes a Commune: John Irving on a Novel About Growing Up Utopian https://t.co/u3iVsg0FoJ See more articles to … https://t.co/a3CINK40zX]]></document>
		<document><![CDATA[It Takes a Commune: John Irving on a Novel About Growing Up Utopian https://t.co/HuZilbO86w https://t.co/RKEgbgsC2S]]></document>
		<document><![CDATA[NPR News: Fortress America: What We Can — And Can’t — Learn From History https://t.co/snkqyxvj9Y See more article… https://t.co/a3CINK40zX]]></document>
		<document><![CDATA[NPR News: Fortress America: What We Can — And Can’t — Learn From History https://t.co/3LCuKg0A2Y See more article… https://t.co/a3CINK40zX]]></document>
		<document><![CDATA["It Takes a Commune: John Irving on a Novel About Growing Up Utopian" by JOHN IRVING via NYT https://t.co/ew4vwBnRQG]]></document>
		<document><![CDATA[NPR News: Fortress America: What We Can — And Can’t — Learn From History https://t.co/vT3koTcZxu]]></document>
		<document><![CDATA[NPR News: Fortress America: What We Can — And Can’t — Learn From History https://t.co/onZ024mf4C]]></document>
		<document><![CDATA[25 Great Books by Refugees in America https://t.co/qGy38wzsaO See more articles to help you with your writing at … https://t.co/a3CINK40zX]]></document>
		<document><![CDATA[25 Great Books by Refugees in America https://t.co/ieCmIyeOOD https://t.co/63GdlknjUx]]></document>
		<document><![CDATA[What Not to Eat: ‘The Case Against Sugar’ https://t.co/ucha25ulzz See more articles to help you with your writing… https://t.co/a3CINK40zX]]></document>
		<document><![CDATA["25 Great Books by Refugees in America" by GAL BECKERMAN via NYT https://t.co/HwOz5RJKhf]]></document>
		<document><![CDATA[What Not to Eat: ‘The Case Against Sugar’ https://t.co/15f2qiPniU https://t.co/06hCdoB1OR]]></document>
		<document><![CDATA[Viet Thanh Nguyen: By the Book https://t.co/zAAk4byDki See more articles to help you with your writing at my blog: https://t.co/a3CINK40zX]]></document>
		<document><![CDATA[Viet Thanh Nguyen: By the Book https://t.co/magIAd6GwG https://t.co/Wt8w8LEJNf]]></document>
		<document><![CDATA["Viet Thanh Nguyen: By the Book" by Unknown Author via NYT https://t.co/oCH696fVHl]]></document>
		<document><![CDATA[Diving Into Hell: A Powerful Memoir of Depression https://t.co/n4KwUTMLBb See more articles to help you with your… https://t.co/a3CINK40zX]]></document>
		<document><![CDATA[Diving Into Hell: A Powerful Memoir of Depression https://t.co/ULf3QZUPMZ https://t.co/lfcna963BF]]></document>
		<document><![CDATA["Diving Into Hell: A Powerful Memoir of Depression" by ANDREW SOLOMON via NYT https://t.co/np6BERWMFX]]></document>
		<document><![CDATA[NPR News: How The U.S. War In Laos Was Key To The ‘Birth Of A Military CIA’ https://t.co/BliTmWTNau See more arti… https://t.co/a3CINK40zX]]></document>
		<document><![CDATA[NPR News: How The U.S. War In Laos Was Key To The ‘Birth Of A Military CIA’ https://t.co/6yCQeBQS5Z]]></document>
		<document><![CDATA[NPR News: ‘Perfect Little World’ Imagines Family Drama Inside A Utopian Compound https://t.co/ubVimAC2DL See more… https://t.co/a3CINK40zX]]></document>
		<document><![CDATA[NPR News: ‘Perfect Little World’ Imagines Family Drama Inside A Utopian Compound https://t.co/JJKP6J2n9C]]></document>
		<document><![CDATA[NPR News: Doctor Considers The Pitfalls Of Extending Life And Prolonging Death https://t.co/qU2vswEWuT See more a… https://t.co/a3CINK40zX]]></document>
		<document><![CDATA[NPR News: Doctor Considers The Pitfalls Of Extending Life And Prolonging Death https://t.co/l09tK0yhXx]]></document>
		<document><![CDATA[NPR News: Doctor Considers The Pitfalls Of Extending Life And Prolonging Death https://t.co/TGF0NXF74C See more a… https://t.co/a3CINK40zX]]></document>
		<document><![CDATA[NPR News: Doctor Considers The Pitfalls Of Extending Life And Prolonging Death https://t.co/SIHB9RgNX5]]></document>
		<document><![CDATA[Emma Tennant, Who Wrote Beyond the Fringe of Realism, Dies at 79 https://t.co/6ttkT4rZqC See more articles to hel… https://t.co/a3CINK40zX]]></document>
		<document><![CDATA[Emma Tennant, Who Wrote Beyond the Fringe of Realism, Dies at 79 https://t.co/4zqhHJgAlu https://t.co/12wtedSzFg]]></document>
		<document><![CDATA["Emma Tennant, Who Wrote Beyond the Fringe of Realism, Dies at 79" by WILLIAM GRIMES via NYT https://t.co/m49paBnubU]]></document>
		<document><![CDATA[100 Notable Books of 2016 https://t.co/4bowTKbgTf See more articles to help you with your writing at my blog: https://t.co/a3CINK40zX]]></document>
		<document><![CDATA[100 Notable Books of 2016 https://t.co/TdzkRBClZy https://t.co/A6NybzF7Yq]]></document>
		<document><![CDATA[NPR News: ‘This Is How It Always Is’ Was Inspired By Its Author’s Transgender Child https://t.co/kxwakUdNOK See m… https://t.co/a3CINK40zX]]></document>
	</documents>
</author>