<author lang="en">
	<documents>
		<document><![CDATA[Jealous!! I want to live here! A friend of mine has a shower-drain frog. I want one too, not fair :( https://t.co/Pw6RwfIz7C]]></document>
		<document><![CDATA[@TititiPounamu which has practical uses in agriculture and horticulture, bringing you food free of insect nibbling #actuallivingscientist]]></document>
		<document><![CDATA[I'm Robyn, an #actuallivingscientist  studying plant and insect communication through semiochemicals and pheromones]]></document>
		<document><![CDATA[I'm Robyn, an #actuallivingscientist  I used to study NZ native birds  response to novel predators]]></document>
		<document><![CDATA[!!! I love them! https://t.co/dnGrO6CQhl]]></document>
		<document><![CDATA[I had a dream that my #nzsecretsanta present arrived, and I was on a boat and my Santa personally scuba dived it to me #willitevercome?]]></document>
		<document><![CDATA[https://t.co/QI9vGxa2CL After 40 years, Footrot Flats has made it onto teh interwebs! #thedog]]></document>
		<document><![CDATA[Work with the best people!! https://t.co/nM9XgqeCN3]]></document>
		<document><![CDATA[yay save the crabs! https://t.co/p4c8yffTDa]]></document>
		<document><![CDATA[#WomensMarchOnWashington solidarity from yesterday. https://t.co/YQGADqBrTQ]]></document>
		<document><![CDATA[Proud to be at Chch #WomensMarch in solidarity with #washingtondc for equality and freedom https://t.co/AnaVyW3hlP]]></document>
		<document><![CDATA[@e_scheltema Unfortunately most of the insects I come across are dead/dying and coverered in glue on my sticky bases]]></document>
		<document><![CDATA[@e_scheltema I want to try get as many real insects photo'd on their card! Maybe we should start a Twitter collaboration with other buyers]]></document>
		<document><![CDATA[@AFProbert once I found a bag of toys, magazines, dvds and a penis enlarger during field work in the bush. So funny yet disturbing]]></document>
		<document><![CDATA[@ABSAbirds I was scared of the kingfisher we caught, but he was very docile. I'd only handled nice, friendly NZ passerines before this trip!]]></document>
		<document><![CDATA[Smug crested shrike tit with it's amazingly powerful beak @ABSAbirds https://t.co/wDsN7h8rlH]]></document>
		<document><![CDATA[@ABSAbirds &amp; it was bycatch, so not worth it!!! (well, except for the good story)]]></document>
		<document><![CDATA[@ABSAbirds it had such a flexible neck, one person had to try hold while the other extracted &amp; we both still got maimed.]]></document>
		<document><![CDATA[Crested Shrike Tit injuries @ABSAbirds there were torn off bits of skin in it's beak. I'm used to friendly NZ birds https://t.co/lTmt9KXQyE]]></document>
		<document><![CDATA[Ahhh I once rescued one of these from a mistnet WITHOUT gloves, a very painful experience! https://t.co/gShudhcZBQ]]></document>
		<document><![CDATA[Got the shivers watching this, how beautiful, I want to go there! https://t.co/EKhETzICvr]]></document>
		<document><![CDATA[@taramcallister4 Twitter wants to 'translate from Estonian' &gt;_&gt;]]></document>
		<document><![CDATA[I like the eyeshine on this codling moth in my trap. Ghostly, staring straight at the camera, even in death.… https://t.co/OGMFu5i8u4]]></document>
		<document><![CDATA[So many cute animals on my feed today! https://t.co/BLMjUn9Xsv]]></document>
		<document><![CDATA[I want to tickle it's tummy https://t.co/FuiqKAggJQ]]></document>
		<document><![CDATA[I still come home everyday looking and hoping for a package #nzsecretsanta. Luckily my American one came through. https://t.co/anOa9FPv0L]]></document>
		<document><![CDATA[Science in the hallway - yup love a good impromptu chat https://t.co/jhfU1dTIQH]]></document>
		<document><![CDATA[I loooove him, so cute! https://t.co/uL8nGZUp3T]]></document>
		<document><![CDATA[What a goofy bird. I want to see one!!! https://t.co/gdMyfHkJwN]]></document>
		<document><![CDATA[@giselledraws Making room for robin prints I hope ;)]]></document>
		<document><![CDATA[@SophieFern I cook for someone who would love if I did this, but ugh I would hate it. Poor ol' curry.]]></document>
		<document><![CDATA[I see others are still receiving very late #nzsecretsanta parcels which gives me slight hope I might still get mine...]]></document>
		<document><![CDATA[Yup, these things disgust me. So unneccesary. They don't even taste good! https://t.co/JURL9YQe3I]]></document>
		<document><![CDATA[awwww I love bees https://t.co/0DCG9r6SJo]]></document>
		<document><![CDATA[I have some like this too, always get compliments &amp; yay no plastic bag waste! https://t.co/rFuJsUsMxn]]></document>
		<document><![CDATA[I love this so much! https://t.co/rpI07Pxs72]]></document>
		<document><![CDATA[Not terrifying, amazing and cute https://t.co/dzsFJuT04F]]></document>
		<document><![CDATA[Yay my insects of NZ playing cards arrived, Mr &amp; Mrs Predatory-Stinkbug are stoked to see their cuzzie on a card https://t.co/Rkl5F5hcQR]]></document>
		<document><![CDATA[@SammiALawrence Thanks, nice to hear some reassurance!]]></document>
		<document><![CDATA[@TititiPounamu Not that I'm being complainy, mainly keeping my Santa up to date.... Might stop posting about it until it arrives]]></document>
		<document><![CDATA[Has it even left the storehouse yet? Did it fall behind a shelf? #nzsecretsanta https://t.co/blUIoYwxMz]]></document>
		<document><![CDATA[Yum! I've harvested sea lettuce to go in a tofu chili soup and it was delish! https://t.co/JHKdeFbzqU]]></document>
		<document><![CDATA[Starting to think my #nzsecretsanta pressie is lost in the post. Tomorrow maybe?!?!?]]></document>
		<document><![CDATA[Just letting my Santa know, still no sign (and the tracking no. doesn't work. The anticipation is killing me! #nzsecretsanta]]></document>
		<document><![CDATA[I was so sure #nzsecretsanta would be waiting for me after work today, but still no sign. Tomorrow?!?!]]></document>
		<document><![CDATA[@rlpalmy is funny cos Sophie initially only sent info to a few ppl but now it's gone viral. She's gonna get so many bugs!]]></document>
		<document><![CDATA[and I just ordered mine today! Gonna enter for a second pack mwahahaha https://t.co/ZhhaOo8h9r]]></document>
		<document><![CDATA[@rlpalmy @B3Director may be of interest for you to retweet :)]]></document>
		<document><![CDATA[NZers, please keep an eye out for stink bugs to send a friend working for @plantandfood for biosecurity research https://t.co/16xeKgDq0R]]></document>
		<document><![CDATA[So happy my santee likes his his present #nzsecretsanta  and I've watched his reaction video like 20 times, it's so funny]]></document>
		<document><![CDATA[We can learn so much from these noble crabs https://t.co/ZQx7mQedxR]]></document>
		<document><![CDATA[@UpsideBackwards thanks! Another new pet! And the mother orchid harbours 2 pet spiders!]]></document>
		<document><![CDATA[Just hanging out with my new pets, Mr and Mrs Predatory-Stinkbug, waiting for #nzsecretsanta https://t.co/SGPM1fIdUi]]></document>
		<document><![CDATA[Today is too exciting, I can't concentrate on work - P&amp;F xmas party, #nzsecretsanta, and party for friends I haven't seen in months tonight!]]></document>
		<document><![CDATA[Santas I'm so sorry, apparently the system got confused and told me lies! I shouldn't have hastily posted! Day is made again #nzsecretsanta]]></document>
		<document><![CDATA[@adzebill I did this with a mouse and a bird once]]></document>
		<document><![CDATA[Spent the day examining codling moth genitals, it was really fun and interesting!]]></document>
		<document><![CDATA[They're so lovely, might get a set for home &amp; for work! https://t.co/QTIyVBvl5f]]></document>
		<document><![CDATA[Wonder how soon NZ Dairy will be attempting this kind of thing too https://t.co/RNk0AOR904]]></document>
		<document><![CDATA[Just purchased part 1 of my #nzsecretsanta pressie, hope he likes it! And now searching for a bonus gift for the #canteen kids :)]]></document>
		<document><![CDATA[Awesome idea for conference goers! https://t.co/A4E2BPRUwp]]></document>
		<document><![CDATA[https://t.co/5cyudUKbOe Yup, these authors were wrong about their spiders being the only leaf mimics. Meet Arachnura feredayi]]></document>
		<document><![CDATA[Wow cool research https://t.co/dLFRblw0Gp]]></document>
		<document><![CDATA[#nzsecretsanta tips
more likes: soft toys, books, pokemon, birds, travel, homemade stuff.... or just surprise me!]]></document>
		<document><![CDATA[#nzsecretsanta tips
Likes: Animals, nature, tramping, crafts, gaming (vidya &amp; board), lollies/chocolate, sz10 ts, socks, scarves, homewares]]></document>
		<document><![CDATA[@taramcallister4 I thought they could save themselves and crawl to new water? Too dry?]]></document>
		<document><![CDATA[@adzebill Thanks for the name, I have emailed him! Looking forward to finding out more.]]></document>
		<document><![CDATA[@ppgardne nope, the one I've seen in Kaikoura looks exactly like the Chinese one]]></document>
		<document><![CDATA[I ask cos they're claiming a novel camouflage, as is all the media reporting on it... and it's false!!! Nz one looks just like it.]]></document>
		<document><![CDATA[Spider people: There's an NZ species that looks just like this newly discovered Chinese spider. What's it called? https://t.co/9pdr3jonea]]></document>
		<document><![CDATA[Wow, lovely colours! https://t.co/UHNheM70pP]]></document>
		<document><![CDATA[Hilarious! https://t.co/6cUoRpspyz]]></document>
		<document><![CDATA[Started a FB page to post pics from one of my projects @plantandfood. Twitter coming soon? Please like in meantime… https://t.co/osC8ABXZlW]]></document>
		<document><![CDATA[.@lloydstringer2 Welcome to Twitter Lloyd! Fellow @plantandfood colleague and #entomologist.]]></document>
		<document><![CDATA[nooooo the poor babies :( I helped rescue crash landed ones last year https://t.co/fQm8vlFSrN]]></document>
		<document><![CDATA[Shameful behaviour https://t.co/CeMmrlvVL8]]></document>
		<document><![CDATA[I'd have thought doing nothing was morally unacceptable! https://t.co/m3wU2Ps3wT]]></document>
		<document><![CDATA[he's so lovely! https://t.co/TRR3FJiNWS]]></document>
		<document><![CDATA[@dikbayir_en this is from 2011, not tonight]]></document>
		<document><![CDATA[Gorgeous nest! These are cousins to NZ robins https://t.co/MbSE34ylaT]]></document>
		<document><![CDATA[Cute, I want a box of many mosses for my deck https://t.co/vCdpdGQ0Dw]]></document>
		<document><![CDATA[@TititiPounamu ps just joking, they look like lovely spiders]]></document>
		<document><![CDATA[Burn the house down https://t.co/AWxZmySXLu]]></document>
		<document><![CDATA[awww fluffy babby dinosaurs https://t.co/FmUA14zgmw]]></document>
		<document><![CDATA[@OSNZBirdsNZ this is great, is there a way to subscribe via email?]]></document>
		<document><![CDATA[@lauragoodall pity they didn't put in a link, but I've read about this photographer before]]></document>
		<document><![CDATA[@lauragoodall i think they die for other reasons and fall in. The photographer has posed them for artistic purposes]]></document>
		<document><![CDATA[It's usually law/company policy. But yeah, sucks to put in all that effort when it's meaningless :( https://t.co/NJ9HRluxd4]]></document>
		<document><![CDATA[Alisa is an amazing and passionate conservationist + takes great photos https://t.co/KDs9mkwdNG]]></document>
		<document><![CDATA["There is no myth about 1080 that hasn't been comprehensively debunked many times over.Yet those myths are still pr… https://t.co/rcq2K3biUG]]></document>
		<document><![CDATA[I had to vote robin even though they don't have a flash campaign. I loves them!| #BirdOfTheYear https://t.co/1m2imaC0n6]]></document>
		<document><![CDATA[Cute, I want to read this book https://t.co/rGpMnbju8r]]></document>
		<document><![CDATA[Please consider donating to Mental Health Foundation NZ via my uncle running the Akl marathon  #everythingcounts https://t.co/7fmLCeZM0r]]></document>
		<document><![CDATA[Only 11/16... How embarrassing https://t.co/WhPZHwsyQs]]></document>
		<document><![CDATA[I want to live in Aus and have treefrogs live in my shower/bathroom. #dreams #lifegoals https://t.co/wzfLzaNIjq]]></document>
		<document><![CDATA[It's the cousin of the "I fucking love cocaine"spider! https://t.co/1hy8MWwguK]]></document>
		<document><![CDATA[I want to see one, love their cute faces https://t.co/U3aUjnoduU]]></document>
		<document><![CDATA[I used to play with insects for fun, now I get paid https://t.co/OSkQUBDFJH]]></document>
		<document><![CDATA[Carnivorous plants use different scents to attract prey yet protect pollinators. Research by my team @plantandfood… https://t.co/SWWDEYp4Fe]]></document>
		<document><![CDATA[This is amazing, will have to show the lab manager haha https://t.co/xSp8nWmadh]]></document>
	</documents>
</author>