<author lang="en">
	<documents>
		<document><![CDATA[Has importance of immigration been understood in Australia's efforts to build startup ecosystems? #gov2au #auspol  https://t.co/ItA4dGPfwK]]></document>
		<document><![CDATA[Copyright Barons ask Trump for strong digital borders to restrict sharing &amp; reuse of content #copyright #CC #gov2au https://t.co/yfOTweLiRD]]></document>
		<document><![CDATA[Is Australia in slow decline as a free egalitarian society? #auspol  https://t.co/9Z5q9vJTzb]]></document>
		<document><![CDATA[What if DNA could have extra 'letters' added to its alphabet? #awesomescience - with profound implications https://t.co/ah09yokjhF]]></document>
		<document><![CDATA[It's important for public figures to be able to laugh at themselves - Miss Universe gets revenge on Steve Harvey https://t.co/mvyqg7bKtr]]></document>
		<document><![CDATA[A good read from a political historian on the rationale behind the #MuslimBan EO #auspol https://t.co/OXr1DjW3o7]]></document>
		<document><![CDATA[Dr Google at work... #health20 https://t.co/df6TBzQPBa]]></document>
		<document><![CDATA[@EddyJokovich unless if he actually gave the money on 1 July or later. Then we wait for another 12myhd]]></document>
		<document><![CDATA[Australia’s ICT workforce expected to grow to 695,000 workers by 2020. Deloitte Australia #gov2au  https://t.co/b5Z9YIsUDZ]]></document>
		<document><![CDATA[Bloggers &amp; internet marketers in Austrqlia should make themselves aware of this #socialmediamarketing  #SMM  https://t.co/CyrvVkrrj2]]></document>
		<document><![CDATA[New Aussie ad rules: Influencers must reveal sponsors, but TV networks can keep quiet abt product placement #auspol https://t.co/CyrvVkrrj2]]></document>
		<document><![CDATA[In 48hrs the ACLU raised $24m - 6x its best fundraising year - after Trump's contested EO released #auspol #gov2au  https://t.co/AXfC0koFmV]]></document>
		<document><![CDATA[Records Managers, Archivists, Historians &amp; Journalists - note this... https://t.co/7ziWaXQuCO #gov2au #auspol]]></document>
		<document><![CDATA[@taylor_jlt @abcnewsPerth I think they'll be using the sticks]]></document>
		<document><![CDATA[What a great catch.... https://t.co/KOISkMyaIm]]></document>
		<document><![CDATA[@BJscotty I'm sure there's a lot more to come :)]]></document>
		<document><![CDATA[Philippines President suspends war on drugs after the death of a South Korean businessman. #auspol  https://t.co/7APquDnC57]]></document>
		<document><![CDATA[A guide to the Geneva Convention for beginners, dummies and newly elected world leaders #auspol  https://t.co/hprgMYZMDF]]></document>
		<document><![CDATA[Still a maybe, despite headline - Schoolboy going to space camp after Trump visa ban lifted for Australians #auspol  https://t.co/wYCnYYxFNA]]></document>
		<document><![CDATA[There's opportunity for Australia as talent leaves Silicon Valley #gov2au #psinnovate #ideasboom https://t.co/URcvpE8CoM]]></document>
		<document><![CDATA[@GregEsq @duck_raymond the link is via google - must be updating as liveblog does - read down :)]]></document>
		<document><![CDATA[@GregEsq @duck_raymond actually she was acting consistently https://t.co/RI6CzD9xqU]]></document>
		<document><![CDATA[@duck_raymond I didn't say he was. Yates was fired for doing her job by upholding the law. That's also what happens in dictatorships.]]></document>
		<document><![CDATA[@FoxNews the suspect remaining in custody is a Canadian white nationalist (as Fox hasn't clarified this) https://t.co/ekcQqXlDcb]]></document>
		<document><![CDATA[@duck_raymond I think she now understands how dictators work]]></document>
		<document><![CDATA[@LockwoodChris @KrisColvin as the US's first law officer her duty was first to the law, not to the President.]]></document>
		<document><![CDATA[Communications Day caught misreporting Internet Australia chair regarding #NBN #fakenews https://t.co/K3Manxx5vo]]></document>
		<document><![CDATA[@KrisColvin that's the real goal. Clear out anyone with the backbone to stand up for the US Constitution &amp; put his own operatives in place.]]></document>
		<document><![CDATA[@TomMcIlroy @workmanalice but has there been confirmation that Australians already affected by the ban are now getting visas?]]></document>
		<document><![CDATA[@PamelaGeller actually she was fired for doing her job. Trump prefers people who put him above the US Constitution.]]></document>
		<document><![CDATA[NOOOOOOOO! #sadface Games are a bigger industry than movies.... https://t.co/2EVInWkePE]]></document>
		<document><![CDATA[@VodafoneAU_Help store sorted issue thanks - but they aren't sure how they did :)]]></document>
		<document><![CDATA[@Omshadiddle sometimes that's what it takes unfortunately. Easier for her as she was marking time until Trump replaced her]]></document>
		<document><![CDATA[This is a principle that applies to Australian Attorney-Generals as well. Should not be subject to party politics.… https://t.co/U5XX4j2LHm]]></document>
		<document><![CDATA[Good role model for public servants globally ⚡️“Acting attorney general will not defend Trump's travel ban in court”
https://t.co/TvHogEW8dr]]></document>
		<document><![CDATA[@VodafoneAU_Help yes. Have tried restarts &amp; resets. Doesn't fix it. Going into Belconnen Vodafone store this afternoon to ask them]]></document>
		<document><![CDATA[@VodafoneAU_Help was setting it up - did so first via 121 then it asked me to do it again via the voicemail button... Then it got stuck]]></document>
		<document><![CDATA[@VodafoneAU_Help how do I fix my iPhone 7 Plus voicemail stuck on this screen? Can leave voicemails but not access https://t.co/LPeFOpjc6L]]></document>
		<document><![CDATA[@boneybrooke yes they are - but until there's actual outcomes they are simply comments.]]></document>
		<document><![CDATA[@djp1974 @feraldata @Data61news @anucecs @suhitanantula definitely - I hope you realise your dreams for Data61]]></document>
		<document><![CDATA[@boneybrooke @TurnbullMalcolm so has that kid travelling to space camp gotten his visa yet? Please report on actual instances proving claim.]]></document>
		<document><![CDATA[@Shear_Gold US Americans have a tradition of fighting for freedom, this is an opportunity for then to practice this skill.]]></document>
		<document><![CDATA[Quebec shooting suspect a white Canadian anti-immigration nationalist, not a Morrocan Muslim https://t.co/NdunGOA1zP #auspol]]></document>
		<document><![CDATA[Is it more important to feel safer or be safer - in conditions where these are not the same thing? https://t.co/QQsyGjaydz #auspol]]></document>
		<document><![CDATA[@JohnWren1950 @abcnews just about 1.5m now. Worth watching it update in realtime.]]></document>
		<document><![CDATA[How a non-government programmer added excellent code to the UK epetitions system (3 tweet series) #gov2au… https://t.co/ILnt3CdCrX]]></document>
		<document><![CDATA[Australia's ten most expensive tax breaks #auspol  https://t.co/gNyhLxUxxe]]></document>
		<document><![CDATA[DC police surveillance cameras were infected with ransomware before inauguration | #gov2au #security #privacy  https://t.co/M33Z2SYgNm]]></document>
		<document><![CDATA[UK has a clean, east-to-use ePetition system - https://t.co/MAti5I7DiD  unlike the Australian version - https://t.co/3W9rsH5FTz #auspol]]></document>
		<document><![CDATA[Is the US #opendata movement under threat? #OGPau #gov2au https://t.co/R7pOE5pmMf]]></document>
		<document><![CDATA[One of the less usual ways in which intelligence agencies can gather insights into a nation's military intentions… https://t.co/vd6NVr4zcs]]></document>
		<document><![CDATA['Two for one' EO is easily gamed (amend regs rather than add) &amp; assumes all regulations of equal value (false) https://t.co/RUdIKBigmt]]></document>
		<document><![CDATA[@vishalfast007 @HuffPostPol easily gamed. Don't add new regulations, just modify/repurpose existing ones. The EO has no actual benefit.]]></document>
		<document><![CDATA[@introvertedwife platforms where all articles are selected by an editor tend to be influenced by an individual's bias. Embrace diversity...]]></document>
		<document><![CDATA[Donald Trump to withdraw from Paris agreement on #climatechange &amp; remove all vehicle emissions controls says adviser https://t.co/y8vElYXld9]]></document>
		<document><![CDATA[Effectively Trump claimed that protesters at airports across the US were just commuters delayed by computer glitch.… https://t.co/sIacgSURkv]]></document>
		<document><![CDATA[@paulkrugman a symptom of lack of trust in politics. People assume politicians will lie, therefore are unprepared for one speaking truth.]]></document>
		<document><![CDATA[@julie_crabtree @UNICEFLive @OverlapAssoc what if we could translate between languages in real time so no-one need to learn more than one...]]></document>
		<document><![CDATA[So why doesn't @TurnbullMalcolm stand in solidarity with @JustinTrudeau over the #MuslimBan? #auspol #asylumseeker https://t.co/gbuzAiCha8]]></document>
		<document><![CDATA[@JohnBirmingham the US clearly dodged a massive bullet there...]]></document>
		<document><![CDATA[Awesome data visualisation: All of Donald Trump's Business Ties #opendata #datavis #gov2au #auspol   https://t.co/9DxEteXxMG]]></document>
		<document><![CDATA[Jihadist groups hail Donald Trump's travel ban as a victory #MAGA #auspol  https://t.co/hTK3J8unxn]]></document>
		<document><![CDATA[@DrMel_T well I am halfway through writing my book on the policy &amp; societal impacts of digital transformation - does that count? ☺️]]></document>
		<document><![CDATA[@DrMel_T you're just a nudge ahead of me :)]]></document>
		<document><![CDATA[@TonyAbbottMHR @workmanalice BTW in 2001-10 Senate passed 1,619, negated 86 - also 95% passed, like 2011-16. https://t.co/ITGI22dBOx #auspol]]></document>
		<document><![CDATA[@thehill @MWhalan They have finally corrected the title of Australia's Foreign Minister however... https://t.co/ELfoyYJq5Z]]></document>
		<document><![CDATA[Will @TurnbullMalcolm comment on this? #auspol https://t.co/renCoHjd5v]]></document>
		<document><![CDATA[@TonyAbbottMHR @workmanalice Here's the statistics for 2011-16 - passed 959, negated 54 = 95% passed.  https://t.co/5iBi9gvHeZ #auspol]]></document>
		<document><![CDATA[@TonyAbbottMHR @workmanalice review involves some rejection. Currently 95% of legislation approved by Senate after review. No problem here.]]></document>
		<document><![CDATA[@alisoncroggon @justine_hyde one of the best innovations by modern civilisation.]]></document>
		<document><![CDATA[Federal procurement statistics show small suppliers share fell slightly in latest year despite push by gov https://t.co/xXpGTRnZ9z #auspol]]></document>
		<document><![CDATA[Well done @tkelsey1 &amp; the team at @AuDigitalHealth for #yourhealthyoursay - good model for how other agencies could engage #psinnovate]]></document>
		<document><![CDATA[Good watch #auspol https://t.co/5WXJAQ3LcL]]></document>
		<document><![CDATA[What about when the domestic policies of other countries impact on the travel of Australian citizens with dual citi… https://t.co/Sa9gX89aYD]]></document>
		<document><![CDATA[@FirebrandTalent @ASCommsTweeter no. We've enhanced it.]]></document>
		<document><![CDATA[@ACReportCard @AuDigitalHealth that's similar to my earlier question - I've found medical practitioners find it hard to keep up with digital]]></document>
		<document><![CDATA[Have you considered allowing people to click a box to share their data anonymously for future health research?  #YourhealthYoursay]]></document>
		<document><![CDATA[@louise_schaper @AuDigitalHealth awesome! I have it open on iPad too. PC &amp; phone busy with other things ATM  :)]]></document>
		<document><![CDATA[I can see #WhatsTrumpWatching going viral... https://t.co/txcBtbE2xG #auspol #Trump]]></document>
		<document><![CDATA[Health practitioners are busy, over 25% over 55 - how will the DHA keep them engaged &amp; current given tech change speed? #yourhealthyoursay]]></document>
		<document><![CDATA[Digital Health Agency did a great job on #accessibility for their #DigitalHealth webcast - embedded live #Auslan &amp;… https://t.co/22paloHc1u]]></document>
		<document><![CDATA[@louise_schaper @AuDigitalHealth Working for me now: let me into the interface a little late, but clicking on 'Webcast' worked straight away]]></document>
		<document><![CDATA[Worth watching RIGHT NOW if you're interested in the future of #health in Australia #health20 #digitalhealth… https://t.co/JuXCYo8COB]]></document>
		<document><![CDATA[@AuDigitalHealth OK - just let me into the main screen - hi @tkelsey1 :)]]></document>
		<document><![CDATA[@AuDigitalHealth trying to log in, but getting nothing on my PC, iPad &amp; iPhone :( Just stops at login screen]]></document>
		<document><![CDATA[Coalition publicly endorses selective immigration based on nationality &amp; religion. #auspol https://t.co/Btw28bny9k]]></document>
		<document><![CDATA[Governments need to think about productivity in society-wide terms, not just in terms of the public service https://t.co/AVTYpfsn2M #gov2au]]></document>
		<document><![CDATA[@piawaugh a really good presentation Pia :) Got any time for a coffee this week? I have news to share.]]></document>
		<document><![CDATA[School, not online, most likely place for bullying, study finds #socialmedia #gov2au #auspol #bullying  https://t.co/fHjPbBgpr8]]></document>
		<document><![CDATA[@PiaWaugh: "we are the most powerful in the history of our species - provides we believe it" https://t.co/GOrJDy3LLh #gov2au #psinnovate]]></document>
		<document><![CDATA[Secret motors used to cheat in cycling https://t.co/3Vil9g4Alf]]></document>
		<document><![CDATA[This will likely also face a legal challenge #auspol https://t.co/Edlq7QadAD]]></document>
		<document><![CDATA[Will Trump be recognized for his fantastic &amp; generous contribution to funding the civil liberties movement in the U… https://t.co/1xyIfmarHD]]></document>
		<document><![CDATA[@paulkrugman Trump made 13 executive orders in first week. One is being publicly protested &amp; legally challenged. Trump must like herrings.]]></document>
		<document><![CDATA[Will @TurnbullMalcolm &amp; @JulieBishopMP attempt to secure similar exemption for Aussie dual-nationals visiting US (i… https://t.co/p3wo6DN5JK]]></document>
		<document><![CDATA[@AlboMP @james_powditch that's a good story]]></document>
		<document><![CDATA[One to monitor, but not the 'techwreck' this Canberra Times article claims https://t.co/Vmo19h1nJD #censusfail #gov2au]]></document>
		<document><![CDATA[Has anyone mapped US voting patterns against the aver distance to an international airport? Wondering if there's a correlation #opendata]]></document>
		<document><![CDATA[Do governments have the systems they need to be able to listen &amp; respond to citizens effectively? #gov2au https://t.co/8aLxPUyKqZ]]></document>
		<document><![CDATA[@Colin0Brien1 @MichelleDCullen @EithneHarley @EnnyOrl there are religions where women can be priests]]></document>
	</documents>
</author>