<author lang="en">
	<documents>
		<document><![CDATA[@SarahKSilverman 18 U.S. 2385 #treason

...Good luck. The Military love Trump.]]></document>
		<document><![CDATA[@nzta_news Hi! Im aware that I can drive in NZ for 1 yr via UK Licence. I am waiting on Residency visa do I still have to leave and reenter?]]></document>
		<document><![CDATA[The British, taking the piss out of their democracy since forever. Petition for @realDonaldTrump TO visit UK now. https://t.co/w4JcLl65h4]]></document>
		<document><![CDATA[@Ticketek_NZ Hi! , I bought Hurricanes vs British Iriish Lions tickets a while ago. How do I change my delivery address? Thanks!]]></document>
		<document><![CDATA[@Thebeast_ufc End of the end for Browne who has been shocking since changing camps. Must be all that amazing boxing he's been coached looool]]></document>
		<document><![CDATA[#CNN debunk their own story that Inauguration of @realDonaldTrump was less than 250k w/ Gigapixel photo https://t.co/jSv7tAKLP7 #FakeNews]]></document>
		<document><![CDATA[@Steve_NUFC A far worse disease than #Homesickess. Stay strong. #JulyCometh #NotSureWhyIHashtaggedThat]]></document>
		<document><![CDATA[@flinderella Yeah, a little. I'm very much enjoying the sunny weather here.]]></document>
		<document><![CDATA[Holy fuck @packers you left that one late! Better late than never, though! #GoPackGo #NFLPlayoffs https://t.co/CRn9f3qzOv]]></document>
		<document><![CDATA[#Homesickness, like any other vaguely communicable disease, won't go away overnight. #Expats]]></document>
		<document><![CDATA[Props to whoever made this. Hilarious haha! https://t.co/Wdy9XFmwZP #MerylStreep @TheNotoriousMMA @joerogan #GoldenGlobes]]></document>
		<document><![CDATA[@pewdiepie You disabled comments from "I've Discovered The Greatest Thing Online...". Just thought you should know, I loved the last one 😂]]></document>
		<document><![CDATA[@packers dusted off @Giants pretty tidily; Rodgers and Cobb running riot. Hitting a run of form at the perfect time! #GoPackGo #NFLPlayoffs]]></document>
		<document><![CDATA[Good to, finally, hear @joerogan tell everyone what he's been saying on his podcast. Rousedy got fucked up &amp; non casuals knew it was coming.]]></document>
		<document><![CDATA[Roused needs to understand and learn from losing. Only then will she progress #UFC207]]></document>
		<document><![CDATA[That went exactly how I thought it would. Media obsessed with #RondaRousey and not showing how efficient #AmandaNunes is. #UFC207]]></document>
		<document><![CDATA[Excellent dominant win for @Cody_Nolove . Next time finish them off, 3 opportunities! Haha #UFC207]]></document>
		<document><![CDATA[#cruzvsgarbrandt Cody missed a few to TKO Cruz. Hppenitndoesnt come back to haunt him cos he has this. #UFC207]]></document>
		<document><![CDATA[#cruzvsgarbrandt is intense AF. Scoring it 1-1 atm (#1 CG, #2 Cruz). 3rd round inbound. #UFC207]]></document>
		<document><![CDATA[KO Head kick by Misha Cirkunov was disgusting #UFC206]]></document>
		<document><![CDATA[Knowing @Metallica "Moth Into Flame" was written about #AmyWinehouse gives a whole new dynamic and understanding to the song.]]></document>
		<document><![CDATA[@pewdiepie you can always follow me... I'll always be here, bro 👊.]]></document>
		<document><![CDATA[First time I've seen an energy drink not contain #aspartame &amp; other various crap. Impressive. More of this please,… https://t.co/NF2cC4Ro1K]]></document>
		<document><![CDATA[Congratulations to @nico_rosberg ! World Champion, plenty in the bank &amp; a family he be with 100% now #F1]]></document>
		<document><![CDATA[@chrisgasoga @GooglePlayMusic @Metallica was ok in the end on the Friday for me.]]></document>
		<document><![CDATA[@GooglePlayMusic Hi! @Metallica album is out this Friday, if I preorder when is it available? I am in New Zealand #HardwiredToSelfDestruct]]></document>
		<document><![CDATA[@ThermoGrenade @ChrisSmith521 I thought that said Steaks for a second and I got all excited. Congrats, though!]]></document>
		<document><![CDATA[@YahooNZ @SparkNZ Great gesture by @SparkNZ in times of need.]]></document>
		<document><![CDATA[Scary watch of the last 48 hours as #earthquakes intensified. #eqnz https://t.co/3yVk5fTPBJ]]></document>
		<document><![CDATA[Fingers crossed the majority of the stronger #earthquake &amp; #aftershocks are over, in New Zealand. Hope everyone is safe! #eqnz]]></document>
		<document><![CDATA[The @realDonaldTrump effect... https://t.co/NuFLJecwkV]]></document>
		<document><![CDATA[In all the craziness of #UFC205 and #ConorMcGregor, @MieshaTate has retired 😞. You're both legends of #MMA  !]]></document>
		<document><![CDATA[History in the making! Incredible fight by @TheNotoriousMMA - 2 weight champion, amazing! #ConorMcGregor #UFC205 #AndNew]]></document>
		<document><![CDATA[@Lumia Hi! Cant seem to find a link t9 buy a Dual SIM 950 or 950XL. Can you help me out please? Also, will it work in New Zealand?]]></document>
		<document><![CDATA[So... @realDonaldTrump I assume you're going to give, @wikileaks leader, Julian Assange a Presidential Pardon with citizenship, right?]]></document>
		<document><![CDATA[Everyone is still talking about the election and I'm just sat here waiting for the new @Metallica album...

#HardwiredToSelfDestruct]]></document>
		<document><![CDATA[Sort it out @dotnet ! This is 2016, dammit! https://t.co/gGFiWFk7A8]]></document>
		<document><![CDATA[@YourAnonNews On the other hand, Gold is doing great...]]></document>
		<document><![CDATA[@Steve_NUFC Success is built from failures though eg Walt Disney, Bill Gates, Edison, Dyson. Its ok, we always have love for each other 😉 💓]]></document>
		<document><![CDATA[@Steve_NUFC Well show me &amp; I'll read it &amp; make a conclusion. I read a variety of news sources - not mainstream BS which is owned by the 1%]]></document>
		<document><![CDATA[@imLucyWatson This should be paid for by the companies exceed emisisons. Not the tax payer.]]></document>
		<document><![CDATA[@Chard1964Ltd Is this off the back of the US Election do you feel? Gold jumped up after he won.]]></document>
		<document><![CDATA[@Steve_NUFC Trump Tower, The Apprentice &amp;, FYI, Russia broke free Globalists when Putin banned the Rothchilds. Proof of money from Russia?]]></document>
		<document><![CDATA[First: #Brexit
Second: #Trump is #POTUS
Third: Death of Globalists &amp; Globalisation?

#DrainTheSwamp #Liberty]]></document>
		<document><![CDATA[Twitter in Liberal Meltdown over  #POTUS #Trump. Are you all ignoring @WikiLeaks and his business portfolio? This is death of Globalisation!]]></document>
		<document><![CDATA[@meganmoorhens This is from the vast experience of running a country you have? He's in better health than Clinton, I know that much.]]></document>
		<document><![CDATA[Love this tweet. https://t.co/sEyw5ZNoKI]]></document>
		<document><![CDATA[Seen the #Sissoko tweets from his game last night 😂😂😂 We did tell you... #THFC. BTW, the Euros count as 2/5 games he turns up too.]]></document>
		<document><![CDATA[I find it hilariously American that a sport has a "World Series" where only American teams are participating in. #WorldSeries]]></document>
		<document><![CDATA[@EricEtebari that's too short of a notice for this year. Where can I get updates for the next one?]]></document>
		<document><![CDATA[They have this thing manned, watching it, just in case. Rightly so. I want it. #HoloLens #MSIgniteNZ https://t.co/81xXCABa8z]]></document>
		<document><![CDATA[@YourAnonNews it's more of a "I'm voting for the lesser of two evils." which would be about right, imo.]]></document>
		<document><![CDATA[First day of supporting the #MsIgniteNz a success so now to enjoy some downtime. https://t.co/PVJMfBmy0d]]></document>
		<document><![CDATA[Amazing keynote from @donasarkar to kick-off #MSIgniteNZ #HustleTheHuman https://t.co/4wgOyF1QKa]]></document>
		<document><![CDATA[@flinderella more so than Hillary. Curious what would happen, if he gets in; beats the same old. It'll be Bush/Clinton's for 24/32 years.]]></document>
		<document><![CDATA[@BenSRachinger @realDonaldTrump @WashTimes and the Dad can give 33,000 reasons why he doesn't give a shit 😂😂😂]]></document>
		<document><![CDATA[Love watching the #Haka. Fucking immense. #NZLvAUS #NZvsAUS #GoAllBlacks #NZ]]></document>
		<document><![CDATA[@StephenPKendal The ratio is crazy now! Just ordered a generous amount of American Silver Eagles 😁]]></document>
		<document><![CDATA[#Gold to #Silver currently selling at 73:1. Pre-1900 avg ratio was 16:1. I remember when it was at 50:1. Right time to #buy, I think.]]></document>
		<document><![CDATA[@NoteBites ...wth is an A12!?]]></document>
		<document><![CDATA[@arielhelwani I wanna see the 49-46... quite odd.]]></document>
		<document><![CDATA[#ANDSTILL Absolutely intense fight! #Bisping takes it &amp; rightly so, imo. Shows there is more to one punch when scoring. #UFC204]]></document>
		<document><![CDATA[#Hendo might have snuck it for me. #UFC204 #AndNew #BispingHenderson2]]></document>
		<document><![CDATA[@arielhelwani  No way a 10-8 for me. Bisping brought it. However, he needs to keep bringing it and KO him now.]]></document>
		<document><![CDATA[Split on #BispingvsHenderson2 . Would be great for either to win. Hendo retiring and Bisping's revenge. #UFC204 #ItsTime]]></document>
		<document><![CDATA[@VisualStudio I've had some more updates for Windows 10 and it seems to have resolved the issue. If it returns I'll screenshot them, though!]]></document>
		<document><![CDATA[Nice end to the day with a £84 #Tax #Rebate from the old country. That'll just about plug up the overdraft.]]></document>
		<document><![CDATA[@VisualStudio since my #Windows10 updates last night, VS 2015 Community no longer works. Already done a reinstall. Any recommendations?]]></document>
		<document><![CDATA[Not impressed with the new #Windows10 updates. Just logging into my 2 month old new laptop takes an extra minute seconds alone, #refactor]]></document>
		<document><![CDATA[@wikileaks, that was a crock of bullshit. #OctoberSuprise = 30% of some fucking book. Wheres the Hillary evidence? #WikiRolled #wikileaks10]]></document>
		<document><![CDATA[@wikileaks fails to give "damning evidence" that would "indite" #HillaryClinton. #OctoberSurprise was 30% off a fucking book #WikiRolled BS]]></document>
		<document><![CDATA[@ShredderBabe LOL Great... love it!]]></document>
		<document><![CDATA[#JulianAssange #WikiLeaks is not cancelled! @infowars @YouTube link here: https://t.co/4XWVyD9znT #HillaryClinton #Truth #Crimes #Justice]]></document>
		<document><![CDATA[@FanaticsSupport You're a different twitter account. I had a response from @FansEdgeSupport - I'll stick with them.]]></document>
		<document><![CDATA[@StephenPKendal Big question is when. I've been hearing for the last 5 years it was coming that current year. More time to buy #Silver 😊.]]></document>
		<document><![CDATA[@FansEdgeSupport followed, need you to follow to DM. Thanks!]]></document>
		<document><![CDATA[@FansEdgeSupport When does you live chat turn on (GMT+0) as I'll need help locating my order # (can't seem to find it in my emails). Thanks!]]></document>
		<document><![CDATA[@Steve_NUFC It's his rotation of Optimus and Bumblebee that does it.]]></document>
		<document><![CDATA[@FansEdge Hi I bought an Antigua Green Bay Packers polo shirt (L) but its too big (despite chart saying 42/44"). Can I exchange it please?]]></document>
		<document><![CDATA[@nikestore Hi! You still stock the DownShifter VI? Super comfortable &amp; would like a couple colour variations 😂 Thanks! #ColourCoordinated]]></document>
		<document><![CDATA[Another app I won't use. Nothing worse than #adverts in #apps https://t.co/pv366PUyOJ @WhatsApp to share #data with #fb &amp; companies #privacy]]></document>
		<document><![CDATA[@arielhelwani Don't know why they're booing, strange. Nothing but cheers here at the @FourKingsWelly!]]></document>
		<document><![CDATA[What a KO by #AnthonyJohnson! 15 seconds... damn. Him &amp; @danielcormier now square off! #UFC202]]></document>
		<document><![CDATA[Big bonus of being in #NewZealand is no 5am to see #UFC. Want #McGregor to win but #Diaz by TKO, IMO.
#UFC202 #McGregorDiaz2 #ITSTIME!]]></document>
		<document><![CDATA[@jrdillon131 No need to thank but you're welcome. Negativity is a thief, it steals happiness.]]></document>
		<document><![CDATA[@LadyMaryAnon @YourAnonNews Yeah, heard him speak on Education, the System we will in and his work for https://t.co/rVxBUpwIW6 is great too.]]></document>
		<document><![CDATA[@LadyMaryAnon @YourAnonNews I'm not American so it makes no odds. However, if he was, he would, yes.]]></document>
		<document><![CDATA[@jrdillon131 💓 You'll always have a friend in me. I know its not what you mean. Keep loving. 💓]]></document>
		<document><![CDATA[@MelonieMac Hope it contains Matt Damon somehow. If it doesn't, alterations need to be made ASAP!]]></document>
		<document><![CDATA[@YourAnonNews Can't vote. Matt Damon isn't one of the options.]]></document>
		<document><![CDATA[#JasonBourne was everything I hoped it would be; it had plenty of #MattDamon

He also had a brown leather jacket like mine... #SpoilerAlert]]></document>
		<document><![CDATA[@ufc really need @RondaRousey to return ASAP and sort this shit out lol.]]></document>
		<document><![CDATA[@Amanda_Leoa @VenezuelanVixen @BulletValentina Thankfully, it's what UFC think, though.]]></document>
		<document><![CDATA[@msiUSA Hi! Bought your CX62 Laptop - Super happy but Disk runs @ 90%+ all the time! Any tips on getting this down, please? On Windows 10.]]></document>
		<document><![CDATA[@kaspersky is it possible to transfer my license from my old laptop to my new one? Thanks!]]></document>
		<document><![CDATA[@ray_ban Is this site genuine? I feel like it isn't... https://t.co/eNYINZuFi4 #CheapRayBan #PotentialScam]]></document>
		<document><![CDATA[#Cormier is really growing on me. Honest, humble and great work ethic. He was also spot on about JBJ lol... #ufc200]]></document>
		<document><![CDATA[Great to see @BrockLesnar back in the #Octagon &amp; get some vintage ground and pound for the victory! #UFC200 #ITSTIME https://t.co/PF3kJeXx1T]]></document>
		<document><![CDATA[Every #UFC Promo: 
Dramatic Voice-over: "*Fighter 1*! *Fighter 2*!" ...*Insert #JoeRogan "OH!" scream* "They're the best at *Insert skills*"]]></document>
		<document><![CDATA[@sherlockhomz @Grimerica @TheAntiMedia1 Game, Set &amp; Match. Pretty shit conversion ratio for a Sniper too.]]></document>
	</documents>
</author>