<author lang="en">
	<documents>
		<document><![CDATA[@norespawns Ugh you know he'd be a total Hogan and refuse to sell anyone else's moves]]></document>
		<document><![CDATA[Thank God I'm heterosexual or Valentine's Day would be completely meaningless. https://t.co/qe2ux3PXjj]]></document>
		<document><![CDATA[@teJoshuaJames but is it ethical to kill fascists tho 🤔]]></document>
		<document><![CDATA[The greater Wellington region, home to #bestmayors https://t.co/q3VkcYfLyC]]></document>
		<document><![CDATA[Daily Pratchett subtweet game strong. https://t.co/QvTAgCkAQV]]></document>
		<document><![CDATA[@ShakingStick I really like the snide tone of "sure, the US President brags about sexual assault but who cares if… https://t.co/utEqL7BByK]]></document>
		<document><![CDATA[@mmmegan It's the best episode. Scully is SO UNCOMFORTABLE in front of cameras.]]></document>
		<document><![CDATA[These words have been edited and rearranged into a poem to highlight his tone and content. I apologise if this was not clear to people.]]></document>
		<document><![CDATA[A clarification on yesterday's post: none of these words (except the intro) are mine. They are Martyn Bradbury's. https://t.co/8zFfdXWysg]]></document>
		<document><![CDATA[@guywilliamsguy Stealing "step up or step down" for future protest sign use]]></document>
		<document><![CDATA[@ritski @DearMama_ It's so all shall give him proper respect as High King of Turds]]></document>
		<document><![CDATA[Who gets to be apolitical, and who neutrality serves https://t.co/TDaW2SQpmU]]></document>
		<document><![CDATA[Royal Rumble. Got some mixed feelings about that.]]></document>
		<document><![CDATA[@meganjwhelan Joooooooooooooooooooin me, Megan. It's a lovely gutter. We have wine.]]></document>
		<document><![CDATA[@gtiso Got to be some kind of amazing statistic about that cc @FPayne100]]></document>
		<document><![CDATA[@meganjwhelan Phwoar.]]></document>
		<document><![CDATA[HOLY SHIT KANE WILLIAMSON #NZLvAUS]]></document>
		<document><![CDATA[Thiel? #MuslimBan? Housing crisis? Nauru? 

Bueller? https://t.co/BG8twxWeHz]]></document>
		<document><![CDATA[But I'm not at all surprised ticket sales were down this year. This kind of change and building trust takes time and effort.]]></document>
		<document><![CDATA[I'm with @DearMama_: if the Sevens becomes a fun family carnival event it's a good thing for Wellington. https://t.co/Vwshr6CAoj]]></document>
		<document><![CDATA[@felixmarwick Dammit, I mentioned this to J when he got home and now he's making a vuvuzela noise for each wicket ...]]></document>
		<document><![CDATA[[Evening re-post] Unity: a poem inspired by the words of Martyn Bradbury https://t.co/8zFfdXEXAI]]></document>
		<document><![CDATA[So maybe (a) don't tweet pictures of dead people, (b) don't be racist af, (c) don't do terrorists' work for them. Just a few suggestions.]]></document>
		<document><![CDATA[This is not only shit, it's exactly what the terrorists want us to think. They want to divide us. They want us to help spread their hatred.]]></document>
		<document><![CDATA[Implying open immigration policies lead to terrorist attacks assumes immigrants are inherently violent, aggressive, and alien.]]></document>
		<document><![CDATA[Tweeting pictures of dead bodies without warning to make a point about "the consequences of open immigration" is gross &amp; also really racist.]]></document>
		<document><![CDATA[They will absolutely weasel-word you into accepting full-blown Nazism. The time to be rude and loud and swift in condemnation is now.]]></document>
		<document><![CDATA[Never trust someone who tries to downplay the effects of brutal authoritarian oppression as "problems with implementation"]]></document>
		<document><![CDATA[Never let someone tell you that your reaction to brutal authoritarian oppression should be "more considered".]]></document>
		<document><![CDATA[@AsherGoldman @jemyoshioka WHAT]]></document>
		<document><![CDATA[Today in #bestmayor news. #NoBanNoWall #WheresBill https://t.co/kBvS6kS6Ox]]></document>
		<document><![CDATA[We can fight this horrible darkness https://t.co/IZxoY5Fkt5 https://t.co/gm2gifDkcW]]></document>
		<document><![CDATA[We run contests for bright young folk to produce a whole short film in that time. But we're not meant to expect more of our nation's leader.]]></document>
		<document><![CDATA[Now eight years later we're meant to accept the same man, as PM, can't formulate a response to a major international news story in &lt;48 hours]]></document>
		<document><![CDATA[... on the basis that "oh of course the Minister of Finance can't be based in Dipton, what if things happen that need his urgent attention?"]]></document>
		<document><![CDATA[I remember when Bill English's double-dipping was revealed &amp; some defended him living in Wellington but claiming an allowance for Dipton ...]]></document>
		<document><![CDATA[@LewSOS Just the world, Lew. The whole damn thing.]]></document>
		<document><![CDATA[Unity: a poem inspired by Martyn Bradbury https://t.co/Zslpi72cDu]]></document>
		<document><![CDATA[If you believe in human dignity &amp; the rule of law, it takes no time to know how to react to #MuslimBan. 

It took our PM some time. 

#nzpol]]></document>
		<document><![CDATA[@BeeFaerie ... oh my god, there are no women at all. Am I missing someone? I'm not, am I. JFC.]]></document>
		<document><![CDATA[@reckonsemoji I'll touch the fishy if I damn well please, so it understands how deliberately it's being ignored from this point.]]></document>
		<document><![CDATA[@_Techius You remind me of those guys at uni who'd insist I fuck them bc feminism made women sexually liberated @thelittlepakeha @grumpybirb]]></document>
		<document><![CDATA[@_Techius This isn't free speech. This is you being an entitled little shit. Leave her alone. @thelittlepakeha @grumpybirb]]></document>
		<document><![CDATA[@_Techius You seem confused about the diff between your right to speak &amp; demanding others answer your questions @thelittlepakeha @grumpybirb]]></document>
		<document><![CDATA[@reckonsemoji @jgmccl Well you're entitled to your very wrong opinion.]]></document>
		<document><![CDATA[@jgmccl WATCH IT AGAIN JORDAN it will be a good mental support structure for the next four years]]></document>
		<document><![CDATA[@jgmccl Seen Babylon 5? Because I'm also having strong Season 4 ISN/propaganda subplot feelings]]></document>
		<document><![CDATA[@jgmccl All that needed was "Would you like to know more?"]]></document>
		<document><![CDATA[@andrewmeows Unscripted, too: https://t.co/W0zMf1vuQ2]]></document>
		<document><![CDATA[At SOTN @AndrewLittleMP says "I’ll stand with [Pike River families] until they get justice" #StandWithPike #nzpol]]></document>
		<document><![CDATA[@LewSOS Not "making a habit of impotent denouncements" is going to be pretty difficult for the Member for Gerrymandering]]></document>
		<document><![CDATA[Can't tell if state of the nation livestream is stuttery bc Facebook or bc J is playing XCOM at the same time ...]]></document>
		<document><![CDATA[@MorganGodfery @farmgeek Was about to say, that's one way of stopping the troublemakers from tweeting :P]]></document>
		<document><![CDATA[@mrbarnabyb Looking for one too, not seeing them on the FB pages yet]]></document>
		<document><![CDATA[Sunday re-post: the political prospects for 2017 - living our values https://t.co/40GEQv42iN #nzpol]]></document>
		<document><![CDATA[@gtiso @thelittlepakeha But look at how well they took losing a democratic election (cue "it's the unions' fault!") Back to Fallout for me 😥]]></document>
		<document><![CDATA[@thelittlepakeha @gtiso It just lacks a certain style.]]></document>
		<document><![CDATA[@gtiso It's not Stalinism until they start awkwardly clipping Enemies Of The Party out of all the caucus photos.]]></document>
		<document><![CDATA[@reedfleming @KeirLeslie Greg has quite politely asked for your evidence. "Everyone knows" isn't evidence. Don't call me dumb. @GregPresland]]></document>
		<document><![CDATA[Tweets like "here's a photo of you with your local MP! Plotters!" do neither you nor the NZLP credit. @KeirLeslie @GregPresland @reedfleming]]></document>
		<document><![CDATA[@KeirLeslie @GregPresland @reedfleming Lose the tinfoil hats, boys. Greg's pseudonym has been public for years. The… https://t.co/caWcfBLpim]]></document>
		<document><![CDATA[@SianChristinaK Some sad old racist white guy who can't handle the idea people might talk about Waitangi Day without his input]]></document>
		<document><![CDATA[This is surprising and helpful and probably won't last long.]]></document>
		<document><![CDATA[Thing I just learned: when you're reporting an account as abusive to others, Twitter now prompts you to flag recent… https://t.co/AIdKUE6kAr]]></document>
		<document><![CDATA[@verbscape @grumpybirb THAT GUY. Avoid that guy.]]></document>
		<document><![CDATA[@Wildantlers Why do you say "again" like I pay any attention to your dull old sea lion game]]></document>
		<document><![CDATA[You want feeble grandstanding, let's talk about a Prime Minister throwing his toys bc he doesn't get centre stage in someone else's house.]]></document>
		<document><![CDATA[Ignore the last para and this is 100% how I feel about my fellow Pākehā's attempts every year to exploit Waitangi t… https://t.co/mmGhyva2vs]]></document>
		<document><![CDATA[In other completely unsurprising dudebro blog news, Pete George links to my post, first comment is an attack on my age. Claaaaaaaaaaaaaassy.]]></document>
		<document><![CDATA[I think we just reached Peak Martyn Unintentional Irony. https://t.co/sPwb3UAkOg]]></document>
		<document><![CDATA[The political prospects for 2017: living our values https://t.co/8donIRsd8Y]]></document>
		<document><![CDATA[@Megapope @simonpnz Of course not, that's proprietary information, very advanced social media guru skills]]></document>
		<document><![CDATA[@Megapope @simonpnz I spent at least 10 min trying to explain to a manager why this was utter rubbish &amp; not a great achievement but no luck.]]></document>
		<document><![CDATA[@Megapope @simonpnz I don't think I've ever told you about the time I heard a comms contractor excitedly say they'd "reserved" a hashtag]]></document>
		<document><![CDATA[... and it's pretty much impossible to tell whether they are outright parody, genuine intel, or well-written deception.]]></document>
		<document><![CDATA[It's such a bizarre / scary sign of our times there are/were multiple Twitter accounts claiming to be run by rogue White House staffers ...]]></document>
		<document><![CDATA[@jgmccl He wasn't in it! Thankfully. Just Justin and his CoS Joseph Romanos]]></document>
		<document><![CDATA["Probably time for a beer." Best mayor. https://t.co/Tx8X1if9iv]]></document>
		<document><![CDATA[Literal only good thing about this movie is the five minutes where Wonder Woman rocks up and saves the day because the men are useless.]]></document>
		<document><![CDATA[Oh thank God, just when the writers got themselves into a real bind, Alfred ex Machina to the rescue]]></document>
		<document><![CDATA[@CMRanapia There's a plot?]]></document>
		<document><![CDATA[I'm sure people said Luthor was one of the better parts of this travesty but speaking really fast isn't character development.]]></document>
		<document><![CDATA[We figured we'd watch Batman V Superman for lulz but my God this is insultingly shite.]]></document>
		<document><![CDATA[@actparty @HORansome @mfyfyr Given ACT's proud history of electing criminals, hypocrites and plagiarists we have to keep an eye on you.]]></document>
		<document><![CDATA[@DoctorJeph @nzherald And then you try to talk about how our society is obsessed with weight and coding thinness as… https://t.co/qTA7Z8uktQ]]></document>
		<document><![CDATA[@oneforthedr @nzherald @nzheraldbiz I hate it when South Park's right. https://t.co/XZpzxzI4Us]]></document>
		<document><![CDATA[@grumpybirb My current loves: Sukin oil-balancing clay mask and Natio 10-minute brightening mask, which are basically polar opposites]]></document>
		<document><![CDATA[This thread is horrifying and vital. https://t.co/8W7qqzTC12]]></document>
		<document><![CDATA[@simonpnz I once had IT send me *a screenshot of the Log Off button* just in case I didn't know how to turn it off and turn it on again.]]></document>
		<document><![CDATA[@missmelissaruth ... that how abusive men act in public is only a fraction of what they do in private.]]></document>
		<document><![CDATA[@missmelissaruth Reminds me of when those horrific photos of Nigella Lawson came out, and people were shocked, but others made the point ...]]></document>
		<document><![CDATA[Vaccines. AIDS programmes.  Maternal care. This will kill children, the elderly, ppl who can't get pregnant, people who are pregnant.]]></document>
		<document><![CDATA[Please understands the gag rule removes ALL funding from orgs who even *mention* abortion. No matter what aid they… https://t.co/E6AjjborbW]]></document>
		<document><![CDATA[@LewisHoldenNZ I can't tell if you've missed the point or srsly think you're helping by explaining nzpol 101 to me. Either way, jog on, lad.]]></document>
		<document><![CDATA[@reckonsemoji Jesus man, mind the visuals]]></document>
		<document><![CDATA[The only minimum wage is a living wage https://t.co/tAasvvinX0]]></document>
		<document><![CDATA[@reckonsemoji What value can you possibly bring to the country compared to a media-annihilating vampire?]]></document>
		<document><![CDATA[@gtiso Yes, Gio. I guess I'll just stop criticising the govt then, or trying to show people there's an alternative, cheers for the boost 🌧🌧🌧]]></document>
		<document><![CDATA[@gtiso Many businesses are shit. No denying. They're bludging off the rest who pay people enough to afford their products.]]></document>
		<document><![CDATA[If your business model relies on short-term profit &amp; screwing people over for it, you suck at business. Try something else, like empathy.]]></document>
	</documents>
</author>