<author lang="en">
	<documents>
		<document><![CDATA[@Trump_Videos @Starbucks we love our veterans Starbucks you have been boycotted]]></document>
		<document><![CDATA[@RealJack and you should be brought up on treason.  Someone that does that doesn't need to be in the United States.]]></document>
		<document><![CDATA[@PeterPrunski @FoxBusiness @Nigel_Farage how very disrespectful Peter.]]></document>
		<document><![CDATA[@olrockcandymtns @PeterPrunski @FoxBusiness @Nigel_Farage elected by the people... we're in this together let's get along]]></document>
		<document><![CDATA[@puxe_me @Texasbelle7VA @FoxBusiness @Nigel_Farage my book  "Holly Bilble". President Trump cares about our safety....give him a chance]]></document>
		<document><![CDATA[@people I hope Drew Peterson rots in hell how he could take two innocent women's lives ...egotistical , narcissistic evil devil.]]></document>
		<document><![CDATA[@CNN why would we want to know about her pregnancy..Really! she's done nothing but divide this country. Not a good influence on our youth]]></document>
		<document><![CDATA[@MasterGuns1313 @TheIJR @realDonaldTrump thank you for your service and God bless you]]></document>
		<document><![CDATA[@ZachBoychuk @VIKTRESocial  @formanlinda905 congratulations]]></document>
		<document><![CDATA[@JudgeJeanine @FoxNews you are absolutely amazing I adore you and I definitely will tune in God bless]]></document>
		<document><![CDATA[@blakesheltonf Blake is that you using profanity all the time I'm shocked. You do know name-calling is not nice. But I still love ya]]></document>
		<document><![CDATA[@justanavywife @JessieJaneDuff @tomborelli @deneenborelli @angelaganote @NinevehDinha Go Army Army Strong and Semper Fi]]></document>
		<document><![CDATA[@Trump_Videos love her dresses...I'll never shop Nordstrom's again.]]></document>
		<document><![CDATA[@RadioKenPittman @CNN I agree with Kelly and Ken]]></document>
		<document><![CDATA[@BigStick2013 @realDonaldTrump agents are hired to protect our president and they're not doing their shame on them]]></document>
		<document><![CDATA[@BigStick2013 @realDonaldTrump  they should be fired they don't have the best interests of our country and our president at heart]]></document>
		<document><![CDATA[@Team_Trump45 prayerfully in the future they will... let's all pray]]></document>
		<document><![CDATA[@Team_Trump45 please work together that's how we solve things ....please stop using profanity.]]></document>
		<document><![CDATA[@RichardWeaving @ForTheWin please replace her]]></document>
		<document><![CDATA[@DaveNYviii @realDonaldTrump   congratulations to both of you that is absolutely awesome.]]></document>
		<document><![CDATA[@Team_Trump45 @POTUS President Trump made an awesome choice for Supreme Court Justice.]]></document>
		<document><![CDATA[@WayneDupreeShow awesome superb choice]]></document>
		<document><![CDATA[@VP @USDOT @ElaineChao congratulation secretary Chao. I sure miss you at Labor.  God bless you]]></document>
		<document><![CDATA[@Team_Trump45 his fake tears is so obvious God help him]]></document>
		<document><![CDATA[@ABC why in the world isn't this video shown in others so people can see what's happening that it's real]]></document>
		<document><![CDATA[@jerrysaltz @Texasbelle7VA I'm not racist or prejudice.. don't judge me. my dad passed away several years ago he was an awesome father]]></document>
		<document><![CDATA[@AmyMek @realDonaldTrump  tighten the borders around Canada as well what's wrong with these people... protect the US]]></document>
		<document><![CDATA[@VP @March_for_Life @POTUS it was awesome to look out my office window here in DC..and see hundreds of people from the Capital down the mall]]></document>
		<document><![CDATA[@Trump_Nation16 @SheriffClarke @realDonaldTrump @POTUS @KellyannePolls I want to help]]></document>
		<document><![CDATA[@kmainsworth21 @yadam0384 I to think that Trump cares about the middle class tremendously]]></document>
		<document><![CDATA[@kmainsworth21 @yadam0384 I think it's a great idea]]></document>
		<document><![CDATA[@yadam0384 @kmainsworth21 as far as accomplishments he just arrived give him a chance.]]></document>
		<document><![CDATA[@yadam0384 @kmainsworth21 I am proud Trump is a man of God and he's God fearing.]]></document>
		<document><![CDATA[@yadam0384 Trump is my grandson's president. ...My grandson is 3 years old]]></document>
		<document><![CDATA[@RLL156 @realDonaldTrump   I respect  and love our veterans ...let's make a difference in their lives. Thank you Veterans! God Bless]]></document>
		<document><![CDATA[@Trump_Nation16 the best days ever are here again God bless President Trump]]></document>
		<document><![CDATA[@seanhannity @THR @realDonaldTrump two of my favorite people... awesome evening]]></document>
		<document><![CDATA[@RLL156 @RichardTBurnett @gofundme everyone of us should make a difference in veterans lives..they  earned our respect...let's show our love]]></document>
		<document><![CDATA[@Al_Baldasaro @BreitbartNews please tell me a little bit more about what was signed concerning changing the benefits for disabled veterans]]></document>
		<document><![CDATA[@yadam0384 @kmainsworth21 @mitchellvii @realDonaldTrump not gonna happen, he will serve 4 more after this get use to it!....he's a keeper]]></document>
		<document><![CDATA[@jjauthor my deepest condolences to you and your family God bless you and may your husband rest in peace]]></document>
		<document><![CDATA[@WayneDupreeShow @realDonaldTrump not unusual during new  Administration... people are asked to resign or be fired... this is no different]]></document>
		<document><![CDATA[@immigrant4trump stay focused and  professional at all times. You're in... only 44 other men in history made it to the top. Let God lead you]]></document>
		<document><![CDATA[@realDonaldTrump @GOP @VP @SenateMajLdr @SpeakerRyan you're absolutely awesome]]></document>
		<document><![CDATA[@TEN_GOP And these types of positions for any agency...Senior Staff are given a choice...  resign or be fired.  .]]></document>
		<document><![CDATA[@Lrihendry @realDonaldTrump  I have y'all's back.... and I definitely would take a bullet for you wish I was Secret Service]]></document>
		<document><![CDATA[@BigStick2013 I hope to God he stopped this payment and freezes it and never let it go through ...unbelievable]]></document>
		<document><![CDATA[@RichardTBurnett time for her to go....]]></document>
		<document><![CDATA[@LarryGatlin @FoxNews @foxandfriends I'll be watching]]></document>
		<document><![CDATA[@realDonaldTrump @WhiteHouse this is absolutely awesome.  Very professional and very smart thinking]]></document>
		<document><![CDATA[@Forbes  this is awesome ...it will create lots of jobs but will it have an impact on the Native American Indian reservations?]]></document>
		<document><![CDATA[@ReevesVA You have the same Visions concerning jobs as  President Trump.]]></document>
		<document><![CDATA[@mikandynothem @NavyChief_Mark @AshleyJudd @MMFlint may God have mercy on your soul]]></document>
		<document><![CDATA[@Deadline @JoeDunn8 @CNN why apologize for Madonna's she's nothing but filth and that's all that comes out of her mouth]]></document>
		<document><![CDATA[@newtgingrich @LindaSuhler she is stunningly beautiful even more beautiful than any first lady to include Jackie O]]></document>
		<document><![CDATA[@ABC7News @realDonaldTrump @MELANIATRUMP they looked awesome]]></document>
		<document><![CDATA[@johncolucci @ABC7News @periscopeco absolutely awesome day and night]]></document>
		<document><![CDATA[@DrKellyPowers @sylvioNYC you look beautiful tonight Kelly]]></document>
		<document><![CDATA[@ABC7News @periscopeco this ball was absolutely amazing]]></document>
		<document><![CDATA[@AmyMek the cutest couple ever]]></document>
		<document><![CDATA[@DrKellyPowers Kelly you looked absolutely stunning tonight]]></document>
		<document><![CDATA[@GOP Congratulations Sir... Semper Fi]]></document>
		<document><![CDATA[@MasterGuns1313 congratulations to all of you Semper Fi]]></document>
		<document><![CDATA[@Realjmannarino beautiful family inside and out]]></document>
		<document><![CDATA[@CNN to classy people that love our country]]></document>
		<document><![CDATA[@MSNBC it's nice to see two beautiful people that care about each other... leading our country congratulations]]></document>
		<document><![CDATA[@RealJamesWoods @FLOTUS @mic stunningly beautiful no matter what she wears]]></document>
		<document><![CDATA[@MSNBC @NBCNews absolutely awesome day]]></document>
		<document><![CDATA[@EdsonSme703 @Texasbelle7VA @KellyannePolls Steve a year is not long enough....we gave Obama 8 years.]]></document>
		<document><![CDATA[@people may God have mercy on your souls]]></document>
		<document><![CDATA[@CBSNews Priceless indeed]]></document>
		<document><![CDATA[@CBSNews too cute...you go George... you have definitely amazed me today! GOD BLESS]]></document>
		<document><![CDATA[@EdsonSme703 @Texasbelle7VA @KellyannePolls Donald J Trump will make us proud ...give him a chance. God bless you Steve.]]></document>
		<document><![CDATA[@VoteTrumpPics @FLOTUS @IvankaTrump @KellyannePolls @EricTrump @DonaldJTrumpJr @AppSame @RightWingAngel absolutely stunningly beautiful.]]></document>
		<document><![CDATA[@mitchellvii @periscopeco the party is remarkable]]></document>
		<document><![CDATA[@Soldiers_Dating and that's the way it should be women that think a military man  is not dedicated to the work shouldn't be his wife]]></document>
		<document><![CDATA[@PoliticNewsBk President Trump you will make us proud... never stop winning ... ever]]></document>
		<document><![CDATA[@Trump2016Donald I'm very proud of Donald Trump he's our president he will make us proud. You will make things better for everyone. Wait&amp;see]]></document>
		<document><![CDATA[@SimoneDeGolden it is so beautiful Simone]]></document>
		<document><![CDATA[@EdsonSme703 @Texasbelle7VA @KellyannePolls... I hear what you're saying but no matter what rise to the high ground... Stay focused.]]></document>
		<document><![CDATA[@realDonaldTrump our fearless leader  appoint qualified people who are willing and able to do the job.... I stand beside you all the way]]></document>
		<document><![CDATA[@Welly_World I've been praying since he announced his candidacy. God has his back and God will continue to be his leader]]></document>
		<document><![CDATA[@Al_Baldasaro @RepSheaPorter @realDonaldTrump  people that count are the ones that are going to be there may God have mercy on those others]]></document>
		<document><![CDATA[@realDonaldTrump amen. I want to take this opportunity to say thank you in advance for all you have done will do. I think you're amazing]]></document>
		<document><![CDATA[@JudyBaldasaro @Veteran4Trump @DanScavino @JudgeJeanine @TeamTrump @BikersForTrump @Al_Baldasaro @LouDobbs God bless the Donald.]]></document>
		<document><![CDATA[@JudyBaldasaro @Veteran4Trump @DanScavino @JudgeJeanine @TeamTrump @BikersForTrump @Al_Baldasaro @LouDobbs God bless Trump, military &amp; Al]]></document>
		<document><![CDATA[@TeamTrump @WSJ may God guide and direct you in the path in which you need to walk Godspeed]]></document>
		<document><![CDATA[Trump picks David Shulkin for secretary of Veterans Affairs https://t.co/0cAe1zsnji via @USATODAY]]></document>
		<document><![CDATA[@BillPalmer @Joni_DNP_CRNP now now...he's smarter than you give him credit for...January 20, 2017.]]></document>
		<document><![CDATA[@twistertitr @Joni_DNP_CRNP January  29, 2017..can't wait.]]></document>
		<document><![CDATA[@Joni_DNP_CRNP @USATODAY Trump...is your President too!]]></document>
		<document><![CDATA[@Joni_DNP_CRNP I'll pray for you...]]></document>
		<document><![CDATA[@Joni_DNP_CRNP @TrumpsBrain @seanhannity by the way you do need people like Sean and me...we make a difference! what have you done?]]></document>
		<document><![CDATA[@Joni_DNP_CRNP @TrumpsBrain @seanhannity born in Texas.. work in DC..lived in New York United States Military Academy. I'm a southern lady..]]></document>
		<document><![CDATA[@Joni_DNP_CRNP @TrumpsBrain @seanhannity can not wait until the 20th of January]]></document>
		<document><![CDATA[@TrumpsBrain @seanhannity shame on you for treating Sean badly.  He doesn't deserve people lashing our.. get a life okay?  To err is human]]></document>
		<document><![CDATA[@cristinalaila1 stop glorifying this guy leave his picture out of the internet families of those he killed should handle him that is justice]]></document>
		<document><![CDATA[@realDonaldTrump God's watching...God Bless you President  Trump....Happy  New Year 2017]]></document>
		<document><![CDATA[Happy New Year 2017 to my awesome  family and friends.  God bless each of you. https://t.co/J9Sfmn6RdI]]></document>
		<document><![CDATA[@CBSNews Good bless both of them.]]></document>
	</documents>
</author>