<author lang="en">
	<documents>
		<document><![CDATA[Ridin’ that oscillator from angry to sad and back again.]]></document>
		<document><![CDATA[There may not be much I can do about the ongoing American horror show, but this I can do.]]></document>
		<document><![CDATA[idk about you, fellow kiwis, but I feel some angry letters coming on]]></document>
		<document><![CDATA[So to be clear we are spending 🇳🇿 taxpayer 💰 on a man who got a fascist elected, to curry favour with said fascist. https://t.co/9Krp2ZGjq6]]></document>
		<document><![CDATA[@tiffanyarment I have found @dansinker’s maxim useful for this: “Don’t let Trump take your joy.”]]></document>
		<document><![CDATA[@svs …yes. That is how strikes work. https://t.co/05YtIlNudM]]></document>
		<document><![CDATA[@svs it’s got nothing to do with surge pricing. The taxi drivers union went on strike against the deportations and Uber were strike-breaking]]></document>
		<document><![CDATA[this is very good advice from an avocado https://t.co/mer2Cu5E76]]></document>
		<document><![CDATA[Consider what this reveals about the Tory world-view.]]></document>
		<document><![CDATA[They cannot imagine anyone being upset by the Muslim ban for reasons other than personal inconvenience. https://t.co/wwRn3m0luw]]></document>
		<document><![CDATA[…that if you were an amoral sociopath who hated the US gov’t and wanted to destroy it, supporting Trump would be exactly how you did so.]]></document>
		<document><![CDATA[But I’m haunted by a joke I made about Peter Thiel, back when it seemed absurd that Trump would win…]]></document>
		<document><![CDATA[Or maybe we’re living Stephen Skowronek’s nightmare and will survive Trump only to pretend he wasn’t a catastrophic institutional breakdown.]]></document>
		<document><![CDATA[Maybe I’m wrong and the US will have the wherewithal to reconstitute itself from whatever is left after the next 2/4/8 years.]]></document>
		<document><![CDATA[Note that Denmark recently announced it was naming an ambassador to these companies. https://t.co/Rk5OCh8wyY]]></document>
		<document><![CDATA[…which is to say, to the instrument by which people govern themselves, flawed $2 shop junk though that instrument may sometimes be.]]></document>
		<document><![CDATA[But that implies the further inscription of these big-ass multinationals as organisms which are not subject to the state…]]></document>
		<document><![CDATA[In the tech world lots of people (me included, to an extent) want the big SV companies to become sites of extra-state resistance.]]></document>
		<document><![CDATA[So I end up at the idea that the only way to stop this is to break the power of USG. And not in a nice, surgical way.]]></document>
		<document><![CDATA[You could fight a running rear guard action, lawsuit by lawsuit, but lawsuits take a long time and you’d lose at least half.]]></document>
		<document><![CDATA[(I no longer believe the cGOP will impeach Trump as soon as they think they can get away with it. I think they’re cowed.)]]></document>
		<document><![CDATA[How can this be stopped so it stays stopped? You could impeach Trump, but the spineless shitfucks in the congressional GOP never will.]]></document>
		<document><![CDATA[…and we have only been saved from that by the rank incompetence of Trump’s people.]]></document>
		<document><![CDATA[…one thing that’s come through in the analyses I’ve read is that 80% of this could have been done completely legally with no recourse…]]></document>
		<document><![CDATA[So right now I’m thinking: how does this end? Hopefully, the EO gets struck down as the unconstitutional, racist garbage that it is, but…]]></document>
		<document><![CDATA[@dphiffer This is a tiny drop of wonderful news in an ocean of horror.]]></document>
		<document><![CDATA[I’ll tell you what, though, the I-cannot-believe-your-bullshit look on John Lewis’s face is giving me life. https://t.co/ElasRV8gzd]]></document>
		<document><![CDATA[I wasn’t kidding about him and Franz von Papen. https://t.co/fC7IN5XVeC]]></document>
		<document><![CDATA[This dumb motherfucker doesn’t even realise he’s served his purpose and is no longer relevant.… https://t.co/YnSXYLUxio]]></document>
		<document><![CDATA[I can think of no more American act than to sue the motherfucker until he shrieks. https://t.co/Gtn1MWjJij]]></document>
		<document><![CDATA[@Kiwiseabreeze I have this feeling so hard.]]></document>
		<document><![CDATA[@roowoo IT REALLY IS. Happiest discovery of the last couple of months.]]></document>
		<document><![CDATA[And this intrigues me because it leaves me wondering how that fits into his twisted worldview. What’s different about it?]]></document>
		<document><![CDATA[He’s taken concrete steps towards all the other ones I can think of, but waved off suggestions of prosecuting her.]]></document>
		<document><![CDATA[If I’m not mistaken, the only outrageously fascist thing from the campaign Trump has indicated he WON’T do is hounding Hillary into prison.]]></document>
		<document><![CDATA[@godtributes Tribs, you are god damn right.]]></document>
		<document><![CDATA[New Missy Elliott video! And it's as gloriously mad as ever. https://t.co/KUcC1XhsLz]]></document>
		<document><![CDATA[Tool I am using constantly that I would not have predicted I would: Slack posts.]]></document>
		<document><![CDATA[All this and more, today in Keith Angrily Skims His RSS Feeds.]]></document>
		<document><![CDATA[I wonder if the UK PM abasing themselves before Trump was what Farage et al had in mind for when they ✨reclaimed sovereignty✨?]]></document>
		<document><![CDATA[If I never see another solemn thumb-suck on the virtues of ~~disconnecting~~ it will be too soon.]]></document>
		<document><![CDATA[@tiffanyarment Happy Tiffday!]]></document>
		<document><![CDATA[@PolarBearFarm That’s like saying computers are not useful. It’s a meaninglessly broad generalization about a set of tools.]]></document>
		<document><![CDATA[But that thing comes straight out of the world of PRINCE2, of  control and legibility. It’s an antithetical value system in trendy drag.]]></document>
		<document><![CDATA[If Agile™ is anything useful at all it’s a realisation of certain values about flexibility, collaboration, and velocity.]]></document>
		<document><![CDATA[Researching agile planning methods and I fell into this abominable shithole again. https://t.co/NXeRsOr7Ll]]></document>
		<document><![CDATA[In Wellington specifically.]]></document>
		<document><![CDATA[Is there something like Rails Girls for someone (not me, obviously) wanting to learn JS?]]></document>
		<document><![CDATA[@gnat White carpet from a Russian hotel room after Trump has stayed there.]]></document>
		<document><![CDATA[@dingfelder I have the opposite problem: sitting for long periods kills mine.]]></document>
		<document><![CDATA[@agentK Bad assumption, unfortunately.]]></document>
		<document><![CDATA[Y'all should feel free, nay, besought to offer recommendations on good standing desk mats.]]></document>
		<document><![CDATA[I have a Microsoft Natural Keyboard and a standing desk now and I feel like a new man. A new, much sorer-hamstringed man.]]></document>
		<document><![CDATA[Reminder that Julian Assange is a self-involved narcissist. https://t.co/jz3YBRXCPJ]]></document>
		<document><![CDATA[feature request: an anti-immigration party advocating discrimination against rich white assholes]]></document>
		<document><![CDATA[Isn’t there a “fit and proper person” test for naturalisation? https://t.co/44UCdIvSkg]]></document>
		<document><![CDATA[So we’ve been bickering about punching Nazis for about 48 hours now in case you were wondering how Trump won.]]></document>
		<document><![CDATA[It appears that this was my 70,000th tweet. 

#onbrand https://t.co/gBI82Tk05k]]></document>
		<document><![CDATA[@tiffanyarment I think if you check your watch you’ll find it’s New Couch O’Clock.]]></document>
		<document><![CDATA[I disapprove of all forms of body-shaming but a “feeling insecure about the size of your crowd, Donald?” joke is almost irresistible.]]></document>
		<document><![CDATA[Brad Whitford in a pussy hat, anyone? https://t.co/1cWtkyFKGP https://t.co/gZlNjHHAfM]]></document>
		<document><![CDATA[@wandaharland Was a single charge enough for both legs or did you charge in HB?]]></document>
		<document><![CDATA[Given that like 85% of the problems with the TPP were solveable by booting the US out, maybe it’d be a good time to reopen negotiations?]]></document>
		<document><![CDATA[That sounds glib, but seriously—we can tolerate differences in values while uniting around the fact that we have any at all.]]></document>
		<document><![CDATA[Time for solidarity’s big comeback. Team Punch Nazis and Team Disapprove of Punching Nazis can get together as Team… https://t.co/poIE6Ja2Mc]]></document>
		<document><![CDATA[I love BBEdit to bits, but its lack of split-screen support (and the complicated technical debt implied thereby) is infuriating.]]></document>
		<document><![CDATA[My Instagram timeline is wall-to-wall march selfies. Including some from Helen Mirren.]]></document>
		<document><![CDATA[@saniac I haven’t seen this, but I assume it is a new way of dressing up “drink in moderation”?]]></document>
		<document><![CDATA[It is my fond hope that somewhere in one of the crowds today there is a sign reading “BRIDGE PLAYERS BID 4 NO TRUMP”.]]></document>
		<document><![CDATA[“Pay no attention to what white men on Twitter have to say” continues to be a useful heuristic. (And yes, that includes me.)]]></document>
		<document><![CDATA[Do not make the mistake of thinking the behaviour of any other person can in any way condition or constrain Trump’s behaviour.]]></document>
		<document><![CDATA[Also, getting baited into hot takes on isolated incidents is a sucker’s game.]]></document>
		<document><![CDATA[One of the better bits of journalistic hardening against exploits so far tried. https://t.co/oOHCxvyCfu]]></document>
		<document><![CDATA[@godtributes Topical.]]></document>
		<document><![CDATA[OK this is quite unnerving. https://t.co/FOI0dmgbVY]]></document>
		<document><![CDATA[@VinLew Do they sell them with NZ plugs, or are you using an adapter?]]></document>
		<document><![CDATA[Get the fuck out of Obama’s chair you fascist charlatan. https://t.co/lezkkEIpb4]]></document>
		<document><![CDATA[This time with actual link: Did not know the money from 1MDB was being laundered through NZ. (💰) https://t.co/9ittN22pI7]]></document>
		<document><![CDATA[The bizarre dystopian story he tells about crime, for example, I would bet he really believes to be true.]]></document>
		<document><![CDATA[A thing we will probably never know: which things Trump knows he is lying about, and which things he genuinely believes.]]></document>
		<document><![CDATA[@dubh I’ve been hearing a lot of good things about Netgear's Orbi kit, but that replaces the existing router as well…]]></document>
		<document><![CDATA[@dubh Ew, I see how that could be less than ideal.]]></document>
		<document><![CDATA[Here, you might need this. https://t.co/gpSoxh4ubL]]></document>
		<document><![CDATA[@dubh You may have thought of this already but an alternative is to connect a WAP to a powerline kit.]]></document>
		<document><![CDATA[@dubh It’s my understanding that Airport Express uses WDS to extend wifi, which is considered obsolete.]]></document>
		<document><![CDATA[The Naked Cowboy turning up at Trump's inauguration is just absolutely perfect. https://t.co/vIlW9VgFFK https://t.co/ozx9wQfJqh]]></document>
		<document><![CDATA[Good luck, everybody. ✊️✊🏻✊🏼✊🏽✊🏾✊🏿]]></document>
		<document><![CDATA[(Because, let’s be honest, Priebus counts for shit. He’s the Waylon Smithers of the Trump administration.)]]></document>
		<document><![CDATA[Also from that article, the thought of a Bannon–Kushner duumvirate running American foreign policy gives me the cold sweats.]]></document>
		<document><![CDATA[In re: the widespread hope that James Mattis will restrain Trump on military matters. https://t.co/PJ47ox0JZB https://t.co/GZB1fnTxN6]]></document>
		<document><![CDATA[@RahawaHaile That’s awful. I’m terribly sorry for your loss.]]></document>
		<document><![CDATA[@roowoo Look at the face!]]></document>
		<document><![CDATA[@roowoo tbh I’m kind of into the sassy black gent into the last photo]]></document>
		<document><![CDATA[@roowoo [increasingly high-pitched squeaks]]]></document>
		<document><![CDATA[Remember this when you hear about shared services in the NZ public sector, as you shortly will. https://t.co/ogkQ9emYsN]]></document>
		<document><![CDATA[Let me help you out there, DJT: it hasn’t, they don’t, you don’t, you aren’t. https://t.co/DhvaqPaTaP https://t.co/j2VKkGsFIo]]></document>
		<document><![CDATA[@dansinker I… do not have the confidence level I would like that it wouldn’t be run by Thiel.]]></document>
		<document><![CDATA[@theJDuce Also, not strictly apocalyptic but I sure am listening to Billy Bragg, ‘Between The Wars’ a lot lately. https://t.co/9SqdYVYYJv]]></document>
		<document><![CDATA[@theJDuce ‘Miami 2017’ by Billy Joel, would you believe?]]></document>
		<document><![CDATA[@farmgeek Two words: taco bowl.]]></document>
	</documents>
</author>