<author lang="en">
	<documents>
		<document><![CDATA[I waited outside McDonalds at 10.58pm but just couldn't get the paperwork done in time for a mcflurry #mcflurrydeadlineday @jasontrinder]]></document>
		<document><![CDATA[@GJDTaylor @Arsenal I've played on it in a charity game and the whole place is awesome!!]]></document>
		<document><![CDATA[Wow!!! And look at how many high tackles there were from the All Blacks! https://t.co/GRBejIeZAd]]></document>
		<document><![CDATA[Its been a while so heres some more from the @jasontrinder school of goalkeeping! @rubs120 @MarcJonesIFA @PGorman01 https://t.co/DHDk0QjNVo]]></document>
		<document><![CDATA[@JonesPadrig @jasontrinder @PGorman01 @Choikles nahhhhhhh don't be silly..!! Im 11 stone now!! 😂😂😂😂]]></document>
		<document><![CDATA[@Choikles well it was and still is a worldie!! 😂😂😂😂😂😂]]></document>
		<document><![CDATA[@timicurtis im in Lanzarote working at the moment! 21°C... Its a hard life!! https://t.co/ADfUZ9Omlj]]></document>
		<document><![CDATA[@timicurtis im surprised you lot haven't had another 68 days off then! 😂😂😂]]></document>
		<document><![CDATA[@jasontrinder @OadbyTownFC @SondicoUK you look like Steve McDonald from Coronation Chicken Street!]]></document>
		<document><![CDATA[@Film4 what a film!! The Wolf of Wall Street! Amazing!! True Story! Great book too!!]]></document>
		<document><![CDATA[@jasontrinder yeah!!! No problem!! He he]]></document>
		<document><![CDATA[@jasontrinder im off to Lanzarote in 44 hours!! Gutted 🍺🍺🍺🍺🍻🍻🍻🍻🍷🍷🍷🍷🍸🍸🍸🍹🍹🍹🍹🍹🍹]]></document>
		<document><![CDATA[Please RT @JiffyRugby The Romilly Pub, Canton Charity Knockout Darts Tournament on Saturday January 21st in aid of… https://t.co/XSKZe3IFPM]]></document>
		<document><![CDATA[The Romilly Pub Charity Knockout Darts Tournament on Saturday January 21st in aid of Velindre Hospital! Please shar… https://t.co/mkxwwOk7Oi]]></document>
		<document><![CDATA[People ask me what in had for Xmas this year?? Well what else could a man want?? And people call me childish!! Sill… https://t.co/4VHRMbFv1R]]></document>
		<document><![CDATA[@jasontrinder @RCMAmarkets @PettigrewTea i hope you drank with your pinky fingers up in the air???]]></document>
		<document><![CDATA[Pogba = £89m (shocking)
Alexis Sanchez = ??? (Class)
@Arsenal]]></document>
		<document><![CDATA[@Elporchio cracking mullet!! https://t.co/c2ZUsSkWfM]]></document>
		<document><![CDATA[@ccfcmatchworn Cahill..!! THE most over rated player in the PL..!! 👎👎👎👎]]></document>
		<document><![CDATA[@Choikles he he don't start me on Cahill..!! 😂😂😂]]></document>
		<document><![CDATA[@DannyMurphyUk looks half dead on @MotdBBC cant see his eyes!!!]]></document>
		<document><![CDATA[How is @Michailantonio Not in the England squad???? @England]]></document>
		<document><![CDATA[Im sorry but the @thevoiceuk is a complete load of bollocks!! The last two singers are clearly the best of the night!! Worse that x factor!!]]></document>
		<document><![CDATA[How did they not turn for her with all those other muppets tonight??? Shocking  up till now!! @thevoiceuk]]></document>
		<document><![CDATA[@SushiLifeCDF @gourmetgorro very good food i have to say!! 👍👍👍]]></document>
		<document><![CDATA[Wow @SushiLifeCDF what a good start!! https://t.co/kE0w3HAC6Z]]></document>
		<document><![CDATA[@Choikles I'll be down to a game soon pal.. I'll let you know 👍👍👍👍]]></document>
		<document><![CDATA[@jasonmohammad @alexwinterstv @mikey__edwards @CraigMuncey @ryanmoo84419792 @jamesmorgan10 @wingnut1927 "pace" is a word we never mention! 😂]]></document>
		<document><![CDATA[@amsergroup @Choikles @jasontrinder @LeeJarvis10 @wingnut1927 @Hilly1611 @90sfootball yes and Cantona was! Thanks Jim!]]></document>
		<document><![CDATA[@Riggers779 @KarenBattrick @HotProdger amazing!! February it is then! Lets look at diaries and i will book a hotel near gatwick to stay in!]]></document>
		<document><![CDATA[@Riggers779 @KarenBattrick @HotProdger do you guys ever stay down in Gatwick at the office overnight?]]></document>
		<document><![CDATA[Is it me or should people with heavy colds not be allowed into pubs/restaurants? Its disgusting!  Im gonna say something to them! Assholes!]]></document>
		<document><![CDATA[@KarenBattrick @Riggers779 @HotProdger im away till the 31st of January but after that im good... Be good to see you guys!!]]></document>
		<document><![CDATA[@KarenBattrick @Riggers779 @HotProdger yes defo..!!! I work in Portsmouth a lot now which isn't a million miles away!! Lets sort!! 👍👍👍]]></document>
		<document><![CDATA[@KarenBattrick @Riggers779 @HotProdger hard to have a break with a 1 year old but she's my world and my life! Holiday now on the 19th!]]></document>
		<document><![CDATA[@KarenBattrick @Riggers779 @HotProdger good im glad...!! The only thing i miss from there is you guys!!
I got out quick smart! Long story!]]></document>
		<document><![CDATA[@LeeJarvis10 what was the first one doing? (£70)? Putting gild in your pants??]]></document>
		<document><![CDATA[@Groddy11 4 months!!!]]></document>
		<document><![CDATA[@Riggers779 @HotProdger @KarenBattrick i hope you guys had a fantastic Xmas and new year!! Are you still affiliated to GFD?]]></document>
		<document><![CDATA[@Riggers779 @HotProdger @KarenBattrick and notice there's none left so the tarts always get chosen first!!! 😂😂😂😂😂]]></document>
		<document><![CDATA[Not one bad challenge in these clips in my eyes!! @Choikles @jasontrinder @LeeJarvis10 @wingnut1927 @amsergroup… https://t.co/bwuDc29dPO]]></document>
		<document><![CDATA[Anya's first birthday went off without any fighting or punches thrown! So proud of my little poo machine!! ❤❤❤❤❤❤ https://t.co/n4OlV7FkD6]]></document>
		<document><![CDATA[@MalDickenson they even put a bid in for Tony at one point today!!!]]></document>
		<document><![CDATA[@Sonos number 3 in the house! More to come! Gonna have to build more rooms! 😂😂😂😂 https://t.co/gbhUMg0svQ]]></document>
		<document><![CDATA[Surely Matic and Kante are too much the same player and where to start on Cahill and Side Show Bobs positional sense for the goals? 🙈🙈🙈🙈]]></document>
		<document><![CDATA[Martin Atkinson has to be one of the worst referees in all the leagues I've seen!Even Sunday leagues! Absolutely shocking! @premierleague]]></document>
		<document><![CDATA[New ones look shocking in my opinion! Cant mess around with vintage class! https://t.co/s4oNx68AQo]]></document>
		<document><![CDATA[@gourmetgorro wow!! The Red Lion Pendoylan!! Best food I've eaten for a while! https://t.co/1Z2spUOzlj]]></document>
		<document><![CDATA[@Hidinfromthemrs i know that!! Alright 9 quid!! Final offer!!]]></document>
		<document><![CDATA[@magicmo351 yes ditto to you! We'll meet you at 3pm and order a taxi for 3.15pm then Mo!! Hehe!! Happy new year pal to you and your family!]]></document>
		<document><![CDATA[@magicmo351 I've noticed they're only small sized bottles!! Apart from the Baileys!!! The Mrs can out drink you then i see!! 😂😂😂😂😂]]></document>
		<document><![CDATA[Wow!! @eatcfpenarth what an amazing lunch today! French food at its finest! Thanks @francis_dupuy Happy New Year! 🎉… https://t.co/XhROeat0iQ]]></document>
		<document><![CDATA[Great to see @timicurtis playing in this years darts world championships!! @MattyLDavies @jasontrinder https://t.co/gOnSFez9ft]]></document>
		<document><![CDATA[@Choikles @magicmo351 it had more hair put it that way!! 😂😂😂]]></document>
		<document><![CDATA[@Choikles @magicmo351 it was harder to get past the dog shit tbh! 😂😂😂😂]]></document>
		<document><![CDATA[@magicmo351 @Choikles we would have to take on the opposition and then the Jurassic Park lump of dog shit to get a sight on goal!! 😂😂]]></document>
		<document><![CDATA[@magicmo351 @Choikles apart from the dog shit!! 😂😂😂😂]]></document>
		<document><![CDATA[@jasontrinder @boroughmarket can you bring me a doughnut back please and i don't mean @harrisonjayt]]></document>
		<document><![CDATA[@jasontrinder @boroughmarket doughnut stall..]]></document>
		<document><![CDATA[@jasontrinder @boroughmarket mate go to the doughnut store! The guy makes his  own! The ones with the honeycomb are to die for!!]]></document>
		<document><![CDATA[@Groddy11 i think you've got the wrong word there (crush)! Should be another word..!!]]></document>
		<document><![CDATA[https://t.co/LxspmDiJH8 wow!! Chilling! What a voice!!]]></document>
		<document><![CDATA[@PGorman01 that's shocking!!]]></document>
		<document><![CDATA[@MarcJonesIFA @RichardOlney merry Xmas back your way pal...!! I hope 2017 is good for us all.!! 👍👍👍👍]]></document>
		<document><![CDATA[@RichardOlney she looks amazing Bosswana!!]]></document>
		<document><![CDATA[1st Xmas For Anya we said we'd take it easy!!! Yeah OK!!!! Happy Xmas Everyone!!! 😍😍😍😍😍😍 https://t.co/6xP3zdtGNw]]></document>
		<document><![CDATA[Uncle Buck!!! What a movie!!]]></document>
		<document><![CDATA[@Hidinfromthemrs @jasontrinder nahhhhhhh never hide!! Always finish up above Gareth Bale Hotspur]]></document>
		<document><![CDATA[@Hidinfromthemrs obviously watching Spurs again pal?? @jasontrinder]]></document>
		<document><![CDATA[Why do people on bikes with no lights on in the dark think they own the roads?That's the last that guy will see of his bike! #intheriver]]></document>
		<document><![CDATA[@jasontrinder @YouTube could that guy get anymore Arsenal gear on him?]]></document>
		<document><![CDATA[Thought you'd appreciate thus one @jasontrinder https://t.co/A2GBdQIKVm]]></document>
		<document><![CDATA[Ya ca'mon tha Blues!!!! @daijacko COME ON EVERTON..!!!]]></document>
		<document><![CDATA[Cup winners! FC Balls just beat Paris in the League of Champions Final https://t.co/uqO2cl6zaU [Pro Edition]]]></document>
		<document><![CDATA[@jasontrinder @rubs120 @Hidinfromthemrs i was working but actually saw you on the TV and couldn't pass on saying hello!! 👍👍👍]]></document>
		<document><![CDATA[Great to see @jasontrinder back on the Ricoh sales circuit! @rubs120 @Hidinfromthemrs https://t.co/YVEI3DuCg3]]></document>
		<document><![CDATA[@wingnut1927 and Steven Seagull..!! 🕊🕊🕊🕊]]></document>
		<document><![CDATA[@Choikles i think the barber could play in front of those pillucks too!!]]></document>
		<document><![CDATA[The same reaction happens when @jasontrinder buys a round!! @rubs120 @Hidinfromthemrs @PGorman01 https://t.co/wuUKN399wz]]></document>
		<document><![CDATA[@rubs120 easy!!! We'll batter them!!]]></document>
		<document><![CDATA[Thursday evenings are gonna be busy AGAIN for the yids!! Don't know why you bother with the CL.. Pathetic!!! @jasontrinder]]></document>
		<document><![CDATA[Well Bucharest is cold fair play!! Just saw a penguin putting a scarf on!!]]></document>
		<document><![CDATA[@JonesPadrig why?]]></document>
		<document><![CDATA[@MalDickenson fair play @Elporchio looks well on the left!!]]></document>
		<document><![CDATA[@MartynJames8 exactly...!!! Horrible for a number of years...!!  Still is!!!]]></document>
		<document><![CDATA[@MartynJames8 you'll find this out as a club too late pal..!! Idiots with money eh??]]></document>
		<document><![CDATA[@MartynJames8 worrying that just cos its a USA owner they want a USA manager who hasn't got a clue!! From the 2nd league in France?????]]></document>
		<document><![CDATA[@MartynJames8 worrying for you guys]]></document>
		<document><![CDATA[@MartynJames8 i think the new owners are to blame here.. Old owners should be ashamed of themselves.... Don't give a shit apart from money!]]></document>
		<document><![CDATA[@premierleague referees are shocking fair play!!!]]></document>
		<document><![CDATA[Looks like it'll be a CCFC v SCFC Derby again next season!! @MartynJames8]]></document>
		<document><![CDATA[I reiterate how bad the @premierleague referees are.. As much as i don't like Swansea that penalty was an absolute joke! Horrible]]></document>
		<document><![CDATA[@JonesPadrig all these tips!! I'll be bolloxed by the time i can read them!!]]></document>
		<document><![CDATA[Alexis Sanchez... World class!!! 👍👍👍👍👍👍👍👍]]></document>
		<document><![CDATA[Two words... Gary Cahill....!! Shocking.. Well that's three!!]]></document>
		<document><![CDATA[@bar44cowbridge even Anya loved it!!! The crab tostada was her favourite!! https://t.co/DgNrzMFDVc]]></document>
		<document><![CDATA[Is it me or does Sharon Osborne look younger every show!! She now looks about 14! By the finals she'll be in the womb! #xfactor]]></document>
		<document><![CDATA[Did anyone else just hear Tess just say to Ore, "get up there to Claudia's box" @scott_mills #InnuendoBingo]]></document>
		<document><![CDATA[Wow... @bar44cowbridge do it again with the tapas!! Cant be beaten!! https://t.co/ML5a7FG8Ue]]></document>
		<document><![CDATA[Spurs new tactics for opposition penaltys!! @jasontrinder https://t.co/PYh8FAkxGv]]></document>
	</documents>
</author>