<author lang="en">
	<documents>
		<document><![CDATA[@AliceBrine also me rn https://t.co/Laon8m81j6]]></document>
		<document><![CDATA[@AliceBrine yes i'll bring mum so i can get in too]]></document>
		<document><![CDATA[BLOG POST: Monthly Faves: January 2017 ⭐️ https://t.co/Sd0deO0YnZ]]></document>
		<document><![CDATA[@gIitterperry i was listening to this earlier in the car i had to go round the block so it could finish]]></document>
		<document><![CDATA[School on friday https://t.co/qjBfAeYTBH]]></document>
		<document><![CDATA[BLOG POST: Interview #3: Chris Parker On Acting As The Role Model He Never Had @crobker https://t.co/MqeQLcx7Pn]]></document>
		<document><![CDATA[Me every time I drive into a parking building: "Haha wouldn't want there to be an earthquake right now"]]></document>
		<document><![CDATA[ONE WEEK tomorrow until i go back to school i'm gonna want to go home and nap after 5 minutes]]></document>
		<document><![CDATA[The amount of people I've seen almost gotten hit by cars today is impressive]]></document>
		<document><![CDATA[@DieJamesMalcolm @pyw2010 YESS i know right so good]]></document>
		<document><![CDATA[@GLlTTERPERRY there was one yesterday in town!]]></document>
		<document><![CDATA[@spentmylove email and ask if they're at school before course confirmation day and if we can bring snacks hahahahaha]]></document>
		<document><![CDATA[@spentmylove WHEN maybe they'll reply now but how tf do u ask if we can hang hahahsha]]></document>
		<document><![CDATA[@spentmylove *makes a group chat*]]></document>
		<document><![CDATA[@spentmylove YES but how omg]]></document>
		<document><![CDATA[BLOG POST: The End Is Near! Back To School #1 ⏳ https://t.co/Boa7w98cvC]]></document>
		<document><![CDATA[@DieJamesMalcolm he looks like someone that would be in a peter jackson movie]]></document>
		<document><![CDATA[Don't play me like this https://t.co/ayvFDmNCM0]]></document>
		<document><![CDATA[Everyone looking at their results and I'm here tryna figure out what my damn NSN is #NCEA]]></document>
		<document><![CDATA[Wellington weather is SHIT is it summer or winter? No one knows]]></document>
		<document><![CDATA[5 months old was my peak in life tbh https://t.co/7RHkw1iXOu]]></document>
		<document><![CDATA[In 4 days it's one year since I came out 🌈]]></document>
		<document><![CDATA[@katycatbethzy @GLlTTERPERRY the wellywood one by the airport]]></document>
		<document><![CDATA[@AliceBrine this is the best idea ever]]></document>
		<document><![CDATA[@itssschony THIS IS SO CUTE]]></document>
		<document><![CDATA[@itssschony WHY DO THE KP PJS HAVE TO BE SMALL]]></document>
		<document><![CDATA[YA GIRL JUST GOT HER RESTRICTED]]></document>
		<document><![CDATA[The OA ending wtf]]></document>
		<document><![CDATA[BLOG POST: 3 Reasons Why Oodles Are My Favourite Dogs https://t.co/xmLRm7IJKD]]></document>
		<document><![CDATA[Mum and I are painting the whole house ourselves and it's gonna be so cool when it's done like I can say that I painted a house]]></document>
		<document><![CDATA[*Stops self from posting emo tweets at 1:30am*]]></document>
		<document><![CDATA[Cancer is an asshole 😭]]></document>
		<document><![CDATA[I made a new snapchat a few weeks ago to be more on brand but I never use it cause of my streaks on my first one 😭😭]]></document>
		<document><![CDATA[Katy &amp; Orlando are cute AF no one @ me]]></document>
		<document><![CDATA[Heard that #eqnz coming way before it actually did 😭]]></document>
		<document><![CDATA[CAN THE EARTHQUAKES STOP PLEASE]]></document>
		<document><![CDATA[Ok I swear if the actual Queen dies in 2017 https://t.co/wpW8tECShu]]></document>
		<document><![CDATA[Starting my year right by wearing my lil sebastian shirt https://t.co/2kYP945zcO]]></document>
		<document><![CDATA[@GLlTTERPERRY @katycatbethzy happy new year em and bethzy 💕💕]]></document>
		<document><![CDATA[Happy new year everyone love you all 🎉]]></document>
		<document><![CDATA[Happy new year my car is broken and I had to postpone my restricted test]]></document>
		<document><![CDATA[No one wants your festive frames and stickers messenger]]></document>
		<document><![CDATA[just bobbing round https://t.co/wkjAJTudFB]]></document>
		<document><![CDATA[@GLlTTERPERRY I THOUGHT THIS ONE WAS NICKNAME AND I SAID NONE OF THE ABOVE]]></document>
		<document><![CDATA[TBH I wouldn't be surprised if there was a huge earthquake at like 11:57pm on New Year's Eve]]></document>
		<document><![CDATA[It's so cool how this year at school I've become friends with so many different new people]]></document>
		<document><![CDATA[@spentmylove yellow]]></document>
		<document><![CDATA[merry christmas https://t.co/1mei5OheXJ]]></document>
		<document><![CDATA[@itssschony :(( glad you're ok though]]></document>
		<document><![CDATA[@itssschony omg what happened?! your poor car is it gonna be written off? :((]]></document>
		<document><![CDATA[@GLlTTERPERRY @katycatbethzy merry christmas em and bethzy love u 💕💕💕🎄]]></document>
		<document><![CDATA[Merry Christmas from NZ 🎄]]></document>
		<document><![CDATA[@AliceBrine can you add everything as a third option]]></document>
		<document><![CDATA[This is one of my new babies look how teeny it is 😭 https://t.co/MAi4Z2wEzb]]></document>
		<document><![CDATA[When u drive a little car and someone in a big car is next to you at an intersection and you can't see and the pers… https://t.co/3AclG3o3ir]]></document>
		<document><![CDATA[Omg my dog is getting more Christmas presents than me]]></document>
		<document><![CDATA[@spentmylove my instructor said if i sat it now i'd pass so i should be alright]]></document>
		<document><![CDATA[@spentmylove i'm sitting mine on jan 4th and this is me i'm NOT READY]]></document>
		<document><![CDATA[My 12 year old brother is autistic and his best friend is 10 and lives in the U.K. and they skype every day 😭😭😭]]></document>
		<document><![CDATA[I'm very excited for the lovely joyful family arguments that Christmas Day brings! 🎅🏼🎄]]></document>
		<document><![CDATA[@AliceBrine omg i have competition]]></document>
		<document><![CDATA[The amount of 2 minute noodles I have eaten in the past week is incredible]]></document>
		<document><![CDATA[Snapchat groups are the best thing to happen in 2016]]></document>
		<document><![CDATA[I say I'm going to clean my room yet I end up just sitting on my floor for half an hour]]></document>
		<document><![CDATA[If you haven't gotten tickets to @AliceBrine yet then what are you doing with your life? https://t.co/kLocs66pUo]]></document>
		<document><![CDATA[@DieJamesMalcolm i know i'm ashamed ://]]></document>
		<document><![CDATA[And I'm sick of ALL these songs https://t.co/7HdMJr3224]]></document>
		<document><![CDATA[I reviewed The Best Possible Album Party That Anybody Has Ever Been Two over on @residents_welly 🎉💅🏻💗… https://t.co/GNsTUZkwjN]]></document>
		<document><![CDATA[OMG HE HAS RECEPTION https://t.co/w5xPW5DImj]]></document>
		<document><![CDATA[When the courier comes and it's not a package for me https://t.co/IIdmC55rTg]]></document>
		<document><![CDATA[@AliceBrine according to the website the auckland library keeps them all so u could go steal one]]></document>
		<document><![CDATA[My best friend has gone into the Aussie bush with no phone service until mid Jan https://t.co/z2GLjVK1Wg]]></document>
		<document><![CDATA[BLOG POST: Interview #2: Chony Musson on Disney World and Photography ✨👑💫 https://t.co/P0MZojDAN9 @itssschony]]></document>
		<document><![CDATA[It's that time of year where there's just a dent in my mattress from where I spend my days lying]]></document>
		<document><![CDATA[Me at the start of 2016 vs me at the end of 2016 @AliceBrine https://t.co/Cxv8UHO75k]]></document>
		<document><![CDATA[Me at the start of 2016 vs me at the end of 2016 https://t.co/3k0nsFaArO]]></document>
		<document><![CDATA[@spentmylove oh dude i hope it's a positive result if not dm me cause i get what you're going through too well]]></document>
		<document><![CDATA[i have to be awake in 5 1/2 hours haha rad]]></document>
		<document><![CDATA[@DieJamesMalcolm absolutely no idea but they're paying for our flights so]]></document>
		<document><![CDATA[@DieJamesMalcolm mum's work christmas party i told u literally 10min ago x]]></document>
		<document><![CDATA[@itssschony at least it's for a flight tho]]></document>
		<document><![CDATA[Waking up tomorrow morning at 5:30am can't wait 💗💗💗]]></document>
		<document><![CDATA[@AliceBrine floods, harambe, hutt high fire, prince dying, alan rickman dying, david bowie dying, istanbul airport attack &amp; orlando shooting]]></document>
		<document><![CDATA[Yes my layout is 100% dogs and no I'm not changing it]]></document>
		<document><![CDATA[If u haven't played endless lake on messenger I highly recommend that u don't because my friend &amp; I have been playing it for 3 days straight]]></document>
		<document><![CDATA[In other news Hutt Valley High is on fire https://t.co/0w89YyCKT8]]></document>
		<document><![CDATA[if it rains for my dog walk/meet up this afternoon i swear https://t.co/6XtBa6sz9s]]></document>
		<document><![CDATA[yesss chris 😍😍 https://t.co/dP85in0ROu]]></document>
		<document><![CDATA[@crobker Mum and I are coming on the 7th!! Unfortunately we can't bring Molly :( https://t.co/ZVazBqOWNq]]></document>
		<document><![CDATA[@bvdkids she did: that!]]></document>
		<document><![CDATA[I'm gonna call my book Lucy Forrestal: Alone in Mcdonald's]]></document>
		<document><![CDATA[@AliceBrine my fave part is his cover pic https://t.co/c81jK9jCwG]]></document>
		<document><![CDATA[@kateisweird apricot toy poodle i'm 70% sure? i know butters is a cavoodle]]></document>
		<document><![CDATA[@crobker thank you!! she's not even looking her best today! i was gonna say hi cause i think you're great but ya kept walking lol]]></document>
		<document><![CDATA[@crobker u just smiled at my dog on cuba street. i think she was low key star struck. it made her day https://t.co/OUpNheZRBe]]></document>
		<document><![CDATA[I have an exam in 9 hours but I'm currently jamming out to Jingle Bell Rock 🔥]]></document>
		<document><![CDATA[Today I sent a happy birthday snapchat to someone thinking it was my 12 year old cousin]]></document>
		<document><![CDATA[i saved the username @lucyforrestal but i'm not sure if i want to make the leap yet]]></document>
		<document><![CDATA[What's up with every social media making a story function]]></document>
		<document><![CDATA[@itssschony &amp; if you went for 3 weeks imagine thinking that you could've stayed for longer when you have to say goodbye again :(]]></document>
	</documents>
</author>