<author lang="en">
	<documents>
		<document><![CDATA[3 people followed me and one person unfollowed me // automatically checked by https://t.co/y5pSHiveq5]]></document>
		<document><![CDATA[Happy birthday to my lil sugga , miss u sfm, have the best day my gorgeous gal, and see you soon 😘🥂@MirrynB https://t.co/hXspLgRmgl]]></document>
		<document><![CDATA[As the natural performer of the zodiac, you put on a great sho... More for Leo https://t.co/ppAhGJpQPw]]></document>
		<document><![CDATA[Your gaze is directed outward now, and you can see a runway to... More for Leo https://t.co/ppAhGJpQPw]]></document>
		<document><![CDATA[Irrational thoughts run wild over your mental landscape, leavi... More for Leo https://t.co/ppAhGJHse6]]></document>
		<document><![CDATA[9 people followed me and 4 people unfollowed me // automatically checked by https://t.co/y5pSHiveq5]]></document>
		<document><![CDATA[You're doing your best to stay engrossed in your daily routine... More for Leo https://t.co/ppAhGJpQPw]]></document>
		<document><![CDATA[Happy birthday Ross, have the best day x @rossdavidcallan]]></document>
		<document><![CDATA[Having a cold is the worst pain rn]]></document>
		<document><![CDATA[You have a natural tendency to run yourself into the ground, b... More for Leo https://t.co/ppAhGJpQPw]]></document>
		<document><![CDATA[You're ready to dive headfirst into a passion project, feeling... More for Leo https://t.co/ppAhGJpQPw]]></document>
		<document><![CDATA[3 people followed me and 2 people unfollowed me // automatically checked by https://t.co/y5pSHiveq5]]></document>
		<document><![CDATA[You're reluctant to show your hand just yet, preferring to wat... More for Leo https://t.co/ppAhGJpQPw]]></document>
		<document><![CDATA[Actually so proud of myself for passing my waxing exam today, caaaaaaman😉🤙🏽🌟🤣]]></document>
		<document><![CDATA[A casual conversation with your partner or a close friend may ... More for Leo https://t.co/ppAhGJpQPw]]></document>
		<document><![CDATA[Fruit is my new fave food right now 🍎🍓🍒🍌]]></document>
		<document><![CDATA[@aabbiewinning how? When the bus driver had a heart attack?]]></document>
		<document><![CDATA[So confused what happened in eastenders ?!!!]]></document>
		<document><![CDATA[Getting enough rest should be top priority now, whether or not... More for Leo https://t.co/ppAhGJpQPw]]></document>
		<document><![CDATA[7 people followed me and 5 people unfollowed me // automatically checked by https://t.co/y5pSHiveq5]]></document>
		<document><![CDATA[You take it personally when something doesn't go your way now.... More for Leo https://t.co/ppAhGJpQPw]]></document>
		<document><![CDATA[Happy birthday sexy pants @AlicjaWik]]></document>
		<document><![CDATA[You may be inspired or overwhelmed by irrepressible waves of c... More for Leo https://t.co/ppAhGJpQPw]]></document>
		<document><![CDATA[I'm actually the worst person for sharing covers when sharing a bed, soz ahhaha]]></document>
		<document><![CDATA[4 people followed me and one person unfollowed me // automatically checked by https://t.co/y5pSHiveq5]]></document>
		<document><![CDATA[And mia is the first to be sick, my love]]></document>
		<document><![CDATA[Who loves being drunk]]></document>
		<document><![CDATA[The more commitments you make today, the less happy you are ab... More for Leo https://t.co/ppAhGJpQPw]]></document>
		<document><![CDATA[You may act as if everything is copacetic today, but you're li... More for Leo https://t.co/ppAhGJpQPw]]></document>
		<document><![CDATA[Relationship dynamics grab your attention today, requiring tha... More for Leo https://t.co/ppAhGJHse6]]></document>
		<document><![CDATA[one person followed me and one person unfollowed me // automatically checked by https://t.co/y5pSHiveq5]]></document>
		<document><![CDATA[Plenty of concentration and effort are necessary now to make a... More for Leo https://t.co/ppAhGJpQPw]]></document>
		<document><![CDATA[I'm gonna go travelling this year, wanna see new experiences! Can't wait to see my dreams🌟]]></document>
		<document><![CDATA[Everything you fix today seems to create new problems, like th... More for Leo https://t.co/ppAhGJpQPw]]></document>
		<document><![CDATA[Happy birthday girl, have the best day xox @leahlawasx]]></document>
		<document><![CDATA[It feels good to boldly state your needs without much of a fil... More for Leo https://t.co/ppAhGJpQPw]]></document>
		<document><![CDATA[When we used to do millions of "&lt;333333" these to people , cringe looking back now, 2k10 chat]]></document>
		<document><![CDATA[@aimeemorgaan sure will darling xox]]></document>
		<document><![CDATA[Can't wait to go away with my gal for her bday 🛍🥂💋👭 @aimeemorgaan]]></document>
		<document><![CDATA[It feels good to boldly state your needs without much of a fil... More for Leo https://t.co/ppAhGJpQPw]]></document>
		<document><![CDATA[@miareavley_x love it xx]]></document>
		<document><![CDATA[@miareavley_x  ordered one of these bubs:)))) good bargain for Sunday likes https://t.co/YX8R6ScDTY]]></document>
		<document><![CDATA[Now, this just makes me look like a loaf eh bread now👍🏼 https://t.co/DO2L9KZ65V]]></document>
		<document><![CDATA[It feels good to boldly state your needs without much of a fil... More for Leo https://t.co/ppAhGJpQPw]]></document>
		<document><![CDATA[Happy birthday Lauren, have the best day babes xox @Laurennbaileyy9]]></document>
		<document><![CDATA[It feels good to boldly state your needs without much of a fil... More for Leo https://t.co/ppAhGJpQPw]]></document>
		<document><![CDATA[3 people followed me and 5 people unfollowed me // automatically checked by https://t.co/y5pSHiveq5]]></document>
		<document><![CDATA[You are free to choose what to share when you are ready becaus... More for Leo https://t.co/ppAhGJpQPw]]></document>
		<document><![CDATA[You might be harboring unresolved concerns today about the bou... More for Leo https://t.co/ppAhGJpQPw]]></document>
		<document><![CDATA[You might be harboring unresolved concerns today about the bou... More for Leo https://t.co/SUa5YIMmWy]]></document>
		<document><![CDATA[one person followed me and 2 people unfollowed me // automatically checked by https://t.co/Ylz0oLzRoy]]></document>
		<document><![CDATA[You possess a natural instinct for sensing what's around the n... More for Leo https://t.co/SUa5YIMmWy]]></document>
		<document><![CDATA[Happy birthday Maddy, have the best day babes x💋@maddy1134]]></document>
		<document><![CDATA[@KarinaRaeburn get to bed then u]]></document>
		<document><![CDATA[One of those days when you cba getting up from your bed , too CosYyy]]></document>
		<document><![CDATA[You possess a natural instinct for sensing what's around the n... More for Leo https://t.co/SUa5YIMmWy]]></document>
		<document><![CDATA[Edinburgh looks so empty without winter wonderland up 😣]]></document>
		<document><![CDATA[Actually just saw this guy nick all the papers on the 113, wtf]]></document>
		<document><![CDATA[Belvita breakfast bars are my new favourite]]></document>
		<document><![CDATA[2 people followed me and 7 people unfollowed me // automatically checked by https://t.co/Ylz0oLzRoy]]></document>
		<document><![CDATA[Early night for me, once again , not]]></document>
		<document><![CDATA[@kaylsFxx  thinking healthy options , positive kayls💋]]></document>
		<document><![CDATA[Actually craving water RN]]></document>
		<document><![CDATA[It's nearly impossible to tell if you're more exciting or exci... More for Leo https://t.co/SUa5YIMmWy]]></document>
		<document><![CDATA[When Raimonds comes home to nothing in his bank account after a night out at silk, spent £150 on drinks aye????? Haha🤣😭]]></document>
		<document><![CDATA[Since when has there been a ticket guy on Lothian buses haha]]></document>
		<document><![CDATA[It's nearly impossible to tell if you're more exciting or exci... More for Leo https://t.co/SUa5YIMmWy]]></document>
		<document><![CDATA[It's nearly impossible to tell if you're more exciting or exci... More for Leo https://t.co/SUa5YIMmWy]]></document>
		<document><![CDATA[Why is mia sending me pics of her dick¿?¿🤣🤣 @miareavley_x https://t.co/887VHpy0wh]]></document>
		<document><![CDATA[It's nearly impossible to tell if you're more exciting or exci... More for Leo https://t.co/SUa5YIMmWy]]></document>
		<document><![CDATA[It's nearly impossible to tell if you're more exciting or exci... More for Leo https://t.co/SUa5YIMmWy]]></document>
		<document><![CDATA[4 people followed me and 2 people unfollowed me // automatically checked by https://t.co/Ylz0oLzRoy]]></document>
		<document><![CDATA[Your tenderness is both a blessing and a curse. Your interacti... More for Leo https://t.co/SUa5YIMmWy]]></document>
		<document><![CDATA[Boys give you 0% attention when they play Xbox, give up]]></document>
		<document><![CDATA[Happy birthday, have a fabulous day babe 🥂💃🏽 x @caitlinellis_x]]></document>
		<document><![CDATA[@Bronniejackkk @miareavley_x @aimeemorgaan drink where u @]]></document>
		<document><![CDATA[Your tenderness is both a blessing and a curse. Your interacti... More for Leo https://t.co/SUa5YIMmWy]]></document>
		<document><![CDATA[@aimeemorgaan @miareavley_x @Bronniejackkk good, I've saved about £150 so far]]></document>
		<document><![CDATA[Holiday is needed in October for us girls  pls @miareavley_x  @aimeemorgaan  @Bronniejackkk]]></document>
		<document><![CDATA[@miareavley_x is it? Never knew🤣]]></document>
		<document><![CDATA[@aimeemorgaan enough to u]]></document>
		<document><![CDATA[😿 mia where u @, missin u @miareavley_x https://t.co/rHDrEn1ZIW]]></document>
		<document><![CDATA[Can my hair just grow some more please]]></document>
		<document><![CDATA[@aimeemorgaan going ice skating at half 7 with Raimonds fam]]></document>
		<document><![CDATA[@aimeemorgaan phone me for a chat]]></document>
		<document><![CDATA[My Gran actually just gave me £5 for me coming to see her, she is such a lil cutie, lysm]]></document>
		<document><![CDATA[@aimeemorgaan u tell them]]></document>
		<document><![CDATA[Can't remember the last time I wore my retainers and now it's like eating rocks when you take them off😬]]></document>
		<document><![CDATA[Your tenderness is both a blessing and a curse. Your interacti... More for Leo https://t.co/SUa5YIMmWy]]></document>
		<document><![CDATA[Sitting as we speak, at the train station, eating pizza, sums up 2017 for me already]]></document>
		<document><![CDATA[5 people unfollowed me // automatically checked by https://t.co/Ylz0oLzRoy]]></document>
		<document><![CDATA[Happy new year , hope 2017 brings u joy]]></document>
		<document><![CDATA[Absolutely love being in my bed ill on new year, no.1 choice anyway 😫🤧 would rather be drinking wine 🥂instead of cold hot drinks]]></document>
		<document><![CDATA[You could use a fun distraction tonight, but you'll need to ov... More for Leo https://t.co/SUa5YIMmWy]]></document>
		<document><![CDATA[It's time to turn over a new leaf and be accountable for your ... More for Leo https://t.co/SUa5YIMmWy]]></document>
		<document><![CDATA[Glad to be leaving behind the fckin HATERS in 2016, fresh start and don't need twats in a new beginning]]></document>
		<document><![CDATA[When someone bitches about you when they're meant to be a pal, pal??? Aye sound]]></document>
		<document><![CDATA[It's time to turn over a new leaf and be accountable for your ... More for Leo https://t.co/ppAhGJpQPw]]></document>
		<document><![CDATA[3 people followed me and 3 people unfollowed me // automatically checked by https://t.co/y5pSHiveq5]]></document>
		<document><![CDATA[Not having your best friend by your side 24/7 is the worst]]></document>
	</documents>
</author>