<author lang="en">
	<documents>
		<document><![CDATA[@richardparks @WelshNetball @WelshRugbyUnion Glad to see ur coming to Support .. great to have u there..]]></document>
		<document><![CDATA[@JerryFurber @chel_c Thank you Jeremy appreciate it.]]></document>
		<document><![CDATA[Honoured &amp; privilege 2 be named as 1 of the 12 to take on @SilverFernsNZ .. So excited 2 represent @WelshNetball at… https://t.co/Fem4CSfHDy]]></document>
		<document><![CDATA[It's #timetotalk Day! Have a conversation about mental health. You could change someone's life.
https://t.co/i8JW5BJEvU]]></document>
		<document><![CDATA[Thank you to Lee from @ATLASTYRES (late tweet) for fixing my puncture last week. Your were a lifesaver]]></document>
		<document><![CDATA[@CSLcardiff Thank you]]></document>
		<document><![CDATA[@MizunoNetball ohh Thank you... appreciate all the support you guys give me..]]></document>
		<document><![CDATA[@Rhieds Thank you Rhian]]></document>
		<document><![CDATA[@AlisonDavies15 Thank you Ali]]></document>
		<document><![CDATA[@andylambmedia @_KellyMorgan_ Thank you Andy ..]]></document>
		<document><![CDATA[@cslcardiffsport Thank you]]></document>
		<document><![CDATA[@karlamostert @chel_c @Amanda_Varey ohh cheers me dear.. heard u had a stormer of a game on the wkend.. nice job 👌]]></document>
		<document><![CDATA[Really privileged to be named as a long squad member.. @WelshNetball https://t.co/pPoWRYvuMh]]></document>
		<document><![CDATA[Ohhh how cute is she.. https://t.co/McXgNOzeuX]]></document>
		<document><![CDATA[@bethanndyke I do try... "Thomas the tank" just keep moving just keep moving.. 😂😂😂]]></document>
		<document><![CDATA[@chel_c this is all you... 

https://t.co/j6M22InUh2]]></document>
		<document><![CDATA[@bethanndyke this sums u up nicely.. 😉

https://t.co/1A43eaJMx9]]></document>
		<document><![CDATA[Well I think this is why I am centre.. although not to sure about the "smaller" bit.. 

https://t.co/EWzd0q2qWu]]></document>
		<document><![CDATA[Happy Australia day to everyone at home.. may it be filled with family friends food and laughter.. be safe .. https://t.co/V6tnwtpUCk]]></document>
		<document><![CDATA[Loving the new advert for the @SuperNetball .. #awesome https://t.co/6g1WudJxBd]]></document>
		<document><![CDATA[Well done and congratulations @AlisonDavies15 on ur appointment .. amazing opportunity.. good luck xx https://t.co/OKs0mhgXSW]]></document>
		<document><![CDATA[@SueGaudion 🖓lol... next time then]]></document>
		<document><![CDATA[@SueGaudion Nice to see u over this way.. hope ur not to cold. If ur heading to Wales let me know hopefully we could catch up?]]></document>
		<document><![CDATA[I like this very much.. https://t.co/pIxSyPVpoA]]></document>
		<document><![CDATA[What an interesting a good read ... https://t.co/6fKVx7kddk]]></document>
		<document><![CDATA[@Beckythecycler @MizunoNetball Mmmm which ever has the best view..]]></document>
		<document><![CDATA[@Beckythecycler @MizunoNetball Mmmm ... I don't think I can get them dirty.. but an outdoor run .. why not?]]></document>
		<document><![CDATA[Can't wait to try these out today.. the NEW Gortex Wave Riders.. @MizunoNetball Thank you #sponsor https://t.co/UzQOmkqL8P]]></document>
		<document><![CDATA[Tickets are on sale NOW ... Make sure u have Urs.. https://t.co/uDoV1zN7pS]]></document>
		<document><![CDATA[Wow.. that's an awesome job by @DjokerNole .. Great job there.. https://t.co/u8TYal8UNR]]></document>
		<document><![CDATA[@cslcardiffsport @CSLcardiff a great opportunity for girls to be able to see international netball at its best.. ti… https://t.co/FjZCXNOhTi]]></document>
		<document><![CDATA[This is going to be awesome.. and now people can get involved.. @WelshNetball https://t.co/E0tAA4JEKl]]></document>
		<document><![CDATA[Wow.. this is awesome news for @WelshNetball .. Great to see unprecedented demands by all Welsh fans.. #amazing… https://t.co/uCakOCxaWZ]]></document>
		<document><![CDATA[Good session last night with @celtic_dragons learning all things @ukantidoping .. #CleanSport]]></document>
		<document><![CDATA[@Netball_SA congrats @linna2_2 @ErinBurger and @karlamostert on ur selection.. Good luck girlies..]]></document>
		<document><![CDATA[Want to check out what IQniter spin is.. check this out.. Thank you @TorfaenLeisureT for having us..… https://t.co/6EY7VCALab]]></document>
		<document><![CDATA[Love these sayings.. havent heard them for a while.. but might help to understand me at times.. hahaha #aussieat❤ https://t.co/DXraRtc7EI]]></document>
		<document><![CDATA[Lovely to have the chance to meet these young fans.. always a pleasure @chill2508 Hope she had a great day xx https://t.co/LTe6lBcaOB]]></document>
		<document><![CDATA[Ohh my just 1 month to go... exciting times ahead.. #cantwait @WelshNetball https://t.co/a2onQbH0HI]]></document>
		<document><![CDATA[Thank you @TorfaenLeisureT for the iQniter Spin Class today.. great session really enjoying #sweatybetty https://t.co/fUxSQ0EdgF]]></document>
		<document><![CDATA[Great to see sooo many young #Greenarmy fans this afternoon @TorfaenLeisureT
Thank you for ur support and the spin… https://t.co/I3uCYh7zUm]]></document>
		<document><![CDATA[@ianmitch9 @celtic_dragons It definitely was.. Maybe u could join us next time.. 😉 .. lol ..]]></document>
		<document><![CDATA[@StaceyPeeters1  Gosh u can def see u two are sisters.. shame about the shoe.. 😂😂]]></document>
		<document><![CDATA[@ianmitch9 @celtic_dragons Thank you Ian.. was Great to have you with us tonight..]]></document>
		<document><![CDATA[Great 2 have @ianmitch9 with us 2night 2 talk all things resilience, leadership &amp; mental toughness.. Great insight.… https://t.co/SI0e8l7NiP]]></document>
		<document><![CDATA[Wow... this story is moving and a must see. Internet these day can be a dangerous place for young children

https://t.co/QqzwXyQwhj]]></document>
		<document><![CDATA[Ohhh @BrianDavies09 ... Thanks for your continued support @WelshNetball .. @sport_wales https://t.co/kK6Zdx5dXz]]></document>
		<document><![CDATA[Great to have the opportunity to wear these.. my new ❤ ... Thank you @MizunoNetball for your continued support.. ❤… https://t.co/JIVi4hkXcW]]></document>
		<document><![CDATA[@chel_c @SuzyDrane Thought u would be in on that one.. lol]]></document>
		<document><![CDATA[@SuzyDrane @chel_c she so would.... 😂😂😂]]></document>
		<document><![CDATA[@SuzyDrane @Nike and rocking them you were.. looking good 👌]]></document>
		<document><![CDATA[First Monday of 2017... First gym session done and dusted of 2017, with plenty more to come... had the pleasure of @SuzyDrane 's company]]></document>
		<document><![CDATA[@bethanndyke @helendyke Happy birthday Helen.. hope Beth and chloe spoil you]]></document>
		<document><![CDATA[@garethgovier Thank you Gareth.. Happy new year to u and the family.. yes see u in 2017]]></document>
		<document><![CDATA[@wilcox_trish happy new year to you too Trish.. see u on Tues in 2017..]]></document>
		<document><![CDATA[HAPPY NEW YEAR to all the @MizunoNetball Fans.. hope 2017 brings u everything you want and wish for ..]]></document>
		<document><![CDATA[HAPPY NEW YEAR ... to all the #Greenarmy fans.. Hope to see you in 2017.. @celtic_dragons]]></document>
		<document><![CDATA[Getting in early... HAPPY NEW YEAR to all far and wide.. may it be filled with everything u want and wish 4. 2016 was good bring on 2017]]></document>
		<document><![CDATA[Great last session @EliteFitnessCF5 Spin.. done and dusted.. 2016 done bring on 2017 ..]]></document>
		<document><![CDATA[@tomtatts ohhh too cute.. that's the one on the right.. not to sure about the one of the left 😂😂😂]]></document>
		<document><![CDATA[Sad to hear top umpires not being able to do what they enjoy.. u need top umpires to keep the competition healthy..… https://t.co/oqZ5oWFr2Y]]></document>
		<document><![CDATA[@GaryBurgessIUA Sad to see a top umpire leave the competition.. Hopefully he will still be around when he can ..]]></document>
		<document><![CDATA[@SuzyDrane @USW_SandC Yes.. Yes that was 🏃🏃😥]]></document>
		<document><![CDATA[Interval session 1... Kyra 0 ... killed me.. Thanks Pete @USW_SandC .. appreciate it 😂😂😂]]></document>
		<document><![CDATA[Had a lovely Boxing Day walk down @_BARRYISLAND_ yesterday with @scottjonah007 https://t.co/1rMvi0v9lr]]></document>
		<document><![CDATA[Had a lovely Xmas day spent with family @AshNeal_88 @scottjonah007 https://t.co/vd8bU77kvc]]></document>
		<document><![CDATA[@richardmorpeth Thank you...]]></document>
		<document><![CDATA[@richardmorpeth Thank you Richard .. hope you have had a good day as well.]]></document>
		<document><![CDATA[Penblwydd Hapus to one of my partners in crime on the court @bethanndyke hope you have a great day https://t.co/F9FDK1whHb]]></document>
		<document><![CDATA[Merry Christmas everyone xx wishing you all a safe and Merry Christmas and enjoyable 2017 ..]]></document>
		<document><![CDATA[@tylersue_0 @MizunoNetball Thank you Tyler Sue .. Merry Christmas to you too]]></document>
		<document><![CDATA[Merry Christmas to all those @celtic_dragons #Greenarmy fans out there.. I hope u have a great day and Happy 2017. See you all at the games]]></document>
		<document><![CDATA[Merry Christmas to all those @MizunoNetball Fans out there.. I wish u all a very Merry Christmas and Happy 2017.]]></document>
		<document><![CDATA[Last gym session done &amp; dusted @EliteFitnessCF5  with these two @AshNeal_88 &amp; @scottjonah007 before 🎅 arrives tomor… https://t.co/vu610Kd9xR]]></document>
		<document><![CDATA[@MizunoNetball @Beckythecycler @mikki_austin @AshNeal_88 @GabsMarshall @LeahEm11 @Sam_CookieCook @Yazparsons93 @georgialeesxo Merry Xmas]]></document>
		<document><![CDATA[@MizunoNetball @AshNeal_88 @Beckythecycler Merry Christmas to you too]]></document>
		<document><![CDATA[Great gym session this morning .. glad it's over and done with.. 1 more sess to do before Xmas @MizunoNetball… https://t.co/wMZ4MVIoQ7]]></document>
		<document><![CDATA[@bethanndyke @SuzyDrane @APCOvernight @WesternCouriers Sounds like a good plan.. Hopefully u can get it in time]]></document>
		<document><![CDATA[@bethanndyke @SuzyDrane @APCOvernight @WesternCouriers ohh No 🙈 hopefully they can sort it for you.. otherwise Ned will get a late pressie]]></document>
		<document><![CDATA[Lovely afternoon/evening spent with @celtic_dragons at @NPTCGroup for our fan zone and xmas meal… https://t.co/NtKD1DzHUv]]></document>
		<document><![CDATA[We certainly hope the girls did have a fun time today @garethgovier @celtic_dragons @merlins_netball https://t.co/fCMsEXhr9Q]]></document>
		<document><![CDATA[Great to be able to have the chance to meet all these #Greenarmy fans tonight.. can't wait for the next one..… https://t.co/bUpEvLj5ZP]]></document>
		<document><![CDATA[Great to see some of the students from @CSLcardiff taking part in the @celtic_dragons Merry Masterclass today.. wel… https://t.co/Lcd6NQZjGF]]></document>
		<document><![CDATA[Great early Family Christmas today.. can't believe mum, Tamika and jason are going home already.. wish I was going… https://t.co/JLTuadD76P]]></document>
		<document><![CDATA[For all those keen to come and watch @WelshNetball take on @NetballNZ in February next yr.. this is u can purchase… https://t.co/qvSO2ql71N]]></document>
		<document><![CDATA[@andylambmedia @celtic_dragons @_KellyMorgan_ Cheers Andy ...]]></document>
		<document><![CDATA[@natnetballcoach welcome to @WelshNetball Nat.. Good luck in ur new post.]]></document>
		<document><![CDATA[Thanks @PlayerLayer for the new leggins.. @celtic_dragons rocking them out in training tonight.. https://t.co/3dQ98ZDKSD]]></document>
		<document><![CDATA[@RachShaw123 ohh that's good.. ur def on the right train though? .. glad u got there in time..]]></document>
		<document><![CDATA[Ohh wow.. this is my mum.. Congrats Mum .. well deserved xx https://t.co/W2SHIWz3pZ]]></document>
		<document><![CDATA[Penblwydd Hapus @lowrijenkins .. hope you had a good day with us girlies @celtic_dragons.. hope u get spoilt when u get home]]></document>
		<document><![CDATA[We are off.. #MGT2016 here we come.. looking fwd 2 @celtic_dragons taking on @HertsMavericks @Wasps_Netball @TeamBathNetball @thundernetball]]></document>
		<document><![CDATA[@RosiePretorius @SuzyDrane @ClareJones03 @StaceyPeeters1 @bethanndyke Thanks Rosie.. will try keep u updated]]></document>
		<document><![CDATA[@MizunoNetball I would call it "Great/ Fast Footwork" ... rather than tap dancing 😂]]></document>
		<document><![CDATA[@andylambmedia @MizunoNetball Cheers Andy.. I will take that]]></document>
		<document><![CDATA[The new @mizunonetball Wave Phantom for lightweight support and cushioning. Dominate the court #NeverStopPushing https://t.co/6GPahJ1IMn]]></document>
		<document><![CDATA[Oh my @GaryBurgessIUA u def can't umpire in those #bigfeet .. can't wait to see ur new ones.. https://t.co/loGual5ElT]]></document>
		<document><![CDATA[@AshNeal_88 @MizunoNetball LOVE IT xxx]]></document>
		<document><![CDATA[@SKINSGB I definitely will.. thank you]]></document>
		<document><![CDATA[So excited.. Got these in the mail 2day OMG THANK U @SKINSGB still can't believe I won. Can't wait 2 use these… https://t.co/MDzBMiCxb3]]></document>
	</documents>
</author>