<author lang="en">
	<documents>
		<document><![CDATA[Your lack of progress makes you want to push harder and harder... More for Capricorn https://t.co/kfTNqaU8m4]]></document>
		<document><![CDATA[You're finally able to relax and enjoy the weekend, which is p... More for Capricorn https://t.co/kfTNqaU8m4]]></document>
		<document><![CDATA[The time for planning has come to an end; decisive action is t... More for Capricorn https://t.co/kfTNqaU8m4]]></document>
		<document><![CDATA[You're likely to make the most practical decision possible on ... More for Capricorn https://t.co/kfTNqaU8m4]]></document>
		<document><![CDATA[One thing after another is being added to your plate, and you'... More for Capricorn https://t.co/kfTNqaU8m4]]></document>
		<document><![CDATA[No matter how many times you turn over a problem in your mind,... More for Capricorn https://t.co/kfTNqaU8m4]]></document>
		<document><![CDATA[A reality check requires you to narrow your perspective, reass... More for Capricorn https://t.co/kfTNqbbJKE]]></document>
		<document><![CDATA[You are known to be a highly effective organizer and people re... More for Capricorn https://t.co/kfTNqaU8m4]]></document>
		<document><![CDATA[Keeping your optimism to yourself may seem like a waste of goo... More for Capricorn https://t.co/kfTNqaU8m4]]></document>
		<document><![CDATA[You're on a straightforward mission today, but your psychic ra... More for Capricorn https://t.co/kfTNqaU8m4]]></document>
		<document><![CDATA[You may need to dig deep to find true meaning today. Loving Ve... More for Capricorn https://t.co/kfTNqaU8m4]]></document>
		<document><![CDATA[A reckless friend might encourage you to cut corners today or ... More for Capricorn https://t.co/kfTNqaU8m4]]></document>
		<document><![CDATA[Orderly thought and decisive action make perfect sense to a ca... More for Capricorn https://t.co/kfTNqaU8m4]]></document>
		<document><![CDATA[Although you don't necessarily like it when anything or anyone... More for Capricorn https://t.co/kfTNqbbJKE]]></document>
		<document><![CDATA[Although you don't necessarily like it when anything or anyone... More for Capricorn https://t.co/kfTNqaU8m4]]></document>
		<document><![CDATA[Although you don't necessarily like it when anything or anyone... More for Capricorn https://t.co/kfTNqaU8m4]]></document>
		<document><![CDATA[Although you don't necessarily like it when anything or anyone... More for Capricorn https://t.co/kfTNqaU8m4]]></document>
		<document><![CDATA[Relationship issues come to the forefront as the Cancer Full M... More for Capricorn https://t.co/kfTNqaU8m4]]></document>
		<document><![CDATA[Relationship issues come to the forefront as the Cancer Full M... More for Capricorn https://t.co/kfTNqaU8m4]]></document>
		<document><![CDATA[You might experience a eureka moment today that leads to the s... More for Capricorn https://t.co/kfTNqaU8m4]]></document>
		<document><![CDATA[Oddly enough, you can get a bit nervous when everything is com... More for Capricorn https://t.co/kfTNqaU8m4]]></document>
		<document><![CDATA[Oddly enough, you can get a bit nervous when everything is com... More for Capricorn https://t.co/kfTNqaU8m4]]></document>
		<document><![CDATA[You are looking for a whole new way of framing your relationsh... More for Capricorn https://t.co/kfTNqaU8m4]]></document>
		<document><![CDATA[You are looking for a whole new way of framing your relationsh... More for Capricorn https://t.co/kfTNqaU8m4]]></document>
		<document><![CDATA[You are looking for a whole new way of framing your relationsh... More for Capricorn https://t.co/kfTNqaU8m4]]></document>
		<document><![CDATA[You are looking for a whole new way of framing your relationsh... More for Capricorn https://t.co/kfTNqaU8m4]]></document>
		<document><![CDATA[You are looking for a whole new way of framing your relationsh... More for Capricorn https://t.co/kfTNqaU8m4]]></document>
		<document><![CDATA[Ironically, you're good to go today as long as you don't attem... More for Capricorn https://t.co/kfTNqaU8m4]]></document>
		<document><![CDATA[Ironically, you're good to go today as long as you don't attem... More for Capricorn https://t.co/kfTNqaU8m4]]></document>
		<document><![CDATA[Ironically, you're good to go today as long as you don't attem... More for Capricorn https://t.co/kfTNqaU8m4]]></document>
		<document><![CDATA[You may evade the question if you're asked about your plans fo... More for Capricorn https://t.co/kfTNqaU8m4]]></document>
		<document><![CDATA[A new emotional cycle begins today and a surprising feeling of... More for Capricorn https://t.co/kfTNqaU8m4]]></document>
		<document><![CDATA[A new emotional cycle begins today and a surprising feeling of... More for Capricorn https://t.co/kfTNqaU8m4]]></document>
		<document><![CDATA[Now that the holiday hullabaloo is settling down, you can get ... More for Capricorn https://t.co/kfTNqaU8m4]]></document>
		<document><![CDATA[There's a fine line between initiating action and taking a foo... More for Capricorn https://t.co/kfTNqaU8m4]]></document>
		<document><![CDATA[You may be pleasantly surprised when you realize how amazing y... More for Capricorn https://t.co/kfTNqaU8m4]]></document>
		<document><![CDATA[You may be pleasantly surprised when you realize how amazing y... More for Capricorn https://t.co/kfTNqaU8m4]]></document>
		<document><![CDATA[You may feel possessive of your friends today, and even a litt... More for Capricorn https://t.co/kfTNqaU8m4]]></document>
		<document><![CDATA[You may feel possessive of your friends today, and even a litt... More for Capricorn https://t.co/kfTNqaU8m4]]></document>
		<document><![CDATA[Your ability to stay calm even in the direst situations is an ... More for Capricorn https://t.co/kfTNqaU8m4]]></document>
		<document><![CDATA[Your busy schedule requires that you keep marching on, but you... More for Capricorn https://t.co/kfTNqaU8m4]]></document>
		<document><![CDATA[Your busy schedule requires that you keep marching on, but you... More for Capricorn https://t.co/kfTNqaU8m4]]></document>
		<document><![CDATA[Your busy schedule requires that you keep marching on, but you... More for Capricorn https://t.co/kfTNqaU8m4]]></document>
		<document><![CDATA[You might as well face any relationship turbulence head on tod... More for Capricorn https://t.co/kfTNqaU8m4]]></document>
		<document><![CDATA[You might as well face any relationship turbulence head on tod... More for Capricorn https://t.co/kfTNqaU8m4]]></document>
		<document><![CDATA[You might as well face any relationship turbulence head on tod... More for Capricorn https://t.co/kfTNqaU8m4]]></document>
		<document><![CDATA[You might as well face any relationship turbulence head on tod... More for Capricorn https://t.co/kfTNqaU8m4]]></document>
		<document><![CDATA[If it seems like people are extra clingy today, they probably ... More for Capricorn https://t.co/kfTNqaU8m4]]></document>
		<document><![CDATA[You want to do it all -- the morning fitness class, the phone ... More for Capricorn https://t.co/kfTNqaU8m4]]></document>
		<document><![CDATA[You want to do it all -- the morning fitness class, the phone ... More for Capricorn https://t.co/kfTNqaU8m4]]></document>
		<document><![CDATA[Your ambitious plan is tweaked to perfection and it's time to ... More for Capricorn https://t.co/kfTNqaU8m4]]></document>
		<document><![CDATA[Your ambitious plan is tweaked to perfection and it's time to ... More for Capricorn https://t.co/kfTNqaU8m4]]></document>
		<document><![CDATA[Your ambitious plan is tweaked to perfection and it's time to ... More for Capricorn https://t.co/kfTNqaU8m4]]></document>
		<document><![CDATA[Your ambitious plan is tweaked to perfection and it's time to ... More for Capricorn https://t.co/kfTNqaU8m4]]></document>
		<document><![CDATA[Decisions must be made, but clarity is lacking as even the ste... More for Capricorn https://t.co/kfTNqaU8m4]]></document>
		<document><![CDATA[It's best to just go with the flow rather than trying to contr... More for Capricorn https://t.co/kfTNqaU8m4]]></document>
		<document><![CDATA[It's not like you to get upset over every little thing, but ex... More for Capricorn https://t.co/kfTNqaU8m4]]></document>
		<document><![CDATA[The mood of the day reminds you of the simple joy of finding a... More for Capricorn https://t.co/kfTNqaU8m4]]></document>
		<document><![CDATA[Receiving usually feels better than losing something but, para... More for Capricorn https://t.co/kfTNqaU8m4]]></document>
		<document><![CDATA[You almost always have a plan for what you wish to accomplish ... More for Capricorn https://t.co/kfTNqaU8m4]]></document>
		<document><![CDATA[Your nose is old friends with the grindstone, and today is far... More for Capricorn https://t.co/kfTNqaU8m4]]></document>
		<document><![CDATA[There are days when you're the first one at the office and the... More for Capricorn https://t.co/kfTNqaU8m4]]></document>
		<document><![CDATA[Although you Goats can be extremely goal-oriented, joy is pati... More for Capricorn https://t.co/kfTNqaU8m4]]></document>
		<document><![CDATA[Inexplicable events require you to process unresolved psycholo... More for Capricorn https://t.co/kfTNqaU8m4]]></document>
		<document><![CDATA[You can't settle your nerves today because you're expecting so... More for Capricorn https://t.co/kfTNqaU8m4]]></document>
		<document><![CDATA[If you feel lost in unfamiliar physical or psychological terri... More for Capricorn https://t.co/kfTNqaU8m4]]></document>
		<document><![CDATA[You exude an irresistible magnetism that makes your relationsh... More for Capricorn https://t.co/kfTNqbbJKE]]></document>
		<document><![CDATA[There is no room in your life for small-minded thinking; the s... More for Capricorn https://t.co/kfTNqaU8m4]]></document>
		<document><![CDATA[Although you're looking for solid answers, people probably giv... More for Capricorn https://t.co/kfTNqaU8m4]]></document>
		<document><![CDATA[Although you inspire people with your ambitious ideas, you cou... More for Capricorn https://t.co/kfTNqaU8m4]]></document>
		<document><![CDATA[Although you are as interested as ever in getting ahead in you... More for Capricorn https://t.co/kfTNqaU8m4]]></document>
		<document><![CDATA[Your practical nature inspires you to skillfully untangle a co... More for Capricorn https://t.co/kfTNqaU8m4]]></document>
		<document><![CDATA[The stage is being set for sweet romance or, at least, more pl... More for Capricorn https://t.co/kfTNqaU8m4]]></document>
		<document><![CDATA[Someone may awaken you to the inspiration potential of your im... More for Capricorn https://t.co/kfTNqaU8m4]]></document>
		<document><![CDATA[Facts get lost in the clouds of illusion today as your rationa... More for Capricorn https://t.co/kfTNqbbJKE]]></document>
		<document><![CDATA[You prefer to start on one task and stick with it until every ... More for Capricorn https://t.co/kfTNqaU8m4]]></document>
		<document><![CDATA[You're lost in the contradiction between work and play, unchar... More for Capricorn https://t.co/kfTNqaU8m4]]></document>
		<document><![CDATA[Your desires are straightforward now, prompting you to ask for... More for Capricorn https://t.co/kfTNqaU8m4]]></document>
		<document><![CDATA[Seeing a situation in a fresh light makes a world of differenc... More for Capricorn https://t.co/kfTNqaU8m4]]></document>
		<document><![CDATA[Your sensible calculations often lead you to wait for the perf... More for Capricorn https://t.co/kfTNqaU8m4]]></document>
		<document><![CDATA[It feels as if you've been playing the waiting game for a long... More for Capricorn https://t.co/kfTNqaU8m4]]></document>
		<document><![CDATA[Your long-term goals currently extend beyond your immediate ca... More for Capricorn https://t.co/kfTNqaU8m4]]></document>
		<document><![CDATA[Your focus is redirected to personal gains today. You might be... More for Capricorn https://t.co/kfTNqaU8m4]]></document>
		<document><![CDATA[Following a plan could lead you to waste valuable time on acti... More for Capricorn https://t.co/kfTNqaU8m4]]></document>
		<document><![CDATA[Asking for what you want today is the first step toward reachi... More for Capricorn https://t.co/kfTNqaU8m4]]></document>
		<document><![CDATA[It's as if your finger is on the zeitgeist of your network of ... More for Capricorn https://t.co/kfTNqaU8m4]]></document>
		<document><![CDATA[You're excited to sink into your fantasies today, but tend to ... More for Capricorn https://t.co/kfTNqaU8m4]]></document>
		<document><![CDATA[You're a bit hesitant to take a risk today, even if your calcu... More for Capricorn https://t.co/kfTNqaU8m4]]></document>
		<document><![CDATA[You can rely on your friends to tell you the truth today, even... More for Capricorn https://t.co/kfTNqaU8m4]]></document>
		<document><![CDATA[Your current malaise is not apparent to those closest to you. ... More for Capricorn https://t.co/kfTNqaU8m4]]></document>
		<document><![CDATA[Continuing your methodical climb to the pinnacle of success be... More for Capricorn https://t.co/kfTNqaU8m4]]></document>
		<document><![CDATA[The future is looking brighter day by day, yet you're still un... More for Capricorn https://t.co/kfTNqaU8m4]]></document>
		<document><![CDATA[Although there are numerous forks in the road, you have a one-... More for Capricorn https://t.co/kfTNqaU8m4]]></document>
		<document><![CDATA[You might feel the weight of the world on your shoulders today... More for Capricorn https://t.co/kfTNqaU8m4]]></document>
		<document><![CDATA[It's rather effortless to remain emotionally detached from a s... More for Capricorn https://t.co/kfTNqaU8m4]]></document>
		<document><![CDATA[You want your coworkers to know how much you respect them and ... More for Capricorn https://t.co/kfTNqaU8m4]]></document>
		<document><![CDATA[Rewards at work arrive without any sort of warning today, catc... More for Capricorn https://t.co/kfTNqaU8m4]]></document>
		<document><![CDATA[You may overestimate the value of people and objects today, ma... More for Capricorn https://t.co/kfTNqaU8m4]]></document>
		<document><![CDATA[Anything goes as unusually deep feelings bump up against exter... More for Capricorn https://t.co/kfTNqaU8m4]]></document>
		<document><![CDATA[Collaborating with others today makes it feasible to transform... More for Capricorn https://t.co/kfTNqaU8m4]]></document>
	</documents>
</author>