<author lang="en">
	<documents>
		<document><![CDATA[Ok it's old news. But still. 🚨🚨🚨🎉🎉🎉]]></document>
		<document><![CDATA[Also important to consider Trump made "a total and complete shutdown of Muslims entering the US" a major campaign theme b4 walking it back.]]></document>
		<document><![CDATA[Important context: This comment was made not by Trump but by Sean Spicer, whose statements have contradicted Trump'… https://t.co/6K1Oxu8S7Z]]></document>
		<document><![CDATA[This seems like a big deal https://t.co/K1UBFslH09]]></document>
		<document><![CDATA[Here's the full statement by Flynn on Iran https://t.co/zMX7KspkqS]]></document>
		<document><![CDATA[Trump has asked Jerry Falwell Jr. to lead a higher education task force https://t.co/aG0jzv6YcS via @KathleenStruck]]></document>
		<document><![CDATA[Listen to that clip of Bannon in context, and you'll see he definitely appears to say just that.]]></document>
		<document><![CDATA["Listening to (Bannon's) words carefully, he is saying observant Muslims don’t belong in the U.S." https://t.co/9d6FyeC6HP]]></document>
		<document><![CDATA[@mgerrydoyle I really don't know how the left will keep from falling into a deep cynicism these four years. Obama seemed to know it, too]]></document>
		<document><![CDATA[@hanbae But I know for sure our coverage should be determined by our values. And inevitably will be anyway so what's the point in denying it]]></document>
		<document><![CDATA[@hanbae how much journalists should speak up re: feelings on an issue is a little different of a Q for me, and more up for debate imo,]]></document>
		<document><![CDATA[@hanbae just in general, tho, the idea the media have to adhere to a central position, no matter the debate, is so unbelievably mindless]]></document>
		<document><![CDATA[@hanbae at least this is forcing the conversation.]]></document>
		<document><![CDATA[Not the only poll to suggest this https://t.co/9WFxLuJegS]]></document>
		<document><![CDATA[.@libertycounsel is upset that Trump won't overturn Obama's protections for LGBTQ workers https://t.co/TkEG28YsMG]]></document>
		<document><![CDATA[@dale_e_ho can you follow for a quick dm?]]></document>
		<document><![CDATA[Google navigation for walking is dumb]]></document>
		<document><![CDATA[From earlier: Trump administration will continue to enforce executive order protecting rights of LGBTQ workers https://t.co/aqcQ0dANj2]]></document>
		<document><![CDATA[@Dudediligents still though...you gotta wonder]]></document>
		<document><![CDATA[I think we've pretty much all learned that it's not "safe to say" anything when it comes to Trump, though. https://t.co/D2i9BDrcgv]]></document>
		<document><![CDATA[Wonder if Republican stances toward Trump will change at all after they get their Supreme Court pick through.]]></document>
		<document><![CDATA[Trump’s Trade War May Have Already Begun - NYT https://t.co/dC9Ww7bT5H]]></document>
		<document><![CDATA[These are some bonkers numbers (via @mikeallen) https://t.co/LO61UEMzfV]]></document>
		<document><![CDATA[I thought it was "Head Clown" Chuck Schumer https://t.co/Lkis0450PE]]></document>
		<document><![CDATA[African Union criticises US for ‘taking many of our people as slaves’ but not taking refugees | The Independent https://t.co/6srEQY6RsW]]></document>
		<document><![CDATA[As the level of rhetoric ratchets up ever higher on the twitter machine, it's good to remember that the majority of the public isn't #onhere]]></document>
		<document><![CDATA[Seeing more and more calls for this https://t.co/WI5hR7pCez]]></document>
		<document><![CDATA[@jarais O'Reilly kinda/sorta criticized him tonight, too. Sad!]]></document>
		<document><![CDATA[@jarais what is that eternal scream account thing. I think it's time for that in my timeline finally]]></document>
		<document><![CDATA[You can't even stop to read for 20 minutes before bed without some thing happening]]></document>
		<document><![CDATA[Xinhua is having a time https://t.co/IL9pW7Bixz]]></document>
		<document><![CDATA[Trump's immigration ban is already 0 for 5 in federal courts, and more lawsuits are coming, reports @McClatchyDC https://t.co/YNM0A6M06r]]></document>
		<document><![CDATA[Somehow missed that Marie Harf became a regular Fox News contributor https://t.co/mcPhOLy160]]></document>
		<document><![CDATA[@thekgb everyone needs more red in their lives]]></document>
		<document><![CDATA[NYT: Acting Attorney General Orders Justice Dept. Not to Defend Refugee Ban https://t.co/bbdyZF7Cxb]]></document>
		<document><![CDATA[Suspect in Quebec mosque attack quickly depicted as a Muslim. He's a white nationalist. https://t.co/Lwq56MUbFs]]></document>
		<document><![CDATA[53% of Americans support implementing a registry for all Muslim immigrants, the poll adds.]]></document>
		<document><![CDATA[48% of Americans support "suspending immigration from 'terror prone' regions, even if it means turning away refugees," @QuinnipiacPoll says.]]></document>
		<document><![CDATA[Looks like they're rehashing old polling data, but this still seems extremely relevant. https://t.co/OxxHKsXLMS]]></document>
		<document><![CDATA[Nobody is eagerly waiting for you to retweet that thing, is what I need to remind myself every time]]></document>
		<document><![CDATA[@AJentleson more interesting details here. But what kind of authority does the Foreign Affairs Manual have, anyway… https://t.co/JdjocZ4lbV]]></document>
		<document><![CDATA[Excuse me. It was a tiger that was eating the guy]]></document>
		<document><![CDATA[Just scrolling through People's Daily Twitter feed here, and whoa there's video of a lion eating some guy.]]></document>
		<document><![CDATA[@BethanyAllenEbr i've not seen it reported elsewhere. in fact, others have denied it.]]></document>
		<document><![CDATA[Trump starting to feel the pressure from a few Republicans now https://t.co/qzEfl0v8Js]]></document>
		<document><![CDATA[I gotta say, I kinda chuckled at the World War III thing]]></document>
		<document><![CDATA[.@yjtorbati is capturing some incredible stuff at Dulles right now]]></document>
		<document><![CDATA[Trump's order "sends a signal, intended or not, that America does not want Muslims coming into our country." https://t.co/nGrgvQszqi]]></document>
		<document><![CDATA[@royalsreview is that twelve million per year or over two years]]></document>
		<document><![CDATA[Obama may have stayed silent so far re: Trump, but that hasn't stopped lots of his people from chiming in on social media.]]></document>
		<document><![CDATA[I know everyone's already shared it, but it's worth reading every word of this @benjaminwittes piece https://t.co/1RznCh9IKz]]></document>
		<document><![CDATA[@ProfSaunders feels like everyone on twitter should be required to go back to freshman philosophy class]]></document>
		<document><![CDATA[@alexwardb it really does seem like so many things engraved on our national monuments are up for political discussion now, right?]]></document>
		<document><![CDATA[The court ruling last night was pretty narrow in scope. It didn't strike down the entire executive order. ACLU kind of oversold the victory.]]></document>
		<document><![CDATA[That according to the very good @axios  newsletter]]></document>
		<document><![CDATA[At exclusive Alfalfa Club meeting, Mike Pence joked about building a wall to keep out the White House press corps https://t.co/Jh2fblCKnk]]></document>
		<document><![CDATA[Lyft has sent this message to its users. Will donate $1,000,000 to ACLU. https://t.co/j4rw4pDYMV]]></document>
		<document><![CDATA[Obama's National Security Adviser https://t.co/cyjQTgnMRs]]></document>
		<document><![CDATA[A rare example of protests being organized in a targeted way to put direct pressure on officials at specific locati… https://t.co/wP6KPpWSVi]]></document>
		<document><![CDATA[This is consistent with Trump's rhetoric during the campaign, obviously. https://t.co/2WZgXeE45T]]></document>
		<document><![CDATA[Another possible check on Trump - the federal system of government. Not everyone's on board. https://t.co/eC9VaGxbJ5]]></document>
		<document><![CDATA[Hours after Trump won, the ACLU promised to Trump: "See you in court."]]></document>
		<document><![CDATA[Congress not so much]]></document>
		<document><![CDATA[Nationwide mass protests, the courts, and civil service emerging as big-time early points of resistance against Trump agenda.]]></document>
		<document><![CDATA[Former senior official in George W. Bush's State Department https://t.co/m369Kzbn6F]]></document>
		<document><![CDATA[@tparsi is there any evidence that border agents are asking about Trump? What is the source for this?]]></document>
		<document><![CDATA[@audra_spiven so I was pretty into it]]></document>
		<document><![CDATA[@audra_spiven i used to have an Andy Griffith Show book as a kid. It was basically the only TV show I was allowed to watch, LOL]]></document>
		<document><![CDATA[@audra_spiven i don't know. i just remember that transition as a kid. he got really grumpy as the show went on]]></document>
		<document><![CDATA[@audra_spiven nowhere near as good as the old ones. andy is so grumpy, too.]]></document>
		<document><![CDATA[@danielmatthews i don't know. i don't think anyone does yet, but i'm not sure on that either.]]></document>
		<document><![CDATA[Just scrolling down Matt Lee's twitter feed here, and yeah I'm definitely gonna watch that first State Dept briefing, LOL]]></document>
		<document><![CDATA[Becoming pretty clear that Trump intends to do the things he has promised to do.]]></document>
		<document><![CDATA[It's getting harder and harder not to call this policy a Muslim ban, as @SopanDeb points out. https://t.co/gorCVCwcuu]]></document>
		<document><![CDATA[Trump tells CBN that Christians will be given priority as refugees  https://t.co/unzCuJ0jmC]]></document>
		<document><![CDATA[@ggreenwald I know. I do the same sometimes. It's just out of control right now]]></document>
		<document><![CDATA[@ggreenwald I mean to be fair though, you also tweeted an incorrect Trump story today]]></document>
		<document><![CDATA[@TeachGoldsmith gives me hope for the future of US-China relations]]></document>
		<document><![CDATA[What the https://t.co/24ZHylXbrH]]></document>
		<document><![CDATA[@CRTejada they used to have one directly outside Voice of America. Always cracked me up]]></document>
		<document><![CDATA[@CRTejada ok well this is definitely not that. And now I want to make this a contest...]]></document>
		<document><![CDATA[China Daily at some random corner in Manhattan. I don't come here often. That's just the way it is now? https://t.co/mG4GNsBEHe]]></document>
		<document><![CDATA[The media should "keep its mouth shut," said Bannon. "I want you to publish this," he added. No small bit of irony.
https://t.co/ol6zYdjtvp]]></document>
		<document><![CDATA[@ckmarie "AND YOU CAN PUBLISH THAT"]]></document>
		<document><![CDATA[@mgerrydoyle @fmanjoo love the glamour shot also]]></document>
		<document><![CDATA[Why don't they just put Netflix in all hotel rooms and be done with it]]></document>
		<document><![CDATA[@WonderWomanWins I just went on a mini rant about it to @Tom_El_Rumi, but I don't think I threaded it correctly so I can't link. #ohwell]]></document>
		<document><![CDATA[@Tom_El_Rumi yeah, i don't know what was up with that. maybe the story just went automatically to Rogin's page, which has that label?]]></document>
		<document><![CDATA[@Tom_El_Rumi or at least some form of it, anyway, in theory. and it's an act of law. so that should mean something.]]></document>
		<document><![CDATA[@Tom_El_Rumi me too! we're in a good position to speak out if anything happens, though. VOA's charter provides editorial independence,]]></document>
		<document><![CDATA[@Tom_El_Rumi and then today's WaPo report on the State Dept resignations. Left out this basic context: https://t.co/TnuT8cMZUK]]></document>
		<document><![CDATA[@Tom_El_Rumi the other bad transition reporting I've seen has been in relation to the alleged Russia hacking. And the Vermont power grid.]]></document>
		<document><![CDATA[@Tom_El_Rumi into his own domestic propaganda outlet, but if he does, we've seen zero evidence of it. it's literally all speculation.]]></document>
		<document><![CDATA[@Tom_El_Rumi that's all accurate. And on its own is worrying. But that stands completely apart from Trump. Trump may have plans to turn VOA]]></document>
		<document><![CDATA[@Tom_El_Rumi OTH, all the context she gives, regarding the law changes related to the BBG board, and the ability to broadcast in the US,]]></document>
		<document><![CDATA[@Tom_El_Rumi also, she says these two Trump guys have "taken over" the CEO's office here. It's just not true. They've not done that]]></document>
		<document><![CDATA[@Tom_El_Rumi but still, she doesn't point out the most basic fact - new presidents send representatives to VOA literally every transition]]></document>
		<document><![CDATA[@Tom_El_Rumi on the VOA thing, take this Maddow story. it's not as bad as some of the stories i've seen on this, https://t.co/TNhy3ch7Pr]]></document>
		<document><![CDATA[I mean, that, along with the fact that major media outlets are getting basic facts wrong on Trump stories on an almost daily basis.]]></document>
		<document><![CDATA[Seeing media reports get basic details wrong on the VOA/BBG/Trump story makes me very skeptical of every transition story.]]></document>
	</documents>
</author>