<author lang="en">
	<documents>
		<document><![CDATA[@AstronautAbby Come join your @wellesleyalums sibs and thousands of others for @ScienceMarchDC https://t.co/ehP4i55txs]]></document>
		<document><![CDATA[Actually, I think @HMosesTubman should be at the top of the ticket.  @FDouglass2020 @SojoTruth2020  https://t.co/MCvg0W1gUS]]></document>
		<document><![CDATA[@Wellesley @DrPaulaJohnson Will Wellesley also sign? https://t.co/FUJCnilDEd]]></document>
		<document><![CDATA[@petridishes Love it... and it brings back memories of the late, lamented Perturbed Squirrel. https://t.co/yMGVj2Wkpu]]></document>
		<document><![CDATA[@lisamurkowski Thank you for stating you'll vote #noDevos https://t.co/G6CEtijIr9]]></document>
		<document><![CDATA[@SenatorCollins Thank you for stating you'll vote #noDevos https://t.co/xT8M2NBvp3]]></document>
		<document><![CDATA[@petridishes As did 53% of white female voters last November... alas. https://t.co/NqnM5o6lhN]]></document>
		<document><![CDATA[@timkaine You're a real mensch.  Congrats to you both.  Keep up the excellent work. https://t.co/R9d3Beo6eS]]></document>
		<document><![CDATA[@MissDahlELama And music and art... https://t.co/Pe6UToSMNT]]></document>
		<document><![CDATA[There are no words... https://t.co/rg3mtltp94]]></document>
		<document><![CDATA[Don't miss the dog... https://t.co/AqSuXmvKbA]]></document>
		<document><![CDATA[@WNCathedral "will not sit idly by as our nation’s leaders turn their backs on one of the worst humanitarian refuge… https://t.co/zLnGpO15NF]]></document>
		<document><![CDATA[@WNCathedral "is a voice for the oppressed, the disadvantaged and those in need... a voice for refugees who look to… https://t.co/841eAuO2s6]]></document>
		<document><![CDATA[@SenateDems @SenSchumer @SenGillibrand Stay strong, #StopSessions @womensmarch https://t.co/oZ0DaFDbsq]]></document>
		<document><![CDATA[@petridishes @SusanRScott -- Rocking her new @PussyhatProject pink topper, @OllieTheBobcat says, "Scratch the patri… https://t.co/FthTmSX2tU]]></document>
		<document><![CDATA[@josheidelson @petridishes No words.  No words.  Except one -- Shame! @seanspicer @POTUS @WhiteHouse are a disgrace. https://t.co/urbEVXA0X5]]></document>
		<document><![CDATA[@SenatorBurr @SenatorCollins @SenatorTimScott @lisamurkowski Urge y'all to do the right thing and vote against #sessions and #devos]]></document>
		<document><![CDATA[If you can't get through to D.C. offices, be creative and call in-state offices... #StopDeVos #stopsessions #resist https://t.co/OF50n6j6u9]]></document>
		<document><![CDATA[Saddened to read @wellesley statement "we suggest that all noncitizens defer travel outside of the United States wh… https://t.co/pQh6PyySME]]></document>
		<document><![CDATA[Their signs pained my heart 💔#whyimarch #nomuslimban… https://t.co/YRnr88Of96]]></document>
		<document><![CDATA[As someone who eats hummus almost daily, I think this was my… https://t.co/QmJEvIL8j2]]></document>
		<document><![CDATA[Today's most adorable marcher... #nomuslimban #RefugeesWelcome #lovethyneighbor https://t.co/ihM5u7A7ns]]></document>
		<document><![CDATA[All smiles with my son yesterday at the dentist's, where he's been going since he was a toddler. https://t.co/wIehJLPyhV]]></document>
		<document><![CDATA[Love those dimples! https://t.co/5uHPVMyrCx]]></document>
		<document><![CDATA[Constantly amazed by the @Wellesley sisters who came before me. 1-9-2-2 Wellesley Rah! 1-9-2-2 Wellesley! And good… https://t.co/vnc4Xh6iRl]]></document>
		<document><![CDATA[@nytimes "Everybody else is above the white man?!"  Sounds like #alternativefacts to me... https://t.co/rFsxmMnoRo]]></document>
		<document><![CDATA[Postcards mailed to Senators today.  Thanks, @usps , for clerk's… https://t.co/5u2xVVnKEr]]></document>
		<document><![CDATA[My Northwest DC post office was sold out of 34cent postcard stamps… https://t.co/sSwTj78lSc]]></document>
		<document><![CDATA[@BadlandsNPS "Mommy, I wish we had pink @PussyhatProject hats like the other @womensmarch folks down there!" https://t.co/pas1I5R28Z]]></document>
		<document><![CDATA[@womensmarch #womensmarch @Wellesley #wellesley https://t.co/bDbCr31nf9]]></document>
		<document><![CDATA[@iwaited96years "We The Resilient" gets my vote. It describes their lives, plus I like the alliteration with the th… https://t.co/jIrUasHDoz]]></document>
		<document><![CDATA[womensmarch with a @wellesley classmate.  Used the filter 'Rise' iho… https://t.co/gr93F42v8l]]></document>
		<document><![CDATA[@SMAlumni As alum from 1st year school had girls, am deeply touched to see this turnout.  I marched in DC w/… https://t.co/qHEzF3cSOI]]></document>
		<document><![CDATA["Hear Our Voice" @womensmarch poster and candles in a window in Georgetown this evening. https://t.co/YWnoOMGOAT]]></document>
		<document><![CDATA["Eerie, and the most unique."  Yup, about right: Sinfonia Antarctica Which Winter Music Piece Are You? https://t.co/DvUCB6P19W via @wqxr]]></document>
		<document><![CDATA[Hard to know whether to laugh or to cry: Republican Men Say It’s a Better Time to Be a Woman Than a Man via @nytimes https://t.co/PShSmSJ73R]]></document>
		<document><![CDATA[Thank you @BishopGoff for your prophetic leadership -- from a sister priest in @iamepiscopalian https://t.co/93bKQT0w1J]]></document>
		<document><![CDATA[@NatCathedralSch As a parent of former NCS/STA choristers/acolytes, thank you for this clarification.  Over to you… https://t.co/erclOzls1r]]></document>
		<document><![CDATA[@WNCathedral Link says to watch his sermon from Jan. 22.  Should be the 15th.  Kelly's preaching this Sunday (as am I, albeit at the 8am).]]></document>
		<document><![CDATA["It is a 'Gong Show' with no gong in sight."  Richard Cohen, "DJT, the new LBJ" https://t.co/gLe6N9kWcM]]></document>
		<document><![CDATA[So impressed by this rabbi.  To paraphrase Rabbi Heschel after Selma, @womensmarch I will be praying with my feet. https://t.co/2lsaB8Rykk]]></document>
		<document><![CDATA[John’s Gospel of Trump’s Illegitimacy, via @nytimes https://t.co/DnLBucEuNc]]></document>
		<document><![CDATA[Wonderful morning of service at #washingtonhebrewcongregation in… https://t.co/TEWlfbKQHp]]></document>
		<document><![CDATA[To quote American national treasure @repjohnlewis "Keep the faith!" https://t.co/t8jVrK54Qj]]></document>
		<document><![CDATA[I love this story.  As @repjohnlewis wrote in the three volumes of MARCH he signed for my son , "Keep the faith!" https://t.co/OvsVMHgtNE]]></document>
		<document><![CDATA[Honoring American hero @repjohnlewis MLK wknd by reading MARCH Book 3; Preparation for @womensmarch "Keep the faith… https://t.co/UFUYH8Fhy8]]></document>
		<document><![CDATA[Deal me in, marching with my @Wellesley sisters. https://t.co/sSaWLbOgXn]]></document>
		<document><![CDATA[@nytimes I'll be marching wearing my clerical collar and with the @Wellesley group. https://t.co/PYxDg5La0E]]></document>
		<document><![CDATA["Show up.  Dive in.  Stay at it."  #obamafarewell]]></document>
		<document><![CDATA[@petridishes Except POTUS' pocket... he still has a BlackBerry... https://t.co/pEdI8OICHT]]></document>
		<document><![CDATA[@nytimes Brilliant photo... black pawn in a white hand. https://t.co/7EaB90Id1y]]></document>
		<document><![CDATA[Always a privilege to step out in one's clerical best @WNCathedral #lessonsandcarols #ChristmasEve #holiestofnights https://t.co/Q2CQE4AXmp]]></document>
		<document><![CDATA[@petridishes I'll be home in pjs on the 20th, under the covers, conserving energy for @womensmarch No need for a ba… https://t.co/OzQZQWGLvt]]></document>
		<document><![CDATA[I'll be there, marching with my @Wellesley sisters! https://t.co/FVhCHz84xk]]></document>
		<document><![CDATA[@BishGloucester This American of Welsh ancestry and @iamepiscopalian priest from @washdio wishes she could have bee… https://t.co/M28xzVB1ZA]]></document>
		<document><![CDATA[@JanelleMonae My son and I saw @HiddenFigures @MazzaGallerieDC today. Every seat taken @AMCTheatres. Loud applause… https://t.co/y0duVsSMB5]]></document>
		<document><![CDATA[And so it begins... https://t.co/vdqBESFkiq]]></document>
		<document><![CDATA[@Wikiayiyaa And a very happy, healthy and prosperous 2017 to you!  @OliviaPLHilton https://t.co/ySqyPECcGa]]></document>
		<document><![CDATA[We saw @LaLaLand Christmas afternoon and loved it.  Looking forward to going again. https://t.co/xwbv3L4T09]]></document>
		<document><![CDATA[Very powerful piece.  https://t.co/o9e8efE8SZ]]></document>
		<document><![CDATA[I've been to @reagan_airport a thousand times if I've been there… https://t.co/cESqnjfR1W]]></document>
		<document><![CDATA[Sunrise this morning in Cathedral Heights. @ Cathedral Heights https://t.co/fA6fOXloCj]]></document>
		<document><![CDATA[@capitalweather Sunrise in Cathedral Heights 2/2 https://t.co/foAJXGBC50]]></document>
		<document><![CDATA[@capitalweather Sunrise in Cathedral Heights.  1/2 https://t.co/pUMtq4ssnT]]></document>
		<document><![CDATA[On this holiest of nights @wncathedral @ Washington National Cathedral https://t.co/Xy9J8Qw0Ci]]></document>
		<document><![CDATA[And then there were nine (filled lawn bags), thanks to several warm,… https://t.co/XLShwDXoqm]]></document>
		<document><![CDATA[@sopsus You were spectacular in @MetOpera L'Amour de Loin!  @metliveinhdfans https://t.co/f9FRDMGZuK]]></document>
		<document><![CDATA[@nytimes Please tell me this is a joke.  From @DrMayaAngelou and @YoYo_Ma to @Rockettes ?!  Over to you @petridishes https://t.co/UGhre7Uz9d]]></document>
		<document><![CDATA[Please watch this.  Hauntingly beautiful.  https://t.co/UpeawmDkUc via @youtube]]></document>
		<document><![CDATA[aaron_eh The sky's the limit!  puballet @princeton #puballet… https://t.co/qIA9RDuQpN]]></document>
		<document><![CDATA[Luminosity, @wncathedral - style. @ Washington National Cathedral https://t.co/oqkrDOus13]]></document>
		<document><![CDATA[The perfect caption on the gym's message board for this particular… https://t.co/V7BcTyiWTF]]></document>
		<document><![CDATA["I'm not going to be doing deals at all!" says the POTUS-elect.  One doesn't know whether to laugh or to cry.   https://t.co/cUfCNB5M9s]]></document>
		<document><![CDATA["But O that I were young again &amp; held her in my arms" (W.B. Yeats)TheenergyTheenthusiasmThebodiesThehype @Princeton https://t.co/zaUSUa2tle]]></document>
		<document><![CDATA[@KelloggsUS I'm buying more of their Raisin Bran these days.  Principled companies should be encouraged! https://t.co/KXA9E7Fi7j]]></document>
		<document><![CDATA[It is always such an honor and a privilege to preside at the Holy Eucharist. https://t.co/56NmcfA8No]]></document>
		<document><![CDATA[I'll be there ('with bells on') marching with @Wellesley contingent The “Women’s March on Washington,” explained  https://t.co/bisQCBUcJC]]></document>
		<document><![CDATA[@TIME A small glimmer of light... https://t.co/FqTJiXebrL]]></document>
		<document><![CDATA[@nytimes And wasn't the prevention of cyber bullying supposed to be one of the new FLOTUS' projects?  She should st… https://t.co/DwPLjBronp]]></document>
		<document><![CDATA[@WNCathedral Thank you for a beautiful remembrance of #JohnGlenn https://t.co/JdbX2FkhXr]]></document>
		<document><![CDATA[@BishManchester Nike Howe at St. Peter St. Sigfrid's Stockholm is a wonderful priest/been there a decade.  Perhaps… https://t.co/qm7lbAymqZ]]></document>
		<document><![CDATA[Happened upon this house on a cold, rainy day in DC.  Keeping the… https://t.co/Acg0JU5vZl]]></document>
		<document><![CDATA[@Mebudde I drove by on way home from church as this was unfolding Kudos to @DCPoliceDept for directing motorists an… https://t.co/qxNgbmbdq3]]></document>
		<document><![CDATA[Came upon unfolding incident @cometpingpong while driving home from church; thanks @DCPoliceDept for rapid response. https://t.co/HSPQlZboPP]]></document>
		<document><![CDATA[@WQXR You make driving on I95 bearable... Happy birthday! https://t.co/O6B73XfHNK]]></document>
		<document><![CDATA[@petridishes Why are you Russian into these puns so early on a Saturday Morning?  You're Putin so much effort into… https://t.co/oOFcolKEXM]]></document>
		<document><![CDATA[She was "forced by her mother to fly coach to the south of France" Could someone please force me to ✈️ coach to the… https://t.co/kytSwg5DAM]]></document>
		<document><![CDATA[They can run, but they can't hide #deadbeathusbands https://t.co/aLj5XE03X9]]></document>
		<document><![CDATA[Thank you, @KelloggsUS I'll make sure to always buy @KelloggCompany Raisin Bran in the future!   https://t.co/ZxmQsf3pqI]]></document>
		<document><![CDATA[Looking forward to returning to campus Saturday @StAlbans_STA https://t.co/zKF2FYzbb8]]></document>
		<document><![CDATA[Good.  @Delta did the right thing finally.  Delta bans passenger for life after pro-Donald Trump rant on flight https://t.co/iQWtyz919i]]></document>
		<document><![CDATA[@Delta 's apology is just a start.  @Delta needs to do much more before I'll consider flying with them again. @TIME https://t.co/3OM7I01Ylw]]></document>
		<document><![CDATA[Appropriate and soul-restoring to begin the day with Morning Prayer… https://t.co/xARutjz3FX]]></document>
		<document><![CDATA[Glad to hear @TheLocalSweden wasn't involved, but @dagensnyheter explanation strains credulity... @simonwiesenthal https://t.co/Q70OB9SLHk]]></document>
		<document><![CDATA[@simonwiesenthal So disappointed in this publication @TheLocalSweden from a country I was privileged to live &amp; work… https://t.co/7hNNrnOuYA]]></document>
		<document><![CDATA[@simonwiesenthal What would @RaoulWallenberg think... https://t.co/GjlysVl81g]]></document>
		<document><![CDATA[This resonates for those of us who make the District our home long-term.  @NewYorker https://t.co/JdvQs55WKV]]></document>
		<document><![CDATA[@capitalweather Thanks to your spot on forecast, I raked 10 bags of leaves before the arctic winds arrived!  🍂🍁🌫💨 https://t.co/xeiOt8ZmAn]]></document>
		<document><![CDATA[Please tell me that this is a joke. https://t.co/adQZ9cqaCU]]></document>
		<document><![CDATA[@YNPierce Preach it, Sister Yolanda.  I am deeply ashamed that over 50% of my demographic -- white women -- voted f… https://t.co/XqRtsQEUVV]]></document>
	</documents>
</author>