<author lang="en">
	<documents>
		<document><![CDATA[Donald the Menace, via @nytimes Paul is marvelously incisive in this.  https://t.co/bIyCPKYXWK]]></document>
		<document><![CDATA[@greenhousenyt @kneches I wish US mags had the courage to go all in like this - it needs shouting from the rooftops.]]></document>
		<document><![CDATA[@DeepInTheHills @ItsMeCathi Click the link and GIVE!]]></document>
		<document><![CDATA[@BoingBoing Whoa! They ain't playing. LOVE IT!]]></document>
		<document><![CDATA[@KellyannePolls @POTUS @realDonaldTrump Those are Obama's #'s. Mitts off!]]></document>
		<document><![CDATA[@ariherzog No assistance required. Just interested in your tweets. Thanks]]></document>
		<document><![CDATA[@cahulaan Fuck off. Use your own body parts for a challenge. Asshole post.]]></document>
		<document><![CDATA[Did he just say "coloreds"? Without quotes? Like it was a word? https://t.co/FX9XGu8hO4]]></document>
		<document><![CDATA[@AlexBerenson @newtgingrich I was going to check you out after Stevens' endorse, but not after Newt's. Me 'n Newt got no likes in common.]]></document>
		<document><![CDATA[@GingerSpiceCin @thehill @cac_ac22 Need independent counsel not a GOP Senate that is happy w/outcome!]]></document>
		<document><![CDATA[@robdelaney @Craigipedia We're on it.]]></document>
		<document><![CDATA[‘Not the America I know’: George W. Bush’s daughter wants you to remember his speech on Islam https://t.co/mu1woAmqQk]]></document>
		<document><![CDATA[Eli Broad, billionaire philanthropist and charter school backer, urges senators to oppose DeVos https://t.co/XgO391Bx8K]]></document>
		<document><![CDATA[@FluffyMcduff @HeavySan Resd your history- you don't want to fuck with Berkeley. They will rage on your ass.]]></document>
		<document><![CDATA[@joshrogin @StevenMufson @washingtonpost Trump's not deep enough to come up with this stuff. He's truly a puppet.]]></document>
		<document><![CDATA[@ClaraJeffery @Harpers Oh. My. God. I CAN'T TAKE IT!!! I CAN'T TAKE IT!!!! Has there EVER been such a man???]]></document>
		<document><![CDATA[Soon, there will be no safe place for him. https://t.co/sdDsIrWNV1]]></document>
		<document><![CDATA[@mlcreader @politico Agreed. Don't take me too seriously. Just frustrated.]]></document>
		<document><![CDATA[How is this bad news? Don't want to see their lying pie-holes in the first place. https://t.co/4o0cv7y3L0]]></document>
		<document><![CDATA[@MattMurph24 Making it up as he goes. Curious lack of detail on EO timeline. Unless you count the "2 yrs" he's been expecting it!]]></document>
		<document><![CDATA[@owillis I thought the statement was kind of poorly written...]]></document>
		<document><![CDATA[Rep. Price Got Privileged Offer on Biomedical Stock, Company Says https://t.co/fwTbWOugvs]]></document>
		<document><![CDATA[@gnuman1979 @DeannaMc1 Did we ever have a President with such an ass? Prodigious!]]></document>
		<document><![CDATA[@christal_watts @igggie1 @groopspeak He can run, but he can't hide from this job.]]></document>
		<document><![CDATA[@MarcusC22973194 When did he become a radical, apocalyptic Catholic?]]></document>
		<document><![CDATA[@MrDanZak Well, aren't I perspicacious! Will check out your book. Cheers.]]></document>
		<document><![CDATA[@Green_Footballs @Juniper_Rising What fresh hell is this?]]></document>
		<document><![CDATA[@MrDanZak Sure, in scope, depth, heart, insight - it's all there. Carry on with your talent. Will watch.]]></document>
		<document><![CDATA[@digggles @MrDanZak Smile sometime. Dourness is not a sign of intelligence. Done now. Thanks]]></document>
		<document><![CDATA[@MrDanZak @washingtonpost That's some Tom Wolfe-level riffing. Smart.]]></document>
		<document><![CDATA[This is some Tom Wolfe level riffing. Read. https://t.co/0f7DOiCHuy]]></document>
		<document><![CDATA[@digggles @MrDanZak Lighten up - it's a long fight. Think battlefield humor.]]></document>
		<document><![CDATA[@dreambiglivewel @gabino_58 One right all Americans know is freedom of speech.]]></document>
		<document><![CDATA[@jennyalyse @YahooStyle Yeah, she's classy like her Dad.]]></document>
		<document><![CDATA[@joshrogin @DitaKnights @DefenseBaron Don't bullshit a bullshitter, love.]]></document>
		<document><![CDATA[Sunday, tearful, exhausted people emerged from security areas and a federal judge was in headlines across the globe. https://t.co/zC68NAjzFO]]></document>
		<document><![CDATA[WH cites Bannon's Navy exp. as justification for NSC role. What was that experience? Can we find out?]]></document>
		<document><![CDATA[National general strike! National general strike! Please RT - beat the drums for liberty. For Country! To the ramparts!]]></document>
		<document><![CDATA[The ONLY fucking good news in a grim GD day.  https://t.co/YTzJC8XwAX]]></document>
		<document><![CDATA[So now a murderer and intl. pariah is more progressive than Prez &amp; GOP.  https://t.co/7XFBtbh3RB]]></document>
		<document><![CDATA[Trump made the cable news chyron operator a WA power player https://t.co/AN45bgcZK8 via @HuffPostMedia]]></document>
		<document><![CDATA[Get this woman off my retinas! https://t.co/kMXgumD8Ub]]></document>
		<document><![CDATA[@jbarro See above.]]></document>
		<document><![CDATA[@jbarro State why. Random pronouncements are Trumpian.]]></document>
		<document><![CDATA[So they match his political nonce perfectly then. https://t.co/4pykr8f0iU]]></document>
		<document><![CDATA["Shallow" is fathoms too deep to describe his views. https://t.co/bmF6WOw48M]]></document>
		<document><![CDATA[Follow! https://t.co/3YE87Mlmhg]]></document>
		<document><![CDATA[@bigsalt6 @KizzyMCID Makes me incredibly sad. what is happening to my country?]]></document>
		<document><![CDATA[@Amy_Siskind @TheDailyEdge None of them do...ship of fools.]]></document>
		<document><![CDATA[@jestei I'm right behind you!]]></document>
		<document><![CDATA[@AP Pictures please!]]></document>
		<document><![CDATA[@SoleePatriot @dougmillsnyt @erinscafe Today's drugs can calm you down while still letting you function.]]></document>
		<document><![CDATA[@Letsrig @dougmillsnyt @Greenpeace The banner IS democracy.]]></document>
		<document><![CDATA[@marikatogo @LindaKe18525 Can we fund its permanent placement?]]></document>
		<document><![CDATA[@marikatogo @LindaKe18525 Greenpeace go hard! xx]]></document>
		<document><![CDATA[@dougmillsnyt @erinscafe @Greenpeace Genius product placement. Do we need to fund that crane? I want it permanently.]]></document>
		<document><![CDATA[@owillis @FrankBruni Fuck him. No nice-making. This is war. Pull up your shorts!]]></document>
		<document><![CDATA[@TeaPainUSA @judesterworld At this rate, I'm sure he will in 2020.]]></document>
		<document><![CDATA[@DanteAtkins Thus began the 21st C.'s "1984."]]></document>
		<document><![CDATA[@Brasilmagic @GQMagazine Well that's just excellent.]]></document>
		<document><![CDATA[@yashar @gtorres25 @jaketapper Keep digging, Great Leader! It only helps the Resistance when the cra-cra shows.]]></document>
		<document><![CDATA[What Trump said when he signed nomination papers for Betsy DeVos. https://t.co/iCqpS6rSVw]]></document>
		<document><![CDATA[@TheRiverWanders @Pappiness People will die if it doesn't warm up. We know they won't retreat.]]></document>
		<document><![CDATA[@mattdpearce Over my head, I'm afraid. Speak plain.]]></document>
		<document><![CDATA[@Emma_Dumain @LindseyGrahamSC Really, Lindsay? Walk your talk, dude.]]></document>
		<document><![CDATA[@chrislhayes Hate this trope. Reflect on wisdom, not deficit. Age rules!]]></document>
		<document><![CDATA[@RichardBSpencer Stop the victimhood. That only works when you are sympathetic. You are not.]]></document>
		<document><![CDATA[@richardhine That may be the grossest thing I've ever seen...]]></document>
		<document><![CDATA[@pattonoswalt @Trumpnado2016 Which happily falls on a Saturday, Saturday!!]]></document>
		<document><![CDATA[@realDonaldTrump People died in Mississippi storms yesterday...]]></document>
		<document><![CDATA[This is going to drive him crazy. He can't take pressure and is a fundamentally weak character.  https://t.co/Kt35XXKkE1]]></document>
		<document><![CDATA[To those unhappy w/backlash, Congresmn shouted Liar at St of U. We're not close to that level "disrespect" https://t.co/l7OtR7EBPk]]></document>
		<document><![CDATA[Dear MS - I'm sure the new Prez is sorry for your storm deaths/damage. Sad he has no time for you now.#electionsover]]></document>
		<document><![CDATA[@NatlParkService Free the NPS!]]></document>
		<document><![CDATA[@VanJones68 With respect, Mama Bear rhetoric was patronizing. Rethink and update your rap.]]></document>
		<document><![CDATA[@WesSmith123 This!]]></document>
		<document><![CDATA[The podium, the suit, and the job are all too big for him. https://t.co/6CWNKPowqm]]></document>
		<document><![CDATA[@BraddJaffy @Tina49747372 I think they're gaslighting him. Getting him nice and warm for a take down.]]></document>
		<document><![CDATA[@stormtrees @bugg_ray @WhiteHouse @Twitter @POTUS @FLOTUS @VP Me too. I blocked.]]></document>
		<document><![CDATA[@Jack2John @expatina @Twitter @realDonaldTrump @PressSec @mike_pence @bisbup I was forced too. So I blocked POTUS!]]></document>
		<document><![CDATA[https://t.co/eT5cGWHUTS is down and link to report a problem can't be found.]]></document>
		<document><![CDATA[@JoyAnnReid @MWJ1231 There's apparently no reward for being trump's African American. Sad.]]></document>
		<document><![CDATA[@KaraCalavera I heart you, Kara. Keep speaking the truth. We're all behind you.]]></document>
		<document><![CDATA[This. https://t.co/q2tb2NZPQH]]></document>
		<document><![CDATA[@VanityFair Somehow I can't muster much interest. We're all gonna die soon anyway. Is it Friday yet?]]></document>
		<document><![CDATA[@jaynordlinger Wrong - BBC gals aren't gussied up - buncha plain Janes getting the job done. You just have USA myopia.]]></document>
		<document><![CDATA[@washingtonpost @KaylinWinters2 Those fuckers at Fox need to fuck off!]]></document>
		<document><![CDATA[@DineshDSouza Why should I listen to a felon?]]></document>
		<document><![CDATA[Ex-MI6 agent's frustration as FBI sat on Trump file for months https://t.co/Vi9fiqPSks]]></document>
		<document><![CDATA[@evaholland @summerbrennan Wonder what they are concerned about? Live by the sword....]]></document>
		<document><![CDATA[UK's former Moscow ambassador in spotlight over Trump dossier https://t.co/V7WTylQIho]]></document>
		<document><![CDATA[Commanding general of D.C. National Guard to be removed from post https://t.co/6HKPLDVdTB]]></document>
		<document><![CDATA[Tillerson doesn’t seem to realize speaking up for human rights is part of the job - The Washington Post https://t.co/sMQK8I4u7W]]></document>
		<document><![CDATA[The British are coming, the British are coming! https://t.co/Ogb3XLTElD]]></document>
		<document><![CDATA[Jesus fucking Christ - read this. Read it all.  https://t.co/zJqmnE6FDH via @telegraphnews]]></document>
		<document><![CDATA[My authenticity has been SANCTIFIED, motherfuckers! https://t.co/R1BqfVFd2N via @qz]]></document>
		<document><![CDATA[@BrendanNyhan Bring on the ole deus ex machina!]]></document>
		<document><![CDATA[@edatpost That's one word for it...]]></document>
		<document><![CDATA[Putting the service in "public service". https://t.co/TMSfuqYJWv]]></document>
		<document><![CDATA[@smoothkobra Yeah, too bad that sentence got cut off...]]></document>
	</documents>
</author>