<author lang="en">
	<documents>
		<document><![CDATA[Kill them period. Nomore bullshit nomore slaps on the wrist riotand die https://t.co/VVYUbQaMfT]]></document>
		<document><![CDATA[Ban all islamics from here https://t.co/ecKOseozwf]]></document>
		<document><![CDATA[You didnt sboot them chickenshit? https://t.co/Nadyv69duH]]></document>
		<document><![CDATA[Ok im openly calling for killing any of these protestors from here on out https://t.co/iltYITJpbl]]></document>
		<document><![CDATA[Or that when weve had enough that we'll shoot to kill https://t.co/38X7qDw7sn]]></document>
		<document><![CDATA[Nuke them and #NUKEMECCA &amp;as many other islamics as possible https://t.co/4QDdaR5ltN]]></document>
		<document><![CDATA[Well.lets start killing these thorns in our side bastards ,muslims and crooked.politicians https://t.co/Dy4nPoT4qc]]></document>
		<document><![CDATA[Horilla barry boy loretta your asses must be drawn up tight as a tadpoles pussy.. Big Mike you too . Prison ,is cal… https://t.co/5IzoKanbfW]]></document>
		<document><![CDATA[Yeah liberals and muslkms we need to kill all of them https://t.co/4XekbO4FIv]]></document>
		<document><![CDATA[Lord God please someone do something about these slow ass truckers on the interstates]]></document>
		<document><![CDATA[#MAKEITABAN I wish you would or just declare war on islam#DECLAREWARONISLAM https://t.co/8Pe0hqsGNI]]></document>
		<document><![CDATA[Tell you what lets just go on and kill all muslims today https://t.co/gxlBb0gtYX]]></document>
		<document><![CDATA[Hello the bastard was out campaigning for /with the slut when he should have been protecting us.SHE DONT IT https://t.co/7PlYVSdpWG]]></document>
		<document><![CDATA[The black sumbitchb needs to skt dowm and shut his saucer lipped mouth. We as in millions and millions hate his ass… https://t.co/H8CUnAzO00]]></document>
		<document><![CDATA[Kill the bageyed  son of a.bitch or freeze assets a d arrest him https://t.co/YX0riXX092]]></document>
		<document><![CDATA[Goodbye Amazon your not to big to fall . Have a hard landing https://t.co/KccSSvn6gW]]></document>
		<document><![CDATA[One shot one dead soros bageyed bastard https://t.co/6dXqJJdMQY]]></document>
		<document><![CDATA[Clintons obamas lynch yall are had asses https://t.co/51vdrVvDv0]]></document>
		<document><![CDATA[@HillaryClinton cunt nobody cares what you think.we think ur fatass in prison soon]]></document>
		<document><![CDATA[Whore noone gives a fuck about your thoughts . Ours are your ass in jail wonderful thoughts. You should die soon so… https://t.co/CyJkaf4XYw]]></document>
		<document><![CDATA[Im telling you lets shoot these liberal democrat has beens and enjoy a short civik war https://t.co/zw72iPrI38]]></document>
		<document><![CDATA[Sjnce liberals think refugees have a right to come and take away jobs ,health benefits...lets bust in their doors and take their shit]]></document>
		<document><![CDATA[Obama needs to go back to the hood he come from. Maybe those he fucked over in Chicago will kill him next https://t.co/yv6KcREUAj]]></document>
		<document><![CDATA[I will NEVER sign up for this bullshit https://t.co/QKbx7jMykv]]></document>
		<document><![CDATA[Its your ass now https://t.co/Mab8B0pfe6]]></document>
		<document><![CDATA[Sad to see this nation fucked up  by retards and islam. Lets get the war on the road now. Noway around it lets get it on]]></document>
		<document><![CDATA[I want a civil war e im sick of you left wing crybaby terrorist loving.non american bitches . Fuck talking lets get to shooting one another]]></document>
		<document><![CDATA[He can go to hell he aint in office and he is a musli. That needs to be exterminated https://t.co/9Bj2FHojsx]]></document>
		<document><![CDATA[Can we fire like at Lexington Green now]]></document>
		<document><![CDATA[Louder than anything we've tried with them. Keep on fucktards we are loading up and getting in position to wipe u out]]></document>
		<document><![CDATA[Folks.brace yourselves cuz this country is bout to explode into civilwar. The fuckin Left punks r 2 dumb to quit.so guns speak]]></document>
		<document><![CDATA[If they dont repeal it quit paying for the shit. I refuse to sign up for the bullshit Fuck em in their necks not fo… https://t.co/YKz9f8HVKz]]></document>
		<document><![CDATA[Bullshit keepnthe fags out of the scout's https://t.co/EN5l8qwhhK]]></document>
		<document><![CDATA[Thats insubordination he should fire her ass https://t.co/oQCck6jbvZ]]></document>
		<document><![CDATA[Lock the cocksucker up https://t.co/IJTeMtbNTT]]></document>
		<document><![CDATA[Well when ya wanna get this show on the road ? We are giing to have one short ass war.12% of 315,000,000 https://t.co/iYVbcUY5ZF]]></document>
		<document><![CDATA[Fuck this bullshit lets get on with the civil war the left THINKS THEY WANT https://t.co/KzobWuw3wj]]></document>
		<document><![CDATA[Go to hell https://t.co/QgWx1BLpGb]]></document>
		<document><![CDATA[Fuck the ragheads get the hell out of OUR COUNTRY. WE WILL END YOU ALL https://t.co/Eo5mOkqHZH]]></document>
		<document><![CDATA[I love Maxwell House Masterblend and would prefer Sanka over #BOYCOTTSTARBUCKS anytime https://t.co/O8LAKUKmEx]]></document>
		<document><![CDATA[Well quit letting the sumbitches into your backyard https://t.co/MfH8ecI24M]]></document>
		<document><![CDATA[@NetworksManager @Jim65783 @moonraker691 @sjh2222 @grlanders61 thats the bomb making area and arsenal]]></document>
		<document><![CDATA[Yeah boh fuckin libtards slather up the sunscreen going to need it soon. Dumbass bitches https://t.co/OUMIPtsAw3]]></document>
		<document><![CDATA[Ok libs get ready soon a fuckin nuke will be delivered to your front doors thanks assholes https://t.co/uYbRjjeYSZ]]></document>
		<document><![CDATA[Burn it and all mosques down https://t.co/7zjQGGgrko]]></document>
		<document><![CDATA[They can keep the bastards too. Your PM is a panseh ass sissy punk motherfucker Canada . You should demand his ass… https://t.co/f1b0zTfyEM]]></document>
		<document><![CDATA[Damn right he's chicken shit https://t.co/Wg0KM9oj30]]></document>
		<document><![CDATA[If you dont like President Trump &amp; what he is doing by all means pack your shit &amp;go. The ones with the guns are sick of ya fuckin crying]]></document>
		<document><![CDATA[@YoungDems4Trump someone with balls whoop this  bitches ass til his asshole whistles the Star Spangled Banner]]></document>
		<document><![CDATA[Im seriously for killing these fuckers .tired of the bullshit get right or get got https://t.co/SjT3yViHn5]]></document>
		<document><![CDATA[Yep Big Mike is a cunt of a different cut. He is a real bitches bitch https://t.co/YKkHjUSh6y]]></document>
		<document><![CDATA[Whoop theyre asses https://t.co/4n1Khx1zsk]]></document>
		<document><![CDATA[Yeah with what money and in what country it won't be dollars or in the U.S.A. we will now tend ro breaking ur asses… https://t.co/F2ykgMZBBh]]></document>
		<document><![CDATA[Hell let islamics see it first hand #NUKEMECCA https://t.co/a2PeQ3JdQD]]></document>
		<document><![CDATA[@YoungDems4Trump beat this bastard til God dont recognize him]]></document>
		<document><![CDATA[@YoungDems4Trump if anyone knows this bastard whoop his ass unmercifully til he shits himself then whoop him for shitting himself]]></document>
		<document><![CDATA[@terrymendozer we need to form army of outlaws to go to dearborn and fuck these muslims up like never thought of]]></document>
		<document><![CDATA[Kill the baggy eyed traitor×2. He made hus wealth off causing economic disasters or selling out his own people. Kil… https://t.co/nH02RZk8Oa]]></document>
		<document><![CDATA[Sunday times needs to be boycotted https://t.co/0NyoYGkXeh]]></document>
		<document><![CDATA[She should be shot in the head herself https://t.co/0NyoYGkXeh]]></document>
		<document><![CDATA[Texans have turned yellow and completely weak to allow this bullshit . And how are muslims getting into airport. We… https://t.co/MbA34Jlgaw]]></document>
		<document><![CDATA[These people.need to be deported all of them https://t.co/hstX4TbdeS]]></document>
		<document><![CDATA[All need to be locked up for causing mayhem in an airport. To destracting for safety https://t.co/baixWCM94d]]></document>
		<document><![CDATA[Fuck the judge deport in double time https://t.co/Cas31wDcuy]]></document>
		<document><![CDATA[When accused of it do it ban all muslims theyre about to become extinct anyway https://t.co/JXjFV88ayo]]></document>
		<document><![CDATA[Load em up move em out rawhide...get the sumbitches out or kill them along with theit dear Liberal friends here https://t.co/QCriw2KhPc]]></document>
		<document><![CDATA[Im completely fed up with these shits. I have no problem with killing them since they have no problems with terrori… https://t.co/L93JrlkSyV]]></document>
		<document><![CDATA[Kill geoerge soros hes a bageyed liece of shit. His father was a traitor to Jews and he is a traitor to us as well https://t.co/Sb3jHos6TV]]></document>
		<document><![CDATA[Let California be its own country.nothimg could be better just more wall to build all theway up and back across Canada. Fuck Cali &amp;Canada]]></document>
		<document><![CDATA[Horilla really you need to to fade away before you burnout. You are STILL VERY MUCH HATED BY MILLIONS THAT EXERCISE… https://t.co/6ET0CbEwci]]></document>
		<document><![CDATA[He aint an American &amp;  what about the $212 million he tried to give them why aint he in jail yet https://t.co/NbzdAaN6cI]]></document>
		<document><![CDATA[Bhrn all.mosques down #NUKEMECCA https://t.co/yWDXBXG2vp]]></document>
		<document><![CDATA[Kill all.islamics . #NUKEMECCA https://t.co/vX18U69QlH]]></document>
		<document><![CDATA[Tbey need to plan on moving or meeting Jesus. The latter is guarnteed if the first option is ignored https://t.co/ddCXlLT90N]]></document>
		<document><![CDATA[You are a dumbass and a pussy https://t.co/axTUOcRYEv]]></document>
		<document><![CDATA[FUCK IRAN AND FUCK ISLAM DEATH TO ISLAM DEATH TO ISLAM DEATH TO IRAN https://t.co/c7DXMECTIJ]]></document>
		<document><![CDATA[So can we start the killing of islamics now https://t.co/qcYYm5Cwuc]]></document>
		<document><![CDATA[She should be terminated and deported https://t.co/0KeySlL9zp]]></document>
		<document><![CDATA[End facebook https://t.co/ut7i50bN7M]]></document>
		<document><![CDATA[They're ILLEGAL NOT UNDOCUMENTED GET IT RIGHT https://t.co/Ewr6g17ZLO DEAD https://t.co/qbQHiCs8ax]]></document>
		<document><![CDATA[Good start to a growing list and from temporary to permanent until Islam is nomore i pray https://t.co/PybqPJVAd1]]></document>
		<document><![CDATA[Into your home with no info about them at all .no questions asked no documentation just take em home to live with y… https://t.co/5zYkvfvXeE]]></document>
		<document><![CDATA[Look cunt if there's tears in Lady Liberty's eyes its from the gross dumbassity of pukes like you .accept the next1… https://t.co/dODPL3KLQs]]></document>
		<document><![CDATA[We them down real good and theyll leave https://t.co/1yjMLtQAXA]]></document>
		<document><![CDATA[I love it .Thank you President Trump. Move along nithing to see here folks https://t.co/6ttgCsBXZ3]]></document>
		<document><![CDATA[Lock her nasty ass up https://t.co/Paok5K7mgA]]></document>
		<document><![CDATA[Boycott Facebook]]></document>
		<document><![CDATA[HELL YEAH https://t.co/9744XdvdVM]]></document>
		<document><![CDATA[Cair can go to hell we are just getting started no mosque will stand or islamic live in America within 3 months https://t.co/0pVbjRxZKS]]></document>
		<document><![CDATA[Where does tbis sumbitch live i will be glad to put an ass.whoopin on the bastard https://t.co/2aOkoAv1JQ]]></document>
		<document><![CDATA[They need  to stay home and fight their wars on their soil  not bring it here for us to fight them. Stay home. Not… https://t.co/dIHki9zxml]]></document>
		<document><![CDATA[Tough shit yall should've not let them get this populated. Handle your problems. We dont owe yall shit https://t.co/KWbG7buSSK]]></document>
		<document><![CDATA[Islam is about to be wiped away like the last presidents legacy https://t.co/d4CLLSww2Q]]></document>
		<document><![CDATA[It is an attack on islam dumbass. Exactly what the world needs to do attack islam and kill them all https://t.co/d4CLLSww2Q]]></document>
		<document><![CDATA[Go pick hp the 50 parolees from Rykers and take them home no questions asked no info given to hou just pick up &amp; go… https://t.co/wRZGE6dT1P]]></document>
		<document><![CDATA[Yes we do you're next https://t.co/pqI3arAfQB]]></document>
		<document><![CDATA[All who want refugees coming here . With no questions asked take next 5-10 parolees home to live with you. Now.u see the prblm]]></document>
		<document><![CDATA[I think @POTUS should #TearUpTheIranDeal!
https://t.co/Ee99lH8dfY]]></document>
		<document><![CDATA[Fuck CAIR  raghead muslims need a bullet in the head https://t.co/kts6JQ1aOS]]></document>
		<document><![CDATA[So #NUKEMECCA &amp;rid the world of these organized murdering sumbitches. Be a heroe the globe over please it's common… https://t.co/PnhB2jNTp4]]></document>
	</documents>
</author>