<author lang="en">
	<documents>
		<document><![CDATA[@ginaameow Can you read this and still love them? They're fucking douchebags dude https://t.co/OcjUCgCr4D]]></document>
		<document><![CDATA[@ginaameow Just to help inform your music tastes a lil' bit... ;) https://t.co/akETtr1paV]]></document>
		<document><![CDATA[Catchin up on my #Buckeyes #Select17 recruits. @Jkdobbins22 is unreal...Bringin dat Cadillac back to tOSU! #1strong https://t.co/eEi2Yn7TZD]]></document>
		<document><![CDATA[@SoManyWays2Joey exactly what we were talking abt last night https://t.co/wiFcKQxYLk]]></document>
		<document><![CDATA[@TheJeffOkudah Don't play w my emotions man!!! #GoBucks ⭕️🙌]]></document>
		<document><![CDATA[Important piece frm @huffpostgreen. Photos showing how America looked before the @EPA https://t.co/tYuh7m5wtG via @HuffPostGreen]]></document>
		<document><![CDATA[@MrsHowison I knew you'd like this!!! I thought of you when I read it]]></document>
		<document><![CDATA[@BadlandsNPS Please keep the @realDonaldTrump subtweets coming...]]></document>
		<document><![CDATA[#ClimateChangeIsReal. Taking down a website wont change that fact. We need to protect science &amp; knowledge. Plz visit https://t.co/AbDQB0BccO]]></document>
		<document><![CDATA[@kenclarkforaz @AZHouseDems I'm hopeful as well! Thank you for representing Arizonans' interests! Great to see]]></document>
		<document><![CDATA[@mightybattlecat @katiehobbs @SoManyWays2Joey @MrsHowison This is great]]></document>
		<document><![CDATA[@kenclarkforaz @AZHouseDems Great reforms in this! Let's get it pushed through! What can I do to help?]]></document>
		<document><![CDATA[@danpfeiffer @SoManyWays2Joey @MrsHowison Basically sums it up...]]></document>
		<document><![CDATA[A fav frm @mynameisGRiZ. Very appropriate for today. Stand strong all, we have a long 4 yrs ahead #NoKXL #NoDAPL https://t.co/IIRW8Ck4xe]]></document>
		<document><![CDATA[Intense but powerful project. Ridiculous to see people disrespect Holocaust memorials like this. https://t.co/1hATn2FFdd]]></document>
		<document><![CDATA[Not gonna lie, super proud of whoever is running @NatlParkService Twitter today. Their retweets are gold! #NPS100 #morelikeNPSkeepinit100]]></document>
		<document><![CDATA[Dear @NASAClimate,

I would love to know how much longer Americans can expect you to stay operational. We are all very worried for you...]]></document>
		<document><![CDATA[@candiemcmullen @AP_Magazine Sedona is an amazing place, esp for photography. I'd highly recommend it!]]></document>
		<document><![CDATA[.@BarackObama is one of my heroes. His intelligence &amp; class is inspiring. Will dearly miss him as my @POTUS. Thank you for your service sir.]]></document>
		<document><![CDATA[Such an awesome shot! Makes me miss Iceland...need to plan a return trip ASAP! https://t.co/7qHmGPXp4Q]]></document>
		<document><![CDATA[My fav image frm 2016! Astro photography fun in #Sedona #Arizona. Needs a bit of cleanup in post, but had a blast s… https://t.co/KQDGDCU5Xn]]></document>
		<document><![CDATA[@seanparkerphoto @3DRobotics Amazing shot! Love the perspective]]></document>
		<document><![CDATA[@S_K_Shackleton Haha, meant to be "favorite," not so much famous...But def a fun place to shoot!]]></document>
		<document><![CDATA[A great, unique image at one of my famous places to shoot! 👏👌 https://t.co/gemMYXTGMa]]></document>
		<document><![CDATA[Everyone @ TTUN just started cryin, theyre takin another L next yr! Time to go 4-0 in The Game, win B10, &amp; get back… https://t.co/gOtDrjGBMr]]></document>
		<document><![CDATA[Cool list frm @NatGeoTravel on 10 places that deserve more travelers. Never considered these places, but will now! https://t.co/ESlIdOJ3Wi]]></document>
		<document><![CDATA[@TEDTalks @MrsHowison interesting info on how often to take vacays!]]></document>
		<document><![CDATA[The only way to drown out this horrific @OhioStAthletics loss is a huge, heaping serving of Mac n' chz... 😭☹️😔]]></document>
		<document><![CDATA[@ginaameow @OhioStateFB @Fiesta_Bowl Where will you beeee???? Are you going to the tailgate?!]]></document>
		<document><![CDATA[Couldnt sleep all night. All I could do was think abt seeing my Buckeyes in the #CFBPlayoff today!!! Hoping for a v… https://t.co/KsIhaci3IB]]></document>
		<document><![CDATA[@ChrisReigle 2 things: 1. Maybe u shld stop getting on Twitter whilst drunk? &amp; 2. GO FUCKIN BUCKS BABY!!!! #effClemson #GoBucks 😁💪😎👌💩]]></document>
		<document><![CDATA[Great tips for taking/presenting #travel photos. Full agree w all of these! #noboringphotos #photography https://t.co/JdOJPrAgmr]]></document>
		<document><![CDATA[Such a cool list! Time to start planning...50 Best Places to Travel in 2017 https://t.co/JCVFOqFuWg via @TravelLeisure]]></document>
		<document><![CDATA[@republicEn Of course! Your efforts are so important/needed more now than ever. I look forward to your leadership over the next 4 yrs]]></document>
		<document><![CDATA[Awesome @GlobalDegree vid on benefits of #travel. Nothing feeds the soul more. Some inspiration going into 2017! https://t.co/6bPt6WAjqb]]></document>
		<document><![CDATA[As a #Buckeye fan in Scottsdale, Id like 2 invite all @11W &amp; @Landgrant33 writers in town to join me 4 beers &amp; talk Buckeye fball. My treat!]]></document>
		<document><![CDATA[Travel to USA, Australia, Italy or China w TourRadar &amp; Topdeck! Im tryin for Italy! Woo! #LifeIsAJourney #gotouring https://t.co/BoXNJ1Wd8H]]></document>
		<document><![CDATA[59 degrees and rainy is about as white a #Christmas as we can expect here in #Phoenix...not too into it]]></document>
		<document><![CDATA[Jammin to @ZHUmusic @lifeisbeautiful set. 15mins in &amp; all I can say is...WOW. Cant wait for this at @PHXLightsFest ! https://t.co/Gk5SRhjbSr]]></document>
		<document><![CDATA[Ready to get our #Christmas on w @MrsHowison &amp; watch what is inarguably the best holiday movie of all time - ELF! 🎄… https://t.co/FzfYx7eNYF]]></document>
		<document><![CDATA[Y'all need to get on this robe life. @OriginalPenguin doin' it right! So soft &amp; comfy... #robeselfie #earlyxmas… https://t.co/AiInieSv17]]></document>
		<document><![CDATA[Loving these shots in SI's 100 Best Photos of 2016 #GoBucks https://t.co/m365qU5mxh via @SInow]]></document>
		<document><![CDATA[I cannot say enough about how hilarious this IG account is...@kirbyjenner is my new hero. Photoshop talent on fleek! https://t.co/9O2YWRcay7]]></document>
		<document><![CDATA[Cool article abt #Arizona's #wine scene! Been diggin AZ wine for a bit, it's def on the verge of blowin up!   👌🏜🍷😎https://t.co/9FhS1iWVem]]></document>
		<document><![CDATA[@MrsHowison @EzekielElliott Me effing too! Dude is one of the best Buckeyes to have come thro the program fa sho]]></document>
		<document><![CDATA[Travel to USA, Australia, Italy or China with TourRadar and Topdeck! #LifeIsAJourney #gotouring https://t.co/qMMouqZso4]]></document>
		<document><![CDATA[Another classic shot I wanted to get while in London earlier this year. I love this iconic scene… https://t.co/79vbpXwOU6]]></document>
		<document><![CDATA[I am convinced that wrapping presents is something that men are not meant to do. It is a puzzle our brains cannot solve. 😖😨😭]]></document>
		<document><![CDATA[@CraigSagerJr Your father was an amazing man. Truly an inspiration. Condolences to you and your family. We're all #SagerStrong today]]></document>
		<document><![CDATA[Such a sad day. Mr. Sager was truly an inspiration. The NBA world, and the world as a whole, is a lot less colorful… https://t.co/R5KiTaYAHO]]></document>
		<document><![CDATA[How many COY awards is this for @CoachMikeMac? Congrats sir! All well-deserved! Proud to b a Buff! #GoBuffs… https://t.co/qHtSzDUuwY]]></document>
		<document><![CDATA[@SoManyWays2Joey @CoachJimLeavitt Effin sucks bro. Happy for him. But shit hurts]]></document>
		<document><![CDATA[Love this frm @theatonphoto! Shooting a volcano, he handles the tourists (politely) &amp; provides a great tutorial! https://t.co/lBu8L02D7d]]></document>
		<document><![CDATA[Amazing article frm @citiesatdawn on @digitalps re how to see &amp; photograph light. Love his work, always inspiring! https://t.co/ap8YiFdUvF]]></document>
		<document><![CDATA[Some awesome shots in the 2016 National Geographic Nature Photographer of the Year awards https://t.co/buFvTuBEfQ via @natgeophotos]]></document>
		<document><![CDATA[There are several bridges in London that are picture-worthy, but none more so than the iconic… https://t.co/NbCm3KmL9X]]></document>
		<document><![CDATA[Honored for the feature on the @ResourceTravel IG page! Huge thx for the support! Check them out for great #travel… https://t.co/XlEKlpbgAc]]></document>
		<document><![CDATA[One of my favorite parts of exploring Burgundy wine country in France was seeing the history… https://t.co/Fh8RO1t0o1]]></document>
		<document><![CDATA[This is pretty cool!!! My image Sedona at Night has received special recognition frm @viewbug #humblebrag https://t.co/VCgGxOD5Av]]></document>
		<document><![CDATA[AZ being cold af past few wks is one more reason why Im over 2016. Should be in the 70s/80s right now! Can 2016 be done plz? Over it... ✌️️]]></document>
		<document><![CDATA[Great shot of downtown #Phoenix! Cant beat a a beautiful Xmas tree against a gorgeous desert sunset! 😍🎄🏜 https://t.co/jujCFg2yp5]]></document>
		<document><![CDATA[Bavaria, Germany is filled with beauty. Schwangau is exceptionally gorgeous, nestled in the… https://t.co/R7h5DZiy2c]]></document>
		<document><![CDATA[I  joined the Your Point Of View Photo Contest on ViewBug. https://t.co/7KtRcfc1pj #photography]]></document>
		<document><![CDATA[Travel to Colombia, Peru or Latin America with TourRadar and Tucan Travel! #HolaSouthAmerica #gotouring https://t.co/gjNXPri7an]]></document>
		<document><![CDATA[The Eiffel Tower at night is one of my favorite things to shoot. While the beauty of the tower… https://t.co/GslPHM0605]]></document>
		<document><![CDATA[So proud of my alma mater &amp; these amazing players/coaching staff! Now on to the @PAC12 Championship baby! #GoBuffs… https://t.co/8gq92Uk6gV]]></document>
		<document><![CDATA[I voted #MICHvsOSU as the top rivalry! Which rivalry did you vote for in the @CFAPeachBowl rival poll? #CFAPeachBowl https://t.co/jFC0QDw4MJ]]></document>
		<document><![CDATA[Nothing abt #MICHvsOSU made sense. Best game Ive seen in my life. Immensely proud of @OhioStFootball. Legit cried after this game. #GoBucks]]></document>
		<document><![CDATA[LETS GO BUCKS!!! One of the biggest matchups for The Game in recent memory. Lets make history @OhioStFootball #GoBucks #MuckFichigan]]></document>
		<document><![CDATA[Less than 12 hrs til I wake up to watch @CollegeGameDay in Colu❌bus for The Ga❌e!!!! Color ❌e EXCITED #GoBucks… https://t.co/r4g3gkoL4M]]></document>
		<document><![CDATA[Dolce, @MrsHowison, &amp; I are ready for Christmas season! Ive officially decided ur never too old for a onesie ☃️🎄 https://t.co/RsSnaPI1KT]]></document>
		<document><![CDATA[@SoManyWays2Joey @ringer I don't even know you anymore]]></document>
		<document><![CDATA[@ringer @SoManyWays2Joey Thx for sending this to me dick! Make me creep 2 wks into ur twitter feed to find this?! Were officially fighting 🖕]]></document>
		<document><![CDATA[@SoManyWays2Joey they did this on Friends...reeaalll original #youwishyouwerethatJoey]]></document>
		<document><![CDATA[@SoManyWays2Joey best asset you have... 😂#burnedyabro #personalworthburn #happythanksgivingbcimissedit #imsorryabouthat #forreal #missyou]]></document>
		<document><![CDATA[@11W Would love to kno thoughts on Akers changing plans abt visiting for The Game. R things trending towards Ol Miss now? Wld b a bummer!]]></document>
		<document><![CDATA[Only in #Arizona does a restaurant have heat lamps going on a patio when it's 77 degrees outside... 😂]]></document>
		<document><![CDATA[Feeling #grateful for @BorrowLenses photo &amp; video rentals! I 🙏 to win their #thanksgiving $250 rental giveaway! https://t.co/TQY9MWH4jf]]></document>
		<document><![CDATA[I'm thankful to be able to travel the world and share these experiences with my amazing wife,… https://t.co/p1j55mCT5S]]></document>
		<document><![CDATA[Cant wait to root on @cubuffs for the biggest game of the yr! #GoBuffs #TheRise #proudalum https://t.co/pPsgnuuDYA]]></document>
		<document><![CDATA[A shot from the archives, one of the most gorgeous sunsets we saw in Venice during our trip in… https://t.co/GQTtg9Blfn]]></document>
		<document><![CDATA[@davidjoe1301 @NBA @vine Pick this fool up!]]></document>
		<document><![CDATA[Awesome #Europe #travel #contest sponsored by @tens! We all can use a vacation these days, so win a bad ass one! https://t.co/nCOtbnXsB2]]></document>
		<document><![CDATA[Awesome list of 21 places every photographer should visit frm @viewbug. @mrshowison lets start planning! https://t.co/0ZY036rSKo]]></document>
		<document><![CDATA[@downtownphoenix @MrsHowison we should go!]]></document>
		<document><![CDATA[Heck yeah! Win a Sony full-frame mirrorless from https://t.co/UPsB1UDD3Q! https://t.co/Mu06zzsi5h from @LensRentals]]></document>
		<document><![CDATA[Some catharsis 2night frm @LastWeekTonight &amp; @nbcsnl. Very scary time in the US. Going to need this kind of comfort a lot the next 4 yrs...]]></document>
		<document><![CDATA[Idc what Trump/Pence do, theyll NEVER come CLOSE to the bromance @POTUS &amp; @VP have... #MakeAmericaBrosAgain 🇺🇸✊https://t.co/AE4GK7xXRw]]></document>
		<document><![CDATA[@MrsHowison @DenverBeerCo I got you, boo! Stoked on my case of Graham Cracker Porter too! 😍🍻]]></document>
		<document><![CDATA[After the past couple of days, I think we all need to see something beautiful. The sun breaking… https://t.co/c9aZGiHCcO]]></document>
		<document><![CDATA[This says literally everything. Just cannot comprehend how much my country betrayed me, and all future generations,… https://t.co/4ujlf6otmI]]></document>
		<document><![CDATA[Ive been obsessed w travel for awhile now. Save to say after this #ElectionNight Im going to take that interest to a whole new level.]]></document>
		<document><![CDATA[Wouldn't mind a free trip back to CO to see all my peeps! Everyone else enter too! #freetripsferdayz https://t.co/k8cB32Jzhc]]></document>
		<document><![CDATA[Entered 2 win trip to Nepal w @TourRadar &amp; World Expeditions! Wld love 2 c Everest Base Camp! #ILoveNepal #gotouring https://t.co/DKPZEHMzU9]]></document>
		<document><![CDATA[Great points frm @BadAstronomer. Get out and vote tomorrow! #ImWithHer https://t.co/TvyxH166yM]]></document>
		<document><![CDATA[Beautiful views, 60+ degree day, &amp; a Black Out @cubuffs night game?! God its good to be back in Boulder! #GoBuffs #TheRise #ProudAlum]]></document>
		<document><![CDATA[@ChrisReigle Love that show, bro!]]></document>
		<document><![CDATA[Done with baseball for a long, long time (unless the Indians are in the playoffs again next yr). Good yr, @Indians. Rough series ☹️️]]></document>
		<document><![CDATA[Dear @TheRealJRSmith,

Plz do not wear ur shirt until this game is over. Thx bro! 👊

#MiraCLE #RallyTogether #WorldSeries]]></document>
		<document><![CDATA[HEART. PALPS. 😱😭 #stress #worldseries #RallyTogether]]></document>
	</documents>
</author>