<author lang="en">
	<documents>
		<document><![CDATA[@IngramTania you can drink it all, but keep a slice if pizza please!]]></document>
		<document><![CDATA[@IngramTania yes, flying in early sunday and back monday, dont eat all the pizza please!]]></document>
		<document><![CDATA[@IngramTania might see you out there!!!!]]></document>
		<document><![CDATA[@josandrews @gtfm1079 very sly there getting all those pics 👍👌]]></document>
		<document><![CDATA[3 people followed me and 4 people unfollowed me // automatically checked by https://t.co/iH2uokIMtf]]></document>
		<document><![CDATA[@josandrews @AccentPress thanks joss!!!!! Loved it!]]></document>
		<document><![CDATA[@davidgooch280 but covering Ponty quins on saturday 👍🏉]]></document>
		<document><![CDATA[Getting closer and closer and cant wait for the @rbs_6_nations to begin, looking forward to a flying visit to Rome this weekend 🇮🇹🏉]]></document>
		<document><![CDATA[Well @josandrews can be a special guest every week!!!! 😁😁😁 https://t.co/7M3FiITyFf]]></document>
		<document><![CDATA[Thank god we have webcam technical issues tonight 😂😂😂😂 https://t.co/OR5oieNWGK]]></document>
		<document><![CDATA[Special guest, author @josandrews in studio talking about rugby and her new book #rugbygenerations 🏉👍 https://t.co/HUMruITE9Q]]></document>
		<document><![CDATA[Round 2 ties of #nationalcup https://t.co/qtunN2Zlyx]]></document>
		<document><![CDATA[@MoviesWales @HacksawRidge i think@the character deserves dramatic, what a story]]></document>
		<document><![CDATA[@MoviesWales @HacksawRidge cant argue with that surely? A cracking film for me]]></document>
		<document><![CDATA[Totally speechless after watching @HacksawRidge what an incredible film #truestory]]></document>
		<document><![CDATA[@philsteele1  thats excellent news Phil, well done 👍👍👍]]></document>
		<document><![CDATA[@balders2 will do, cant wait 👌👍]]></document>
		<document><![CDATA[@balders2 just confirmed all the arrangements so see you in Rome for peroni, pasta, pizza and rugby in that order 👍]]></document>
		<document><![CDATA[11 people followed me and 4 people unfollowed me // automatically checked by https://t.co/iH2uokIMtf]]></document>
		<document><![CDATA[@NYR_Sue @FalconsRugby @dragonsrugby @cardiffmetrfc @PontypriddRFC the original ref had pulled a calf muscle]]></document>
		<document><![CDATA[@Toringlandman @periscopeco credit to you and the players Rynard, extreme conditions! Well played]]></document>
		<document><![CDATA[@LoisAngharad haia dim problem, os modd rhoi cydnabyddiaeth hefyd? Diolch]]></document>
		<document><![CDATA[@dar_griff71 @periscopeco lol great shout]]></document>
		<document><![CDATA[Game abandoned at 69 minutes @dragonsrugby v @FalconsRugby 6-18]]></document>
		<document><![CDATA[In all seriousness its quite remarkable that we have a game here, credit to all players - @dragonsrugby v @FalconsRugby #AngloWelshCup]]></document>
		<document><![CDATA[@SallyOwen8 nope these kits are clean ish]]></document>
		<document><![CDATA[@SallyOwen8 quite remarkable in my opinion]]></document>
		<document><![CDATA[@SallyOwen8 no idea, perhaps in his Submarine]]></document>
		<document><![CDATA[New referee for the 2nd half of @dragonsrugby v @FalconsRugby Gareth John who reffed @cardiffmetrfc v @PontypriddRFC yesterday]]></document>
		<document><![CDATA[Conditions at Rodney Parade https://t.co/piGHzV7H6q]]></document>
		<document><![CDATA[@KipperBedwas @dragonsrugby @FalconsRugby he is in a submarine]]></document>
		<document><![CDATA[Half time @dragonsrugby 6 @FalconsRugby 15 #AngloWelshCup]]></document>
		<document><![CDATA[Latest 38 minutes penalty Sonatane Takulua @dragonsrugby 6 @FalconsRugby 15 #AngloWelshCup]]></document>
		<document><![CDATA[@Owenins its raining here now!]]></document>
		<document><![CDATA[Latest 32 minutes try Belisario Agulla missed conversion Sonatane Takulua @dragonsrugby 6 @FalconsRugby 12 #AngloWelshCup]]></document>
		<document><![CDATA[Latest 28 minutes second penalty @TomPrydie @dragonsrugby 6 @FalconsRugby 7 #AngloWelshCup]]></document>
		<document><![CDATA[Latest 21 minutes try Mark Wilson conversion Sonatane Takulua @dragonsrugby 3 @FalconsRugby 7 #AngloWelshCup]]></document>
		<document><![CDATA[Latest 8 minutes penalty @TomPrydie @dragonsrugby 3 @FalconsRugby 0 #AngloWelshCup]]></document>
		<document><![CDATA[@LeeJarvis10 how does it compare to ponty merthyr last season Lee?]]></document>
		<document><![CDATA[Old school? @dragonsrugby v @FalconsRugby #AngloWelshCup #mud https://t.co/6wzkLTzjD3]]></document>
		<document><![CDATA[@mattjonestweets ive brought my submarine just in case👌]]></document>
		<document><![CDATA[Arrrived at @dragonsrugby v @FalconsRugby for #AngloWelshCup and its pitch watch time https://t.co/WFFaV5DD7b]]></document>
		<document><![CDATA[Today 4pm @theffilmshow @splitmovie @T2Trainspotting @jackiefilm composers interview @hauschkamusic @DustinOHalloran about @LionMovie score]]></document>
		<document><![CDATA[@matthewrj1 spot on, love these guys]]></document>
		<document><![CDATA[@MoviesWales seeing it this week, Lion is a terrific watch as well]]></document>
		<document><![CDATA[@MoviesWales really enjoyed it, i feared it was going to be just a copy of the first but found it very enjoyable, super soundtrack]]></document>
		<document><![CDATA[@MoviesWales @cineworld take a trip to @CineworldFriars Newport, a superb cinema, for free]]></document>
		<document><![CDATA[@MoviesWales @cineworld 2 out the 15 screens in cardiff now charge money to get in #ripoffcentral]]></document>
		<document><![CDATA[@MoviesWales @cineworld personally I think its a total rip off, can see no difference between screen 1 and 9]]></document>
		<document><![CDATA[Full post match reaction @cardiffmetrfc 12 @PontypriddRFC 43 #wrunationalcup Cardiff Met coach Danny Milton https://t.co/9JYnVZweAR]]></document>
		<document><![CDATA[Full post match reaction @cardiffmetrfc 12 @PontypriddRFC 43 #wrunationalcup Ponty assistant coach Gareth Wyatt https://t.co/yGBkdItutN]]></document>
		<document><![CDATA[Full post match reaction @cardiffmetrfc 12 @PontypriddRFC 43 #wrunationalcup Ponty try scorer @CDDico https://t.co/HkT9wMBjSn]]></document>
		<document><![CDATA[Full post match reaction @cardiffmetrfc 12 @PontypriddRFC 43 #wrunationalcup Ponty captain / try scorer @dlockyer12 https://t.co/FISscF2zbP]]></document>
		<document><![CDATA[4pm @theffilmshow @splitmovie @T2Trainspotting @jackiefilm composers interview @hauschkamusic @DustinOHalloran about the score to @LionMovie]]></document>
		<document><![CDATA[@carolyn_hitt @LionMovie worth a watch as well, emotional rollercoaster]]></document>
		<document><![CDATA[@JackMaynard123 well played last night Jack, feet up today! 👍🏉]]></document>
		<document><![CDATA[In tears after watching @LionMovie - extraordinary film, extended interview with composers of film soundtrack @theffilmshow tomorrow]]></document>
		<document><![CDATA[Full post match reaction @cardiffmetrfc 12 @PontypriddRFC 43 #wrunationalcup w/ @CDDico @dlockyer12 Gareth Wyatt Danny Milton online tonight]]></document>
		<document><![CDATA[@balders2 @PontypoolRFC fingers crossed, working out how to get there #logistics]]></document>
		<document><![CDATA[At @Tesco and is this @rossharries1 in a new job? #food 👌👍 https://t.co/zsgYUHFn9H]]></document>
		<document><![CDATA[@balders2 @PontypoolRFC wow! Match report?]]></document>
		<document><![CDATA[Latest 79 minutes try to Bradley Coombes missed conversion @CeriSweeney10 @cardiffmetrfc 12 @PontypriddRFC 43 #wrunationalcup]]></document>
		<document><![CDATA[@patrick69egan @cardiffmetrfc @PontypriddRFC too right]]></document>
		<document><![CDATA[Latest 70 minutes try to Dale Stuckey missed conversion @CeriSweeney10 @cardiffmetrfc 12 @PontypriddRFC 38 #wrunationalcup]]></document>
		<document><![CDATA[Latest 65 minutes try to captain Dafydd Lockyer conversion @CeriSweeney10 @cardiffmetrfc 12 @PontypriddRFC 33 #wrunationalcup]]></document>
		<document><![CDATA[Imagining trying to line up a kick to posts with this view?! @cardiffmetrfc @PontypriddRFC #wrunationalcup https://t.co/FCZNZghSvg]]></document>
		<document><![CDATA[Latest 50 minutes 2nd try @DanGodfrey8 conversion @CeriSweeney10 @cardiffmetrfc 12 @PontypriddRFC 26 #wrunationalcup]]></document>
		<document><![CDATA[Latest 43 mins try and missed conversion Miles Moorhouse @cardiffmetrfc 12 @PontypriddRFC 19 #wrunationalcup]]></document>
		<document><![CDATA[@patrick69egan @cardiffmetrfc @PontypriddRFC bloody hell thats impressive!]]></document>
		<document><![CDATA[Half time @cardiffmetrfc 7 @PontypriddRFC 19 #wrunationalcup]]></document>
		<document><![CDATA[Latest 29 mins yellow card to Aled Evans from Cardiff Met @cardiffmetrfc 7 @PontypriddRFC 19 #wrunationalcup]]></document>
		<document><![CDATA[Latest 32 mins try @rhys_shellard missed conversion @CeriSweeney10 @cardiffmetrfc 7 @PontypriddRFC 19 #wrunationalcup]]></document>
		<document><![CDATA[Latest 23 mins try @CDDico conversion @CeriSweeney10 @cardiffmetrfc 7 @PontypriddRFC 14 #wrunationalcup]]></document>
		<document><![CDATA[Latest 16 mins try Luke Northmore conversionGeorge Simpson  @cardiffmetrfc 7 @PontypriddRFC 7 #wrunationalcup]]></document>
		<document><![CDATA[Latest 13 minutes off injured Wayne Evans on is Joel Raikes @cardiffmetrfc 0 @PontypriddRFC 7 #wrunationalcup]]></document>
		<document><![CDATA[Latest 7 mins try Dan Godfrey conversion Ceri Sweeny @cardiffmetrfc 0 @PontypriddRFC 7 #wrunationalcup]]></document>
		<document><![CDATA[Late change for Ponty, @hemibarnes is replaced on the bench by Peter Sidoli @cardiffmetrfc v @PontypriddRFC #wrunationalcup]]></document>
		<document><![CDATA[All set up at Cyncoed Campus for @cardiffmet @cardiffmetrfc v @PontypriddRFC #wrunationalcup #backtouni live update… https://t.co/7AcpRw7mAf]]></document>
		<document><![CDATA[@dar_griff71 thanks Darren im in cardiff at the moment and will catch the 52 bus, cheers for the offer 👌see u later!]]></document>
		<document><![CDATA[@dar_griff71 it was sunny up until 10am has it been raining??]]></document>
		<document><![CDATA[Going back to Uni today for @cardiffmetrfc @cardiffmet v @PontypriddRFC #nationalcup round 1 live updates @gtfm1079 @tunein online from 2pm]]></document>
		<document><![CDATA[9 people followed me and 3 people unfollowed me // automatically checked by https://t.co/iH2uokIMtf]]></document>
		<document><![CDATA[Final score @scarlets_rugby 17 @Saracens 32 #AngloWelshCup @official_parc]]></document>
		<document><![CDATA[Latest 74 minutes try and conversion Tom Whiteley  @scarlets_rugby 17 @Saracens 32 #AngloWelshCup @official_parc]]></document>
		<document><![CDATA[Latest 67 minutes try and conversion @BillyMcBryde @scarlets_rugby 17 @Saracens 25 #AngloWelshCup @official_parc]]></document>
		<document><![CDATA[Latest 62 minutes try Micheal Ellery conversion Tom Whiteley @scarlets_rugby 10 @Saracens 25 #AngloWelshCup @official_parc]]></document>
		<document><![CDATA[Latest 54 minutes try Morgan Allen conversion @JackMaynard123 @scarlets_rugby 10 @Saracens 18 #AngloWelshCup @official_parc]]></document>
		<document><![CDATA[Latest 47 minutes penalty @JackMaynard123 @scarlets_rugby 3 @Saracens 18 #AngloWelshCup @official_parc]]></document>
		<document><![CDATA[Half time @scarlets_rugby 0 @Saracens 18 #AngloWelshCup @official_parc]]></document>
		<document><![CDATA[Latest 40 minutes penalty Max Malins @scarlets_rugby 0 @Saracens 18 #AngloWelshCup @official_parc]]></document>
		<document><![CDATA[Latest 27 minutes missed penalty @JackMaynard123 @scarlets_rugby 0 @Saracens 15 #AngloWelshCup @official_parc]]></document>
		<document><![CDATA[Latest 25 minutes try Matthew Gallagher missed conversion Max Malins @scarlets_rugby 0 @Saracens 15 #AngloWelshCup @official_parc]]></document>
		<document><![CDATA[Latest 17 minutes try Nick Tompkins conversion Max Malins @scarlets_rugby 0 @Saracens 10 #AngloWelshCup @official_parc]]></document>
		<document><![CDATA[Latest 15 minutes penalty miss Max Malins @scarlets_rugby 0 @Saracens 3 #AngloWelshCup @official_parc]]></document>
		<document><![CDATA[Latest 1 minute penalty Max Malins @scarlets_rugby 0 @Saracens 3 #AngloWelshCup @official_parc]]></document>
		<document><![CDATA[Game 1 of the weekend @scarlets_rugby v @Saracens #AngloWelshCup @official_parc and another cold one! https://t.co/hi81vO6PAj]]></document>
		<document><![CDATA[superb to interview @TheNewtonBros once again, this time for the @TheByeByeMan score, hear the full interview on @theffilmshow 12/02/2017]]></document>
		<document><![CDATA[@TheNewtonBros @TheByeByeMan @theffilmshow thanks guys, the interview date should read 12/02/2017 and not in the month of May, will clairfy]]></document>
		<document><![CDATA[superb to interview @TheNewtonBros once again, this time for the @TheByeByeMan score, hear the full interview on @theffilmshow 12/05/2017]]></document>
		<document><![CDATA[superb to interview @TheNewtonBros once again, this time for the @TheByeByeMan score, a cracking, creepy film with a sensational score]]></document>
	</documents>
</author>