<author lang="en">
	<documents>
		<document><![CDATA[@K_Herborn @BehavEvol Stop! This is a pun-free zone! https://t.co/ONGz1BbKUd]]></document>
		<document><![CDATA[Looking forward to my talk in Newcastle on Tuesday. You'd better bring some pasta! #goats @K_Herborn @BehavEvol… https://t.co/eUz4PmtyoN]]></document>
		<document><![CDATA[Opposite Effects of Recent History on Perception and Decision
https://t.co/i7CVTtdIOg]]></document>
		<document><![CDATA[This totally looks like a scene from an 80's sitcom. 'Who's the Boss 2.0'? https://t.co/pEH4XBQVcZ]]></document>
		<document><![CDATA[Mexican scientists feel the Trump effect
https://t.co/s3Yq8mjOGn]]></document>
		<document><![CDATA[Cone snails wander in circles, lose focus with boosted CO2
https://t.co/m9DljpHByF https://t.co/1OBZUEOqGe]]></document>
		<document><![CDATA[The #Ecology of Human Mobility
https://t.co/K8MxGIeRAk]]></document>
		<document><![CDATA[The Effect of Familiarity with Demonstrators on Social Learning in Three‐Spined Sticklebacks
https://t.co/9DvLnvFtaf]]></document>
		<document><![CDATA[Trump’s travel ban is nothing to do with national security
https://t.co/lIuBuDJIB9 https://t.co/xWSH0Zr5ow]]></document>
		<document><![CDATA[Wild hummingbirds can use the geometry of a flower array
https://t.co/z4Wwa9trLu]]></document>
		<document><![CDATA[#afternoontea #teatime #london #hammersmith https://t.co/QZhbNvPHA6 https://t.co/hFPDk69Cd3]]></document>
		<document><![CDATA[It Ain't Over 'til It's Over #PhDchat #academiclife https://t.co/KQn2ubM8Yq]]></document>
		<document><![CDATA[Boxer crabs induce asexual reproduction of their associated sea anemones by splitting and intraspecific theft… https://t.co/FuUl8hAFn9]]></document>
		<document><![CDATA[@Helen_Gray_ @BehavEvol looking forward to my visit as well 🐐]]></document>
		<document><![CDATA[Welcome to the Journal of Alternative Facts. They're the greatest! And winning!
https://t.co/oeXKcouwsZ https://t.co/taHeSGAK27]]></document>
		<document><![CDATA[A popular misapplication of evolutionary modeling to the study of #human #cooperation
https://t.co/9DSCbbcYS3]]></document>
		<document><![CDATA[On the effects of the reunification on German researchers’ publication patterns
https://t.co/Fcsmel3wa2]]></document>
		<document><![CDATA[What has been missed for predicting human #attention in viewing driving clips?
https://t.co/LfI4lpidjF https://t.co/Nfc5OYFZfV]]></document>
		<document><![CDATA[Ocean acidification alters predator behaviour and reduces predation rate
https://t.co/sR7c5aNVT7]]></document>
		<document><![CDATA[Larval antlions with more pronounced behavioural asymmetry show enhanced cognitive skills
https://t.co/jHluhW7xaB @LBaciadonna]]></document>
		<document><![CDATA[Long-term memory of relative reward values
https://t.co/7lnZZASlwx]]></document>
		<document><![CDATA[Does sex really matter? Explaining intraspecies variation in ocean acidification responses
https://t.co/zMhGFMYUp6]]></document>
		<document><![CDATA[US government issues historic $3.5-million fine over animal #welfare
https://t.co/N11TDZJdSc #goats https://t.co/LMEKlp8moq]]></document>
		<document><![CDATA[How playing Wittgensteinian language-games can set us free
https://t.co/B9EQMWUzJK https://t.co/oe0MLu8WYw]]></document>
		<document><![CDATA[Bad things happen for a reason, and other idiocies of theodicy
https://t.co/wLTFBYiI6z https://t.co/ZNbRaEJRpt]]></document>
		<document><![CDATA[#Scientists can’t fight 'alternative facts' alone
https://t.co/JjyKKeGZWy]]></document>
		<document><![CDATA[What Is Seen Is Who You Are: Are Cues in #Selfie Pictures Related to #Personality Characteristics?… https://t.co/he9QItTEwV]]></document>
		<document><![CDATA[A guide to the Geneva Convention for beginners, dummies and newly elected world leaders
https://t.co/6PRBMkxXwo https://t.co/Ze2wn2IfBf]]></document>
		<document><![CDATA[The effect of social experience on olfactory preference in male mice
https://t.co/fF2GIZ4lT7]]></document>
		<document><![CDATA[Snooze patterns vary across cultures, opening eyes to evolution of sleep
https://t.co/FdRp3GhgT8 https://t.co/wJ0avVTBKd]]></document>
		<document><![CDATA[Sexually dimorphic aggression indicates male gray wolves specialize in pack defense against conspecific groups
https://t.co/J1vll2vxOb]]></document>
		<document><![CDATA[The Fine Art of Sniffing Out Crappy #Science
https://t.co/7l78ySlySw https://t.co/RFHgJWYVoO]]></document>
		<document><![CDATA[#Chimpanzees process structural isomorphisms across sensory modalities
https://t.co/q9y6tNAOMg]]></document>
		<document><![CDATA[Developmental lead exposure has mixed effects on butterfly cognitive processes
https://t.co/qXbPKA6M38]]></document>
		<document><![CDATA[Responses of urban #crows to con- and hetero-specific alarm calls in predator and non-predator zoo enclosures
https://t.co/q7SUMo3GR1]]></document>
		<document><![CDATA[Current desires of observers affect cache-protection strategies in California scrub-jays and Eurasian jays
https://t.co/pkNnOQTAei]]></document>
		<document><![CDATA[@mncorvid @civilwarbore we never tested that in particular. However, we ran control trials to check for olfactory cues of reward -&gt; negative]]></document>
		<document><![CDATA[@TheseDogsownme Dry pasta is relatively odourless as well - at least for humans.]]></document>
		<document><![CDATA[@TheseDogsownme In other tasks, we controlled for scent - they had no idea where to search for the food.]]></document>
		<document><![CDATA[New paper by @Viechzeug et al. on cognitive bias: An improved design for the spatial judgement task in domestic pigs
https://t.co/dfEN3ANGa3]]></document>
		<document><![CDATA[Task Differences and #Prosociality: Investigating Pet #Dogs’ Prosocial Preferences in a Token Choice Paradigm… https://t.co/3si3FbM9Op]]></document>
		<document><![CDATA[Why are we not evaluating multiple competing #hypotheses in #ecology and #evolution?
https://t.co/OmzkKWUwnQ]]></document>
		<document><![CDATA[Touch screen assays of behavioural flexibility and error characteristics in #squirrels https://t.co/F9wwizKTxS]]></document>
		<document><![CDATA[Paradoxical thinking as a new avenue of intervention to promote peace
https://t.co/9A0RIofv2r]]></document>
		<document><![CDATA[Animal behaviour: Seal whiskers may sense fish breath
https://t.co/Eq45iVmrum https://t.co/LE1wIHpbjm]]></document>
		<document><![CDATA[New paper by @kmcaulif1, @nicholaraihani &amp; @yarrowdunham: #Children are sensitive to norms of giving
https://t.co/sNxcq1yMug]]></document>
		<document><![CDATA[Climate predicts which sex acts as helpers among cooperatively breeding bird species
https://t.co/0Tkcmb0i9l]]></document>
		<document><![CDATA[Disentangling the various mechanisms that account for the decline in vigilance with group size
https://t.co/exJ2jXkjy7]]></document>
		<document><![CDATA[Judgement #bias in #goats (Capra hircus): investigating the effects of human grooming
https://t.co/E4zkzDT0K1… https://t.co/Rqs4joRykd]]></document>
		<document><![CDATA[How #parasites and #bacteria could be changing the way you think and feel
https://t.co/4c3GK2NU9N https://t.co/LeSO1Gyfqo]]></document>
		<document><![CDATA[The Importance of #Science in #Horse Training
https://t.co/2CFtWlcXUc https://t.co/TAMTmxETNL]]></document>
		<document><![CDATA[They quickly made new friends there and I am still visiting them at least once a year. https://t.co/cFhlOrXuae]]></document>
		<document><![CDATA[But I got so attached that I bought them from the zoo and organised a transport to the sanctuary near my hometown. https://t.co/JozKFdMkK7]]></document>
		<document><![CDATA[Due to new offspring and difficulties in enclosure management, they were first scheduled to be lunch for large carnivores at Zoo]]></document>
		<document><![CDATA[Although they never participated in any experiment before, they were quite keen to know what's going on and quickly… https://t.co/PNpHVwusBi]]></document>
		<document><![CDATA[Back in 2011, my first pilot tests with #pigs involved these 3 cuties that were housed at the Zoo of Halle (Germany… https://t.co/sz5PMfL87s]]></document>
		<document><![CDATA[#Predator #personality structures #prey communities and trophic cascades
https://t.co/mhoBLfaLYX]]></document>
		<document><![CDATA[Tales from the crypt: a parasitoid manipulates the behaviour of its parasite host
https://t.co/Yk7VYQuIP1]]></document>
		<document><![CDATA[Do shelter #dogs engage in social referencing with their caregiver in an approach paradigm? An exploratory study
https://t.co/61AJuRghKV]]></document>
		<document><![CDATA[#Hubris and the danger of leaders with extreme self-regard
https://t.co/7A60rM8XHr via @ConversationUK https://t.co/XAaho0Uy3L]]></document>
		<document><![CDATA[Human #Empathy, #Personality and Experience Affect the Emotion Ratings of #Dog and Human Facial Expressions… https://t.co/Aqh4aS9uVD]]></document>
		<document><![CDATA[Individual differences in #cognition among teleost #fishes
https://t.co/hjCS7SQQSw]]></document>
		<document><![CDATA[#Goats keep track of hidden objects --&gt; #objectpermanence --&gt; increased environmental predictablity? #animalwelfare… https://t.co/Qrf0jkJSXf]]></document>
		<document><![CDATA[How can you measure false beliefs? With two dolls and the Sally Anne test.
https://t.co/grUalRxcC6 https://t.co/51XUrx0u0d]]></document>
		<document><![CDATA[@cgoldhaw Increased HRV in Reggae &amp; Soft Rock, so results with cort. somehow contradictory.]]></document>
		<document><![CDATA[Studying audience effects in animals: what we can learn from human language research
https://t.co/nryo72PYLe]]></document>
		<document><![CDATA[Experience with predators shapes learning rules in larval amphibians
https://t.co/73vcXWaZU3]]></document>
		<document><![CDATA[Experience matters: #Dogs infer physical properties of objects from movement clues
https://t.co/RwuQihSmtW]]></document>
		<document><![CDATA[Does size really matter? Investigating cognitive differences based on size in domestic #dogs
https://t.co/qRaPOIMF9I]]></document>
		<document><![CDATA[A review of over three decades of research on #cat-#human and human-cat interactions and relationships
https://t.co/lWGPmmWycM]]></document>
		<document><![CDATA[Give the #public the tools to trust #scientists
https://t.co/71i0cTb7sh]]></document>
		<document><![CDATA[Are Extraversion and Openness Indicators of a Slow Life History Strategy?
https://t.co/oTyKzANJhQ]]></document>
		<document><![CDATA[How #Ants Use Vision When Homing Backward
https://t.co/hAc0gB3Ltz]]></document>
		<document><![CDATA[What a mosquito's immune system can tell us about fighting #malaria
https://t.co/zFt25KTVnR https://t.co/6rPkLMh5IT]]></document>
		<document><![CDATA[#Dogs chill with Soft Rock and Reggae - The effect of different genres of #music on the #stress levels of dogs… https://t.co/x9UaH8UXRW]]></document>
		<document><![CDATA[#Behaviour and #welfare: the visitor effect in captive felids
https://t.co/sLhNZP8pI6]]></document>
		<document><![CDATA[Tower Bridge from the Thames #london #view #instalondon https://t.co/J55D1aiWEG https://t.co/Hdsuhh371G]]></document>
		<document><![CDATA[Lack of conformity to new local dietary preferences in migrating captive chimpanzees
https://t.co/1aWgS7aaIl]]></document>
		<document><![CDATA[Human tissues in a dish: The research and ethical implications of organoid technology
https://t.co/IrdsA0BkVl]]></document>
		<document><![CDATA[Investigating variation in third-party intervention behavior during a fallow deer rut
https://t.co/uDFP6MlTAc]]></document>
		<document><![CDATA[Prenatal exposure to predation affects predator recognition learning via lateralization plasticity 
https://t.co/GScw2Ub9v8]]></document>
		<document><![CDATA[Just a normal day in London #horses #london #chelsea https://t.co/5XA80ndfQH https://t.co/iqaO8qqSAz]]></document>
		<document><![CDATA[That's my kind of #president! #IPAguration #beer #brewdog #weekend https://t.co/2bxm2Mruow https://t.co/QBp4FOJpif]]></document>
		<document><![CDATA[@earlyelliott see pic. They dont care when kids use them as enrichment. They have in general a very relaxed attitude.]]></document>
		<document><![CDATA[How do gut microbes help herbivores? Counting the ways
https://t.co/IHI9zjT2Ua]]></document>
		<document><![CDATA[New Moth Species With Yellowish-White Scales Named After Donald Trump
https://t.co/B2qVzgdmjc https://t.co/lYUs077zQB]]></document>
		<document><![CDATA[Social interaction in #Animals: linking experimental approach and social network analysis
https://t.co/DnQOrTAnGA b… https://t.co/DmD9C64G1t]]></document>
		<document><![CDATA[@jankoskok So everyone starts to keep one of those in their wallets :) https://t.co/KhA4myqQzG]]></document>
		<document><![CDATA[I respect &amp; admire all employees &amp; volunteers at this, &amp; any other, animal sanctuary 4 their dedication &amp; passion they express 4 their jobs]]></document>
		<document><![CDATA[At this time, I also realised that pigs don't give a s%*$ https://t.co/uBak8yNh14]]></document>
		<document><![CDATA[Pilots included a variety of choice tasks, including a test on exclusion performance - later published in @PLOSONE… https://t.co/qdXQH07Vsq]]></document>
		<document><![CDATA[In 2011, I started my first #goat project! I conducted few pilots at a small farm animal sanctuary near my hometown… https://t.co/L2PrfDrS1q]]></document>
		<document><![CDATA[Great way on how to deal with joint first authorship! #scicomm #PhDchat https://t.co/qtrUW7oUVJ]]></document>
		<document><![CDATA[Why Bees Are So Vulnerable to Environmental Stressors
https://t.co/FtMrO6oQVM]]></document>
		<document><![CDATA[Cost of being amicable in a hibernating mammal
https://t.co/QOTOWdVC4i]]></document>
		<document><![CDATA[Experience and motivation shape leader–follower interactions in fish shoals
https://t.co/a2S7UtAVLn]]></document>
		<document><![CDATA[Behavioral flexibility versus rules of thumb: how do grey squirrels deal with conflicting risks?
https://t.co/mCJXX2xi8W]]></document>
		<document><![CDATA[Jaguar interactions with pumas and prey at the northern edge of jaguars’ range
https://t.co/YyoxxMOM0r https://t.co/7cjBIdOsIT]]></document>
		<document><![CDATA[Testing the adaptive radiation hypothesis for the lemurs of Madagascar
https://t.co/MRpclHM34G]]></document>
		<document><![CDATA[How do great bowerbirds construct perspective illusions?
https://t.co/fuz3x7K11p]]></document>
	</documents>
</author>