<author lang="en">
	<documents>
		<document><![CDATA[Loving the new #alternativefact T-shirts custom made from @HairyBabyTees! https://t.co/ArcVBEprCb]]></document>
		<document><![CDATA[Fairplay https://t.co/mt7rycTlxu]]></document>
		<document><![CDATA[I'm going on Thursday when everyone else is. Why we splitting up protests ? https://t.co/KW5hc34M9r]]></document>
		<document><![CDATA[Big Committee meeting on #Fracking taking place tomorrow.

@Notofracking @DenisNaughten @fracking_free https://t.co/7VU1nKAgyJ]]></document>
		<document><![CDATA[Oh FFS. Nobody shreds something they shouldn't have, most people never have to shred anything! https://t.co/UxrW3ZAgxD]]></document>
		<document><![CDATA[@ConorAAIreland @BrendanTHalpin yet we are all left here clueless because you won't provide an example (3rd time asking here)]]></document>
		<document><![CDATA[@ConorAAIreland @BrendanTHalpin nobody asked you to pursue anything, human beings converse back and forth its no one way street.]]></document>
		<document><![CDATA[@ConorAAIreland @BrendanTHalpin so where is the unfairness you keep talking about? Where is ur apology for ur claim emissions have reduced?]]></document>
		<document><![CDATA[@ConorAAIreland @BrendanTHalpin you going to reply like a normal conversation or just continue to speak out loud ignoring every tweet?]]></document>
		<document><![CDATA[@ConorAAIreland @BrendanTHalpin its not excess to encourage electric car usage, public transport and cycling. All sustainable , petrol isnt]]></document>
		<document><![CDATA[@ConorAAIreland @BrendanTHalpin are you going to retract your debunked statement that emissions have dropped?]]></document>
		<document><![CDATA[@ConorAAIreland @BrendanTHalpin I don't care whether you understand basic science or not I care that you wasted committee time &amp; resources]]></document>
		<document><![CDATA[@ConorAAIreland @BrendanTHalpin no its not, unless you wish to tax air or ban breathing. Cars are objects of transportation not humans]]></document>
		<document><![CDATA[@ConorAAIreland @BrendanTHalpin I don't demand but its a shame you lie &amp; spread misinformation in oireachtas committees]]></document>
		<document><![CDATA[Howlin's department was in the working group who's report recommended the sale of Coilte, 11% of Ireland's landmass… https://t.co/cxFKCe4qWz]]></document>
		<document><![CDATA[You were in government when Coilte was attempted to be sold off. It was 2013 , stop lying. https://t.co/4UiFIu7XrD]]></document>
		<document><![CDATA[@BrendanTHalpin i dont want a retweet @ConorAAIreland I want an answer , why the misinformation? https://t.co/VVBS0tZHCc]]></document>
		<document><![CDATA[It went Frankfurt's way not Labours &amp; workers suffered Because of it. Gilmore &amp; Rabitte got their six figure pensio… https://t.co/YLBxRAWMRD]]></document>
		<document><![CDATA[You privatised aer lingus, attempted to sell Ireland's forests &amp; set the law to allow future privatisation of our w… https://t.co/nLYw2dAV0q]]></document>
		<document><![CDATA[You presided over a generation leaving this country, many of whom won't cone back due to housing, health &amp; social f… https://t.co/QwP0sE0KpJ]]></document>
		<document><![CDATA[You presided over toxic job activation schemes that many exploited for cheap labour https://t.co/hhhuQHAYfO]]></document>
		<document><![CDATA[You allowed zero hours &amp; precarious work to thrive whilst allowing the cost of living to far outpace the minimum\av… https://t.co/O4f8Zsnlow]]></document>
		<document><![CDATA[Then @labour came along &amp; slashed workers wages, conditions &amp; widened the gap between the rich and the poor. https://t.co/31DyVNyq4i]]></document>
		<document><![CDATA[@BrendanTHalpin this is an absolute disgrace @ConorAAIreland , have you no shame or no education ?]]></document>
		<document><![CDATA[Idiots like @Dermotryan18 can't even distinguish between an opinion and a news article. Education is key to prevent… https://t.co/0zpJAEpUMB]]></document>
		<document><![CDATA[There is no concern over the Irish border because nobody wants an Irish border https://t.co/usu5RLubfo]]></document>
		<document><![CDATA[Ireland has a far better standard of politician than @POTUS &amp; the @GOP. Cop onto yourself https://t.co/Xh24AOMIGu]]></document>
		<document><![CDATA[@Colmogorman he also uses alt facts to defend child abusers https://t.co/VMhmPzXzTe]]></document>
		<document><![CDATA[@Colmogorman @Dermotryan18 I wouldn't feed the trolls Colm https://t.co/Wk3ertHjd0]]></document>
		<document><![CDATA[Anti Racism Network have their protest on Thursday,  why are we splitting up &amp; not holding protests at the same tim… https://t.co/9enn61vby3]]></document>
		<document><![CDATA[As a white man I have to say ... Absolutely correct we kill more Europeans &amp; Americans than any other ethnicity https://t.co/4eSiFDuM8t]]></document>
		<document><![CDATA[I don't know why he says PC, identity politics or hard left , maybe he just found the top 4 buzz words that people… https://t.co/k0hB1u35RH]]></document>
		<document><![CDATA[Never have I ever seen an attempt to call such a gathering of scientists as "anti-science" but there you go. Such a… https://t.co/Y4xsoVDXvu]]></document>
		<document><![CDATA[If you don't think Clinton was the main factor in the @DNC loosing this election then you'll never learn from your… https://t.co/uosdrbOUkp]]></document>
		<document><![CDATA[This rhetoric right here is dangerous and socially deplorable. https://t.co/URlF2d7CJQ]]></document>
		<document><![CDATA[@irishfabian @StevenOR_ @BrendanHowlin history tells us they say one thing and do another. Everything they grow they end up propping up FG]]></document>
		<document><![CDATA[The UK is a human rights abuser themselves if they sell knowingly to human rights abusers. https://t.co/QCcH5PNWmt]]></document>
		<document><![CDATA[@autofac @MacMe4 @tippenergy hence why we need to invest in it. Scotland are well ahead of us on this along with the Nordic countries]]></document>
		<document><![CDATA[@sarahcareyIRL well hasn't this been an issue for years rather than the past 24 hours?]]></document>
		<document><![CDATA[Great to see such talent coming out of Europe for MMA, @francis_ngannou is the pride of 🇫🇷 

#MMA #UFCDenver]]></document>
		<document><![CDATA[@sarahcareyIRL Much like the nursing recruitment programmes, the minister simply doesn't get what's needed to keep/attract talent to the HSE]]></document>
		<document><![CDATA[If #LabourRebuild had any credibility they would have elected a new leader rather than @BrendanHowlin forcing members to support him]]></document>
		<document><![CDATA[Brendan Howlin 
Jack O'Connor
Joan Burton

How can #LabourRebuild when the ones making the mistakes are the ones running the rebuild?]]></document>
		<document><![CDATA[If @EndaKennyTD won't stand up to @POTUS on #StPatricksDay day then please send someone who will]]></document>
		<document><![CDATA[What? When? Why?
I only worked with his office for the best part of a year... https://t.co/ulcbdU8JY7]]></document>
		<document><![CDATA[Fun Fact: Labour has been in Power 7 times (6 Times with Fine Gael &amp; once with Fianna Fail)]]></document>
		<document><![CDATA[They put up the wrong link, here's the actual one: https://t.co/cuT0xVdgJZ https://t.co/55u6en1Z63]]></document>
		<document><![CDATA[When will @DNC be storming airports across the country to make sure Trump fails to ban #Muslims &amp; #Refugees?
 
#MuslimBan #RefugeesWelcome]]></document>
		<document><![CDATA[@VillageMagIRE North Korea, Burma &amp; a few micronations...]]></document>
		<document><![CDATA[This artist is useless at painting Putin.

If Jesus was alive today he would likely fall under Trumps ban &amp; not be… https://t.co/9Y0mHafiW4]]></document>
		<document><![CDATA[@labour @alankellylabour @SaturdayRTE when did he meet locked out greyhound workers?]]></document>
		<document><![CDATA[@labour @alankellylabour @SaturdayRTE and they were?]]></document>
		<document><![CDATA[Lone parent cuts &amp; lack of a rent cap certainly didn't help... You lads had 5 years &amp; only made the problem worse https://t.co/p7bPVwpW3y]]></document>
		<document><![CDATA[What Labour minister got involved in industrial disputes between 2011-16  following the austerity they implemented? https://t.co/amq0ibdmTR]]></document>
		<document><![CDATA[The @VP is now supporting "offensive and unconstitutional" policies.

Mike Pence has no backbone 

#MuslimBan https://t.co/klPl1zpX1a]]></document>
		<document><![CDATA[@HenryFingleton @moward2 @oliver_moran @greenparty_ie @trocaire buy one of those wall VAC's because hoovers are to complicated]]></document>
		<document><![CDATA[@HenryFingleton @moward2 @oliver_moran @greenparty_ie @trocaire yea never mind about global warming. Who needs clean air &amp; water ...]]></document>
		<document><![CDATA[@moward2 @HenryFingleton @oliver_moran you would have to understand basic science to have a discussion on merits of wind tech. Bye]]></document>
		<document><![CDATA[@moward2 @HenryFingleton @oliver_moran @greenparty_ie @trocaire to be fair mal I just seen you tweet support of climate change denial.]]></document>
		<document><![CDATA[@lovemy1kid @arielhelwani can it be watch online ?]]></document>
		<document><![CDATA[@MacMe4 @tippenergy @NeilvanDokkum so have I, bills decreased .]]></document>
		<document><![CDATA[@MacMe4  There is a battle for energy ownership betwen multinationals &amp; communities, that's the real battle - https://t.co/stYgxSnMpM]]></document>
		<document><![CDATA[@MacMe4 @tippenergy  Community-owned energy will always be the way forward. Why pay for Saudi Oil when we can produce energy here?]]></document>
		<document><![CDATA[@MacMe4 @tippenergy @NeilvanDokkum Plenty other community owned energy examples here: https://t.co/Vm72wMfeF0]]></document>
		<document><![CDATA[@MacMe4 @tippenergy @NeilvanDokkum No its quite the success, you should visit ask the community how much their bills have been reduced]]></document>
		<document><![CDATA[Sorry Jonathan I couldn't find any accommodation in Dublin that charge 0 &amp; accept coffee as payment so unfortunatel… https://t.co/Kuuw2UvVcN]]></document>
		<document><![CDATA[This nut is the guy #Trump is using to justify the outrageous illegal voting claims. Indicates Here he wants dictat… https://t.co/neUTv8EWmA]]></document>
		<document><![CDATA[Donald #Trump is currently being sued for domestic abuse &amp; praising #Putin, will he comment on this?

https://t.co/xBTg8iYWJY]]></document>
		<document><![CDATA[@ScienceMarchUK you'll never guess what I just found @ScienceMarchIE #ScienceMarch]]></document>
		<document><![CDATA[The environmental community in Ireland is full of scientists @IrishEnvNet @FossilFreeTCD  @EcoEye @ecologyireland 

@ScienceMarchIE #science]]></document>
		<document><![CDATA[@ScienceMarchIE Hey @Rubberbandits hope to see you lads and the Trout of no craic at this 

#ScienceMarch]]></document>
		<document><![CDATA[@ScienceMarchUK was referring to rep of Ireland but yes same logic applies to Belfast. Hopefully scientists protest everywhere]]></document>
		<document><![CDATA[@ScienceMarchUK any word from Irish scientists about a march in Dublin?]]></document>
		<document><![CDATA[American workers will pay for the wall not #mexico, seems #Trump has made a fart of the deal 

#Borderwall https://t.co/rygCWmliLw]]></document>
		<document><![CDATA[You know he's worried about his image (not policy) when he threatens resignation prior to a programme for governmen… https://t.co/aG50nymH1h]]></document>
		<document><![CDATA[This is an absolute disgrace. @Shane_RossTD you've done nothing for cycling except pull funding &amp; this is the result https://t.co/4QDwC7pa1h]]></document>
		<document><![CDATA[@HenryFingleton @MacMe4 again speak to @tippenergy and leave my notifications alone.]]></document>
		<document><![CDATA[@MacMe4 @HenryFingleton I provided one at the very beginning of this conversation. Now please go research its sustainable success]]></document>
		<document><![CDATA[@MacMe4 @HenryFingleton ypi can be oppressed by big money interests and bad planning but the tech is sound when implemented sustainably]]></document>
		<document><![CDATA[@HenryFingleton @oliver_moran @greenparty_ie @trocaire @tippenergy the government policy might but the technology certainly doesn't]]></document>
		<document><![CDATA[@HenryFingleton @oliver_moran @greenparty_ie @trocaire @tippenergy I'm just debunking your notion that wind farms oppress communities]]></document>
		<document><![CDATA[@HenryFingleton @oliver_moran @greenparty_ie @trocaire you've obviously never heard of the @tippenergy community wind farm.]]></document>
		<document><![CDATA[@CavanInstitute no worries I'll hope for the best]]></document>
		<document><![CDATA[@oliver_moran @greenparty_ie @HenryFingleton @trocaire if you are going to shout populism have the courtesy to bring some evidence henry]]></document>
		<document><![CDATA[@CavanInstitute I hate to be picky but are they biodegradable?/]]></document>
		<document><![CDATA[@ademonkiss @chip_daley I'd love if I did remember but honestly no idea. Apologies]]></document>
		<document><![CDATA[@chip_daley @ademonkiss I see they are blocked but honestly cannot remember]]></document>
		<document><![CDATA[@OisinCoghlan forgot the r, fully agree with the point]]></document>
		<document><![CDATA[@SOLASFET Can't find an area of the report that identifies what these new apprenticeships will actually be?]]></document>
		<document><![CDATA[Clickbait has arrived &amp; Mayo's media can't get enough of it https://t.co/yhgInLDdmt]]></document>
		<document><![CDATA[@alexwfrost @claffe_john Fairplay for having the patience Alex but do please tag me out of further posts. He isn't worth the time]]></document>
		<document><![CDATA[Terrorist failed to mention the babay is surrounded by a pool of sharks with lasers on their heads.  Everyone dies,… https://t.co/6xUUYe0l3S]]></document>
		<document><![CDATA[@Deiscirt you wish to ridicule the identity of others. Just giving you a taste of your own medicine. Slan]]></document>
		<document><![CDATA[@alexwfrost @claffe_john this is the face of the Irish organisation for the sinking of doctors helping human beings… https://t.co/69uowEpSnI]]></document>
		<document><![CDATA[@claffe_john @theplathdiaries @MSF_Sea why don't you go visit northern Africa and conduct some research. Promise we won't sink your boat]]></document>
		<document><![CDATA[@claffe_john @jamieweeks70 you have no votes John, 0. There's a racist who ran in Cork and even he got 60 votes. SAD]]></document>
		<document><![CDATA[@alexwfrost @claffe_john My party got thousands of votes in Galway in 2016. John here got 0 due to him having no fans]]></document>
		<document><![CDATA[@claffe_john and threatening to sink the boats of a world renowned charity is inhumane ?]]></document>
		<document><![CDATA[@St_Matthiesen @claffe_john I'm happy with the statistics I've seen. Let john prove his point if that's possible]]></document>
		<document><![CDATA[@claffe_john we have over 1200 members, all of whom are opposed to the racism portrayed earlier in this conversation.]]></document>
	</documents>
</author>