<author lang="en">
	<documents>
		<document><![CDATA[Enter for the chance to win  All-Inclusive Resort plus $500 flight credit, free transfers &amp; more! https://t.co/3A55Dlfu6j]]></document>
		<document><![CDATA[Enter today to win awesome prizes from @JET_Woodworking, @FujiSpray1 and @WoodandShop! Giveaway ends 2/28 https://t.co/5L1f8doaNT]]></document>
		<document><![CDATA[Enter to Win a stay at Club Med for two worth $ 1,900 https://t.co/fYgvMwbyt0]]></document>
		<document><![CDATA[Enter here for your chance to win! https://t.co/VZUtC4MA1U]]></document>
		<document><![CDATA[Join me in the #WarmUpAndWin contest for a chance to win @CanadaStays Enter here: https://t.co/3bzNFy5Yw2 via @CanadaStays]]></document>
		<document><![CDATA[#NHLAllStar @CanadianTire should I remember you NHL started in Montreal,Qc,Canada? That is a shame that Quebec is excluded from your contest]]></document>
		<document><![CDATA[#nhlallstars big fan of @cmcdavid97 would like to win a signed jersey but @CanadianTire does not consider Quebec fans to be part of Canada]]></document>
		<document><![CDATA[@CanadianTire should we reconsider our fidelity to your brand in Quebec?]]></document>
		<document><![CDATA[@CanadianTire 2/2 and needless to say that we are good customers at your shops. Deeply disappointed by the exclusion of Québec]]></document>
		<document><![CDATA[@CanadianTire why excluding Québec again for your contest of the NHL all star weekend? To my knowledge we are still part of Canada!]]></document>
		<document><![CDATA[I just entered @NCIXdotCOM Lunar New Year Giveaway to win a MSI GP62 Gaming Laptop!]]></document>
		<document><![CDATA[Enter to win some great prizes from @McDowellMtnGC, @TRAVISMATHEW, and @CallawayGolf! @OBSportsGolf https://t.co/aJbHori5H3]]></document>
		<document><![CDATA[Join me in the #WarmUpAndWin contest for a chance to win $1,500 in vacation rental! @CanadaStays Enter here: https://t.co/3bzNFy5Yw2]]></document>
		<document><![CDATA[I'm in the running to win a trip through paradise with @detourstravel!  Check it out at https://t.co/8V1mBijiMk]]></document>
		<document><![CDATA[Join me in the #WarmUpAndWin contest for a chance to win $1,500 in vacation rental! @CanadaStays Enter here: https://t.co/3bzNFy5Yw2]]></document>
		<document><![CDATA[I'm in the running to win a trip through paradise with @detourstravel!  Check it out at https://t.co/8V1mBijiMk]]></document>
		<document><![CDATA[You could WIN a trip for 2 to explore Kruger National Park in South Africa! https://t.co/PJLPKBk7B7 via @Wonderlist]]></document>
		<document><![CDATA[Join me in the #WarmUpAndWin contest for a chance to win $1,500 in vacation rental! @CanadaStays Enter here: https://t.co/3bzNFy5Yw2]]></document>
		<document><![CDATA[I'm in the running to win a trip through paradise with @detourstravel!  Check it out at https://t.co/8V1mBijiMk]]></document>
		<document><![CDATA[Join me in the #WarmUpAndWin contest for a chance to win $1,500 in vacation rental! @CanadaStays Enter here: https://t.co/3bzNFy5Yw2]]></document>
		<document><![CDATA[I'm in the running to win a trip through paradise with @detourstravel!  Check it out at https://t.co/8V1mBijiMk]]></document>
		<document><![CDATA[Join me in the #WarmUpAndWin contest for a chance to win $1,500 in vacation rental! @CanadaStays Enter here: https://t.co/3bzNFy5Yw2]]></document>
		<document><![CDATA[I'm in the running to win a trip through paradise with @detourstravel!  Check it out at https://t.co/8V1mBijiMk]]></document>
		<document><![CDATA[Enter To Win This Prize Package from Shar! https://t.co/4FpAl4V8BO]]></document>
		<document><![CDATA[Enter To Win This Prize Package from Shar! https://t.co/4FpAl5cK0o]]></document>
		<document><![CDATA[You could WIN an all-inclusive vacation from @AirTransat &amp; fly direct from @yfcairport! Details: https://t.co/77nk2lwwKz]]></document>
		<document><![CDATA[Join me in the #WarmUpAndWin contest for a chance to win $1,500 in vacation rental! @CanadaStays Enter here: https://t.co/3bzNFy5Yw2]]></document>
		<document><![CDATA[I'm in the running to win a trip through paradise with @detourstravel!  Check it out at https://t.co/8V1mBijiMk]]></document>
		<document><![CDATA[Join me in the #WarmUpAndWin contest for a chance to win $1,500 in vacation rental! @CanadaStays Enter here: https://t.co/3bzNFy5Yw2]]></document>
		<document><![CDATA[I'm in the running to win a trip through paradise with @detourstravel!  Check it out at https://t.co/8V1mBijiMk]]></document>
		<document><![CDATA[@visitdubai @iamsrk My New Year's resolution is to #VisitDubai with #SRK #BeMyGuest I ma from Canada]]></document>
		<document><![CDATA[I'm in the running to win an iPhone7 and #Proteancase thanks to @Proteancase! https://t.co/Eih0yXCDEN #ProteanCase #iPhone7]]></document>
		<document><![CDATA[Join me in the #WarmUpAndWin contest for a chance to win $1,500 in vacation rental! @CanadaStays Enter here: https://t.co/3bzNFy5Yw2]]></document>
		<document><![CDATA[I'm in the running to win a trip through paradise with @detourstravel!  Check it out at https://t.co/8V1mBijiMk]]></document>
		<document><![CDATA[@visitdubai @iamsrk My New Year's resolution is to #VisitDubai with #SRK #BeMyGuest I am from Canada]]></document>
		<document><![CDATA[Amerisleep Mattress Giveaway https://t.co/HdNH7JThPB via @mattressclarity]]></document>
		<document><![CDATA[Join me in the #WarmUpAndWin contest for a chance to win $1,500 in vacation rental! @CanadaStays Enter here: https://t.co/3bzNFy5Yw2]]></document>
		<document><![CDATA[I'm in the running to win a trip through paradise with @detourstravel!  Check it out at https://t.co/8V1mBijiMk]]></document>
		<document><![CDATA[@visitdubai @iamsrk My New Year's resolution is to #VisitDubai with #SRK #BeMyGuest I am from Canada]]></document>
		<document><![CDATA[Enter here for your chance to win a trip to the Dominican Republic. https://t.co/siyuSZCMA3]]></document>
		<document><![CDATA[Join me in the #WarmUpAndWin contest for a chance to win $1,500 in vacation rental! @CanadaStays Enter here: https://t.co/3bzNFy5Yw2]]></document>
		<document><![CDATA[I'm in the running to win a trip through paradise with @detourstravel!  Check it out at https://t.co/8V1mBijiMk]]></document>
		<document><![CDATA[@visitdubai @iamsrk My New Year's resolution is to #VisitDubai with #SRK #BeMyGuest I am from Canada]]></document>
		<document><![CDATA[just entered to WIN @outdoorfammag's Iceland Family Vacation Giveaway sponsored by @TravelEastIce! #OutdoorFamilies https://t.co/jD6wuRrUmS]]></document>
		<document><![CDATA[Baby Animals And Grand Teton Photography Workshop https://t.co/3dah92iChS]]></document>
		<document><![CDATA[Join me in the #WarmUpAndWin contest for a chance to win $1,500 in vacation rental! @CanadaStays Enter here: https://t.co/3bzNFy5Yw2]]></document>
		<document><![CDATA[I'm in the running to win a trip through paradise with @detourstravel!  Check it out at https://t.co/8V1mBijiMk]]></document>
		<document><![CDATA[@visitdubai @iamsrk My New Year's resolution is to #VisitDubai with #SRK #BeMyGuest I am from Canada]]></document>
		<document><![CDATA[Join me in the #WarmUpAndWin contest for a chance to win $1,500 in vacation rental! @CanadaStays Enter here: https://t.co/3bzNFy5Yw2]]></document>
		<document><![CDATA[I'm in the running to win a trip through paradise with @detourstravel!  Check it out at https://t.co/8V1mBijiMk]]></document>
		<document><![CDATA[@visitdubai @iamsrk My New Year's resolution is to #VisitDubai with #SRK #BeMyGuest I am from Canada]]></document>
		<document><![CDATA[EconoMax “Winter is the perfect time to relax!” contest. Enter for a chance to win a reclining sectional. https://t.co/Tkts80FCkk]]></document>
		<document><![CDATA[Join me in the #WarmUpAndWin contest for a chance to win $1,500 in vacation rental! @CanadaStays Enter here: https://t.co/3bzNFy5Yw2]]></document>
		<document><![CDATA[I'm in the running to win a trip through paradise with @detourstravel!  Check it out at https://t.co/8V1mBijiMk]]></document>
		<document><![CDATA[@visitdubai @iamsrk My New Year's resolution is to #VisitDubai with #SRK #BeMyGuest I am from Canada]]></document>
		<document><![CDATA[Cruise along the Seine, Danube or Rhine #CruisingInLuxury #gotouring https://t.co/z9lRgDBpwi]]></document>
		<document><![CDATA[Join me in the #WarmUpAndWin contest for a chance to win $1,500 in vacation rental! @CanadaStays Enter here: https://t.co/3bzNFy5Yw2]]></document>
		<document><![CDATA[I'm in the running to win a trip through paradise with @detourstravel!  Check it out at https://t.co/8V1mBijiMk]]></document>
		<document><![CDATA[@visitdubai @iamsrk My New Year's resolution is to #VisitDubai with #SRK #BeMyGuest I am from Canada!]]></document>
		<document><![CDATA[I just entered the @travelbasecamp contest to win a trip to Martinique or St-Lucia @airtransat https://t.co/JnNIb47IdU]]></document>
		<document><![CDATA[Join me in the #WarmUpAndWin contest for a chance to win $1,500 in vacation rental! @CanadaStays Enter here: https://t.co/3bzNFy5Yw2]]></document>
		<document><![CDATA[I'm in the running to win a trip through paradise with @detourstravel!  Check it out at https://t.co/8V1mBijiMk]]></document>
		<document><![CDATA[@visitdubai @iamsrk My New Year's resolution is to #VisitDubai with #SRK #BeMyGuest Canada]]></document>
		<document><![CDATA[Join me in the #WarmUpAndWin contest for a chance to win $1,500 in vacation rental! @CanadaStays Enter here: https://t.co/3bzNFy5Yw2]]></document>
		<document><![CDATA[I'm in the running to win a trip through paradise with @detourstravel!  Check it out at https://t.co/8V1mBijiMk]]></document>
		<document><![CDATA[@visitdubai @iamsrk My New Year's resolution is to #VisitDubai with #SRK #BeMyGuest Canada]]></document>
		<document><![CDATA[I just entered to win $2,500+ in prizes! Check out the #thenewyeargiveaway https://t.co/MDfE9bYbwB]]></document>
		<document><![CDATA[Join me in the #WarmUpAndWin contest for a chance to win $1,500 in vacation rental! @CanadaStays Enter here: https://t.co/3bzNFy5Yw2]]></document>
		<document><![CDATA[I'm in the running to win a trip through paradise with @detourstravel!  Check it out at https://t.co/8V1mBijiMk]]></document>
		<document><![CDATA[@visitdubai @iamsrk My New Year's resolution is to #VisitDubai with #SRK #BeMyGuest Canada]]></document>
		<document><![CDATA[Join me in the #WarmUpAndWin contest for a chance to win $1,500 in vacation rental! @CanadaStays Enter here: https://t.co/3bzNFy5Yw2]]></document>
		<document><![CDATA[I'm in the running to win a trip through paradise with @detourstravel!  Check it out at https://t.co/8V1mBijiMk]]></document>
		<document><![CDATA[@visitdubai @iamsrk My New Year's resolution is to #VisitDubai with #SRK #BeMyGuest Canada]]></document>
		<document><![CDATA[@burnbraefarms Chocolate-Date Oat Cookies - The perfect tasty snack #CookieEggchange https://t.co/GoeRWgWI2d]]></document>
		<document><![CDATA[Join me in the #WarmUpAndWin contest for a chance to win $1,500 in vacation rental! @CanadaStays Enter here: https://t.co/3bzNFy5Yw2]]></document>
		<document><![CDATA[I'm in the running to win a trip through paradise with @detourstravel!  Check it out at https://t.co/8V1mBijiMk]]></document>
		<document><![CDATA[@visitdubai @iamsrk My New Year's resolution is to #VisitDubai with #SRK #BeMyGuest Canada]]></document>
		<document><![CDATA[Join me in the #WarmUpAndWin contest for a chance to win $1,500 in vacation rental! @CanadaStays Enter here: https://t.co/3bzNFy5Yw2]]></document>
		<document><![CDATA[I'm in the running to win a trip through paradise with @detourstravel!  Check it out at https://t.co/8V1mBijiMk]]></document>
		<document><![CDATA[@visitdubai @iamsrk My New Year's resolution is to #VisitDubai with #SRK #BeMyGuest Canada]]></document>
		<document><![CDATA[Join me in the #WarmUpAndWin contest for a chance to win $1,500 in vacation rental! @CanadaStays Enter here: https://t.co/3bzNFy5Yw2]]></document>
		<document><![CDATA[I'm in the running to win a trip through paradise with @detourstravel!  Check it out at https://t.co/8V1mBijiMk]]></document>
		<document><![CDATA[@visitdubai @iamsrk “My New Year's resolution is to #VisitDubai with #SRK #BeMyGuest” Canada]]></document>
		<document><![CDATA[#WorldJuniors Congratulations again to @ThomasChabot1 from Ottawa @Senators. I'm jealous that this boy has not been drafted by @CanadiensMTL]]></document>
		<document><![CDATA[Amazing game for both teams at #WorldJuniors Congratulations to USA for winning gold. Impressed by player Troy Terry.]]></document>
		<document><![CDATA[@visitdubai @iamsrk My New Year's resolution is to #VisitDubai with #SRK #BeMyGuest Canada]]></document>
		<document><![CDATA[Join me in the #WarmUpAndWin contest for a chance to win $1,500 in vacation rental! @CanadaStays Enter here: https://t.co/3bzNFy5Yw2]]></document>
		<document><![CDATA[I'm in the running to win a trip through paradise with @detourstravel!  Check it out at https://t.co/8V1mBijiMk]]></document>
		<document><![CDATA[Because of @sergachev31 a @CanadiensMTL prospect, my support goes to Russia for the USA-RUS game at #WorldJuniors. Good luck to both teams]]></document>
		<document><![CDATA[I'm in the running to win a trip through paradise with @detourstravel!  Check it out at https://t.co/8V1mBijiMk]]></document>
		<document><![CDATA[Help me win this Peak Design Bag! https://t.co/l05TBiQjdh]]></document>
		<document><![CDATA[Enter and get a chance to WIN a 4-Night TRIP for 2 to LAS VEGAS PLUS $1,000 CASH   https://t.co/PkeSY0QwqV]]></document>
		<document><![CDATA[50 fabulous places to see in 2017! #ifly2017 https://t.co/VKzSvHGDgH]]></document>
		<document><![CDATA[Join me in the #WarmUpAndWin contest for a chance to win $1,500 in vacation rental! @CanadaStays Enter here: https://t.co/3bzNFy5Yw2]]></document>
		<document><![CDATA[Impressed by the performance of the Swiss @nicohischier at the #WorldJuniors Certainly the most spectacular player of the Swiss team!]]></document>
		<document><![CDATA[@iihf_wjc who are the winners of the #PuckContest ?]]></document>
		<document><![CDATA[Join me in the #WarmUpAndWin contest for a chance to win $1,500 in vacation rental! @CanadaStays Enter here: https://t.co/3bzNFy5Yw2]]></document>
		<document><![CDATA[#AllConnected #WorldJuniors Quel match de Thomas Chabot! Bravo team Canada!]]></document>
		<document><![CDATA[#WorldJuniors #BigPlay #AllConnected Canada is back!!!! https://t.co/lnUgH4hMrn]]></document>
		<document><![CDATA[#AllTogether #PuckContest #WorldJuniors go Sweden! Enjoying the show! https://t.co/7wfJ9Tw3gH]]></document>
	</documents>
</author>