<author lang="en">
	<documents>
		<document><![CDATA[Thanks 🙏 @roisinking on the valuable and actionable sales advice!! #sales #empathy #strategy @NZFinTech #kfa]]></document>
		<document><![CDATA[@JimmiCorbishley @FlyBuysNZ ah. They've upped their game #skeptical]]></document>
		<document><![CDATA[@JimmiCorbishley @FlyBuysNZ hahaha. Did you have to fly to Auckland to pick it up?]]></document>
		<document><![CDATA[So fortunate to have Pallas as our first speaker. Thanks @pallas_life!#confidence #passion #pop @NZFinTech https://t.co/q1yWZzxyA1]]></document>
		<document><![CDATA[So New Zealand's first FinTech accelerator starts tomorrow, and that's pretty amazing #kfa @NZFinTech]]></document>
		<document><![CDATA[@niccilockrocks @NZFinTech thanks Nicci!!! 🤗]]></document>
		<document><![CDATA[Fintech squarely on the map in New Zealand https://t.co/y8W4bVEbv7 via @dailyfintech]]></document>
		<document><![CDATA[Love this: Leslie’s Compass: A Framework For Go-To-Market Strategy  – https://t.co/TmRBHGszAr]]></document>
		<document><![CDATA[Kiwibank announces the startups in NZ's 1st fintech accelerator #startupaus https://t.co/0sLiDWLLI6 via @StartupDailyANZ]]></document>
		<document><![CDATA[Great insight into the COO role in a startup! Make Operations Your Secret Weapon - Here’s How – https://t.co/TkMFHY5BLM]]></document>
		<document><![CDATA[Umm. It's 2017 right? https://t.co/cYGXwdaPgL]]></document>
		<document><![CDATA[@justadandak bless you 🤗]]></document>
		<document><![CDATA[@ColmKear thanks so much! 👌]]></document>
		<document><![CDATA[Eeeeee! So proud of you Ana!!! @excionz @Mahuki_TePapa 😘]]></document>
		<document><![CDATA[Looking fab Chris! @PointZeroIT @Mahuki_TePapa #socool #holograms https://t.co/jwurIjjdHa]]></document>
		<document><![CDATA[@justadandak where you off to!?!? Do tell.]]></document>
		<document><![CDATA[That was fun 😊 https://t.co/ChLc7WTfqL]]></document>
		<document><![CDATA[So fortunate to be attending Echelon with NZ Tech delegates #EchelonVietnam #AsiaDragon @e27co https://t.co/E1TO52KQv2]]></document>
		<document><![CDATA[@HackMiramar @davemosk @MiramarMike I've just followed you :)]]></document>
		<document><![CDATA[Nice work wellington on voting for @justin_lester! #proud]]></document>
		<document><![CDATA[@kindofstrange how sweet are you!]]></document>
		<document><![CDATA[@ITHeavyHitters @wipsters oh my goodness! I'm sorry I'm even thinking about boxing.]]></document>
		<document><![CDATA[On the importance of exploring: https://t.co/xn5kD8CMyY]]></document>
		<document><![CDATA[Apple says all US employees now receive equal pay for equal work https://t.co/eDrs8zMiHF via @verge]]></document>
		<document><![CDATA[Vancouver. It pains me that I can't find a good coffee! #desperate #coffeenerd #wellingtonnz]]></document>
		<document><![CDATA[Donald Trump’s nomination is the first time American politics has left me truly afraid https://t.co/fCLKzUCbin via @voxdotcom]]></document>
		<document><![CDATA[Couldn't agree more: Why Most Startups Suck at PR and How to Fix It to Get More Press Right Now https://t.co/8HR0bFRuBo via @openviewventure]]></document>
		<document><![CDATA[Winter Welly #wellingtonnz #brooklynnz https://t.co/22kjGlrsNs]]></document>
		<document><![CDATA[108 fierce women #WWGSD @wwgsd.nz #fabulousandinspiring #unconference @ Tatum Park https://t.co/bpP4HtXVHV]]></document>
		<document><![CDATA[It's an inside afternoon #southerly #matarikievents @ City Gallery Wellington https://t.co/ge4yeIgWdU]]></document>
		<document><![CDATA[Early morning, geeking out @colliderwgtn #singularityu @ The BizDojo Wellington https://t.co/XyvSNKNBoV]]></document>
		<document><![CDATA[Time to pitch your asses off. Good luck teams! You've worked hard #swwlg @swwlg 👏 https://t.co/ttIHrzauyi]]></document>
		<document><![CDATA[I'm very popular here. https://t.co/UG6zLCvMWf]]></document>
		<document><![CDATA[Apple's Amazon Echo Competitor Sounds Goddamned Terrifying https://t.co/mQsjhED75l]]></document>
		<document><![CDATA[@TeamSnapper please tell me if an iOS app is coming for easy Topup/use. #pain #inconvenience]]></document>
		<document><![CDATA[A group of ex-Reddit employees are launching their own safer, tamer Reddit https://t.co/0I2RrLN1uG via @Recode]]></document>
		<document><![CDATA[Breaking news: 'Boaty McBoatface' rejected as name for new polar research ship https://t.co/1U7keYlods via @nzherald]]></document>
		<document><![CDATA[@holdenkim @wipsters we apologize for any confusion here! Can you please email support@wipster.io so the support team can look into it?]]></document>
		<document><![CDATA[@LightningLab great meet up tonight for LLXX! Teams are smashing it!]]></document>
		<document><![CDATA[“New Zealand’s tech scene is hotter than yours” by @writerpollock https://t.co/rpYN2Zbn7Q]]></document>
		<document><![CDATA[@wipsters @CalebWojcik can't wait to set you up tomorrow!!!]]></document>
		<document><![CDATA[@kindofstrange nailed it.]]></document>
		<document><![CDATA[It’s a revolution in collaboration! @Wipsters just launched the new Review Panel for @AdobePremiere: https://t.co/D032HQWe0F]]></document>
		<document><![CDATA[8 ways you can empower girls to learn coding https://t.co/5tusPTVmNR via @mashable]]></document>
		<document><![CDATA[@kindofstrange you darling (and I know you weren't fishing).]]></document>
		<document><![CDATA[Are You a Marketing Leader or Laggard? Lessons for Every Startup CMO https://t.co/efxiZP0JbV]]></document>
		<document><![CDATA[Hilarious. No wait. Spectacular performance of Jekyll&amp;Hyde @isolatedog @CircaTheatre #whoishyde https://t.co/BiG0s3JNaX]]></document>
		<document><![CDATA[@AmbSuzi you are fabulous. Your family is fabulous. Thanks. #inspirationalfamily @bizdojo]]></document>
		<document><![CDATA[Good morning. Kids in awe. #sunrise #trampingNZ #mtholdsworth @ Mt Holdsworth https://t.co/zfZM1pDZEs]]></document>
		<document><![CDATA[It's so lord of the rings.#mtholdsworth #trampingNZ @ Mt Holdsworth https://t.co/r42uiDlm4b]]></document>
		<document><![CDATA[Dinner with the clouds #finedining #littleadventurers @ Mt Holdsworth https://t.co/xMotskC3GV]]></document>
		<document><![CDATA[Awesome day for our birthday boy! #wellingtonphoenix #10moreyears @ Westpac Stadium https://t.co/xl0X3mQHTZ]]></document>
		<document><![CDATA[Team Canada is ready to roll #weetbixtryathalon #activekids @ Kilbirnie Park https://t.co/NAs5YvdMub]]></document>
		<document><![CDATA[Bachelor makes a feminist's heart ache https://t.co/xVJGRGAYYw via @nzherald https://t.co/pKNO1j8B3s]]></document>
		<document><![CDATA[@FlickElectricCo @ChiefFlickster @jvenningbryan congrats on the fabulous initiative! Can't wait to download the app. #choice]]></document>
		<document><![CDATA[Rockin... were there 50 NZ/OZ women in tech 15 years ago...? #womenintech #TheFuture  https://t.co/tGEsuKxd4u]]></document>
		<document><![CDATA[Sevens with these cute people. #hsbcsevens #rugby7s @ Westpac Stadium https://t.co/feG9D2TxCv]]></document>
		<document><![CDATA[Wellington women! consider Cultivate to *own* your career :)  https://t.co/gZi8YsqCAX]]></document>
		<document><![CDATA[The South coast is the bomb #wellingtonnz #owhirobay https://t.co/1RLeDNpvru]]></document>
		<document><![CDATA[Quiet day at the beach today. #wellingtonnz #kiwisummer @ Oriental Bay https://t.co/BAOIZBoO4x]]></document>
		<document><![CDATA[Thinking about working remotely... #kiwisummer https://t.co/4mRYShNzRo]]></document>
		<document><![CDATA[Seriously beautiful. #lovenorthland https://t.co/SFDUnVk2WV]]></document>
		<document><![CDATA[So true @Quora by @jasonlk to What's the "best" thing you have heard an entrepreneur say about start-up life? https://t.co/QmldSFssqD]]></document>
		<document><![CDATA[Just grab a breakfast burrito and walk here. It's the Wellington way. #wellingtonnz… https://t.co/QqJrz5OWpc]]></document>
		<document><![CDATA[@SamNelley wth is this...!?]]></document>
		<document><![CDATA[@SamNelley I have nothing....]]></document>
		<document><![CDATA[@kindofstrange @theavandiepen agreed! North Americans are so damned friendly!]]></document>
		<document><![CDATA[Go  the All Blacks from NYC!!!! #fellowkiwis #rwc2015 @ Pig 'n' Whistle on 36th https://t.co/Pdy3RmkXtN]]></document>
		<document><![CDATA[Go  the All Blacks from NYC!!!! #fellowkiwis #rwc2015 @ Pig 'n' Whistle on 36th https://t.co/xRXgoTBfYF]]></document>
		<document><![CDATA[@churchouse @Qantas worst ever. My son's football taken in flight last week by FA and then 'disappeared'.]]></document>
		<document><![CDATA[@SavIsSavvy @BizDojo Thanks for the awesome gems! fab takeaways. #startup #community]]></document>
		<document><![CDATA[Thanks for your time @SianSimpson! https://t.co/d8JtdP0i3Q]]></document>
		<document><![CDATA[Attn Wellington gals! https://t.co/C7oaadnvSn #wellingtonNZ #consciousfashion]]></document>
		<document><![CDATA[Kiwi companies take out top prize at the World Summit Awards http://t.co/kB10nH5zPl via @scoopnz @wipsters]]></document>
		<document><![CDATA[@nataliaalbert @JessicaManins @AliJacs @where_is_anna Ah. The old biometric testing... #wtf]]></document>
		<document><![CDATA[Surfs up. #sunshinecoast @ Dicky Beach, Queensland https://t.co/xJyKRJhZWH]]></document>
		<document><![CDATA[We need a killer .net and Azure developer here at @wipsters. Get in touch.]]></document>
		<document><![CDATA[@DamNe79 for those moments that people put 4 flags together in this manner.... #not]]></document>
		<document><![CDATA[Ahem. @Moore_Wilsons - we think you should change your flag! #RedPeak http://t.co/yTn1MSWCnB]]></document>
		<document><![CDATA[Ahh Twitter. Where I don't have to see endless peanutsized images.]]></document>
		<document><![CDATA[BOOM. Flag referendum: Red Peak design to be added as fifth option - John Key http://t.co/kib4mBcup5 via @nzherald #NZflag]]></document>
		<document><![CDATA[Unless you are Starbucks, misspelling names nowadays is not ok. Digital footprint people...]]></document>
		<document><![CDATA[@GracefulLillian thanks for your honesty #extraordinary]]></document>
		<document><![CDATA[@dianeforemannz thanks for an inspiring evening. You were charming, astute, and fabulous!!!  #FemaleFounders]]></document>
		<document><![CDATA[Toby Manhire: Let's run up the red flag http://t.co/v1taK8Wihq via @nzherald http://t.co/82lXVoFUDT]]></document>
		<document><![CDATA[Thoughts NZ? My colleagues haaaate them. Final four flag designs revealed http://t.co/vD6h27M13b]]></document>
		<document><![CDATA[“The Evolution of Magazine Covers” by @karenxcheng https://t.co/xV1Cu4WdYT]]></document>
		<document><![CDATA[“I Had a Baby and Cancer When I Worked at Amazon. This Is My Story” by @jcheiffetz https://t.co/PFYz7cZjtp]]></document>
		<document><![CDATA[It's a blue day #wellingtonnz https://t.co/whuE5K4IQQ]]></document>
		<document><![CDATA[@kindofstrange now now, you're pushing it with that adjective...]]></document>
		<document><![CDATA[@LeadGenius Why no call back? I've been waiting for a 'Demo' for 2 weeks...]]></document>
		<document><![CDATA[Inside the failure of Google+, a very expensive attempt to unseat Facebook http://t.co/upfA2ENdF1 via @mashable]]></document>
		<document><![CDATA[Demented architecture #wellingtonnz @citygallerywgtn https://t.co/4OefWApEFh]]></document>
		<document><![CDATA[stock imagery... why do your teeth and hair shine so brightly? #authenticimagery #personaresearch]]></document>
		<document><![CDATA[Welly on a good day #wellingtonnz #southcoast https://t.co/E5qmzUOMsS]]></document>
		<document><![CDATA[First Round companies with a female founder performed 63% better than their investments with all-male founding teams http://t.co/XG82Pf3WfA]]></document>
		<document><![CDATA[It's Friday here in New Zealand. Not to rub it in... #tgif #southernhemisphere]]></document>
		<document><![CDATA[@DevonMoodley HEYO! I am sending you an email.. just a heads up #blogopportunity #beastar #wipster]]></document>
		<document><![CDATA[Has Wellington created the most feminist tech ecosystem in the world?http://t.co/sbOwhv7mQS #wellingtonNZ]]></document>
		<document><![CDATA[From the Wipsters! Video Professional's Guide to Social Media http://t.co/X3hTjrUq5u]]></document>
	</documents>
</author>