<author lang="en">
	<documents>
		<document><![CDATA[Missouri legislature sends right-to-work bill to Gov. Eric Greitens https://t.co/j6SWj4yhks]]></document>
		<document><![CDATA[Sens. Graham, McCaskill, Durbin, Duckworth get boost for opposing Trump refugee order https://t.co/buPw541Dvu]]></document>
		<document><![CDATA[After Trump call, Australians bemoan rocky relationship with America’s ‘mad king’ https://t.co/LKeQzsVdew]]></document>
		<document><![CDATA[McConnell, Trump blamed Obama rules for coal’s problems. Now begins the rollback. https://t.co/Bay7R0kqwn]]></document>
		<document><![CDATA[NC’s Tillis says DeVos will improve charters and school choice https://t.co/qiDsvYmHbB]]></document>
		<document><![CDATA[Big news from @BryanLowry3  https://t.co/nQ5R35YiuB]]></document>
		<document><![CDATA[McCaskill "can’t support a nominee so out of the mainstream, whose policies wld do serious harm 2 the lives of 100s of 1000s of Missourians”]]></document>
		<document><![CDATA[McCaskill says Price "refused to answer basic questions about his support for extreme proposals for healthcare delivery." Will vote no.]]></document>
		<document><![CDATA[Sen. McCaskill: Price efforts to dismantle Medicare endanger "the vital benefits that millions of our seniors rely on." Will vote no.(con't)]]></document>
		<document><![CDATA[BREAKING: Sen. McCaskill will vote no on Price nomination. "Congressman Price has made a career out of trying to dismantle Medicare" (con't)]]></document>
		<document><![CDATA[Sen. McCain says he called Australia’s Ambassador this morning "to express my unwavering support for the U.S.-Australia alliance."]]></document>
		<document><![CDATA[Rabbi dons scarf to ‘stand with your Muslim sisters’ on World Hijab Day https://t.co/rOd2XkBKFB]]></document>
		<document><![CDATA[Republican congressmen warn Trump that his hiring freeze hurts military readiness https://t.co/Pk1Yf1tzN2]]></document>
		<document><![CDATA[KNEA's @desettiks says Moran's vote for DeVos would "put partisanship over Kansas" https://t.co/tbj5Ux3zbA]]></document>
		<document><![CDATA[Kansas Sen. Moran decided to give DeVos his vote after meeting with her today. Said she addressed his concerns. https://t.co/tbj5Ux3zbA]]></document>
		<document><![CDATA[@SuppressThis not clear yet]]></document>
		<document><![CDATA[DeVos told Moran there will be no federally-mandated voucher program in KS https://t.co/tbj5Ux3zbA]]></document>
		<document><![CDATA[As U.S. issues warning to Iran, Persian Gulf cyberwar takes on new meaning https://t.co/1tz5DzZDcR]]></document>
		<document><![CDATA[Without Moran, DeVos might not have gotten 50 votes, since Republicans Collins and Murkowski announced today they would not support her.]]></document>
		<document><![CDATA[Sen. McCaskill on this list: Anti-abortion groups warn red-state Dems not to fight Trump’s court pick https://t.co/DB425ztLjp]]></document>
		<document><![CDATA[BREAKING: Kansas Sen. Moran will vote yes for Betsy DeVos despite serious concerns https://t.co/tbj5Ux3zbA]]></document>
		<document><![CDATA[Sen. Moran of KS has decided he’ll support Betsy DeVos. His vote could be decisive. https://t.co/tbj5Ux3zbA]]></document>
		<document><![CDATA[BREAKING: Sen. Jerry Moran of KS will vote yes for DeVos, statement to follow.]]></document>
		<document><![CDATA[Sen. @RoyBlunt of MO yes on DeVos: “Betsy DeVos understands that decisions about education need to be made much closer to where kids are"]]></document>
		<document><![CDATA[VA Sen. Mark R. Warner, to Dem on intel committee,  that he will introduce bill to clarify permanent membership of the NSC]]></document>
		<document><![CDATA[Mystery solved, POTUS has been located: Trump is in Dover for return of U.S. commando's remains.]]></document>
		<document><![CDATA[Just got this in a press release from the White House: "As of today, we are officially putting Iran on notice.”]]></document>
		<document><![CDATA[Sen. @clairecmc: Immigration executive order "was not made as a result of any recommendation or threat assessment made to the White House."]]></document>
		<document><![CDATA[Sen. @clairecmc: DHS officials "not prepared" for immigration executive order "and were asked to implement immediately by the White House."]]></document>
		<document><![CDATA[Sen. @clairecmc ]says DHS officials aren't clear at this point about "where the money is coming from, for the wall or for the border agents"]]></document>
		<document><![CDATA[Sen. @clairecmc says DHS officials are "unclear about what the process and procedures will be for any kind of religious screening" at border]]></document>
		<document><![CDATA[Missouri Sen. @clairecmc says DHS Secretary Kelly told senators in closed meeting yesterday that he's "going to be more assertive."]]></document>
		<document><![CDATA[Legislator wants to hand a pink slip to guaranteed job security at Missouri colleges https://t.co/PPIy6hwDiK]]></document>
		<document><![CDATA[Here are Trump Supreme Court nominee Neil Gorsuch’s most interesting decisions https://t.co/x61sXnxY0N]]></document>
		<document><![CDATA[Detroit family caught in Iraq travel ban, mom dies waiting for approval to come home: https://t.co/0ZNTi9zSJg]]></document>
		<document><![CDATA[From @glaad  https://t.co/tywQVkLsjl]]></document>
		<document><![CDATA[This one's for you, @MichaelDoyle10  https://t.co/VQ7kEJeS1d]]></document>
		<document><![CDATA[Trump Supreme Court pick is payback time for angry Democrats https://t.co/zwFzECiRtD]]></document>
		<document><![CDATA[Senate confirms Elaine Chao, but 6 ‘no’ votes are unusual for transportation secretary https://t.co/eCnEhmWOze]]></document>
		<document><![CDATA[Kay Granger wants to cut taxpayer UN funding until Israel resolution is scrapped https://t.co/nBD1vt2N9F]]></document>
		<document><![CDATA[Conservatives scold GOP Congress for wavering on Trump immigration order https://t.co/dj84dQQz4R]]></document>
		<document><![CDATA[Why did this great grandma from Missouri get arrested on Capitol Hill? https://t.co/Ta7LaI2PIE]]></document>
		<document><![CDATA[About 50 people arrested in front of @SenOrrinHatch's office in the Hart Senate building, protesting ACA repeal. Cuffed and went peacefully.]]></document>
		<document><![CDATA[@lindsaywise earlier today they peacefully visited senators' offices, including Sen. @RoyBlunt]]></document>
		<document><![CDATA[@lindsaywise chanting and clapping: what's the plan for health care, what's the plan for us?]]></document>
		<document><![CDATA[@lindsaywise singing: "we believe in health care shall not rest," marching around Hart bldg atrium now]]></document>
		<document><![CDATA[@lindsaywise "we are not afraid," someone says, as they note eyes on them from Senate office staffers]]></document>
		<document><![CDATA[@lindsaywise they are singing now, "We shall overcome"]]></document>
		<document><![CDATA[@lindsaywise some are health care workers, other have preexisting conditions or family members who do. They expect to be arrested.]]></document>
		<document><![CDATA[A group of protestors, including some from MO, prepare for civil disobedience in Senate office bldg to fight for ACA https://t.co/layQehZ0q9]]></document>
		<document><![CDATA[Sen. McCaskill yes on Chao for Transportation.]]></document>
		<document><![CDATA[McCaskill (con't): —and the answers to these questions do not involve classified material.]]></document>
		<document><![CDATA[McCaskill: The public has a right to understand how these orders were written, who was involved, and how they are being implemented (con't)]]></document>
		<document><![CDATA[McCaskill on closure of DHS hearing: "The public has a right to understand how these orders were written, who was involved (con't)...]]></document>
		<document><![CDATA[McCaskill objects to Republicans' decision to move public hearing w/DHS officials about Trump's immigration exec order behind closed doors.]]></document>
		<document><![CDATA[Virginia's GOP Rep. Dave Brat: 'The women are in my grill no matter where I go' https://t.co/dy6ykLSXH3 via @richmonddotcom]]></document>
		<document><![CDATA[Trump’s refugee ban is a matter of life and death for some, including a 1-year-old with cancer: https://t.co/u4aXGK0zAo]]></document>
		<document><![CDATA[@maria_e_recio @johnmyers @VeraMBergen seriously.]]></document>
		<document><![CDATA[McCaskill’s new Senate watchdog role is fraught with political risks https://t.co/tuFF5Lt2GH]]></document>
		<document><![CDATA[Dems seek delay in Price vote – as biomedical CEO says nothing wrong in stock deal https://t.co/qoZPOzJqgi]]></document>
		<document><![CDATA[Sen. McCaskill a no vote on Tillerson, her first vote against a Trump nominee.]]></document>
		<document><![CDATA[Brownback, Kobach voice support for Trump’s immigration order https://t.co/cmJbPfzgFO]]></document>
		<document><![CDATA[Sean Spicer defends detention of 5-year-old Iranian boy https://t.co/7SiM0iE0Mk via @YouTube]]></document>
		<document><![CDATA[Draft cable circulating in State Department objects to Trump immigration ban https://t.co/AMm9K3g49R via @WSJ]]></document>
		<document><![CDATA[Kansas City's Rep. Cleaver calling for hearings into @realDonaldTrump's executive order on immigration. https://t.co/ikxL6MoXJt]]></document>
		<document><![CDATA[But will @KrisKobach1787 write it? (CC: @BryanLowry3, @tatecurtis) https://t.co/7pUaXQ6q9Z]]></document>
		<document><![CDATA[Sen. McCaskill, top Dem on Senate's Homeland Security Cmte, asks Kelly for emergency meeting on immigration order https://t.co/7g4waMPA06]]></document>
		<document><![CDATA[Senate Democrats on Homeland Security Committee ask Kelly for emergency meeting on immigration order within 24 hrs https://t.co/7g4waMPA06]]></document>
		<document><![CDATA[BREAKING: Sen. McCaskill asks Kelly for emergency meeting on immigration order https://t.co/7g4waMPA06]]></document>
		<document><![CDATA[UPDATED w/ @PatRoberts, @JerryMoran @RepHartzler - Missouri, Kansas politicians weigh in on Trump immigration order https://t.co/4XFVwgOzJ1]]></document>
		<document><![CDATA[In which Grover Norquist slams the Republican-controlled #KSleg: “Raising taxes is what legislators do if they’re n… https://t.co/FWfGJu5Onm]]></document>
		<document><![CDATA[@gardnerselby @toddgillman @TexasTribAbby @tombenning @DiazChron Definitely follow @alextdaugherty of the Fort Worth paper &amp; @McClatchyDC]]></document>
		<document><![CDATA[KS Sen. @PatRoberts: POTUS needs to work w/Congress to ensure every aspect of a major policy change such as this is taken into consideration]]></document>
		<document><![CDATA[Sen. @PatRoberts on EO: "We need to strike a balance that protects the rights of Americans and those permitted to enter the country legally"]]></document>
		<document><![CDATA[Hartzler concerned about impact on green card and visa holders but "We must prioritize Americans’ safety and wellbeing above all else.”]]></document>
		<document><![CDATA[Hartzler (con't): "It is imperative we thoroughly vet those who are  coming into our country." Says Obama implemented similar policy in 2011]]></document>
		<document><![CDATA[Missouri's @RepHartzler: Trump's EO "may need some tweaking to address concerns about green card holders &amp; those w/ visas caught in transit"]]></document>
		<document><![CDATA[In case you were wondering what the top Democrat on the Senate's cmtte on Homeland Security thinks about the Bannon… https://t.co/iIwIHzY6jk]]></document>
		<document><![CDATA[GOP gently reprimands Trump but signals no action https://t.co/1CBe9OOY6H]]></document>
		<document><![CDATA[The troubled ‘Kansas experiment’ In conservatism goes to Washington https://t.co/gd3WuSHVWh]]></document>
		<document><![CDATA[Sen. Moran: ..."far-reaching national security policy should always be devised in consultation w/Congress and relevant government agencies."]]></document>
		<document><![CDATA[Sen. Moran of KS: While I support thorough vetting, I do not support restricting the rights of U.S. citizens and lawful permanent residents.]]></document>
		<document><![CDATA[Once again, crowds confront Trump outside the people’s house https://t.co/F5RWPPxhpA]]></document>
		<document><![CDATA[McConnell in the middle – caught between GOP lawmakers and Trump https://t.co/VifHgxFxCt]]></document>
		<document><![CDATA[Read what Kansas and Missouri members of Congress are saying about President Trump's executive order on immigration https://t.co/n5rSB0cLFM]]></document>
		<document><![CDATA[Follow Bob of @KCStar for coverage of Kansas City International airport protest.  https://t.co/HY8DHcjZNH]]></document>
		<document><![CDATA[GOP Rep. Lynn Jenkins of KS says exec order too broad, encourages Trump "to work with Congress 2 strengthen our borders and vetting process"]]></document>
		<document><![CDATA[Veterans angry Trump refugee ban includes Iraq interpreters who risked their lives https://t.co/dSmvRupHnV]]></document>
		<document><![CDATA[With legal fight raging, confusion reigns over Trump’s immigration order https://t.co/Fh583jwgbF]]></document>
		<document><![CDATA[Kansas City's @repcleaver says Trump just doing what he promised w/exec orders. "If they are ugly today they were ugly months ago."]]></document>
		<document><![CDATA[Kansas GOP @RepKevinYoder con't: ... clear procedures to ensure that our refugee program can continue in the safest manner possible."]]></document>
		<document><![CDATA[GOP @RepKevinYoder: "While a temporary pause in new admissions is appropriate, the President should work w/ Congress to come up w/...(con't)]]></document>
		<document><![CDATA[Kansas Republican @RepKevinYoder: "It's clear the order is being interpreted too broadly to block valid visas and green card holders"(con't)]]></document>
		<document><![CDATA[Sen. Blunt supports increased vetting on people traveling from 7 countries covered by EO "Our top priority should be to keep Americans safe"]]></document>
		<document><![CDATA[Sen @RoyBlunt: w/extensive terrorist ties or activity. These 7 countries meet that standard. Our top priority shld be to keep Americans safe]]></document>
		<document><![CDATA[Sen. @RoyBlunt: "I wld not support a travel ban on Muslims; I do support increased vetting on people applying to travel ... (3/4)]]></document>
		<document><![CDATA[Sen. @RoyBlunt on Trump: "He is doing what he told the American people he would do." 2/4]]></document>
		<document><![CDATA[Sen. @RoyBlunt on Trump's immigration exec order: "The President is doing something that people have seen too little of in recent years-1/4"]]></document>
		<document><![CDATA[Awaiting responses from KS and MO congressional delegations to President Trump's immigration exec order. So far onl… https://t.co/jWWsl4CRIt]]></document>
		<document><![CDATA[Protest against President Trump's executive order on immigration at Kansas City International airport at 2p.m. today https://t.co/Rhlo9dk54S]]></document>
	</documents>
</author>