<author lang="en">
	<documents>
		<document><![CDATA[@rebeccasarver13 oops didn't look right wanted to patronize the Dems by saying go ahead and boycott this. I hope she goes away a long time]]></document>
		<document><![CDATA[When Christians bombed Other Christians to protect Muslims. https://t.co/WjGhYF55It]]></document>
		<document><![CDATA[OBama needs to do what losers do. Fade quietly away. His Caliphate dreams are dying a little more every day and he… https://t.co/6EOTJO8irl]]></document>
		<document><![CDATA[@Shooters_Wife Chinese own the Pork, Thanks OBama]]></document>
		<document><![CDATA[@SouthLoneStar Think about how disgusting it is to even question the POTUS intentions to honor the remains of the fallen. Libtards pathetic]]></document>
		<document><![CDATA[I pray we finally have a POTUS that honors are fighting Men and Women. PAid lip service by OBama recognized immedia… https://t.co/InjTnsRUzD]]></document>
		<document><![CDATA[@hrtablaze enjoying it! Clinton goes down next!]]></document>
		<document><![CDATA[Life begins at conception. Abortion as means of birth control should be unlawful. The law can not support carelessn… https://t.co/TzsSiKBxew]]></document>
		<document><![CDATA[Amen about time someone started to listen to the Truth. https://t.co/GjVvRF6uBJ]]></document>
		<document><![CDATA[If the Dems want to play hardball give up the aluminum and welcome to the Wood! Time to hit back. Boycott this! https://t.co/Qfrm70D14h]]></document>
		<document><![CDATA[@WhisperTangoFox because I can think independently Clinton was a joke. Dems tried to ram her down our throats. Trump is actually doing good]]></document>
		<document><![CDATA[@WhisperTangoFox @BarackObama @POTUS44 u didn't see me vandalizing I voted for OBama twice Dumb ass]]></document>
		<document><![CDATA[The Libtard, Hillary said it best. Basement dweller to lazy to catch a bus and go to work. If Mommy won't then Uncle Sam will #blackouttrump]]></document>
		<document><![CDATA[The Libtard, seeks and demands social justice for all that think only like them. Will never play if Bobby doesn't lose always #blackouttrump]]></document>
		<document><![CDATA[A Libtard, loser with 5 kids with 3 diff women that stillgoes out clubbing to pick another girl up. #blackouttrump]]></document>
		<document><![CDATA[The Libtard, defender of the right to murder babies becuase he didn't wear a rubber. #blackouttrump]]></document>
		<document><![CDATA[A Libtard, the loser in denial, the socialist demanding freedom, the slave waiting for master 2 tell them what 2 think. #blackouttrump]]></document>
		<document><![CDATA[A LIbtard, A. Self proclaimed patriot standing for justice that collects a welfare check and waits 4 flash mob 2 vandalize #blackouttrump]]></document>
		<document><![CDATA[TEll me how many of u idiots were even kissed thenPrimary was rigged? Or are you just used to having others tell u what 2 do #blackouttrump]]></document>
		<document><![CDATA[OBamacare, Iran Deal, a Torn USA, POTUS has been in office for 9 days, let's blame him and hold onto the myth OBama was great#blackouttrump]]></document>
		<document><![CDATA[You morons were swindled out Berne, support a dysfunctional Lobbyist bought D.C. Argue vs security and jobs and thnk ur right #blackouttrump]]></document>
		<document><![CDATA[IS Greece finally waking up and distancing itself from the socialist bankruptcy of a nation? https://t.co/YR5rs4OaNN]]></document>
		<document><![CDATA[@MissLizzyNJ @hrtablaze would be good for her.]]></document>
		<document><![CDATA[@womensmarch @tedcruz The greatest threat to the American is called a Libtard. Unfortunately the vaccine is still in development.]]></document>
		<document><![CDATA[@frankthorp Unfeeakingbelievable! Maybe it is time for the Right to live up to the liberal lies and take matters into our own hands.]]></document>
		<document><![CDATA[@SenWarren was the old guy in Portland getting knocked unconscious while a mob stood over him Cheering Violence Moral Leadership? FU]]></document>
		<document><![CDATA[@SenWarren Moral Leadership? Is that what you call the way you have been acting. Breaking storefronts, assualting old people in airports?]]></document>
		<document><![CDATA[I think the silent majority in the USA is getting sick of the Libtards and their pathetic arguments. Note to GOP pass those tax cuts!]]></document>
		<document><![CDATA[@FreeLifesMatter what is soldiers did the same as Atty Gen? No I won't cross that bridge. Schumer said Sally was profile in courage? LIbtard]]></document>
		<document><![CDATA[@FreeLifesMatter Give me a country that allows me to work, raise my family and worship Jesus. We once had that in USA. #socialismsucks]]></document>
		<document><![CDATA[@FreeLifesMatter I bet the Russians are sitting back and cracking up when they see how screwed up the USA is becuase of Libtards and MSM.]]></document>
		<document><![CDATA[@FreeLifesMatter I guess we are deplorable racists becuase we want an end to the Chuck Schumers, Al Sharpton, Paul Ryan's, and MSM rape USA]]></document>
		<document><![CDATA[baptists minister and Jesus fled Egypt? This guy linked to MLK? We are supposed to take these PPL seriously?]]></document>
		<document><![CDATA[@cnnpolitics do MSM reporters get their journalism degrees the same place ur Al Sharpton got his Baptist Monister title. Sure sounds like it]]></document>
		<document><![CDATA[@JewhadiTM @TheRevAl @DailyCaller Sharpton is a Baptist Minister. What does it cost to become one? 3 Cracker Jack box lids or 2 Grape crush]]></document>
		<document><![CDATA[@TheRevAl @MichaelEDyson @RevJJackson @CARES_Mentoring another group of baptist ministers LOL was Jesus Iranian.? What next pathetic bastard]]></document>
		<document><![CDATA[@SenSchumer Underscores the difference between full of themselves blowhards and patriots. What if soldiers said NO bec they didnt like POTUS]]></document>
		<document><![CDATA[@katielevitre Let Andy know we are pulling for him in the big Game, God keep You and smile upon you. We miss the Levitres in Buffalo.]]></document>
		<document><![CDATA[@katielevitre Congratulations from Bills Fans on your Precious Child. God Bless]]></document>
		<document><![CDATA[@rebeccasarver13 and thank you Becca for putting these truths out there. Your a champion!]]></document>
		<document><![CDATA[@JewhadiTM @keithellison @cnsnews Fod he say Muslims Momons or Morons? The third is his group.]]></document>
		<document><![CDATA[The Poor Man has only one advocate Christ Jesus. Pray for him in Jesus Name that Truths like these become evident t… https://t.co/b7hW5a5pUf]]></document>
		<document><![CDATA[@Stl_Manifest @matthewcassel The Issas was very antisemite at one time l. Thank God for Trump]]></document>
		<document><![CDATA[@matthewcassel @ReutersIndia what are the Geeeks supposed to do? They are bankrupt and poor and Germany France Holland UK do 0 to help.]]></document>
		<document><![CDATA[Hey Barack and Kerry is this the glorious deal I were making for America. Scumbags. https://t.co/jOdlspzDMk]]></document>
		<document><![CDATA[This piece of shit gave birth to these anarchists. I wouldn't give a dime to Chicago or any San city. https://t.co/nF12mIyudw]]></document>
		<document><![CDATA[I am never going to buy a Starbucks ever. Already a joke $7 coffee. Go F Yourselves https://t.co/hcJViekYsU]]></document>
		<document><![CDATA[There has to come a time when law makes a stand and doesn't allow this bullshit anymore. This is the America u want… https://t.co/qrjOf3CfuA]]></document>
		<document><![CDATA[@sheperdsmith Iraqis have risked their lives for their country, if u aren't willing to fight for your country then u should have no voice]]></document>
		<document><![CDATA[@Shooters_Wife They won't release the religious identity becuase it doesn't fit the MSM narrative. If it was Billy and Bobby from Alabama]]></document>
		<document><![CDATA[O net it is even higher than that. https://t.co/kC7EStqbaS]]></document>
		<document><![CDATA[@FoxNews @FreeLifesMatter athe numbers look right to me. Half are same the other half are snowflakes that need to be shipped to the ME]]></document>
		<document><![CDATA[The first one to Lie is believed that is the rule MSM operates under. Make day night, let the shrew run wild, U hav… https://t.co/qOMH2uFQKo]]></document>
		<document><![CDATA[How many times are the Libtards going to be wrong before they finally shut up. Let Trump govern. If u don't like what u get then vote in 4yr]]></document>
		<document><![CDATA[Note to Libtards. Christians know the difference between Radical Islam and Arabs. Arabs are the descendants of Abra… https://t.co/Dhk7qbeNOM]]></document>
		<document><![CDATA[@Stonewall_77 @cristinalaila1 LOL that is nothing. But to answer ur question millions of snowflakes that have daddy issues.]]></document>
		<document><![CDATA[@hsimon62 @WGR550 The nature of sports is that you compete to win, not to wait till next year. Just be the best u can be.]]></document>
		<document><![CDATA[CNNOsnt talking about those names. Trying to figure the spin on this one. https://t.co/que6t86HA3]]></document>
		<document><![CDATA[@BBCWorld Never trust anyone that doesn't eat Bacon !]]></document>
		<document><![CDATA[@ScottPresler Libtards unite in the face of common sense. Keep up ur pathetic lunacy to bring an end to democracy.]]></document>
		<document><![CDATA[@GreenPartyUS @POTUS Stand by the Syrian Refugees that actually perpetrated the cri'me?]]></document>
		<document><![CDATA[BUt the stats won't count! It didn't happen here in the USA and it was Trumps fault LOL. https://t.co/CwLEdJBXQg]]></document>
		<document><![CDATA[@Vallmeister mate didn't happen ur full of shit, it wasn't whites.]]></document>
		<document><![CDATA[@Cernovich picture of Pigs Head Please]]></document>
		<document><![CDATA[@Darren32895836 @CBCNews who did it White Rednecks named Jose?]]></document>
		<document><![CDATA[So true Libtards ok with Bombing the crap out of Arabs but ban them from coming is hitler like and racist😄 https://t.co/qslo2PwGdA]]></document>
		<document><![CDATA[Just get into boats and head to Cuba Libtards https://t.co/kj7Ye9ohff]]></document>
		<document><![CDATA[So the left supports throwing gay people off of roofs. Who is hateful? No common sense at all. https://t.co/vuzph902u9]]></document>
		<document><![CDATA[Not a Muslim Ban a Vetting aban from limited number of states for security https://t.co/RMmf29lBTW]]></document>
		<document><![CDATA[@annaleclaire @lifebythecreek @JFABtm is this antimazi idiot one of yours, where do they find them? I am pissed at how far CLintons kool aid]]></document>
		<document><![CDATA[@antinazipatrol @FreeLifesMatter Yeah Toddlers attack shoppers in Malls by wielding knives u dumb ass.]]></document>
		<document><![CDATA[@lifebythecreek @annaleclaire @JFABtm Maybe read a History book and see what immigrants went through at Ellis Island. 4hrs in customs Bad?]]></document>
		<document><![CDATA[@antinazipatrol @FreeLifesMatter I can suck my big fat dick.]]></document>
		<document><![CDATA[@antinazipatrol @FreeLifesMatter SO u think an extra 4 hrs in customs isn't worth security. PPL used to wait for months on ships at Ellis Is]]></document>
		<document><![CDATA[@antinazipatrol @FreeLifesMatter who is the anti Semite 222 million to HAmas, Jerusalem not Israel? 1.4 BL to Iran, Muslim brotherhood, FU]]></document>
		<document><![CDATA[@antinazipatrol @FreeLifesMatter U dumb ass, u don't even know me and call me a racist becuase ur parrot idiots on CNN do. U have no reality]]></document>
		<document><![CDATA[@mattmfm I guess NYC and LA are supposed to run the country. NOt! Ur in the minority peeps deal with it. Most of the country is sane TK God.]]></document>
		<document><![CDATA[@altochulo @MaketheRoadNY Get Diblasio to join you and March right into the East River. Have a good swim. GEt the F outta here.]]></document>
		<document><![CDATA[@LivingBlueinRed No they just rape@women in the ass beat them to a pulp and leave them naked on the road. Feel bad for your partner.]]></document>
		<document><![CDATA[@MaketheRoadNY March right down by Twon Towers mate. Spit on the ground and piss on the memorial. THe majority doesn't not have to bend. FU]]></document>
		<document><![CDATA[@soit_goes @l_tepe Let me ask. Is spending an extra hour answering questions about what I were doing in Yemen = a Muslim Ban? U stupid?]]></document>
		<document><![CDATA[@SenWarren why didn't you fight to rebuild some of these decrepit airports. U have Jerusalem to Palestinians and 222 mill to buy weapons.]]></document>
		<document><![CDATA[@SenWarren Pocahontas it's a terror ban not a Muslim ban. An extra hour or 2 in customs is no great price to pay for US security.]]></document>
		<document><![CDATA[IT is called the rule of existing law u dumbasses. Look at Europe. Building walls, deporting illegals, wtf is wrong with u ppl #NoBanNoWall]]></document>
		<document><![CDATA[@HxnsDxnixl That is exactly why we voted for Trump dumb ass. We don't want to see American lives dying overseas. But ur too fkn dumb 2 know]]></document>
		<document><![CDATA[@FreeLifesMatter @antinazipatrol Anti Nazi patrol, you dipshit u wouldn't know the break of daylight if it didnt vaporize ur blood suckg ass]]></document>
		<document><![CDATA[@FreeLifesMatter @antinazipatrol of their bullshit. Only the Libtards here in the states are dumb enough to buy into Soros and his boy lover]]></document>
		<document><![CDATA[@FreeLifesMatter @antinazipatrol Maybe they wouldn't be facing the blowback from across Europe also. Dutch PM, UK, French, everyone is sick]]></document>
		<document><![CDATA[THat is why these Libtards don't understand it isn't a Muslim Ban it's a terror ban. If Mosques cooperated and gave… https://t.co/9sevfGHO2O]]></document>
		<document><![CDATA[@Ben__Ouellette sorry liberal idiots r so desperate to equate 5 hours in customs with Native American genocide and Japanese intern LIBTARDS!]]></document>
		<document><![CDATA[@_brittney_1D go back to your boy loving tea leave smokers and tell them real men run this country now]]></document>
		<document><![CDATA[@HxnsDxnixl It doesn't belong to the towelheads either mate]]></document>
		<document><![CDATA[@sportsweartees that's part of it, how the world works Frenchie]]></document>
		<document><![CDATA[@The_True_Evil lucifer speaks lol, go figure lucifer supporting Muslims lol]]></document>
		<document><![CDATA[@chaseamazing  ur mom doesn't know jack ur just spitting out BS keep watching CNN. U feel bad we dropped a bomb on Japan 2.]]></document>
		<document><![CDATA[@louis_purva yeah keep. Preaching that shit at ur mosque, use our freedoms to bring caliphate to power. This isn't Paris this is Sparta]]></document>
		<document><![CDATA[@lennoxesq there u go dumb ass donate $20 why don't you get back the 222 million ur piece of shit OBama gave to terrorists, did I protest]]></document>
		<document><![CDATA[@jcramermontes @SenWarren @loganinternat is she from NY get Dickhead difladio doe there with Pocahontas then deport both of them]]></document>
		<document><![CDATA[@AlirezaZAV don't let the big door hit you in the ass on the way out.]]></document>
		<document><![CDATA[There is no Muslim ban. There is a ban on exporters of terror. The list should be longer. This hashtag is BS. #terrorban not #MuslimBan]]></document>
	</documents>
</author>