<author lang="en">
	<documents>
		<document><![CDATA[I'm so hungry but we just moved flat so I have NO FOOD]]></document>
		<document><![CDATA[Another #vlog from me! https://t.co/5yclgzEito]]></document>
		<document><![CDATA[Another film review, this time on #Passengers which starred #ChrisPratt and #JLaw. Please watch and subscribe! https://t.co/uLXkX0TO7P]]></document>
		<document><![CDATA[PLAYGROUND ADVENTURES ft. THOMAS // Josie's Vlog https://t.co/y5e6U1sQlA via @YouTube]]></document>
		<document><![CDATA[Everyone who works customer service knows you don't speak over customers ESPECIALLY WHEN THEY ASK QUESTIONS]]></document>
		<document><![CDATA[When the guy at the call centre continually speaks over you...]]></document>
		<document><![CDATA[It's a messy bun kinda day #messy #hair #gurl #style https://t.co/Dd8JUrrwRC]]></document>
		<document><![CDATA[I did a film review on La La Land #filmreview #LaLaLandMovie #goldenglobes2017 https://t.co/Ptr7nDMPtP]]></document>
		<document><![CDATA[I get really upset when the pedestrian traffic lights don't make noises when they turn green bc I never notice them change otherwise]]></document>
		<document><![CDATA[Damn, they are staring to take down the Readings Carpark.... #wewillrebuild]]></document>
		<document><![CDATA[My #filmreview on #StarWarsRogueOne 
https://t.co/2cDEMdNWy3]]></document>
		<document><![CDATA[When the chicken looks dicy but you eat it cause if you get food poisoning at least you can get an extension on the essay you got due]]></document>
		<document><![CDATA[I am wearing a bra therefore this is an outfit- a novel by me]]></document>
		<document><![CDATA[When your friend is in labour and all she messages you is 'well this is uncomfortable' hahhaha]]></document>
		<document><![CDATA[Why are all Wellington landlords assholes?]]></document>
		<document><![CDATA[Lazy days

 #selfie #girl #publicholiday #sleepy #pretty #smile https://t.co/WJy2Z3TJHw]]></document>
		<document><![CDATA[Excited to see what Chris Chibnell does with Doctor Who, turns out he has written a few of my fav episodes]]></document>
		<document><![CDATA[2015 really has been my year]]></document>
		<document><![CDATA[That oh shit moment when the light saber flies past Kylo Ren and to Rae instead #StarWarsTheForceAwakens]]></document>
		<document><![CDATA[Alex texted me today just to tell me he saw a cute dog hahahha aw]]></document>
		<document><![CDATA[You don't lose real friends, just people pretending that they are real friends]]></document>
		<document><![CDATA[If you like the way you look so much well maybe you should go and love yourself]]></document>
		<document><![CDATA[why clara why clara why clara why clara why clara why clara why clara why clara why clara why clara why clara why clara]]></document>
		<document><![CDATA[The tumblr vibes]]></document>
		<document><![CDATA[The answer is yes]]></document>
		<document><![CDATA[My bf just bought me tampons cause my tummy hurts too much to go buy them.. is this what it means to have someone love you?]]></document>
		<document><![CDATA[I'm just saving money for the coffin they bury me in]]></document>
		<document><![CDATA[Getting home from work at 7:30 to find your boyfriend asleep in your bed :L]]></document>
		<document><![CDATA[Be wary of guys in their twenties who go for girls under 20 there is a reason they can't get girls their own age]]></document>
		<document><![CDATA[He hugs me so tight all my broken parts fall back together 😍]]></document>
		<document><![CDATA[Don't bitch about me to my best friend and expect me not to find out asshole]]></document>
		<document><![CDATA[We actually do things together that aren't sitting around watching TV 😍😍]]></document>
		<document><![CDATA[Forcing Alex to watch Doctor Who and being jealous he is experiencing David Tennant for the first time #IDontWantToGo]]></document>
		<document><![CDATA[i'm so used to feeling guilty when I ask to spend time with someone]]></document>
		<document><![CDATA[I thought the sunglasses were a joke but nope they are going through with it #BringBackTheSonicScrewdriver]]></document>
		<document><![CDATA[Cuddles and snuggles 😍😍]]></document>
		<document><![CDATA[I'm so fucking insecure about 'being me']]></document>
		<document><![CDATA[JUST DON'T FUCKING CHEAT ON SOMEONE CAUSE IT EFFECTS EVERY ONE OF THEIR FUTURE RELATIONSHIPS]]></document>
		<document><![CDATA[@mason_josie I realise there is no proof this is real BUT IT IS OK OK]]></document>
		<document><![CDATA[FUCK YES ITS A DATE I AM DATEABLE YUSS http://t.co/iFNHSRsEEs]]></document>
		<document><![CDATA[One day I'll be living in a big old city and all you're ever gonna be is mean 💁]]></document>
		<document><![CDATA[meeting your friend's bf for the 1st time like hello i'm the coauthor of all the text messages you received. we should get along fine]]></document>
		<document><![CDATA[Democratic snakes
#DoctorWhoSeries9]]></document>
		<document><![CDATA[When you finally get to kiss the person you've been crushing on for weeks 😍😍]]></document>
		<document><![CDATA[Oh so I so have trust issues when it comes to romantic relationships]]></document>
		<document><![CDATA[They call it 'falling for someone' cause you'll just end up hurt]]></document>
		<document><![CDATA[have u ever accidentally opened the wrong cabinet in ur kitchen and it’s just like wtf how long have i lived here again]]></document>
		<document><![CDATA[98% of my upper arm strength comes from blow drying my hair and the other 2% is from taking selfies]]></document>
		<document><![CDATA[Its been five years and I still don't know what it means to be 'feeling so fly like a g6']]></document>
		<document><![CDATA[I'll never capture your heart the way she did]]></document>
		<document><![CDATA[Brain: You still like him, even though you've been broken up three months? 

.....

Heart: yeah. I'm sorry.]]></document>
		<document><![CDATA[https://t.co/qzQL48GnK6 
Holy fucking shit I felt this in my soul, its so raw and honest. I've watched part one and two three times tonight]]></document>
		<document><![CDATA[I tried putting myself in your shoes but they were cheap and nasty like u]]></document>
		<document><![CDATA[Yeah I want us to be friends too 
*dies inside*]]></document>
		<document><![CDATA[@Timmydasta yeah but the rebels aren't that good either, they are just fighting for there beliefs like the empire. Its just warfare]]></document>
		<document><![CDATA[Current mood http://t.co/cpiZD8GKFy]]></document>
		<document><![CDATA[I REALLY LOVE THE LOOK ON PEOPLE’S FACES WHEN THEY REALIZE THEY’RE ABOUT TO FALL OFF A CHAIR]]></document>
		<document><![CDATA[What evidence do we have from episode 4 and 5 that The Empire was actually that bad ? Just saying.]]></document>
		<document><![CDATA[@Timmydasta the test was way too accurate to be comfortable]]></document>
		<document><![CDATA[Not even sorry for party rocking]]></document>
		<document><![CDATA[Turns out there is more than just One Direction #RIPoneD]]></document>
		<document><![CDATA[140 characters cannot describe how nice tonight was 😊😊]]></document>
		<document><![CDATA[Did we eat hot food last night ? Cause my tongue is burnt af but I can't remember eating...]]></document>
		<document><![CDATA[You promised to stay my friend and to be there for me tho... http://t.co/kQh9CLGqB4]]></document>
		<document><![CDATA[Me: I'm watching (insert name here)
Person: have you got up to (insert spoiler here)
Me: no. No I have not. And thank you 👍]]></document>
		<document><![CDATA[I respect people who tell me the truth, especially when it's not easy]]></document>
		<document><![CDATA[I'm a ISFJ personality type 👍👍👍]]></document>
		<document><![CDATA[Well maybe the lack of beard will help me get over you because nothing else in the last two and a half months has]]></document>
		<document><![CDATA[im never opening up to anyone ever again its a stupid idea]]></document>
		<document><![CDATA[i just want perfect skin and hair and teeth and body proportions and endless supplies of money and intelligence is that too much to ask for]]></document>
		<document><![CDATA[@mason_josie but I mean I haven't kissed someone since June so what would I know lol]]></document>
		<document><![CDATA[Me: I'm over it
Me: thinks about it 67482919385786 times]]></document>
		<document><![CDATA[The best feeling in the world is kissing someone for the first time when you’ve really wanted to kiss them for a long time.]]></document>
		<document><![CDATA[@spam_adams hahahah How I Met Your Mother has sooo many relateable characters I love it , am rewatching it atm 👍]]></document>
		<document><![CDATA[Said Ted to Robin on their first date 
(I'm Ted)]]></document>
		<document><![CDATA[reasons to be a mermaid:

∙no periods
∙no pants
∙i also want to lure men into the ocean and drag them down until they drown]]></document>
		<document><![CDATA[I'm gonna actually cry if he is mean to me again tomorrow]]></document>
		<document><![CDATA[If you can't handle my moody you don't get the booty]]></document>
		<document><![CDATA[When you see my face hope it gives you hell]]></document>
		<document><![CDATA[You actually don't like me at all and I can't change that your opinion no matter how hard I have tried]]></document>
		<document><![CDATA[Have you ever moved your foot wrong and it starts to cramp and you're just like this is it.. This is how it ends]]></document>
		<document><![CDATA[I regret letting people in when they don't actually deserve to know me that well]]></document>
		<document><![CDATA[I have no idea if what I am writing is even making sense I just want to get it over and done with ☺☺☺☺☺ #mediafun]]></document>
		<document><![CDATA[I just spent twenty minutes doing my makeup. I'm not going out tonight. I'm in a onesie in bed doing an assignment looking hella cute]]></document>
		<document><![CDATA[Literally me last night. I'm fucking done. http://t.co/Di0O1d3ig2]]></document>
		<document><![CDATA[You just need to grow a fucking spine. I'm so done being your punching bag.]]></document>
		<document><![CDATA[@Timmydasta I'm just imagining being forced to take it seriously in order to review it]]></document>
		<document><![CDATA[@Timmydasta hahahahah probably one of the worse ways to go 😂😂]]></document>
		<document><![CDATA[I'm old, I'm tired, I drank all the milkshakes so get out of my yard]]></document>
		<document><![CDATA[My 'its all good, not a big deal' game is strong]]></document>
		<document><![CDATA[Nearly a year later and I'm still trying to wrap my head around who you turned out to be and my own stupidity for not seeing it]]></document>
		<document><![CDATA[Every time I come back to Blenheim another photo has fallen off my teenage photo wall. I think its a metaphor but idk what of]]></document>
		<document><![CDATA[Someone outside my window just said VERY LOUDLY "he punched a girl right in the pussy, right there on her clit" WHAT.]]></document>
		<document><![CDATA[Winged eyeliner so sharp it can stab u straight thru the heart xoxo]]></document>
		<document><![CDATA[When you gamble and put your trust in someone and it pays off 👍👍👍👍]]></document>
		<document><![CDATA[How do I make the feelings stop? 😫😫😫😫#rejectionsucks #itsbeensixweeks #whydoesitstillhurt #imridiculous]]></document>
		<document><![CDATA[I really wanna see Ant-man again!!!]]></document>
		<document><![CDATA[I drank two bottles of wine last night and then Facebook notified me it was Cam's birthday so I baked him a cake while drunk hahahah]]></document>
		<document><![CDATA[Saw Paper Towns a week ago here in NZ and loved it @johngreen ! #wallofcow]]></document>
		<document><![CDATA[Coming home to a rude aggressive message from the guy you sorta still like is enough to make you cry for the first time in months 👍👍👍]]></document>
	</documents>
</author>