<author lang="en">
	<documents>
		<document><![CDATA[@ashgriffin00 thank u Ashleigh 😄]]></document>
		<document><![CDATA[Me and ciara went a random pub in town for a drink just chilling there and Gavin James jumps on stage wtf amazing hahahahaha]]></document>
		<document><![CDATA[@DavidMcCartney7 thanks Dave ly x]]></document>
		<document><![CDATA[@katenoballs knew there was something dodgey about u]]></document>
		<document><![CDATA[@shannonbyrne5 thank u Shannon 😊]]></document>
		<document><![CDATA[@DavidNick1717 thank u my dude ❤️]]></document>
		<document><![CDATA[21 today man I'm old as shit]]></document>
		<document><![CDATA[@emmahayden33 yeah nice tip for them anyway hahaha aw I'm a gobshite]]></document>
		<document><![CDATA[@emmahayden33 sent me da down they said they didn't see it raging hahaha]]></document>
		<document><![CDATA[Hope whoever took it had a good night]]></document>
		<document><![CDATA[Honestly killing me that I left a card in the pub last night that had the guts of €200 in it aw sick]]></document>
		<document><![CDATA[Managed to lose my keys and the card that the lads got me last night brilliant happy bday to me]]></document>
		<document><![CDATA[Can't stop thinking about that pizza after the academy it was so graceful]]></document>
		<document><![CDATA[Omg Ciara got me tickets to THE CORONAS]]></document>
		<document><![CDATA[@ashgriffin00 be awful hahaha atleast no one be there to witness]]></document>
		<document><![CDATA[@ashgriffin00 be absolutely sweating waiting for people to show hahahaha]]></document>
		<document><![CDATA[So glad I'm not having a function for my 21st anxiety of that]]></document>
		<document><![CDATA[Actually getting excited for my bday]]></document>
		<document><![CDATA[Obviously Thorpe Park and Legoland are closed the weekend me and Ciara are going to London]]></document>
		<document><![CDATA[Food and drinks after college with Ciara how fantastic]]></document>
		<document><![CDATA[College is fucking lit]]></document>
		<document><![CDATA[I'm starting college tomorrow and won't have any mates and will have to eat my packed lunch alone]]></document>
		<document><![CDATA[@clilpeth hey I'm still hip !]]></document>
		<document><![CDATA[There's no escape]]></document>
		<document><![CDATA[I finished up working in spar yesterday and guess who just got called in to work]]></document>
		<document><![CDATA[I'm awake half an hour and I'm already bored]]></document>
		<document><![CDATA[Ciara is genuinely concerned that I'm going to be bullied in college what the hell]]></document>
		<document><![CDATA[Nothing beats a good cup of tea after getting home from a holiday]]></document>
		<document><![CDATA[Time for Poland wooo]]></document>
		<document><![CDATA[It's only really hit me that I'm going Poland tomorrow wow]]></document>
		<document><![CDATA[@CarlyShannon3 I've never seen such accuracy hahahah]]></document>
		<document><![CDATA[@CarlyShannon3 hahahahaha such a horrible place honestly couldn't be happier to be getting out of it]]></document>
		<document><![CDATA[Just found out that my Ma and Da are going to London the same day me and ciara are going hahahahahahaha where's the bleach]]></document>
		<document><![CDATA[Giving in my weeks notice to work today and I'll be in Poland all of next week haha]]></document>
		<document><![CDATA[@robbiefox96 got an apprenticeship man be going to college and all with it hahaha]]></document>
		<document><![CDATA[@emmahayden33 thanks Emma absolutely delighted hahah]]></document>
		<document><![CDATA[@clilpeth can't wait to tell dermot to eat a dick]]></document>
		<document><![CDATA[I have finally been released from the cold shackles of spar !!]]></document>
		<document><![CDATA[Patiently waiting for Ben Howard to return to Dublin]]></document>
		<document><![CDATA[Why does Dublin have to have such poxy nightlife hahah]]></document>
		<document><![CDATA[I fell flat on my face in front of Ciara's Da TWICE and he won't ever let me live it down]]></document>
		<document><![CDATA[@clilpeth hey she came onto me !]]></document>
		<document><![CDATA[@LukeHughes6 it was a fucking class year wasn't it hahaha]]></document>
		<document><![CDATA[I'm bitching about the cold here and it's 5 degrees goodluck to me in Warsaw it's -9 gonna die]]></document>
		<document><![CDATA[2016 was the best year ever so many good times and great memories]]></document>
		<document><![CDATA[@R_Kavvy hahaha it's rotten ppl do be shocked that u have a life outside of work like]]></document>
		<document><![CDATA[@R_Kavvy it's all downhill from here hahahah]]></document>
		<document><![CDATA[This has been the worst day ever]]></document>
		<document><![CDATA[Beyond rallied, home early from work, straight to bed]]></document>
		<document><![CDATA[Can't wait to give Buster his stocking tomorrow]]></document>
		<document><![CDATA[There's something so appealing about drinking Guinness at Christmas time]]></document>
		<document><![CDATA[Liverpool tomorrow WHOPPER]]></document>
		<document><![CDATA[@clilpeth the last thing he needs is to be encouraged]]></document>
		<document><![CDATA[@LukeHughes6 A's galore keep up the good work]]></document>
		<document><![CDATA[@LukeHughes6 plot twist u do get A's drinking all the time]]></document>
		<document><![CDATA[@LukeHughes6 he's a mystery alright]]></document>
		<document><![CDATA[My da turns around to me earlier "I heard that show pretty little liars is good think I'll give it a watch" WHAT hahahahahah]]></document>
		<document><![CDATA[I'm moving out]]></document>
		<document><![CDATA[Face swapped with my Da and j cannot unsee this]]></document>
		<document><![CDATA[Not much longer I can last in my job until I have a mental breakdown]]></document>
		<document><![CDATA[@LukeHughes6 hahahah you love creeping on my twitter]]></document>
		<document><![CDATA[Who decides to have a Christmas party on a Thursday like cmon guys]]></document>
		<document><![CDATA[Watching awful horror films with the lads is one of my fav pastimes]]></document>
		<document><![CDATA[Don't have the patience for spar this week]]></document>
		<document><![CDATA[Finally have Ciara sorted for Christmas the relief]]></document>
		<document><![CDATA[Merry Christmas https://t.co/L6FmDzy1or]]></document>
		<document><![CDATA[@TSBible @robbiefox96 left the oven on]]></document>
		<document><![CDATA[Gary Cahill is painful to watch]]></document>
		<document><![CDATA[Incredible stuff]]></document>
		<document><![CDATA[J Cole releasing a new album next week just tops off 2016 for me]]></document>
		<document><![CDATA[Ciara's a fucking legend]]></document>
		<document><![CDATA[@LukeHughes6 spar life is not for me]]></document>
		<document><![CDATA[Don't wanna go to sleep because when I wake up I'll have to go to work and I'm not ready for that]]></document>
		<document><![CDATA[Last night was wonderful so much Guinness was had]]></document>
		<document><![CDATA[Y do crack heads always hand u soggy notes 😭]]></document>
		<document><![CDATA[Three holidays in the next four months how fantastic is that]]></document>
		<document><![CDATA[Haven't worked on a Sunday in so long it's the sickest thing in the world]]></document>
		<document><![CDATA[My brother got some great photos of the locals while he was in New York https://t.co/gZYRKah0M7]]></document>
		<document><![CDATA[Ciara has NEVER heard of Star Wars before what the hell I didn't know my girlfriend was a nazi]]></document>
		<document><![CDATA[What a fantastic night with my chums]]></document>
		<document><![CDATA[Thursday night hurt my soul still absolutely rallied]]></document>
		<document><![CDATA[@LukeHughes6 This is no bueno]]></document>
		<document><![CDATA[@AaronBlakeOC Hahahaha only positive things to come from that election]]></document>
		<document><![CDATA[Can't wait for Trump to be assassinated]]></document>
		<document><![CDATA[Ciara is the greatest human ever]]></document>
		<document><![CDATA[Ciara has the worst balance ever she can't walk one metre without falling]]></document>
		<document><![CDATA[What a way to top the table quality game of football]]></document>
		<document><![CDATA[Christ almighty Hazard is a beast]]></document>
		<document><![CDATA[Christmas shopping is already putting a strain on my health]]></document>
		<document><![CDATA[Wouldn't say my day was overly successful]]></document>
		<document><![CDATA[Theory test today : Got bus to the wrong place, got another bus back to town, ran from dame street to Connolly to make it on time - failed]]></document>
		<document><![CDATA[The lads kept fingering my bullet hole last night it was v unsettling]]></document>
		<document><![CDATA[Two little young fellas knocked at my door trick or treating not even dressed up just mooching for food u can have cheese puffs for that]]></document>
		<document><![CDATA[Some alco came into my job earlier and started dancing along to thriller it was such an uncomfortable experience]]></document>
		<document><![CDATA[Really not into Halloween this year]]></document>
		<document><![CDATA[My one day off this week and I get woken up before 9am, where d bleach at]]></document>
		<document><![CDATA[@clilpeth love ya too 😇]]></document>
		<document><![CDATA[Liverpool next month and Budapest in January WHOPPER]]></document>
		<document><![CDATA[That episode was disgusting and heartbreaking and I fucking loved it]]></document>
		<document><![CDATA[Just two hours until new walking dead the anticipation !]]></document>
	</documents>
</author>