<author lang="en">
	<documents>
		<document><![CDATA[I want to get up early to work out before rehearsal tomorrow.
And I ALSO want to get up early to go eat waffles.
So torn over here, folks.]]></document>
		<document><![CDATA[On my walk home from the rehearsal hall every night I pass the Chemainus theatre all lit up 🎉✨ https://t.co/s1GfV6t3Je]]></document>
		<document><![CDATA[@WhiskayeFilms 100% agree. I just can't handle Trump claiming his racist beliefs are Christian. Muslim does not mean extremist.   Period.]]></document>
		<document><![CDATA[@realDonaldTrump Stop pretending you have Christian values. There are endless numbers of Christians who cannot believe you are in power]]></document>
		<document><![CDATA[Day off in Chemay https://t.co/gf5Ol4pg7s]]></document>
		<document><![CDATA[So tired &amp; sad that Christianity is associated with right-wing politics. What is happening is not Christian. It is not of love. It is fear.]]></document>
		<document><![CDATA[I've got my rehearsal pencil ooooh ya https://t.co/BHrDhP5QWa]]></document>
		<document><![CDATA[Tomorrow's my 1st day of Pride and Prejudice rehearsal &amp; right now I'm listening to music for Bard on the Beach designs. Good things ahead❤️]]></document>
		<document><![CDATA[The last moments before long distance again! ❤️😢]]></document>
		<document><![CDATA[Just saw a well-dressed businessy man yell "get a real job" at a bus driver. For telling him he locked his bike in the way of buses. Um😡]]></document>
		<document><![CDATA[All of the posts about the marching today are beautiful and inspirational. Proud proud proud. #nastywoman #notmypresident]]></document>
		<document><![CDATA[@Cassandra_Actor i totally know what is happening and why this is being posted]]></document>
		<document><![CDATA[My DND character Meryl Sheep just died :(]]></document>
		<document><![CDATA[@letsgotothemall spoiled this bride to be with a beautiful #katespade planner. She knows me well. https://t.co/2ZNp02phzv]]></document>
		<document><![CDATA[Every time I show my ring to someone I hold my breath and hope they don't say "man you have hairy fingers for a blonde girl"]]></document>
		<document><![CDATA[guest lists for weddings UGH AM I RITE]]></document>
		<document><![CDATA[Not sure whether to hate or admire the man on the bus repeatedly shout-asking "why does it smell so much like chicken and broccoli?! Why?"]]></document>
		<document><![CDATA[#VALENTINES. 
Hey lovelies!

Want to purchase a handmade Valentine made with poetry, maps, or… https://t.co/gSTUDYQrCA]]></document>
		<document><![CDATA[When you have a piano but your Vancouver home is small so you visit it in a storage unit. https://t.co/IyCGw9Q42G]]></document>
		<document><![CDATA[#Vancouver finally feels like home to me. Peaceful Coal Harbour walk to clear my head and say bye before going away… https://t.co/rQ5jLWI52L]]></document>
		<document><![CDATA[Unexpected tweet about avocados]]></document>
		<document><![CDATA[@EvanFrayne lovely work on Fighting Season. ❤️❤️]]></document>
		<document><![CDATA[An old man asked me for directions at the airport and I accidentally lied and led him astray and it's all I can think about I AM SO SORRY]]></document>
		<document><![CDATA[And allllso super stoked to do my first show at @ChemainusThtr! Getting my British on :)]]></document>
		<document><![CDATA[Can't wait to get my pjs on and catch up on all my cult documentaries.]]></document>
		<document><![CDATA[HOW are nuts still not only allowed on some flights, but *handed out* on them!???]]></document>
		<document><![CDATA[Salt Lake City: you have some very nice moving sidewalks. Good job. I had a quick but great time.]]></document>
		<document><![CDATA[Will I make my connecting fliiiiiiiight? #airportsoundtrack]]></document>
		<document><![CDATA[Self care matters. You matter.
Love on yourself.
Love on your anxious friends.
Fearlessly break the stigma to do with mental illness.]]></document>
		<document><![CDATA[Um @PeterNChrisShow KILLED IT at @SFSketchfest tonight. Killed. It. Excuse me as I pee myself laughing.]]></document>
		<document><![CDATA[For those of you who were wondering, yes Chris seems to approve of the engagement @imchriswilson https://t.co/BvmZIzUklA]]></document>
		<document><![CDATA[ACT San Fran. When you run into theatres just by accident. 😊 https://t.co/jjQ2SZ94mv]]></document>
		<document><![CDATA[Podcats? Podcasts by cats? About nice cat things?]]></document>
		<document><![CDATA[The sad thing about podcasts is I feel like I just hung out w fun close friends but when it's done I realize they didn't hang out w me :(]]></document>
		<document><![CDATA[Bc I'm short I have so much anxiety just before boarding flights, worried about how dumb I'll look trying to get stuff in overhead bins]]></document>
		<document><![CDATA[Went in for a kiss and Peter did the mannequin challenge to me. thaaaaaanks babe]]></document>
		<document><![CDATA[@Delta awesome, thanks! Just wanted to make sure it was valid and not something that would be an issue.]]></document>
		<document><![CDATA[@Delta Online checkin and tho I booked my name written correctly (Julie Patricia), my name is listed as juliepatriciams. Is that right? Thx]]></document>
		<document><![CDATA[SAN FRAN BDAY TOMORROW]]></document>
		<document><![CDATA[Butt dialled my employer this morning and woke up to the small "hello?? ....HELLO?" of her voice coming from my bed. Nice Julie.]]></document>
		<document><![CDATA[@SMLois haha for the wedding or to create my enemies?
Also I realized I meant to become my enemies.
Not of each other. Haha weird]]></document>
		<document><![CDATA[Making super rough list to see how bad making a wedding guest list is gonna be. Some of you have to become enemies for me to help me out thx]]></document>
		<document><![CDATA[Oh! Now it's 22 year old @ivandecker in SPY episode]]></document>
		<document><![CDATA[Other good wifi names I just read: OldYeller69, candycorn, outermet, aggressiveitalian]]></document>
		<document><![CDATA[I love telling my phone to connect to wifi as I'm on the bus to read the weird names. 

Mommasbroccoli2 I totally saw you]]></document>
		<document><![CDATA[@AdamPateman you are **23** in the episode I'm listening to! Muppet baby!]]></document>
		<document><![CDATA[I'm listening to a Stop Podcasting Yourself ep from 2008 and they just did a shout out to you @sarabynoe and said you were their 1st fanmail]]></document>
		<document><![CDATA["Why are you fighting?"
"She won't call me Queen Christmas!!"

Ah yes. Clearly a big problem. #nannylyfe]]></document>
		<document><![CDATA[It is important to know that some brands of ice cream sandwiches are 10/10 and others are definitely only a 6/10.]]></document>
		<document><![CDATA[I just really want to go play bingo with some friends. What is so wrong with that?]]></document>
		<document><![CDATA[@LuvgvsUwngs your support of Mariah was so evident and as a person of faith I appreciate how you poured out live for the gay community!]]></document>
		<document><![CDATA[#Weddingplanning weird blog titles
"How to decorate with seemingly useless ladders"]]></document>
		<document><![CDATA[I'm pretty sure that opening and using a brand new box of crayons feels even better than it probably should.]]></document>
		<document><![CDATA[#coffee https://t.co/1UIPu2Kc60]]></document>
		<document><![CDATA[ONE MONTH AGO I got my wisdom teeth out and my face is STILL bruised.]]></document>
		<document><![CDATA[Maaaaan she is so poised and articulate while talking important things. https://t.co/Uvx106WQM5]]></document>
		<document><![CDATA[I have had a very busy evening vacuuming salt from my front entryway.]]></document>
		<document><![CDATA[Those breaking news stories about not using q-tips are really getting around eh]]></document>
		<document><![CDATA[So far my film typecast is either scared woman or caffeinated woman. Pretty sure. https://t.co/rd5ZfndtJ6]]></document>
		<document><![CDATA[@Wendys my fiancé @PeterCarlone is your no. 1 fan. Will you sponsor our wedding meal??? #neverhurtstoask #weddingplanning #vancouverweddings]]></document>
		<document><![CDATA[I, like many other newyearnewme people, have redownloaded the duolingo ap]]></document>
		<document><![CDATA[Would having a blog about wedding planning while fighting an anxiety disorder be interesting? Or lame?]]></document>
		<document><![CDATA[I follow more beagles than people on Instagram]]></document>
		<document><![CDATA[Rum and coke and Scientology docs.
Oooooh Ya.]]></document>
		<document><![CDATA[Do I have any friends in Chicago? @PeterNChrisShow are there this weekend just to make you laugh! Lucky ducks.]]></document>
		<document><![CDATA[The fact that I could buy my wedding dress on Amazon if I wanted to makes me feel weird.]]></document>
		<document><![CDATA[Me: Hey A, can you help me carry some of these bags please?
A: I'm only 4 my arms are only strong to carry teddy bears and candy]]></document>
		<document><![CDATA[@erikrolfsen @theprovince @PeterCarlone this is where I take the kids to school!!!]]></document>
		<document><![CDATA[I go back &amp; forth whether I want kids, but do know I want to NAME some kids. Mail me your kid w return address/stamp &amp; I'll name &amp; send back]]></document>
		<document><![CDATA[@PeterCarlone remember when you told me if I was a dino I'd be a triceratops and I was so disappointed]]></document>
		<document><![CDATA[Excuse me I am just busy purchasing all of the cardigans at the thrift store]]></document>
		<document><![CDATA[Thrift shop til your head plops off]]></document>
		<document><![CDATA[@CuteKidVines @CuteOverloads @PeterCarlone watch it]]></document>
		<document><![CDATA[Finally came up with my New Years resolution: unsubscribe from all the emails that drive me nuts]]></document>
		<document><![CDATA[The effort it takes for me to not say "I KNOW I READ THE SIGN" to salespeople telling me things are 40% off is verrrrry high right now]]></document>
		<document><![CDATA[@ChrisKingMD perhaps! But if it is, then I have a feeling I am maybe doing my job as a nanny incorrectly haha]]></document>
		<document><![CDATA[Nanny kid playing: "It's slippery. Be careful driving. Don't crack your head on the road." 

Vancouver should maybe get roads cleared now?]]></document>
		<document><![CDATA[2 year old points to zit on my face: "You are dirty." 

Feeling good about 2017 being my power woman year]]></document>
		<document><![CDATA[I left a half hour early for work and yet I am still standing here waiting for my first bus... Glad I bought the large coffee this morning!]]></document>
		<document><![CDATA[We just youtubed dogs sneezing for quite a while #futurehusb]]></document>
		<document><![CDATA["Sometimes I don't feel bad for pandas becoming extinct because it doesn't seem like they try very hard" -@PeterCarlone]]></document>
		<document><![CDATA["All I want in life is a dog that sounds like a human when it sneezes" -@PeterCarlone]]></document>
		<document><![CDATA[Drinking coffee at TIFFANYS because I am classy https://t.co/ECXHP8INb0]]></document>
		<document><![CDATA[Finally got Blundstones. Here's to a dry feet 2017.]]></document>
		<document><![CDATA[Have you ever been really tipsy in a Tiffanys before?? This fiancée has!!!]]></document>
		<document><![CDATA[@PeterCarlone IM KING OF THE OGRES]]></document>
		<document><![CDATA[So happy to have these photo gems from Teen Angst Night run by @sarabynoe - the evening is… https://t.co/kq5jDjtFwQ]]></document>
		<document><![CDATA[I can tell the neighbours are making brunch because they keep singing the line about five dozen eggs from the Gaston song]]></document>
		<document><![CDATA[@ImChrisWilson glad you made it back to TO!! https://t.co/oDs47qvsPm]]></document>
		<document><![CDATA[Starting 2017 right by having a marathon of The Office. So basically nothing has changed! Woo]]></document>
		<document><![CDATA[My Italian FIANCÉ is making me spaghetti woo ❤️❤️]]></document>
		<document><![CDATA[New Year's Eve migraine baby]]></document>
		<document><![CDATA[@AmitaiMars @BrianFukushima miss vickies planet?]]></document>
		<document><![CDATA[Our bus driver is a CHAMP. Bad weather: other driver didn't get to us. He's saving us &amp; we don't have to sleep in a Revelstoke gas station]]></document>
		<document><![CDATA[The fastest way to make me sad, is to see a sad old man. There's one waiting to find out what to do bc the bus is full. My INFJ heart hurts.]]></document>
		<document><![CDATA[Only 12.5 hours left on the bus!!!]]></document>
		<document><![CDATA[@conradbelau was it creepy to do? I want to do it]]></document>
		<document><![CDATA[@kylaferrier ps I spent awhile trying to decide if "minded" was a word and if the past tense word was actually "mound"]]></document>
		<document><![CDATA[@kylaferrier so technically I said okay EVEN THOUGH SHE DIDNT ASK]]></document>
		<document><![CDATA[@kylaferrier she didn't ask!!! She reached across and plugged it in while talking on her phone, and I said "uh... Ooook"]]></document>
	</documents>
</author>