<author lang="en">
	<documents>
		<document><![CDATA[@megankirby26  dunno maybe spell his name right 🤔]]></document>
		<document><![CDATA[@LiamCarroll7 @CherwellPE do you even work there ?]]></document>
		<document><![CDATA[@Biggsy_8 it's back 😈]]></document>
		<document><![CDATA[I really hope Facebook ban of me liking/commenting on people's friendship is temporary💔]]></document>
		<document><![CDATA[@Jack_Linzey16 #MissYouToo #IsItLiverpoolsYearThisYear #WhoKnows #CantWaitToStrollSummers #JackLinzeyIsALad #HeWillFollowBack]]></document>
		<document><![CDATA[@LiamCarroll7 @ReeceJames96 @J_Ashby4 you boys having that 😂 https://t.co/CiMVazbsqI]]></document>
		<document><![CDATA[Talking to the boys has made my day 😅]]></document>
		<document><![CDATA[Proud of what @ReeceJames96 has achieved over the last few years. Good to see he's signed a 2 year extension at the… https://t.co/Rr6xMmrTw8]]></document>
		<document><![CDATA[Wouldn't mind marrying @geopage 😏🏉]]></document>
		<document><![CDATA[One of your best tweets sonny jim👏🏽🙌🏽 https://t.co/SpgUU7NL7i]]></document>
		<document><![CDATA[@WillEason8 @moonpig1992 @horspathcricket improvement from Bristol though]]></document>
		<document><![CDATA[@horspathcricket @_Coltscricket don't forget birthday boy @DanielJonees either]]></document>
		<document><![CDATA[How fucking good is the England rugby team! They might have a chance to beat the All Blacks winning record 🏉🇬🇧 @EnglandRugby]]></document>
		<document><![CDATA[Who's baptiste and why's everyone tweeting about him 🙉]]></document>
		<document><![CDATA[@LiamCarroll7 only another 8 months whopper❣️]]></document>
		<document><![CDATA[Please everyone pray for @laaucardy £21,000 returns on her accumulator 👍🏽 needs it to kick start her gambling career]]></document>
		<document><![CDATA[@WillEason8 @tyeyles I'm alive💪🏽 wouldn't like to of been on the 🍻 when it struck though #dizzy]]></document>
		<document><![CDATA[Happy birthday shirt and @tyeyles 🍻🍺👊🏽]]></document>
		<document><![CDATA[@PaigeGuldner hahah don't wanna experience another one 🙈😂 yeah all good just scary af 🙉]]></document>
		<document><![CDATA[Just experienced my first earthquake here, fair to say I'm not the biggest fan!]]></document>
		<document><![CDATA[How can Americans vote someone like that to be their president 🤔🙈]]></document>
		<document><![CDATA[50 and a win on my debut out here in New Zealand! Couldn't of got to a better start 🍻🏏]]></document>
		<document><![CDATA[@Jack_Linzey16 @BBCSport what a man]]></document>
		<document><![CDATA[@Acerno1 cheers rob 👍🏽 catch you for a few 🍺 at the club when I'm back 👊🏽]]></document>
		<document><![CDATA[Love you bro ❤️😔 I'll find that special hash brown somewhere 😇 https://t.co/AXRxqzLIjl]]></document>
		<document><![CDATA[Ledge cardz! I'll dab for ya across the world 😎 https://t.co/VhJFZxpo1I]]></document>
		<document><![CDATA[I know I'm only going for 9 months but saying goodbye to friends and family is still hard 😔💔]]></document>
		<document><![CDATA[Hahah good piccys there? Wouldn't miss that would I 😈 https://t.co/klfxetfKFP]]></document>
		<document><![CDATA[Listening to @DTrzin_PW and @J_Ashby4 on Xbox headset is making my day 😩😂😂]]></document>
		<document><![CDATA[@Jack_Linzey16 miss you too Chica]]></document>
		<document><![CDATA[Watching footballs so much better when you've got a bet on 💷]]></document>
		<document><![CDATA[16hour shifts should be illegal 💤]]></document>
		<document><![CDATA[@NeilMegson is one of Oxfordshires greats]]></document>
		<document><![CDATA[Night out]]></document>
		<document><![CDATA[Feast day @horspathcricket is always a corker]]></document>
		<document><![CDATA[@Fkatiee @tianakingsley @DTrzin_PW @NickWalton14 @RyRy0x3 or my awkward arm]]></document>
		<document><![CDATA[@DTrzin_PW It's great I've been pissed for all the time I've been 21]]></document>
		<document><![CDATA[@francescaa_amy you were just the one the one who had to 😒😂😂]]></document>
		<document><![CDATA[@francescaa_amy thanks you ! I'm officially a geriatric fuck 👴🏼🔫 xx]]></document>
		<document><![CDATA[@LiamCarroll7 hhaha cheers ya big whopper! Couldn't of picked worse pics 🙈😂❤️]]></document>
		<document><![CDATA[@j_cardy @laaucardy you were having a little nap lad 😂]]></document>
		<document><![CDATA[Wish I made the most of the days where I get on the sesh and wake up hangover free 😩]]></document>
		<document><![CDATA[The sesh]]></document>
		<document><![CDATA[@Jack_Linzey16 I battled through thick and thin. Bled, sweat and toiled through every last inch of paperwork]]></document>
		<document><![CDATA[@DTrzin_PW thanks bro! One of life's great achievements 😅]]></document>
		<document><![CDATA[Can't believe it's almost 2 years ago that I received a C in Public services 😍😍]]></document>
		<document><![CDATA[@BHenderson27 if this makes you feel any better about last game of the season... https://t.co/94Z7MOK0IF]]></document>
		<document><![CDATA[Group chat is gonna be lively soon 😂😂😂😂😂😂😂😂😂😂]]></document>
		<document><![CDATA[@ReeceJames96 @PureZante @LiamCarroll7 and €40 👀]]></document>
		<document><![CDATA[I know I'm gonna get fined for tweeting this late... But never been so buzzed for a cricket game🏏]]></document>
		<document><![CDATA[@Jack_Linzey16 you wanna hurt me? Mission accomplished 😓]]></document>
		<document><![CDATA[Refuse to get that Pokemon game 😤]]></document>
		<document><![CDATA[Atleast my phone charges🙃🙃🙃]]></document>
		<document><![CDATA[Well played Iceland]]></document>
		<document><![CDATA[Joe harts about as much use as a wanked off cock]]></document>
		<document><![CDATA[@ItsDeanTrzin is shitting it about this brexit malarkey #DeportDean]]></document>
		<document><![CDATA[I remember the first time I went to Ireland  https://t.co/w8LGMqfU1Y]]></document>
		<document><![CDATA[@joe_thomas96 well done mate! Go well, no doubt you'll boss it!💪🏻🏏]]></document>
		<document><![CDATA[@charliemarsh16 @Jack_Linzey16 well do you both proud 😝]]></document>
		<document><![CDATA[Devastated @Jack_Linzey16 and @charliemarsh16 can't come away with us 😪]]></document>
		<document><![CDATA[Cheers Ashley Williams]]></document>
		<document><![CDATA[Can't wait to be away with the boys next week☀️🍻😆]]></document>
		<document><![CDATA[@ItsDeanTrzin 3 years old on Thursday. But he's bigger than most his age, hence the uncertainty]]></document>
		<document><![CDATA[@ItsDeanTrzin hi mate, just enquiring about your David luke T-shirts for the kid. Ta.]]></document>
		<document><![CDATA[Do radio stations even play music anymore?!]]></document>
		<document><![CDATA[@horspathcricket will the clubhouse be open? Need to pay my membership 🙈]]></document>
		<document><![CDATA[Thought we were going for 7 days  https://t.co/jumRZOT4zF]]></document>
		<document><![CDATA[@Jack_Linzey16 @ItsDeanTrzin better than the night at corkers?]]></document>
		<document><![CDATA[@ItsDeanTrzin give us your list of your top 5 days]]></document>
		<document><![CDATA[@LiamCarroll7 cheers for the lunch pal #CardRoulette]]></document>
		<document><![CDATA[@BridieAJones was that from thirst 😂😂?]]></document>
		<document><![CDATA[@Jack_Linzey16 where did you inject snake venom ? Was it Cambodia ?]]></document>
		<document><![CDATA[@DanielJonees @WeAlIlKnowA bellend called Dominic !]]></document>
		<document><![CDATA[Good to see a team not buy there way to the title]]></document>
		<document><![CDATA[@RateMyToast_ 5:30am. Pissed up. Thoughts? https://t.co/05tfLat0r1]]></document>
		<document><![CDATA[Ffs I go to the pub for a couple drinks and end up getting back at 7am 😒]]></document>
		<document><![CDATA[“@paddypower: Here's Alberto Moreno trying to say 'Unbelievable Jeff' https://t.co/FHyV0Gtk5H (via @StudgeIsMyMate)” @Jack_Linzey16]]></document>
		<document><![CDATA[Training might be a bit cold later ❄️ #Layers]]></document>
		<document><![CDATA[@LiamCarroll7 I may have had to go somewhere🕵]]></document>
		<document><![CDATA[@mattyedney player of the year.]]></document>
		<document><![CDATA[Why's my mum Gotta like and comment on everything that I'm tagged in on Facebook]]></document>
		<document><![CDATA[Don't garibaldi me I'm a Choccy biscuit I swear  https://t.co/xbpBQOFqFG]]></document>
		<document><![CDATA[Whys Paedo Kennedy driving round cutteslowe at this time #kennedy]]></document>
		<document><![CDATA[@ramonahaghighi tempted..]]></document>
		<document><![CDATA[@NickWalton14 loves a beer...]]></document>
		<document><![CDATA[Scouting for girls are class]]></document>
		<document><![CDATA[Coachella looks so good😝]]></document>
		<document><![CDATA[Eventful day/night with the @horspathcricket lot in Bristol 🍺🍻🍾 #TurtleBay]]></document>
		<document><![CDATA[We'll lose to Bournemouth on Sunday though]]></document>
		<document><![CDATA[@Jack_Linzey16 Corrr love an u18s derby day]]></document>
		<document><![CDATA[AB De Villiers most talented player in the world of sports]]></document>
		<document><![CDATA[Could do with a maccas right now]]></document>
		<document><![CDATA[Group chat is liveeee🙉]]></document>
		<document><![CDATA[Ffs just found my first grey hair👴🏼]]></document>
		<document><![CDATA[Shock he's talking about uni whilst on holiday 😴 @LiamCarroll7 @J_Ashby4 @Jack_Linzey16 @NickWalton14 @ReeceJames96  https://t.co/0e7HbytZ2A]]></document>
		<document><![CDATA[@Acerno1 @horspathcricket more of the same tomorow 😂?!]]></document>
		<document><![CDATA[Favourite day of the year, the @horspathcricket pre season pub crawl tomorow!]]></document>
		<document><![CDATA[Wembley in a couple weeks😝]]></document>
		<document><![CDATA[Hate it when 1 pint leads to an expensive night out 😒]]></document>
		<document><![CDATA[Diamond King- cheers for the beer money 🐎🐎]]></document>
	</documents>
</author>