<author lang="en">
	<documents>
		<document><![CDATA[Fare thee well to the US of Sanity and hello the US of Insanity! What have you done? https://t.co/RfY5xi1jJk]]></document>
		<document><![CDATA[@CNN Nothing more to say really except - America you are in deep trouble!]]></document>
		<document><![CDATA[James Corden's Post-Ban Trip Through LAX https://t.co/Ej8c6gM1Qf via @YouTube]]></document>
		<document><![CDATA[Miami-Dade is the first sanctuary domino to fall: https://t.co/tN9sneb4Wy via @slate]]></document>
		<document><![CDATA[The stage is set for a brutal Supreme Court fight https://t.co/TA2f8l6ikS via @msnbc]]></document>
		<document><![CDATA[@ShawnSRocks @Martina Wait for the "fake news" screamers to turn up!]]></document>
		<document><![CDATA[@briantashman @KCStar I really wouldn't be boasting about being on that team!]]></document>
		<document><![CDATA[@davidmackau To be a good liar you must first have a good memory. Unfortunately, they have told so many lies they have confused themselves!]]></document>
		<document><![CDATA[@SamWiseSW Something tells me that he may be waiting.....till hell freezes over]]></document>
		<document><![CDATA[@SamWiseSW @PressSec With allies like that who would need enemies?]]></document>
		<document><![CDATA[How does the White House screw up Holocaust Remembrance Day? https://t.co/o8eznAra30 via @msnbc]]></document>
		<document><![CDATA[“Democrats boycott hearings of two cabinet nominees, demand the truth” by @RayOfLaurel https://t.co/zFoLD8DIKT]]></document>
		<document><![CDATA[Donald Trump sacks Attorney General after she refused to back 'Muslim ban'  https://t.co/uLJp9EcE3E]]></document>
		<document><![CDATA[Acting Attorney General Orders Justice Dept. Not to Defend Refugee Ban https://t.co/yOX2Q4OlLT]]></document>
		<document><![CDATA[@Martina @HuffPostPol They are afraid to face the fact that they were taken for a ride and are total and absoute gobdaws!]]></document>
		<document><![CDATA[@davidmackau @YahooNews Do they even believe half the excrement that they come out with? They must think people are thick as them!]]></document>
		<document><![CDATA[Protestors take to Britain's streets over Trump's visit https://t.co/TBY0ixzdT7 via @MailOnline]]></document>
		<document><![CDATA[One person refused entry to US at Dublin airport preclearance https://t.co/lnPZsQO4J8]]></document>
		<document><![CDATA[Scary read. Wake up folks before it's too late. https://t.co/8Ptjfgdaq5]]></document>
		<document><![CDATA[@saveHOVE @CatoInstitute @LouRubyPhillips @Martina Unfortunately Trump thinks we are all thick and living behind a wall of stupidity!!]]></document>
		<document><![CDATA[Steve Bannon's racist, anti-semitic, misogynistic views don't belong in the White House - Sign the Pe... https://t.co/KgglNfStH2 via @Change]]></document>
		<document><![CDATA[@newcivilrights Only in his, and his dedicated army of followers, heads #alternativeuniverse]]></document>
		<document><![CDATA[@newcivilrights Now, I will look after my friends in business!!!]]></document>
		<document><![CDATA[@newcivilrights It's harder to silence the people &amp; media now with the internet. What next? Internet censorship?]]></document>
		<document><![CDATA[Mike Pence Said Calls to Ban Muslims Are 'Offensive and Unconstitutional'? https://t.co/w0Dm0FV4oL]]></document>
		<document><![CDATA[Humanity strikes back at @realDonaldTrump. Join the #WorldToTrump open letter that’s sweeping the planet! #Trump https://t.co/ttRjQCal7G]]></document>
		<document><![CDATA[America's billionaires add a combined $15.8BN to their net worth https://t.co/0nNViZ0Ikk via @MailOnline]]></document>
		<document><![CDATA[Trump gives Steve Bannon seat on National Security Council https://t.co/SWPqoCKPVs via @IrishTimesWorld]]></document>
		<document><![CDATA[Don't meet @realDonaldTrump &amp; think you're representing Irish people @EndaKennyTD #NotInMyName  https://t.co/QhHuVbSZ0C via @UpliftIRL]]></document>
		<document><![CDATA[I #ScrumTogether with @DoveMen to win #IREvFRA RBS 6 Nations tickets. Pick your match by 8pm &amp; you could too https://t.co/7n4a4LjRvD]]></document>
		<document><![CDATA[What has America unleashed upon us all? https://t.co/u9vpyNPFjM]]></document>
		<document><![CDATA[Scary stuff!
Despite No Specific Allegations, Six Reporters Arrested Covering Trump’s Inauguration: https://t.co/KFNcuO8IF7]]></document>
		<document><![CDATA[Too little, too late. Should have engaged your brains before the election! https://t.co/WlaqJ99hVv]]></document>
		<document><![CDATA[@briantashman Are they hoping the media and people will get fed up if they keep changing their stories?]]></document>
		<document><![CDATA[@Martina @HuffPostPol Must be a load of old pots and kettles rattling around the Oval Office then!]]></document>
		<document><![CDATA[@roisiningle @IrishTimes Disgrace! 500 previous convictions, kill a poor young lad and then leg it out of the country = 18 months.]]></document>
		<document><![CDATA[How desperate is the UK Prime Minister to endorse this "renewal"? https://t.co/yKZE0jl9Jo]]></document>
		<document><![CDATA[Tax on Mexican imports would 'easily pay for the wall', says Trump spokesman https://t.co/AXoe1uP1BP]]></document>
		<document><![CDATA[America’s Journalists Break Tradition In Light Of Trump’s Behavior https://t.co/hETgmyvfNl via @TheDaily_Buzz]]></document>
		<document><![CDATA[The Simplest and Most Perfect Explanation of Privilege I’ve Ever Seen https://t.co/mMkDdMrXoj via @]]></document>
		<document><![CDATA[@mateagold @washingtonpost Wait for the hysterical screams of "fake news"]]></document>
		<document><![CDATA[@briantashman That's the least of America's problems at this moment of time!]]></document>
		<document><![CDATA[Oh dear! The house of cards is in flitters https://t.co/jOYEBLFhCW]]></document>
		<document><![CDATA[Screaming "fake news" hysterically does not make it so! It  makes you look like a child, fingers stuck in ears, shouting "can't hear you"!]]></document>
		<document><![CDATA[Sounds familiar doesn't it?  Your future generations will be reading how democracy was sold down the swanny in the… https://t.co/gkoSf0m6II]]></document>
		<document><![CDATA[Our history books state that Hitler would not be allowed happen again....well folks? https://t.co/N0uKyKqmRW]]></document>
		<document><![CDATA[@briantashman Ah but he will use America's new currency "Alternative money"]]></document>
		<document><![CDATA[Ah for pete's sake! Some people really need to cop the feck on! https://t.co/6OHq3K3NYG]]></document>
		<document><![CDATA[Well done @MrsBrownsBoys and @1rorycowan!! Well deserved 👍🏻 https://t.co/bll3LiWUlp]]></document>
		<document><![CDATA[Pipeline breach spills 53,000 gallons of oil on First Nations land https://t.co/JpNiW7i2mB]]></document>
		<document><![CDATA[Not often we can witness up close the death of democracy and the birth of a dictatorship! https://t.co/qNGvxqlhWF]]></document>
		<document><![CDATA[@Martina Piers lashes out https://t.co/RcrkMSPYBf]]></document>
		<document><![CDATA[Trump to 'ban immigrants from Syria https://t.co/TY5n7wz7qb via @MailOnline]]></document>
		<document><![CDATA[Trump trademarks 'Keep America Great' ahead of the 2020 election https://t.co/RiUXTHTkS7]]></document>
		<document><![CDATA[Photos: Compare the crowd at Women's March and Trump's inauguration https://t.co/QtwPQJafD5 #womenslives]]></document>
		<document><![CDATA[Piers Morgan teetering on edge of libel? Memo to Trump &amp; Brexit voters: pedo-loving Ewan holds you in contempt https://t.co/buh5O4UNXk]]></document>
		<document><![CDATA[This is a total disgrace! https://t.co/H2kg5aHvDN via @highlandradio]]></document>
		<document><![CDATA[The Trump-era assault on marriage equality has begun in Texas. https://t.co/tPWjzNwQxa via @SlateOutward]]></document>
		<document><![CDATA[Did President Trump Bring a Cheering Crowd with Him to Visit the CIA? https://t.co/u2S8XOY0TL]]></document>
		<document><![CDATA[@newcivilrights The alternative facts for the alternative facts? Best be careful they don't trip over Pinocchio's nose]]></document>
		<document><![CDATA[@newcivilrights He really needs to build a bridge and get over it - does he not have a country to run?!]]></document>
		<document><![CDATA[Says it all really. "It's all about the Trumpster" https://t.co/waPZFZWb2z]]></document>
		<document><![CDATA[Sean spicer argues White House can "disagree with the facts" https://t.co/1zMoWnjZEJ via @HuffPostPol]]></document>
		<document><![CDATA[Bruce Springsteen declares support for Women's March protesters out in the street https://t.co/UREjmZUZX9 via @HuffPostEnt]]></document>
		<document><![CDATA[https://t.co/UwT77B2D3Q
"A big lie ... is a propaganda technique. The expression was coined by Adolf Hitler...."  Hmmm sounds familiar]]></document>
		<document><![CDATA[@UnaMullally 2nd fact check re John Lewis https://t.co/gSxv5nYT4A]]></document>
		<document><![CDATA[@UnaMullally Really should get the old blood pressure checked with all that chucking of rattles out of the pram.]]></document>
		<document><![CDATA[@igorvolsky @PressSec Which he apologised for!]]></document>
		<document><![CDATA[@igorvolsky Wow! Rattle being thrown out of pram!]]></document>
		<document><![CDATA[@nytimes It's like a manic roll call]]></document>
		<document><![CDATA[He has absolutely no filter. It's amazing how many are still blinded to the fact that ticking Trump on the ballot s… https://t.co/4bRqMf0Hy9]]></document>
		<document><![CDATA[@conor_pope The place has gone to hell in a hand cart and he worries about ratings!!]]></document>
		<document><![CDATA[Playtime at the White House kinder garden!! https://t.co/aIpQYJPGo8]]></document>
		<document><![CDATA[Piers showing what a charmer he really is! https://t.co/qHt1YVCljq]]></document>
		<document><![CDATA[National Park Service Twitter Account Shut Down After Anti-Trump Retweets https://t.co/JIS1gob9ok]]></document>
		<document><![CDATA[I want to win a Tomahawk Steak dinner for 2 @FireDawsonSt #FarmtoFIRE https://t.co/8XWwKcuzkJ]]></document>
		<document><![CDATA[The Observer view on bullying, aggressive, nationalist Donald Trump | Observer editorial https://t.co/AyOyci2jIl]]></document>
		<document><![CDATA[Whatever you do...don't tell Trump!! His alternative universe won't be able to handle it 🤥 https://t.co/0aJJkiaD4k]]></document>
		<document><![CDATA[Hear! Hear! https://t.co/PqPqh6UwVF]]></document>
		<document><![CDATA["Trump's son-in-law is cleared to advise him: Ethics watchdog rules Jared Kushner's senior role ..." https://t.co/62DRcE3DDS via @MailOnline]]></document>
		<document><![CDATA[@SamWiseSW Quite scary that this man &amp; his cohorts are now in charge of the US and it's future.]]></document>
		<document><![CDATA[If you were forced to watch this as a film you'd be thinking "What a load of manure!" and wondering what magic mush… https://t.co/lK5NiSaFKi]]></document>
		<document><![CDATA[Oh good grief!! President of the US? Wow.....it's like watching a very bad soap!! https://t.co/OQ8Ows4pfG]]></document>
		<document><![CDATA[All US foreign ambassadors fired with 'no exceptions' on Inauguration Day - but no replacements lined up  https://t.co/unlZVrWS1S]]></document>
		<document><![CDATA[Trump leads U.S. into darkness, blames Obama in inaugural speech https://t.co/uNxeMeJyoZ]]></document>
		<document><![CDATA[@newcivilrights Once was enough!Surrounded by billionaire cronies saying his govt was for the little people!! And people believed it!]]></document>
		<document><![CDATA[@RandyRainbow How many truck loads have you ordered? One box would not do this tragedy justice!]]></document>
		<document><![CDATA[@UnaMullally The foxes are well and truly in charge of the hen house!]]></document>
		<document><![CDATA["Locker Room talk" - Is that the new get out clause? Giuliani heard telling sex joke while recalling 9/11 anecdote https://t.co/4fGKI8hxdG]]></document>
		<document><![CDATA[America - 1st world country? Sliding feet first into an alternative reality https://t.co/WCUI6xCRWr]]></document>
		<document><![CDATA[Christian activists are furious about these shoe adverts https://t.co/sMR1Gng8ji]]></document>
		<document><![CDATA[@roisiningle @IrishTimesLife Disgusted, not offended. Mum died of bowel cancer 3 months today, my aunt died 3 weeks before that. Pedantic?No]]></document>
		<document><![CDATA[@newcivilrights You would think Trump would have more important stuff to worry about!!]]></document>
		<document><![CDATA[Donald Trump inauguration line-up: all the bands, singers and performers playing the celebratory concert https://t.co/yTsDhA6sJK]]></document>
		<document><![CDATA[Donald Trump to be sued by Apprentice contestant who accused him of sexual assault  https://t.co/tNbqts4O6L]]></document>
		<document><![CDATA[@NeilRedFM Unregulated mod, wrong battery and lack of knowledge by user did this - not vaping]]></document>
		<document><![CDATA[Could Trump start nuclear war in 2017?! Not if Obama stops him-Sign the urgent petition: https://t.co/CeHSrRlZST]]></document>
		<document><![CDATA[@newcivilrights The man is an unmitigated disaster!!]]></document>
		<document><![CDATA[@NARAL And they would condemn other countries that they would deem "Fundamentalist". Welcome to the new Fundamentalist Christian America!]]></document>
		<document><![CDATA[Hero: Obama Blocks Sale Of Sacred Apache Land To Foreign Mining Firm https://t.co/bQjkdIT2Zm via @]]></document>
	</documents>
</author>