<author lang="en">
	<documents>
		<document><![CDATA[valentines day plan: eating pizza in bed while micro-dosing shrooms to get my creative going. not sure why i need v-day for it but weva]]></document>
		<document><![CDATA[Just teleported through space in a VR studio so that was bomb]]></document>
		<document><![CDATA[Felt shitty the past few days and couldn't shake it, then I threw stuff out/made a pile to donate and now I feel okay. 👌🏼]]></document>
		<document><![CDATA[Ps that WHAT was a proud exclamation. 😊]]></document>
		<document><![CDATA[2017 has been the most sober I've been since I was 14. WHAT]]></document>
		<document><![CDATA[@KtownYeezy holy kate you're gonna make them cry and then they're really gonna need those kleenexes]]></document>
		<document><![CDATA[Would like to binge eat an entire thing of Oreos right now]]></document>
		<document><![CDATA[Can't even explain how funny I find it when people call animals the wrong animal.. like "what a funny looking dog" when it's a turtle 😂]]></document>
		<document><![CDATA[WHY? And Open Mike Eagle in Van Mar 25 is the best news I've heard in a while... HYPE? YES? #seewhatimdoing? https://t.co/ixtpsdrgCU]]></document>
		<document><![CDATA[@LukeBergmannn r u as twitter famous as u r YouTube famous? Might as well throw this us too #belletstalk]]></document>
		<document><![CDATA[@T_Carps can we go to MEC and Patagonia this wknd pls]]></document>
		<document><![CDATA[@reubasaur I could set it up ON TOP of my mattress.... yaaaaas]]></document>
		<document><![CDATA[@reubasaur reconsidering this cause I don't have a room, just a den, so a tent would be the ultimate privacy structure... fuck tapestries...]]></document>
		<document><![CDATA[Progress report: yawned twice.]]></document>
		<document><![CDATA[As young sleepless child would sleep upside down in my bed and sometimes that helped. Will try, and if fail, report. 🙍🏼]]></document>
		<document><![CDATA[*tries to do homework past 10pm and almost falls asleep* *tries to fall asleep and becomes wide awake* *tweets continuously*]]></document>
		<document><![CDATA[just got real excited about unexplained mechanical noises outside my room at 12:51am... thought it was a UFO, was actually  a printer 🤦🏼‍♀️]]></document>
		<document><![CDATA[I tend to attribute the solutions to my problems to things outside of myself and that doesn't work long term. Getting better though.]]></document>
		<document><![CDATA[just relived my youth through an old fb account i disabled. cool to see i still have the same values, cooler to see i gained some chill.]]></document>
		<document><![CDATA[Sasquatch line up is breaking my heart https://t.co/uyFZpu8vqt]]></document>
		<document><![CDATA[need to get the drunk app to stop my drunk snaps. drunk me has 0 chill]]></document>
		<document><![CDATA[Family got a lil pop up camper, gonna live in that shit all summer]]></document>
		<document><![CDATA[Little late getting into it but x files seems awesome]]></document>
		<document><![CDATA[When I order pizza online I always expect it to arrive instantly... doesn't usually happen]]></document>
		<document><![CDATA[Ordered two weeks worth of Soylent, goodbye solid food 🙌🏼]]></document>
		<document><![CDATA[8hrs on campus is toooooo much 😴]]></document>
		<document><![CDATA[If there are people who identify as other species... can I legally identify as an alien? 👽]]></document>
		<document><![CDATA[I don't believe in umbrellas, but also don't want to have a cold all the time... raincouver dilemmas]]></document>
		<document><![CDATA[Hungry but already brushed my teeth...]]></document>
		<document><![CDATA[Becoming more and more convinced that I'm immortal 👽]]></document>
		<document><![CDATA[This week has had some serious close calls]]></document>
		<document><![CDATA[@Laurenn55 predicted your future]]></document>
		<document><![CDATA[tbh i just cheered for the team that looked like they were having the most fun at that time, and that was usually the winning team. win win]]></document>
		<document><![CDATA[next time i have "good timing" im going to acknowledge and appreciate that moment because so far in life all I notice is bad timing.]]></document>
		<document><![CDATA[@Laurenn55 don't worry, it all ends tonight]]></document>
		<document><![CDATA[@KtownYeezy literally just did that]]></document>
		<document><![CDATA[The most infuriating movie moment of all time is when Jude doesn't spread his butter in Across the Universe.]]></document>
		<document><![CDATA[Haven't been drunk since 2016 so that's kinda neat]]></document>
		<document><![CDATA[Tinder has taught me that Australians generally like me. And I them.]]></document>
		<document><![CDATA[Acknowledging that you're a mean person doesn't make you any less mean. #getridofmean2017]]></document>
		<document><![CDATA[How many frozen yogurt places can you even fit on one campus?!]]></document>
		<document><![CDATA[Not sure what's wrong with renting apts/houses/rooms all your life... aside from the limited decorating options]]></document>
		<document><![CDATA[Gonna go to MEC, buy my dream tent, set it up in my room, pretend to camp out there and play nature sounds and cry with happiness.]]></document>
		<document><![CDATA["Nobody can afford to live in this city". Vancouver pop. 600 000... 600 000 can. I can. You can.]]></document>
		<document><![CDATA[Wanna order donuts for delivery]]></document>
		<document><![CDATA[@Laurenn55 I've had pizza? Diff thing?]]></document>
		<document><![CDATA[elliot moose is on the loose]]></document>
		<document><![CDATA[i don't understand family values or loyalty. yes my family raised me, no i don't have to share in their beliefs, ambitions or values]]></document>
		<document><![CDATA[Would rather drink a bottle of whiskey than a bottle of wine. Gotta stop thinking otherwise]]></document>
		<document><![CDATA[Spotify knows me better than I know myself]]></document>
		<document><![CDATA[How could one not fall in love with the Beats?]]></document>
		<document><![CDATA[What the fuck is up with movie screenings at volume level ten million!?? I don't want to go deaf at 20]]></document>
		<document><![CDATA[Whatever happened to those no spill kiddy cups and can I have one for drinking]]></document>
		<document><![CDATA[@KtownYeezy yeah... stupid af. cause the new year fell on a sunday or some shit]]></document>
		<document><![CDATA[today should not be a friggin holiday]]></document>
		<document><![CDATA[If I get old I'm totally making some young pup go grocery shopping for me. Hate doing that]]></document>
		<document><![CDATA[Is the plural of dingus "dingi"?]]></document>
		<document><![CDATA[@SexyMisterEnnis hey kyle, miss u. do another shot. ps ur decent at skateboarding, but a shitty teacher]]></document>
		<document><![CDATA[@SexyMisterEnnis do a fucking shot]]></document>
		<document><![CDATA[New Bon Iver is everything I always knew it could be]]></document>
		<document><![CDATA[@tylerneil04 this reminds me of all the fucking weird ass cartoons i was exposed to as a child... now im scared]]></document>
		<document><![CDATA[I wannnnnna hippoboyfriendpotamus for chrismasssss only a hippoboyfriendpotamus will doooo]]></document>
		<document><![CDATA[Dark chocolate toblerones need to happen]]></document>
		<document><![CDATA[I don't want to see... 1. Cooking videos... 2. People peeling face masks off... 3. Bath bombs exploding.]]></document>
		<document><![CDATA[To rise into madness is to lose absolute control of the peace mechanisms in the mind]]></document>
		<document><![CDATA[I think I'm old enough to appreciate being called those things. A bit paradoxical]]></document>
		<document><![CDATA[Being called a baby/puppy at 20... Mixed feels]]></document>
		<document><![CDATA[@Laurenn55 I have not seen that thank god]]></document>
		<document><![CDATA[really confused about why people want to watch videos of other people peeling face masks off their skin??]]></document>
		<document><![CDATA[Found $20 on the ground today. Looking up]]></document>
		<document><![CDATA[@KtownYeezy how does that work.... You may have me sold on your cowboy province]]></document>
		<document><![CDATA[Saw two rats today. Ready to go back to mouse country]]></document>
		<document><![CDATA[Shuffle is vibin sad songs why]]></document>
		<document><![CDATA[Twitterpated and this seems like the best place to proclaim it 😊]]></document>
		<document><![CDATA[Really relating to season 7 Michael Scott. Slightly concerning]]></document>
		<document><![CDATA[6 cups of coffee maybe too much i think]]></document>
		<document><![CDATA[miss the ignorance that comes with a lack of social medias]]></document>
		<document><![CDATA[I mean I'm not gonna care about money when I'm dead and I don't care about it when I'm drunk so might as well order pizza right ?]]></document>
		<document><![CDATA[if i watch one more episode of black mirror i will smash my phone and laptop and go hide in the woods.]]></document>
		<document><![CDATA[Reaaaallly want dreads]]></document>
		<document><![CDATA[me + reddit = saturday night]]></document>
		<document><![CDATA[@T_Carps welcome to my world 🌎]]></document>
		<document><![CDATA[Let's make antisocial-ism untrendy]]></document>
		<document><![CDATA[Coasting on this singles route]]></document>
		<document><![CDATA[Hoping @KenIlgunas will make an appearance in Vancouver soon to inspire more love for the environment and minimalistic travel/lifestyle]]></document>
		<document><![CDATA[corollas seem to be the focus of a lotta songs. proud to own a corolla #Toyota]]></document>
		<document><![CDATA[torn between being social and antisocial. half of me wants to talk to randoms on the bus and street, the other half of me fears small talk]]></document>
		<document><![CDATA[Now wondering if I looked as cracked out as the other people on this bus and also wondering what this lady is laughing evilly at...]]></document>
		<document><![CDATA[Only person on a bus]]></document>
		<document><![CDATA[Forgot headphones for a 1hr bus ride]]></document>
		<document><![CDATA[unless you can write]]></document>
		<document><![CDATA[pls stop with the publicized blogs]]></document>
		<document><![CDATA[start the weekend on wednesday why not
right
am i right
i am right]]></document>
		<document><![CDATA[Must stop consuming food at 10pm. Likely will not survive]]></document>
		<document><![CDATA[Social media, did it happen to snow in Kenora? It is unclear.]]></document>
		<document><![CDATA[@KtownYeezy that was me]]></document>
		<document><![CDATA[8 days of pain is fun]]></document>
		<document><![CDATA[all this "new" knowledge about the benefits of psychedelic drugs in pharmacology and therapy is drivin me mad. WE KNEW THIS IN THE 60s!!!!!]]></document>
		<document><![CDATA[if i cant drink liquor or coffee im pretty much fucked for first dates]]></document>
		<document><![CDATA[I AM ME AND YOU ARE YOU]]></document>
	</documents>
</author>