<author lang="en">
	<documents>
		<document><![CDATA[@LisaCim ahhhhhh......check my DM if u can !!!!!!😁😁😁😁]]></document>
		<document><![CDATA[@LisaCim ....when you surround yourself with good people!! 🙌🏼 https://t.co/td64iitNzf]]></document>
		<document><![CDATA[Mistaken for being 6 years younger than I actually am. I don't know whether to be honoured or offended 😏]]></document>
		<document><![CDATA[Friendship is a two way street. Don't expect me to stick around if you don't put ANY effort in. Cutting negativity out.]]></document>
		<document><![CDATA[@ClaireBearx0x0 Do me a favour and follow @MTM_Ireland 🙏🏻 https://t.co/UN2JBI0pKn]]></document>
		<document><![CDATA[My brothers bands song is about to be played on the radio! One of Irelands biggest stations.....omg 👏🏼👏🏼]]></document>
		<document><![CDATA[It's 2017, why isn't Coconut Oil Body Spray lotion a thing? So hard to dig down the bottom of a big jar of it! Spray would be so convenient!]]></document>
		<document><![CDATA[Check these guys out... 🤘🏼 https://t.co/DFJ8VXuQbn]]></document>
		<document><![CDATA[Law of Attraction 🙌🏼 https://t.co/8ybiwOA2Sy]]></document>
		<document><![CDATA[Today has been so productive! Great day 🙌🏼]]></document>
		<document><![CDATA[Re-reading your tweets to @LaurenCimorelli about 5 times incase she decides to roast you for any mistakes you make 😂😂]]></document>
		<document><![CDATA[@LaurenCimorelli You're being so active on social media recently. I kinda love it!]]></document>
		<document><![CDATA["Woah Mar, you look great today!" - wth, what do I look like every other day 😐]]></document>
		<document><![CDATA[Its 2017, why hasn't a Coconut Oil version of this been invented yet?! Think of the convenience!!! amirite @LisaCim… https://t.co/FWilUWqO0j]]></document>
		<document><![CDATA[@KathCim I posted some food puns on your post on the app! I know u miss my silly puns Kath, go check the app. 😂😂]]></document>
		<document><![CDATA[Why do the weekends only feel like about 4 hours long.....]]></document>
		<document><![CDATA[I am so happy with the haircut I got yesterday. Probably my fave "short cut" yet!!! 👍🏼]]></document>
		<document><![CDATA[@LisaCim You're so pretty Lisa. You make bald so feminine looking!! You know I love your hair 😍]]></document>
		<document><![CDATA[@ClaireBearx0x0 it's hilarious]]></document>
		<document><![CDATA[@ClaireBearx0x0 omg I watched this wayyy to many times in a row hahaha]]></document>
		<document><![CDATA[Check these guys out!!! https://t.co/DFJ8VXuQbn]]></document>
		<document><![CDATA[Used to HATE getting my hair cut when it was long. Now it's short, I LOVE cutting it!! Feels so fresh ahhh! 🙈]]></document>
		<document><![CDATA[About to get a haircut....there's a shaving clippers involved 🙈]]></document>
		<document><![CDATA[Teaser for my brothers bands new song &amp; music video! Check them out https://t.co/BSGscNbjyj…]]></document>
		<document><![CDATA[Why does Twitter have this "Incase you missed it" feature?! I missed it for a reason, and it messes with the chronological order of things!]]></document>
		<document><![CDATA[Aw @ClaireBearx0x0, love u so so much!!! https://t.co/4W134I1BPW]]></document>
		<document><![CDATA[How is @LisaCim's cats hair SO shiny?!? I mean, basically Charles AND Lisa are hair goals!! 🙌🏼 haha https://t.co/45QSciZjbi]]></document>
		<document><![CDATA[@LisaCim literally fell off the couch laughing at the boyfriend comment hahahaha 😂😂😂😂😂]]></document>
		<document><![CDATA[@CimorelliIRE we will just have to keep our fingers crossed! They seemed to like Ireland so maybe they'd appreciate a more intimate gig]]></document>
		<document><![CDATA[@CimorelliIRE can we demand more than once with that link?!? I don't think we can though]]></document>
		<document><![CDATA[@CimorelliIRE @Cimorelliband @WeDemand Praying they come back to Ireland, but it's such a small island we won't have many votes 😭😭]]></document>
		<document><![CDATA[thanks! I mean, it's not that hard to be nice tbh @ChristinaCIM https://t.co/eCarPR6r5Q]]></document>
		<document><![CDATA[Also, I am the biggest fan of @LisaCim's hair, each cut just has me in awe! Straight up love her short short hair, looks phenomenal 😍]]></document>
		<document><![CDATA[Love the fact that @LaurenCimorelli is so active on social media recently 🙌🏼]]></document>
		<document><![CDATA[When your fave always comes thru eventually with the DMs!! 🙌🏼🙌🏼]]></document>
		<document><![CDATA[@JODYHiGHROLLER This sounds like a tweet that should have come from @LisaCim -she likes her Pizza Rolls &amp; could be a model! 😜]]></document>
		<document><![CDATA[Why is working on Saturday even a thing. So stupid.]]></document>
		<document><![CDATA[Just bought a lyric sheet frm Pledge 2help support u girls! Secretly hoping I get The Love of a Man @LisaCim  🙌🏼 but obvs be happy with any!]]></document>
		<document><![CDATA[@LaurenCimorelli is upping her social media game and I kinda like it!]]></document>
		<document><![CDATA[@ClaireBearx0x0 loved what I did watch 🙌🏼]]></document>
		<document><![CDATA[@ClaireBearx0x0 yasss! Once the originals were all gone I lost interest tbh]]></document>
		<document><![CDATA[@ClaireBearx0x0 series one and 2 with all the original cast will forever be my fave!]]></document>
		<document><![CDATA[@LisaCim Binge watched "A Series of Unfortunate Events". Not great, but it's got a few crackin' one liners tbh 😂 What u think of it??]]></document>
		<document><![CDATA[@LisaCim tbh, I cant believe any1 wud be rude about ur hair....it's freakin AMAZING!! 🙌🏼 they need to hush up! ✋🏼🤐 https://t.co/orzW4j5LXa]]></document>
		<document><![CDATA[@LisaCim did u see yesterday ur fave NothingButPixies was loving you and ur bald head up Lisa!!! 💜🙌🏼🙌🏼]]></document>
		<document><![CDATA[Isn't @LisaCim's hair incredible....like, I'm STILL so in awe of it! Can't get over how good it looks tbh....👏🏼👍🏼]]></document>
		<document><![CDATA[@Declovesvcim @LisaCim it's the new series on Netflix with Neil Patrick Harris. Books win this round tbh!]]></document>
		<document><![CDATA[@ClaireBearx0x0 haha can ya tell I didn't watch the NTAs lol]]></document>
		<document><![CDATA[@ClaireBearx0x0 whussup?]]></document>
		<document><![CDATA[@ClaireBearx0x0 ooooh 😂😂 I didn't know what it stood for haha]]></document>
		<document><![CDATA[@ClaireBearx0x0 what??!!?]]></document>
		<document><![CDATA[@ClaireBearx0x0 you're killin me with all these Cheryl gifs you're RTing!!]]></document>
		<document><![CDATA[Today can kiss my butt 😔]]></document>
		<document><![CDATA[@KathCim is that why right now is called the "present" 😉😉]]></document>
		<document><![CDATA[So stressed about what I have going on tomorrow! Dont wanna sleep, cause I don't want tomorrow to get here. 😕]]></document>
		<document><![CDATA[@LaurenCimorelli The Love of a Man!]]></document>
		<document><![CDATA[Forgot my earrings and ring today. I feel so naked.]]></document>
		<document><![CDATA[@LisaCim two late nights in a row, you rebel! You've changed Lisa! Hahahahahahahaha being sarcastic. Live your life Girl!!!!! Good on ya!]]></document>
		<document><![CDATA[Never thought I'd say this but my SHORT HAIR is TOO LONG! It grows too fast! If I was brave enough I'd go all @lisacim on the situation🤷🏼‍♀️]]></document>
		<document><![CDATA[@LisaCim About my lock screen though....😂 struggling to hold up my notifications! Your face Lisa! Haha https://t.co/x9n2wcBY7T]]></document>
		<document><![CDATA[You are the pilot of your own life.]]></document>
		<document><![CDATA[@ClaireBearx0x0 ily too 💜]]></document>
		<document><![CDATA[@ClaireBearx0x0 ngl, going through something and it sucks but I've been keeping it to myself 😕]]></document>
		<document><![CDATA[@ClaireBearx0x0 this, but to you! https://t.co/QBIo8jCYPz]]></document>
		<document><![CDATA[@ClaireBearx0x0 haha poor you! 😉 not continuing celebrations later 🤷🏼‍♀️ haha]]></document>
		<document><![CDATA[@ClaireBearx0x0 rough morning ? 😂]]></document>
		<document><![CDATA[@LisaCim I saw those Lucky Charms in ur snap! 😉Everytime u eat them u gotta think of ur Irish loves, deal?!👌🏼☘️ #GottaLoveALeprechaun]]></document>
		<document><![CDATA[This ones for you @KathCim !! 😂😂 https://t.co/JeIjYUcC5T]]></document>
		<document><![CDATA[Still so in awe of @LisaCim's haircut. I love it on her omg 😍 She could make any cut look super cute and feminine! 🙌🏼]]></document>
		<document><![CDATA[Great family night out. Live for these moments. Were such a crew haha never fail to be in fits of laughter! 😂]]></document>
		<document><![CDATA[@LisaCim How was your bed head this morning? 😂😂 the las Msg u sent me last nite was so confusing!]]></document>
		<document><![CDATA[@LisaCim the last msg u sent me last night confused me haha I'm blonde though so 🤷🏼‍♀️ 🙊🙈😂😂 Think I gotchu tho....😉]]></document>
		<document><![CDATA[I'm exhausted in every way possible 😴💤]]></document>
		<document><![CDATA[Serious &amp; curious question: How do completely deaf people tell the difference between a yawn &amp; a scream?!?]]></document>
		<document><![CDATA[- like, it makes u feel like u really can do whatever she's saying u can do or whatever the situation is! Sign of a true motivator @LisaCim]]></document>
		<document><![CDATA[Ever notice how when @LisaCim is explaining something she's serious about she keeps saying "Okay!" at the end of the sentence! Love that!]]></document>
		<document><![CDATA[@LisaCim really love today's make up! Ur skin is flawless! Do another tutorial soon 🙏🏼 an eye make up one? I could… https://t.co/QlAnNcNn9v]]></document>
		<document><![CDATA[Add @LisaCim on Snapchat- itslisacim -her snap game is strong! She'll have u laughing, thinking, and jealous of her  beauty every day!]]></document>
		<document><![CDATA[@Kaayliii_x when u doing it?]]></document>
		<document><![CDATA[When things are looking up for you, but falling to pieces for everyone else around you. 😕]]></document>
		<document><![CDATA[Got so lost in my thoughts while driving to work that I arrived, but have absolutely no recollection of part of the journey. 😳]]></document>
		<document><![CDATA[You know ur mate has listened to Hit Me Up by Riff Raff &amp; @LisaCim when they know it's u who put the lyrics on thei… https://t.co/3dJFdiM8Ab]]></document>
		<document><![CDATA[@LisaCim what do your mom and sisters think of your hair now!?!?]]></document>
		<document><![CDATA[@LisaCim super cute cut!! 😍 you definitely pull it off Lisa! Only you could make short short hair look feminine!! 🙌🏼]]></document>
		<document><![CDATA[Back to you being annoying and keeping it real with your attitude I swear I've had it up to here....]]></document>
		<document><![CDATA[Back to me, back to doing whatever I feel.]]></document>
		<document><![CDATA[@ClaireBearx0x0 you're so weird. 😂 love u tho]]></document>
		<document><![CDATA[Way to find out if ur Bestie has listened to @LisaCim's new song 😂  Luv u @ClaireBearx0x0 💜💜💜https://t.co/Le2WqKUAmg]]></document>
		<document><![CDATA[@LisaCim is a little gem 💎 even though she thinks I'm weird   haha! I replied to your DM 😊]]></document>
		<document><![CDATA[@LisaCim you said "please explain!" 😂 haha so I tried to Lisa, in your DMs if ya wanna see it! 🤷🏼‍♀️]]></document>
		<document><![CDATA[Freaked out!! 😳]]></document>
		<document><![CDATA[@KathCim You've been missing my awful puns!! 😂😂 https://t.co/JeIjYUcC5T]]></document>
		<document><![CDATA[Never noticed how FAST my hair grows. Now I have SHORT HAIR I could literally get it cut every 10days! 💇🏼💇🏼💇🏼]]></document>
		<document><![CDATA[@Declovesvcim woah! You got that from just talking to me? Yeah we're the same but different haha @LisaCim knows all about 'connections']]></document>
		<document><![CDATA[@98FM see even @LisaCim agrees u should be the first station in Ireland to play it!!! Ure Dublins best music statio… https://t.co/bDq0fNkbaJ]]></document>
		<document><![CDATA[Hey Dara Quilty on @98FM right now, can u play Hit Me Up by @JODYHiGHROLLER feat @LisaCim! #HitMeUpOUTNOW Came out Yesterday!! 🙏🏼🙏🏼🙏🏼🙏🏼]]></document>
		<document><![CDATA[@LisaCim Almost Twinning! 😜Last weeks wedding nails! "Satin Pajamas &amp; Rose Gold" 👍🏼 Great minds think alike! https://t.co/hA8ESfvkKn]]></document>
		<document><![CDATA[@ChristinaCIM contemporary for sure!!!]]></document>
		<document><![CDATA[Why is Hit Me Up by Riff Raff feat @LisaCim so catchy tho. 6am and its already stuck in my head. Tbh, I woke up singing it! #HitMeUpOutNow]]></document>
		<document><![CDATA[SUCH a stressful day!! 😤]]></document>
	</documents>
</author>