<author lang="en">
	<documents>
		<document><![CDATA[Wrote a blog post full of dead bodies and bones and preserved things in jars. (Also HOW to visit the anatomy museum… https://t.co/gxKi1stpS2]]></document>
		<document><![CDATA[Day 31/100 • I DID DO MY HOMEWORK TODAY, I DID. #100dayproject #imsickofpaintingsoimofftoyoga https://t.co/PNUe9z9Qpo]]></document>
		<document><![CDATA[Day 30/100 • "Grown-ups never understand anything by themselves." - Antoine de Saint-Exupéry #100dayproject https://t.co/fKdTcyjGox]]></document>
		<document><![CDATA[@TTDER absolutely! 🍊]]></document>
		<document><![CDATA[@AlexandraDavy #feelingblessed #grateful]]></document>
		<document><![CDATA[Ate half a chocolate orange on the train this morning. #eatclean]]></document>
		<document><![CDATA[**peeks head around the door** That last one has sold, just so ye know. **retreats back into drawing cave**]]></document>
		<document><![CDATA[Day 29/100 • here I am after waking up really early to read about politics. Hide in the bath, it's safe there. 🛀 https://t.co/rGic4jZyK1]]></document>
		<document><![CDATA[Top relaxation tip: wake up at 6am and read all the political tweets and then stare at the ceiling / do a bit of despairing.]]></document>
		<document><![CDATA[@ouijetaimeaussi it's one squashed up tax return brain too 💀]]></document>
		<document><![CDATA[Day 28/100 • the squashed door represents my squashed head. (Nearly done with my tax return) 😬#100dayproject https://t.co/T0wSMK4sKp]]></document>
		<document><![CDATA[Day 27/100 • does your life model attack your paintbrush, drink paint water &amp; then wander off to lick his bum too? https://t.co/o8io0PEMSx]]></document>
		<document><![CDATA[@FinlayCostello sorry to hear that pal #justkeepboilingthekettle]]></document>
		<document><![CDATA[Also I recently discovered the joyyyy of listening to podcasts while I walk around/sit on the train. Having 4G internet is exciting.]]></document>
		<document><![CDATA[Merrry Friday! :)]]></document>
		<document><![CDATA[Seeing a thing you made in an actual shop with a BARCODE ON IT = wot a buzz 2k17]]></document>
		<document><![CDATA[Yesterday my book 'Bits of Travel Sketchbooks' arrived at The Fruitmarket Gallery, Edinburgh.… https://t.co/oE4rJX5oXh]]></document>
		<document><![CDATA[Day 26/100 • perving on people's plants as I walk home. LOOK AT IT THOUGH 👀 🌱 #100dayproject https://t.co/qlAZuQ5mx5]]></document>
		<document><![CDATA[@Amymaylinn I'd be sad too if all my teeth were busting through my gums and I was a tiny tiny human]]></document>
		<document><![CDATA[@Amymaylinn babies I've nannied have pooped loads and been super sad when they've been teething. #allthesymptoms]]></document>
		<document><![CDATA[@Amymaylinn that's just an actual lie!? Haway.]]></document>
		<document><![CDATA[Day 25/100 • Happy Burns' day! I'm going to pick up a (vegetarian) haggis on the way home. #100dayproject https://t.co/dU0I5Duxow]]></document>
		<document><![CDATA[@RedTedArt what a great useful list! Thanks for sharing :)]]></document>
		<document><![CDATA[@AlexandraDavy aye, had to shoo all the coos away first like 🐮]]></document>
		<document><![CDATA[Day 24/100 • pineapples, no reason, just because pineapples 🍍 🍍🍍 #100dayproject https://t.co/ghs6kbih2l]]></document>
		<document><![CDATA[A bit of a blog update about the #100dayproject https://t.co/EPGykkk4n7 We're over the 3-week-mark!! https://t.co/LZBuVw0IJ5]]></document>
		<document><![CDATA[Day 23/100 • "Don't you DARE get rid of that little bowl" -my Mum, 2016. #putaplantinit #100dayproject https://t.co/qVs4ldRV14]]></document>
		<document><![CDATA[@AlexandraDavy lol don't worry I am definitely 100% in TOON TOON weyyyy Weuurghhggg ⚽️]]></document>
		<document><![CDATA[The very last drawing is of a set of new born baby's bones. #gruesome #anatomymuseum #anatomy]]></document>
		<document><![CDATA[Here's a flick through of some of my drawings: https://t.co/h23mAgH9mt]]></document>
		<document><![CDATA[Apparently back in the day Edinburgh council used to donate gallons of whiskey to preserve the samples in!]]></document>
		<document><![CDATA[...and an entire womb, Fallopian tubes an' all, even a tiny developing embryo. It was all grey and in a box of that preservative liquid.]]></document>
		<document><![CDATA[...I drew the things that freaked me out the most: a mans entire head with a bit of the scalp chopped off in a box of liquid, brains, veins,]]></document>
		<document><![CDATA[Visited the anatomy museum in the old medical school of Edinburgh University this morning...]]></document>
		<document><![CDATA[Off to Newcastle for a meeting (&amp; more importantly, to eat a burrito while talking at @AlexandraDavy) &lt;3]]></document>
		<document><![CDATA[Roughting Linn painting solddddd :)]]></document>
		<document><![CDATA[Day 22/100 • had a lovely day at Roughting Linn LOL JK couldn't find it. 🤳🏻👀 #21stcenturyproblems #100dayproject £35 https://t.co/6uFmRsEkEI]]></document>
		<document><![CDATA[Day 21/100 • He's not tiny/out of proportion, the dog is just MASSIVE. Gordon and Norman 💕 #100dayproject https://t.co/a6MY10B7MF]]></document>
		<document><![CDATA[Overheard on the train "how'd'ye say it? Anogirrated? Inaugurated? Amalgamated?"]]></document>
		<document><![CDATA[Visiting speaker @Adam_T_Murphy and there's nae seats left 💥 #fullhoose]]></document>
		<document><![CDATA[You can buy your own #100dayproject original here for £35 🤗 https://t.co/GpAKdNr7zQ]]></document>
		<document><![CDATA[**SOLD** Day 19/100 • Petit Paris, grassmarket Edinburgh https://t.co/7ReAQw1QFl]]></document>
		<document><![CDATA[Some good words on productivity and moving yo' butt by @iamalexmathers https://t.co/4J3l9Hssz8]]></document>
		<document><![CDATA[In Myanmar (used to be Burma) you make a kissing noise to get the waiter's attention 😘 
I felt… https://t.co/OCi6NDR8pG]]></document>
		<document><![CDATA[The Darlings wanted an illustrated wedding invite that was personal and different: #weddinginvites… https://t.co/WrtnvK0WsJ]]></document>
		<document><![CDATA[It's 17 - 1 - 17 today! 👀]]></document>
		<document><![CDATA[Day 17/100 • Victoria Street, Edinburgh (I made a big Instagram collage out of this one. I'm @katiedraws there too) https://t.co/ZsCFFRy7N4]]></document>
		<document><![CDATA[Day 16/100 • Harriet brought in these tasty sweets from New Orleans. It's like tablet BUT BETTER. #100dayproject https://t.co/9ABp99yKYl]]></document>
		<document><![CDATA[Back to schoooool 👨‍🎓]]></document>
		<document><![CDATA[Day 14/100 • sledging! #100dayproject https://t.co/8o0dgeEAF2]]></document>
		<document><![CDATA[Day 13/100 • Met this ugly-cute cat ornament today. So ugly. So cute. 🐱 #100dayproject #100daygoal #ornaments https://t.co/EKiNLZOSjJ]]></document>
		<document><![CDATA[@andsmilestudio there's only so much procrastinating you can do when yer naked and stuck in the house in 1830]]></document>
		<document><![CDATA[@andsmilestudio this guy locked his clothes away so he couldn't leave home and would get his work done. That's me 😂 https://t.co/qPNqvtQnIc]]></document>
		<document><![CDATA[@andsmilestudio I'm 3 days late to this party, buuut I temporarily killed FB (for 100 days) and I have so much more free time now 👀]]></document>
		<document><![CDATA[@andsmilestudio and I made a fake account to keep an illustration page there. GENIUS. You and @AlexandraDavy are my anti-FB inspirationz 💕🙅🏻]]></document>
		<document><![CDATA[Schnee! A whole 0.5cm of it! ❄️ #seasideproblemz]]></document>
		<document><![CDATA[Day 12/100 • second-favourite mug, from the same Italian pottery people. #laborderuta 💙💙💙 #100dayproject https://t.co/uijImDtExC]]></document>
		<document><![CDATA[Day 11/100 • my very favourite mug (hand-painted &amp; Italian 🇮🇹) 🐔 #100dayproject #100daygoal https://t.co/M93mIZFMAj]]></document>
		<document><![CDATA[Day 10/100 • The living wall I fell in love with in London this weekend. 🌿🌿🌿🌿🌿🌿 #100dayproject https://t.co/wh6rd3DaVI]]></document>
		<document><![CDATA[https://t.co/A7uewnsaGx This is a good fee calculator for Etsy if you are as good at maths as me. #mathschampion2017 #loljkiamterrible]]></document>
		<document><![CDATA[Is London-lag a thing?]]></document>
		<document><![CDATA[Doin organised things, bein an organised person, getting all the stuff do- *falls asleep on keyboard*]]></document>
		<document><![CDATA[All my #100dayproject original paintings and drawings are available to buy on my #etsyuk here: https://t.co/U3oskbRBxl]]></document>
		<document><![CDATA[Day 9/100 • spying on the flower-lady at #fortnumandmason today. (Painting on the train haaame) #100dayproject https://t.co/RdxhhJcbe3]]></document>
		<document><![CDATA[A sketchbook flick-through from the past 5 days in London. @ London, United Kingdom https://t.co/w0AxTzwUw8]]></document>
		<document><![CDATA[Day 8/100 • nice buildings along Whitehall #100dayproject #london #watercolour #illustration https://t.co/g47N06XIUf]]></document>
		<document><![CDATA[Walked over 8 miles today, 2 ticks while I just die of sleepiness over here 💀]]></document>
		<document><![CDATA[Day 7/100 • flowers at Portobello market this morning 🌸 #100dayproject https://t.co/uEzVRP4Nuf]]></document>
		<document><![CDATA[@littlewrenpots thank you for the retweet, pal :) xxx]]></document>
		<document><![CDATA[Going to see Tove Jansson's #moomins exhibition today 🎉🎉🎉]]></document>
		<document><![CDATA[Day 6/100 • London #sausagedogs taking their owner for a walk #100dayproject (£35 for the original) https://t.co/WoII2cGPLu]]></document>
		<document><![CDATA[Day 5/100 • new tins &amp; buttons. #spitalfieldsmarket #vintage treasures from today. Off to the Tate tomorrow 🇬🇧 https://t.co/rVpl9JrjZF]]></document>
		<document><![CDATA[@ouijetaimeaussi get dat peanut sauce goodness. Or that extreme teller action 💪🏻 🥙]]></document>
		<document><![CDATA[@ouijetaimeaussi yes!! That exact programme!!]]></document>
		<document><![CDATA[@ouijetaimeaussi also it was Rick Stein so he just ate a load of beef an that and missed all the good veggie spots. DOUBLE 💔💔]]></document>
		<document><![CDATA[@ouijetaimeaussi I saw Berlin on tv tonight 💔💔💔😭]]></document>
		<document><![CDATA[@ByngSquirrel aw thanks Louise! I'm having a lot of fun doing them! 🤓🎨✨]]></document>
		<document><![CDATA[And also forgot to mention that all the originals are for sale ☝️! £35]]></document>
		<document><![CDATA[Forgot the whole #100dayproject bit off the end of that tweet. Ohwell.]]></document>
		<document><![CDATA[Day 4/100 • Buddha and flowers from Thailand, tiny bell from Myanmar. Reminiscing about being sweaty &amp; inspired ☀️ https://t.co/6RtDqN6kRv]]></document>
		<document><![CDATA[Werkin and then packing to go to London tomorrow!! 🤗 https://t.co/7bsf6X07qe]]></document>
		<document><![CDATA[@vic_bell @AlexandraDavy saaame. I've checked back a few times now 👀 #keen #womenwhodraw]]></document>
		<document><![CDATA[thank you for the RT @bugsandfishes  :) xx]]></document>
		<document><![CDATA[I wish I could go back in time and tell my 1990s child-self that you can write and draw and ANYONE IN THE WORLD (with internet) can see it.]]></document>
		<document><![CDATA[It's incredible you can just write a blog post, poop it out into the internet and *BANG* Maybe someone in Romania o… https://t.co/SxSeNYeZz5]]></document>
		<document><![CDATA[A wee blog post about my new 100 Day Project etc etc bla bla bla https://t.co/4QQflpwbyK]]></document>
		<document><![CDATA[Here's that 'Taming the Mammoth' article I illustrated yesterday: https://t.co/UCHMd71QpV]]></document>
		<document><![CDATA[Made my creative CV today: https://t.co/P8hwdEEKth]]></document>
		<document><![CDATA[Day 3/100 • Read a great article this morning about "taming the mammoth". Google it. It's good. #100dayproject https://t.co/lumtp2H1ro]]></document>
		<document><![CDATA[@Tigerlillyquinn I loved Efteling when I was wee!]]></document>
		<document><![CDATA[@AlexandraDavy I accidentally (no, really!) ate a Yorkshire pudding cooked in beef dripping last week and it was so.good. #ilovebeeffat]]></document>
		<document><![CDATA[@AlexandraDavy pescatarian lyfff 🐟 come on over, we have smoked salmon 💕]]></document>
		<document><![CDATA[@AlexandraDavy PAINT ALL THE THIIIIINGS]]></document>
		<document><![CDATA[A watercolour portrait of @TTDER's peachy bebe, commissioned by @ouijetaimeaussi 💕 https://t.co/xeYInU2FHc]]></document>
		<document><![CDATA[...and here's the finished thing. 🍑 💕 https://t.co/RfGdLxuYbW]]></document>
		<document><![CDATA[Day 2/100 • Palace Green Pavilion, Berwick upon Tweed (fondly known as the Scout Hall)  #100dayproject (£35) https://t.co/WRXT7N6tIs]]></document>
		<document><![CDATA[7 brushes is still super exciting!! :) @kyletwebster @Adobe]]></document>
		<document><![CDATA[After my 100 day project i'm buying myself an iPad *dies of excitement* *comes back from the dead and does lots of digital painting*]]></document>
		<document><![CDATA[Just discovered you can use @kyletwebster brushes on an iPad.  https://t.co/ZKThZ9TNAo]]></document>
		<document><![CDATA[A lovely look at horoscopes for the year ahead from my favourite @chaninicholas &lt;3 https://t.co/7ja8Xmq7qJ]]></document>
	</documents>
</author>