<author lang="en">
	<documents>
		<document><![CDATA[@HouseGOP @SpeakerRyan Better than nothing. Which is what you've got after six years. Stop endangering people for petty politics.]]></document>
		<document><![CDATA[@realDonaldTrump If he's respected by all you don't have to hope we like him. Anyway here's his yearbook photo from… https://t.co/qx0fUHMN1V]]></document>
		<document><![CDATA[@spacecoyotl So who was the guy who got his hand bitten off in Pixels?]]></document>
		<document><![CDATA[@spacecoyotl @YahooNews Is he at least the father of Ms. Pac Man?]]></document>
		<document><![CDATA[@spacecoyotl @YahooNews But it says he's the father of Pac-Man. It says it. How could that be wrong? How?]]></document>
		<document><![CDATA[As per his final wishes his ghost will be trapped in an elaborate maze forever... https://t.co/fD8hWjaUDO]]></document>
		<document><![CDATA[@phyllisjlow @RHJR88 @AmyRockhall @CasteelJason by shitting the bed for more than a week?]]></document>
		<document><![CDATA[@StewartCustoms science disagrees. I'm going with science. Can't risk that many lives on a conspiracy theory.]]></document>
		<document><![CDATA[@StewartCustoms what a scam all those scientists have pulled. Also if you're wrong, many many deaths. Hell of a long shot gamble.]]></document>
		<document><![CDATA[@StewartCustoms he thinks climate change is a Chinese hoax.]]></document>
		<document><![CDATA[@MLT4547 @HITEXECUTIVE @Pamela_Moore13 this is the most American thing they've ever done.]]></document>
		<document><![CDATA[@TerryOswald1 your anti-Muslim hate spills everywhere. He was a Trump fan.]]></document>
		<document><![CDATA[@TerryOswald1 not what Rudy said. He spilled those beans. And the refuges were already vetted.]]></document>
		<document><![CDATA[@TerryOswald1 he only banned countries not involved in terrorist attacks leaving those that were. Why do you think that is?]]></document>
		<document><![CDATA[@TerryOswald1 your President is obsessed with fictional voter fraud, crowd size and refugee terrorism.]]></document>
		<document><![CDATA[@TerryOswald1 no the piece of garbage who decided to shoot up a Mosque was a Trump fan.]]></document>
		<document><![CDATA[@TerryOswald1 America's actions affect the world. You're a loud neighbour we're worried will set the building on fire.]]></document>
		<document><![CDATA[@TerryOswald1 we just had a shooting from someone who was a fan of Trump.]]></document>
		<document><![CDATA[@StewartCustoms No, if we have people that don;t believe in climate change or are pro nuke like the Prez, that's a survival issue.]]></document>
		<document><![CDATA[@MarthaVineyard4 @NussbaumPaul What Communists? I'm not happy with the Nazis Trump is working with.]]></document>
		<document><![CDATA[@MarthaVineyard4 The American thing to do is to defend human rights and the Constitution. Trump thinks he answers to no one.]]></document>
		<document><![CDATA[. @realDonaldTrump Just remember where he is when he Tweets stuff like this... https://t.co/iWXQibYA7I]]></document>
		<document><![CDATA[. @realDonaldTrump You turn away refugees on Holocaust Remembrance Day then mock a Jewish man for crying about it? That takes Matzah balls]]></document>
		<document><![CDATA[@realDonaldTrump You're kind of known for broken mics. Oh and everything else you've come up with not working so far.]]></document>
		<document><![CDATA[. @BBCBreaking @BBCNews And the Incredible Shrinking President gets even smaller in the eyes of the world.]]></document>
		<document><![CDATA[@BBCNews @BBCWorld She's always stood up to Nazis in the past.]]></document>
		<document><![CDATA[@bpolitics It's about time Trump learned that "No means no!"]]></document>
		<document><![CDATA[@mzaina96 @nytimes As countries dangerous for Americans to visit, not for people to come from.]]></document>
		<document><![CDATA[@MentalChrysalis @nytimes Countries that were dangerous to visit not to have people come from. And not because he wanted a Muslim Ban.]]></document>
		<document><![CDATA[. @VP @POTUS 
King Abdullah II: What was all that business at the airport? 
Trump: Just things going nicely. Very nicely.]]></document>
		<document><![CDATA[. @POTUS Getting things off to a Nixon-y start.]]></document>
		<document><![CDATA[@rashminp @GoldbergSalem @Sir_Harry1 @JodelMikel @DailySignal not because of religion]]></document>
		<document><![CDATA[@rashminp @GoldbergSalem @Sir_Harry1 @JodelMikel.or because this is UnAnerican]]></document>
		<document><![CDATA[@rashminp @GoldbergSalem @Sir_Harry1 @JodelMikel @DailySignal The interviewer is using false equivalence. That's why context is needed.]]></document>
		<document><![CDATA[@rashminp @GoldbergSalem @Sir_Harry1 @JodelMikel @DailySignal Nope, they're comparing when Obama did the "same thing" it's not.]]></document>
		<document><![CDATA[@rashminp @GoldbergSalem @Sir_Harry1 @JodelMikel @DailySignal here's some context or "bigger picture"... https://t.co/272eMK5r9u]]></document>
		<document><![CDATA[@rashminp @GoldbergSalem @Sir_Harry1 @JodelMikel @DailySignal If it leads to the truth, then yes.]]></document>
		<document><![CDATA[@cameronesposito they look so desperate here, clasping onto and trying to control a world that's passing them by. They'll be dust soon.]]></document>
		<document><![CDATA[@chefdjm @KLewis44 @BarackObama He blew that chance in the last 10 days.]]></document>
		<document><![CDATA[One thing you have to remember about the #MuslimBan is according to him no one is less racist than Donald Trump so I'm sure it'll be okay.]]></document>
		<document><![CDATA[@realDonaldTrump Political reasons, humanitarian reasons, legal reasons survival reasons...]]></document>
		<document><![CDATA[@RHJR88 @AmyRockhall @CasteelJason More shootings by toddlers than deaths by anyone from the countries banned combined.]]></document>
		<document><![CDATA[@jimv245 not the same thing. Obama reacted to a direct threat from one country. Trump's is part of his Muslim Ban promise.]]></document>
		<document><![CDATA[@GoldbergSalem @Sir_Harry1 @JodelMikel @DailySignal no it's to step back and see the bigger picture.]]></document>
		<document><![CDATA[@collinselesiro America is waking up and telling Trump he can't get away with this UnAmerican behaviour.]]></document>
		<document><![CDATA[@jlroberts9914 @FoxNews You could say the same thing about Trump.]]></document>
		<document><![CDATA[@u_relaxinrod @NBCNews Nothing classy about allowing Trump to throw away every American value. Everyone speak up! https://t.co/YIEEDu7ApB]]></document>
		<document><![CDATA[@jgonza0319 @CBSNews The Bush family all thought Trump was unqualified to be President. Also they're all busy with health issues now.]]></document>
		<document><![CDATA[@CasteelJason If this is the American Dream the Founding Fathers really dropped the ball on explaining it.]]></document>
		<document><![CDATA[@SenSanders Big Boy. art by Pia Guerra. https://t.co/aOct88PXOA]]></document>
		<document><![CDATA[@SenSanders Secure. art by Pia Guerra. https://t.co/jv4mQZqjso]]></document>
		<document><![CDATA[@KeithOlbermann Secure. art by Pia Guerra. https://t.co/G34vV4ivH2]]></document>
		<document><![CDATA[@BraddJaffy @maddow @AriMelber Secure. art by Pia Guerra. https://t.co/8yTWxwoUEe]]></document>
		<document><![CDATA[. @realDonaldTrump The American dream is back. And it's time for your wake up call.]]></document>
		<document><![CDATA[@just_quit_jt We expect more from America.]]></document>
		<document><![CDATA[@TorontoStar Secure. art by Pia Guerra. https://t.co/LaIzMWPi7X]]></document>
		<document><![CDATA[@eddiern Good. Please don't use the image of someone who fought against racism to justify yours in the meantime.]]></document>
		<document><![CDATA[. @Pamela_Moore13 Don't use Vets as an excuse for your hate. They fought for freedom. If there's $20 billion for a wall use that instead.]]></document>
		<document><![CDATA[@realDonaldTrump Is this safety? https://t.co/BVuLUkn1yF]]></document>
		<document><![CDATA[@realDonaldTrump Is this America now? https://t.co/qkllTRMuVw]]></document>
		<document><![CDATA[@POTUS @YouTube Is this America now? https://t.co/7eXEvWeWEw]]></document>
		<document><![CDATA[. @darrylayo @PiaGuerra This is the same phrase he used when he talked about throwing a lot more "bad dudes" in Gitmo without a trial.]]></document>
		<document><![CDATA[. @realDonaldTrump A message from an immigrant who works as a journalist (in your words, "the opposition party"). https://t.co/rD5RT5w7CE]]></document>
		<document><![CDATA[@realDonaldTrump Here's one of the "bad dudes" you're saving America from... https://t.co/efwteDNt3f]]></document>
		<document><![CDATA[. @realDonaldTrump You hurt people with your bigoted Muslim Ban and then you mock those that wept for them? Shame on you. #MuslimBan]]></document>
		<document><![CDATA[. @realDonaldTrump You picked the countries Pres. Obama said were dangerous to visit not ones dangerous people were coming from.]]></document>
		<document><![CDATA[excuse me @realDonaldTrump your new bosses would like a word with you.   @CharlesMBlow @nytimes]]></document>
		<document><![CDATA[. @piersmorgan Oh so kidnapping is wrong but you want to lock kidnappers away against their will when they're caught? Absurd!]]></document>
		<document><![CDATA[@BBCBreaking Some things need to be undone before they can be fixed. Trump's bigotry can't be accepted by the UK.]]></document>
		<document><![CDATA[I hope all this doesn't cause 3 Doors Down's record sales to take a hit.]]></document>
		<document><![CDATA[. @BillMoyersHQ @JHWilliamsIII @NaomiAKlein Trump is a poker player going all in before someone calls his bluff.  Keep calling it!]]></document>
		<document><![CDATA[@michaelianblack Now have her explain to him what a Nazi is.]]></document>
		<document><![CDATA[If this isn't a reason to impeach then holy shit... #MuslimBan #MuslimBanprotest https://t.co/KN5Mv6s6T6]]></document>
		<document><![CDATA[It's a good week to be that cynical friend who says, "I told you so."]]></document>
		<document><![CDATA[@cameronesposito @VP finally leaders who are ready to focus on nonexistent problems for once at the expense of real ones.]]></document>
		<document><![CDATA[@Rosie and those jerks might think they're in charge but they work for you!]]></document>
		<document><![CDATA[. @realDonaldTrump you guys seem to be doing a remake of WW2 .]]></document>
		<document><![CDATA[@realDonaldTrump @TheBrodyFile @CBNNews remember to hunch forward, clasp your fingers together and pretend all this isn't cowardly and evil.]]></document>
		<document><![CDATA[You can send families back to their deaths out of fear but you have to stop calling yourself "the home of the brave". #MuslimBan]]></document>
		<document><![CDATA[@ThisWeekABC Sean Spicer's ability to keep a straight face while having his mouth full of shit is a very special skill.]]></document>
		<document><![CDATA[Sean Spicer's ability to keep a straight face while having his mouth full of shit is a very special skill. #MuslimBan]]></document>
		<document><![CDATA[@revelation16_15 @thangsleben There's no ban on abortion, just a ban on safe abortion.]]></document>
		<document><![CDATA[. @realDonaldTrump has had the first line of the National Anthem changed from, ‘Oh say can you see…” to “I’m not racist but…” #MuslimBan]]></document>
		<document><![CDATA[President Trump has had the first line of the National Anthem changed from, ‘Oh say can you see…” to “I’m not racist but…” #MuslimBan]]></document>
		<document><![CDATA[This is going to make one Hell of a Schoolhouse Rock cartoon. #MuslimBanprotest #MuslimBan]]></document>
		<document><![CDATA[In times like this I'm especially grateful to have so many smart, funny and kind people in my life.]]></document>
		<document><![CDATA[@lightning_grl @JimRobinsonSEA Be nice to see an informed adult say something again.]]></document>
		<document><![CDATA[@nytimes Shame on them.]]></document>
		<document><![CDATA[Christian leaders denouncing Trump’s plan to favour Christian immigrants is pretty damned Christian! #MuslimBan #MuslimBanprotest]]></document>
		<document><![CDATA[@TEN_GOP it is, which is why people have a duty to fight this UnAmerican ruling.]]></document>
		<document><![CDATA[@TrumpUSAforever Watching citizens standing up to the President's UnAmerican tyranny.]]></document>
		<document><![CDATA[@RichardKhanJr @piersmorgan It's a Muslim ban except for where a profit is being made.]]></document>
		<document><![CDATA[@realDonaldTrump No, your first week was a horrible mess. Stop looking elsewhere to justify your shameful cowardly UnAmerican agenda.]]></document>
		<document><![CDATA[@ruhamasgirl @VeeVee @POTUS This endangers them. And does so while hurting innocents. Like all bigotry, it's lose/lose.]]></document>
		<document><![CDATA[@kipp_ya take off ya hoser!]]></document>
		<document><![CDATA[@JordanPeele I appreciate that you've made a horror film but how can you compete with this real life shit?]]></document>
		<document><![CDATA[@chrislhayes @GreatDismal Doesn't make sense, a mirror shouldn't be able to reflect the image of someone with no soul.]]></document>
		<document><![CDATA[@HillYes1 The March wasn't about her.]]></document>
		<document><![CDATA[@Jarjarbug  She's a better person on her worst day than you on your very best day.]]></document>
		<document><![CDATA[@rylandes No he called Donald Trump a Pekinese. As in pampered.]]></document>
	</documents>
</author>