<author lang="en">
	<documents>
		<document><![CDATA[Turns out the CoV didn't clear a bikelane highlighted in a @CTVVancouver story, a private citizen did: https://t.co/QMtdTEWqe3 #journalism]]></document>
		<document><![CDATA[@lazarus7 The Revolution will come.]]></document>
		<document><![CDATA[Has Ezra Levant monetized the Bowling Green Massacre yet?]]></document>
		<document><![CDATA[Maybe yes, maybe no. But plausible &amp; has historical precedent. Believe O'Keefe's crew caught planning similar. Why… https://t.co/lF94J81Z5Z]]></document>
		<document><![CDATA[But...but...this is logic. https://t.co/LxWoCJ7KrU]]></document>
		<document><![CDATA[I wonder if it's difficult to plow roads when there are cars on them? 🤔]]></document>
		<document><![CDATA[Fresh hot take. https://t.co/ww8a12nRrp]]></document>
		<document><![CDATA[Subtext: Cyclists can't be business people. Or possibly people, even. https://t.co/fdjHwVUJZB]]></document>
		<document><![CDATA[The green vine snake is just as shocked by what's going on as you are. https://t.co/VUZMyWd1F4]]></document>
		<document><![CDATA[@CanSpice @MikeFolka Why isn't the Mayor out catching every snowflake single-handedly? #Snowpocalypse #VisionFail]]></document>
		<document><![CDATA[Trump: We’re Gutting Dodd-Frank Because My Friends Can’t Get Loans (VIDEO) https://t.co/XPEq0FRQPu #DrainTheSwamp]]></document>
		<document><![CDATA[@MarkAllerton Must be a private bus. Surprised they didn't close Oak b/w Broadway &amp; 6th like they usually do.]]></document>
		<document><![CDATA[Oh. - Military Convoy Flying Trump Flag Belonged to SEAL Unit - ABC News - https://t.co/yNDPuxlkEz]]></document>
		<document><![CDATA[A daily reminder: Things are not normal.]]></document>
		<document><![CDATA[Does this mean Nick Kouvalis doesn't actually turn candidates into winners? #cdnpoli https://t.co/BqjOX8hsQG]]></document>
		<document><![CDATA[Required: "Specific and overt demands" https://t.co/n2wPRc1foF]]></document>
		<document><![CDATA["absolutely the wrong message" - jesus that's weak tea. https://t.co/JprslOwlaa]]></document>
		<document><![CDATA[Blue America makes up the majority of the GDP. It's general strike time.]]></document>
		<document><![CDATA[Who among us, in a heated one-sided telephone call, hasn't threatened to invade Mexico?]]></document>
		<document><![CDATA[True story: I was an extra on the original Jump Street. Johnny Depp is only 3' tall. https://t.co/aPXIc0VnWH]]></document>
		<document><![CDATA[@kevinharding One gets the idea Trump would like to emulate Australia's refugee policy.]]></document>
		<document><![CDATA[That we know of... https://t.co/wLhuYaOasg]]></document>
		<document><![CDATA[NARRATOR: "He won't." https://t.co/AtsSIVi2kL]]></document>
		<document><![CDATA[Breaking: Frederick Douglass tapped to lead invasion of Mexico #BlackHistoryMonth]]></document>
		<document><![CDATA[I bet the U.S. Army found out about the plan to invade Mexico on Twitter too.]]></document>
		<document><![CDATA[Is this before or after the war with Iran and/or China? https://t.co/w3QZVWKvuC]]></document>
		<document><![CDATA[War with China or Iran? Tune in tonight as President Trump announces his surprise choice!]]></document>
		<document><![CDATA[Funny. Liberal canvassers came to my door last week and asked me what my priorities were and I said this. And they… https://t.co/dGZFPFWm5E]]></document>
		<document><![CDATA["Big impact" #headdesk https://t.co/zhRujjXeil]]></document>
		<document><![CDATA[This is shameful and embarrassing. Put up...or don't tweet #cdnpoli https://t.co/1nSUfXitPT]]></document>
		<document><![CDATA[Man mistakenly arrested in Quebec mosque shooting should sue Rebel Media and a couple of Toronto Sun columnists. https://t.co/uCTOkCL5FI]]></document>
		<document><![CDATA[The press should print out jumbo copies of Trump's tweets and hold them up to Sean Spicer. Good for the goose, good for the gander.]]></document>
		<document><![CDATA[@wisemonkeysblog This is pretty much why I'm not worried about the Arbutus Greenway anymore and so on and so forth.]]></document>
		<document><![CDATA[Survey says....TRUE! https://t.co/m9HM4gx2wj]]></document>
		<document><![CDATA[Dana Boente has been waiting to sign foreign surveillance warrants his whole life. https://t.co/LEtFhIst62]]></document>
		<document><![CDATA[The group that has the most guns, the military, hasn't said anything.

[Deep breath]]]></document>
		<document><![CDATA[Some parts of the US govt are resisting furiously. These parts don't have guns. Other parts love Trump. These parts do have gun.]]></document>
		<document><![CDATA[Where is this all going? I think this is now a question of days, not weeks.]]></document>
		<document><![CDATA[Seriously, read this. Trump absolutely wrote this. And by "wrote" I mean "dictated to a drugged Sean Spicer" https://t.co/xZd3TgKLSi]]></document>
		<document><![CDATA[FWIW: Definitions of Terrorism and the Canadian Context - https://t.co/U1afZixU2m]]></document>
		<document><![CDATA[Is this the birth of a broader general strike?  https://t.co/BjsTmQgXI4 via @Verge]]></document>
		<document><![CDATA[Yes, "fake news" is a symptom, not the cause. https://t.co/9qulGxqmsf]]></document>
		<document><![CDATA[...I think there's a strong Occam's Razor case to be made these bozos are trying to be too clever by half, &amp; are in way over their heads.]]></document>
		<document><![CDATA[This has been making the rounds, and yes it's plausible, but... -  “Trial Balloon for a Coup?” -  https://t.co/UzVp83CnVe]]></document>
		<document><![CDATA[Theory: Bannon is that guy who only makes it halfway through Machiavelli's The Prince &amp; thinks he doesn't have to read further.]]></document>
		<document><![CDATA[Despite the fact police announced Mohamed Khadir was no longer considered a suspect an hour ago, Fox posted still p… https://t.co/BhXSvn72Yp]]></document>
		<document><![CDATA[@SunCivicLee I always paid attention when you weighed in. Good luck for the future!]]></document>
		<document><![CDATA[Boston strong. https://t.co/2h9jpawwQV]]></document>
		<document><![CDATA[Oh man, Putin is going to eat him alive. https://t.co/b7nVjc3NFr]]></document>
		<document><![CDATA["Who is going to win" - Trump's immigration fiasco might be more premeditated than we think https://t.co/TK4Ac5tJ8w]]></document>
		<document><![CDATA[@Lazin_Ryder Clear birdshot. Wind is murder.]]></document>
		<document><![CDATA[@MikeoftheWest It's gone international. My NZ friends are sharing it. It's fait accompli.]]></document>
		<document><![CDATA[Sure, the story. But the photo...American Caligula. https://t.co/XOIKxctd1N]]></document>
		<document><![CDATA[@thingsiknow It's *literally* the first line @rgilliescanada @ejcs]]></document>
		<document><![CDATA[Whatever you think of his positions on other issues, he' right on this - PM Trudeau says Canada will take refugees   https://t.co/NTVuqMFPdp]]></document>
		<document><![CDATA[@kreynolds118 Or as the connoisseurs call it, cardbordeaux.]]></document>
		<document><![CDATA[@wisemonkeysblog Hey, you should take credit! https://t.co/pE2oVLBa4Y]]></document>
		<document><![CDATA[@CanadianPM Canada should issue visas to anyone affected by Friday's travel ban in the U.S. so families will have some solace #cdnpoli]]></document>
		<document><![CDATA[@JustinTrudeau Canada should issue visas to anyone affected by Friday's travel ban in the U.S. so families will have some solace #cdnpoli]]></document>
		<document><![CDATA[I have never understood why professional darts is a thing and why it's on TV and even more why it's on Canadian TV. https://t.co/UQpnArcT3d]]></document>
		<document><![CDATA[@MarkAllerton @terratrek "You received this ad because you were Frodo in 'What Hobbit Are You' quiz"]]></document>
		<document><![CDATA[Fascinating. And utterly, utterly terrifying. Hari Seldon's Psychohistory is here. https://t.co/SbpC0KbWPj]]></document>
		<document><![CDATA[It looks like Facebook has switched me over to the "conservative" news feed. Breibart, Fox, Sputnik, etc. No one can say I'm in a bubble.]]></document>
		<document><![CDATA[Spy games in Moscow. Was FSB agent a US spy? - Wow, It Gets Bigger https://t.co/IyGpWWGLNe]]></document>
		<document><![CDATA["The White House says..." 

As if *that* means something. https://t.co/aHleAiXDRE]]></document>
		<document><![CDATA[The 25th Amendment won't save us.]]></document>
		<document><![CDATA[@peachpear Welcome to middle age]]></document>
		<document><![CDATA[@Lazin_Ryder Should robots form unions? -&gt; https://t.co/KjbWJyjdZi]]></document>
		<document><![CDATA[@MarkAllerton I'm on Ep. 3. and would give it a 6 to 7 out of 10 so far. So worth sticking with?]]></document>
		<document><![CDATA[It has to be a "layered defense"...like some sort of Maginot Line. https://t.co/tCOVLftQvH]]></document>
		<document><![CDATA[Every day is ugly in Trumplandia, but today is shaping up to be the ugliest. What will tomorrow bring?]]></document>
		<document><![CDATA[Of note, statistically the crime rate committed by "undocumented immigrants" [actual word used is aliens] is below… https://t.co/D4pXWEfzW2]]></document>
		<document><![CDATA[Paging General Mattis...you still want to work for this regime? https://t.co/oaA9sRKcIo]]></document>
		<document><![CDATA[Ugly, ugly, ugly move. https://t.co/Hfbvci0ryg]]></document>
		<document><![CDATA[I have seen every episode of the Mary Tyler Moore show at least 5 times. #RIP https://t.co/OimXSCl6KA]]></document>
		<document><![CDATA[Coren: "He doesn’t know the effect he’s having on people."

The word you're looking for is "sociopath" https://t.co/QvPAYTWcQs]]></document>
		<document><![CDATA[Hard to square "it's all a Cunning Plan™" with the "he's an impulsive madman" leaks. https://t.co/rzWY6Mz3aq]]></document>
		<document><![CDATA[And what if Trump vetoes it? https://t.co/txBLvwe6JK]]></document>
		<document><![CDATA[The DoD tweet: 3) It's a plausibly deniable message from Army brass.]]></document>
		<document><![CDATA[The DoD tweet: 2) It's an about to be in a shitload of trouble low-level comm staffer subtweeting]]></document>
		<document><![CDATA[The DoD tweet:  1) It's a sincere public service announcement about mental health.]]></document>
		<document><![CDATA[Which means in support of the Assad regime. #Syria https://t.co/ZsSwves4gZ]]></document>
		<document><![CDATA[Funny, the side streets in Edmonton don't look clear. But...but...we were assured only the City of #Vancouver could… https://t.co/Bkzsy80le2]]></document>
		<document><![CDATA[This is perhaps the most dangerous thing he's ever proposed. https://t.co/phahnxcA1a]]></document>
		<document><![CDATA[When you discuss specific policies w/o attaching partisanship, most people really like them https://t.co/BX8au2zB7b]]></document>
		<document><![CDATA[On the one hand, it's important real-world leaders are role models. On the other hand, this is just so awesome. https://t.co/S0PMykEi7N]]></document>
		<document><![CDATA[They is learning! https://t.co/0zjMszCDSX]]></document>
		<document><![CDATA[@wisemonkeysblog The tax cuts and the gutting of the social safety net has to happen first.]]></document>
		<document><![CDATA[The world is flat, people, if we say it is. https://t.co/H9epqB1EeR]]></document>
		<document><![CDATA[I'm pretty sure you emasculated yourself. https://t.co/fXWQag7G9g]]></document>
		<document><![CDATA[Because of course. https://t.co/AMoP0sk0Ys]]></document>
		<document><![CDATA[Are the trains running on time yet? #Inauguration]]></document>
		<document><![CDATA[@MikePHager Don't forget The Rebel https://t.co/uKAGK9D3R5]]></document>
		<document><![CDATA[Which makes sense as they are trying to establish a monarchy. https://t.co/pvvdVUFcfD]]></document>
		<document><![CDATA[A private business inconveniencing the general public. The least you could do is be polite. Perhaps even say thank you.]]></document>
		<document><![CDATA[2nd was at the casino construction site, who scowled angrily at me (after I had already come to a complete stop) to not go thru green light]]></document>
		<document><![CDATA[The first, working w/ the CoV crew at 7th &amp; Oak is all smiles and waves and will stop traffic for pedestrians &amp; cyclists to cross safely.]]></document>
		<document><![CDATA[Two experiences today with traffic flaggers today. It is a study in contrasts.]]></document>
		<document><![CDATA[I know we're not supposed to say "thread" anymore, but "thread." https://t.co/gEPi1TP1Ea]]></document>
		<document><![CDATA[@tlupick The Lincoln Memorial always looks terrified. In this case I don't blame it.]]></document>
	</documents>
</author>