<author lang="en">
	<documents>
		<document><![CDATA[@eamonnmarra @Maria_LaFonda ho shit i musg watch!!!!!]]></document>
		<document><![CDATA[@FreyaDalySad what argument is this?]]></document>
		<document><![CDATA[@courtrobro congrats! the internship should be fuuun &lt;3]]></document>
		<document><![CDATA[@courtrobro WHAT IS]]></document>
		<document><![CDATA[@chrissybrown nah i don't but they're all tall n sporty n shit so 👀]]></document>
		<document><![CDATA[this matte lip colour from sugarpill is my fave formula evr + my skin is so gud atm 💛i look properly italian here t… https://t.co/DLcg8cXkxm]]></document>
		<document><![CDATA[@donniemnemonic @someofmybest @guywilliamsguy my first big crush was on one of bill's hot sons (i went to primary school with them)]]></document>
		<document><![CDATA[how do u say in a not passive aggressive manner that unloading the dishwasher by just putting them on the counter is not helpful]]></document>
		<document><![CDATA[@chelseamnz &lt;3 Queen Shirley &lt;3]]></document>
		<document><![CDATA[@teJoshuaJames possibly cumming, it does end in ing]]></document>
		<document><![CDATA[tryin to decipher ur own shorthand like https://t.co/Rn10zZMzOC]]></document>
		<document><![CDATA[settle this for my boss. going to the movies by yourself is]]></document>
		<document><![CDATA[@furiosasgf 😮 what were the other courses!! that looks amazing]]></document>
		<document><![CDATA[we wouldn't want to idk encourage -any- kind of political discourse or idk take a stand against racist fascism would we nah]]></document>
		<document><![CDATA[i mean, making sthing just go the f away by not talking about it is the national party's /thing/ right? it's worked so well 4 them y change]]></document>
		<document><![CDATA[i feel like i should be more surprised that @pmbillenglish hasn't said anything about the #MuslimBan yet]]></document>
		<document><![CDATA[@georgialeel i also love sox! also who has the job of writing up their lil profiles? can you specifically volunteer… https://t.co/DHph5wS4tD]]></document>
		<document><![CDATA[@georgialeel precious is too gorgeous &lt;3]]></document>
		<document><![CDATA[cool, now i'm crying while looking at the cats having also cried at the muslim ban this morning, navigating the internet like a babby]]></document>
		<document><![CDATA[what a cool guy]]></document>
		<document><![CDATA[looking at the wellington cats protection league and omg https://t.co/GlGKpTgWoP]]></document>
		<document><![CDATA[@sayambularrrrr btw i tried those burger pringles and they were weird but i liked em!!!!]]></document>
		<document><![CDATA[@acgamboni i'm too tired!!!!! but it's dumb!!!!!!!]]></document>
		<document><![CDATA[the argument that students struggling to find a home shd just live up the coast or in the hutt rly annoys me but i can't articulate why lol]]></document>
		<document><![CDATA[i'm so premenstual and the masterchef final is slaying me]]></document>
		<document><![CDATA[this tweet hides the fact that i actually love it very poorly and i'm sorry ilu hospo workers]]></document>
		<document><![CDATA[going for my first friday beer as a 9 to 5er.......... ew]]></document>
		<document><![CDATA[@saycheeselouise both introverted! works well for the most part bc boundaries]]></document>
		<document><![CDATA[me to me: u just started a real job fulltime. u don't need to impose a gruelling weightloss regime on yrself too
me to me: thnks babe ilu]]></document>
		<document><![CDATA[look i follow @ottolenghi on IG and i know he's been in the masterchef kitchen. let's be real: 4 next season? the people need to know]]></document>
		<document><![CDATA[@Kelchup yes! but it is ~respected~ and ~professional~ and i think u can fiddle around w the code a bit and design it urself a lil bit?]]></document>
		<document><![CDATA[@slugbabies oh cool! i'll listen out tomorrow.]]></document>
		<document><![CDATA[@acgamboni shit i just heard one of the hosts pronounce it right ! i hope u don't get fired man]]></document>
		<document><![CDATA[it doesn't bother me it just happens all the time and it's not like u misheard]]></document>
		<document><![CDATA[my name, it's right there https://t.co/sVMhPEY0YD]]></document>
		<document><![CDATA[@ewwaimeesmith i think you are so kind]]></document>
		<document><![CDATA[radio howwwraki in the office it's pretty grating eh]]></document>
		<document><![CDATA[@jam8391 #whywouldanyonelivehere #whywouldyoucolonisethis #showyourworking]]></document>
		<document><![CDATA[@ewwaimeesmith i knoooow i really want one of their sweatshirt dresses but they all so SILLY]]></document>
		<document><![CDATA[@acgamboni smush face into kitties]]></document>
		<document><![CDATA[yeah i'm gna need to visit the cats protection league place on the weekend]]></document>
		<document><![CDATA[is this normal. bid you fuckers https://t.co/pkwfIQYHwE]]></document>
		<document><![CDATA[@Chirald you're great tho and u always look great probably because u don't follow fashion's dumb rules]]></document>
		<document><![CDATA[lessons this alter ego need 2 learn: a) wildly patterned pants look terrible on u b) you are too old and tall for mary janes]]></document>
		<document><![CDATA[sometimes i buy clothing for this alter ego of mine who loves like novelty shit (lazy oaf) and i'm like ?]]></document>
		<document><![CDATA[@acgamboni lol i just realised it's wgtn anniversary day ✌🏻]]></document>
		<document><![CDATA[@acgamboni shit rental properties, low wages, prohibitively expensive healthcare. why am i still here]]></document>
		<document><![CDATA[@ctlne i'm giving myself a yr to work my new job and save cash and then i'm out ➡️👋🏻]]></document>
		<document><![CDATA[full of enemies + ppl i have disappointed, shit weather, shit opportunities]]></document>
		<document><![CDATA[I'M NOT USUALLY ONE OF THOSE, but i am deathly sick of wgtn]]></document>
		<document><![CDATA[@belzaga i was playing the person on my desktop u numpty]]></document>
		<document><![CDATA[@furiosasgf lol. my ideal lifestyle]]></document>
		<document><![CDATA[@morganeleanor is she...., where does this belief come from??]]></document>
		<document><![CDATA[to all these the future is female t-shirts n shit around - let's aim for a queer future, yeah?]]></document>
		<document><![CDATA[snapchat x meitu..... a match made in hell!!!!! 👹👺💩🔥 https://t.co/xCMB7xxi43]]></document>
		<document><![CDATA[remembered why i hate baths!!!!!!!!!]]></document>
		<document><![CDATA[@georgialeel i think so which is why i'm hesitating on putting it away foreva]]></document>
		<document><![CDATA[@jam8391 no!!!!! that would b okay!!!!!]]></document>
		<document><![CDATA[what are u guys fave healthy meals on a budget? don't @ me w ur mee goreng recs, we got that covered]]></document>
		<document><![CDATA[@chrissybrown so dirty as well vom. ok i'm just getting rid of it i don't even care]]></document>
		<document><![CDATA[@chrissybrown @BryarClayton um yes because they suck and are boring but if u don't go everyone forgets about u]]></document>
		<document><![CDATA[@Kelchup the one that owns it is 19! and is v sweet otherwise]]></document>
		<document><![CDATA[@acgamboni like.. it has the rules to circle of death on top]]></document>
		<document><![CDATA[i feel 2 old and boring to tell the boys in the new flat that i wna replace their tui-themed coffee table with sthing not so fukn hideous]]></document>
		<document><![CDATA[@acgamboni hopefully i delete this tweet before he sees]]></document>
		<document><![CDATA[@sayambularrrrr @beefilmnz never tried a cornto, just observed them in random dairies. gud?]]></document>
		<document><![CDATA[my boy playing platform games in the nud w the most serious expression on, wish i could post a pic lol]]></document>
		<document><![CDATA[I got "Colossal squid" on "Which Te Papa object are you?" What about you? https://t.co/RXAXigK2YP 😤💪🏻]]></document>
		<document><![CDATA[@sayambularrrrr omg ty i saw those around but was a sceptic i will totally grab some]]></document>
		<document><![CDATA[@sayambularrrrr weird??? special shout outs to BBQ flavour, and what are your thoughts on pringles? mine are they expensive but delicious]]></document>
		<document><![CDATA[@sayambularrrrr tru they're always on special for like 99c a bag lol]]></document>
		<document><![CDATA[@beefilmnz @sayambularrrrr gta say i rate those cheese snacks below chicken.. rashuns n cheeseballs n whatnot]]></document>
		<document><![CDATA[@sayambularrrrr least fave is boring salted. fave is ya proper crisps salt + vinegar altho tbh i will munch any ol chips]]></document>
		<document><![CDATA[@teJoshuaJames yup yup yup. i stress ate heaps + dropped a lot of exercise due to bein busy or just fukn exhausted]]></document>
		<document><![CDATA[had no dark choco or cocoa powder so put a wee bit of coffee in my chilli and it was a GOOD CALL]]></document>
		<document><![CDATA[*me, getting dressed* *looks at clothes*
it does not do to dream bella, and forget to live
*puts on same dress as every other damn day*]]></document>
		<document><![CDATA[@chelseamnz if this is for work 💛 i feel like inevitably we will all make that mistake !]]></document>
		<document><![CDATA[.@Typoshop get this off your shelves and out of any more young people's hands.]]></document>
		<document><![CDATA[my brain screamed this at me when i was going through an eating disorder, and it's not the kind of thinking u can s… https://t.co/DQvnvM6mq6]]></document>
		<document><![CDATA[um these are so good https://t.co/bihC8cmSuq]]></document>
		<document><![CDATA[love to go out 2 lunch and sit around while men do the household tasks https://t.co/CjEgbJWbaY]]></document>
		<document><![CDATA[never been scared of storms before, but at 4am 😰]]></document>
		<document><![CDATA[my impulse sadness buys are your treasure]]></document>
		<document><![CDATA[hey everybody buy my beautiful clothing https://t.co/XULfHqNDYf]]></document>
		<document><![CDATA[@HaydenDonnell hahhaha. brave, brave mostly brave. great piece! show me the lie etc]]></document>
		<document><![CDATA[a media lawyer from fairfax told my journo class that he 'legals' every single mention of bob jones, even in passin… https://t.co/naMjdjdsO9]]></document>
		<document><![CDATA[dr dog and his farts are iconic 😢 https://t.co/RjpnOebgIn]]></document>
		<document><![CDATA[also he should have just taken me instead of j texting me all night smh]]></document>
		<document><![CDATA[my dad is at nick cave tonight and texting me his feels. it's very adorable but also he might just be pissed]]></document>
		<document><![CDATA[👇🏻cc: @courtrobro read this ae https://t.co/b575tq3S3Y]]></document>
		<document><![CDATA[so after all that whining i got a reporter job ☺️🥂]]></document>
		<document><![CDATA[if anyone's lookin to make hot water pastry countdown jville has got u 😯 https://t.co/K2akjsnYJS]]></document>
		<document><![CDATA[@bonesbynow fukn exactly shame]]></document>
		<document><![CDATA[my corporate look says "i'll start looking more professional when u start paying me ;)"]]></document>
		<document><![CDATA[just letting everyone know this is my ideal dog https://t.co/kdeHQaD8wb]]></document>
		<document><![CDATA[heartily sick of not getting to sleep til ~1am, having patchy sleeps and then bein wide awake but exhausted at 6am]]></document>
		<document><![CDATA[@ctlne wowee the red rly makes ur eyes look amazing ! (i have greeny-hazel eyes too, gud 2 know)]]></document>
		<document><![CDATA[things i like about our nu place so far no 1: how this art fits exactly on this bit of wall https://t.co/RhwBlgH6WM]]></document>
		<document><![CDATA[i keep being 'bratty' w my bf and now..... he is making dinner for like the second time evr. maybe i am just asserting my boundaries lol]]></document>
		<document><![CDATA[the cruel thing about unpacking is that u gta do it right after u just got done packing]]></document>
	</documents>
</author>