<author lang="en">
	<documents>
		<document><![CDATA[@Wildantlers I'd be happy to block you again if you're just going to be a dick.]]></document>
		<document><![CDATA[Very nice evening in Hastings with these great @NZGreens candidates and some of our supporters. https://t.co/IE4Zu2Xzna]]></document>
		<document><![CDATA[Heading North from Wairarapa. Everything was pretty green until Norsewood, then bam, dry as in HB.]]></document>
		<document><![CDATA[Great to see @NZGreens te reo policy prompt debate. Next week's letters to the Ed should be fun ;-) #stirrers https://t.co/LcxiIU2NeP]]></document>
		<document><![CDATA[@andrew_hoggard Good read - thanks. "to date" needs a start point to be more informative though. @Lewisridge_Farm @dairymanNZ @m_herbert]]></document>
		<document><![CDATA[@krislane Just showed up this morning I think.]]></document>
		<document><![CDATA[@RFStew Damn, planned to listen, but events conspired against me.]]></document>
		<document><![CDATA[@Sam_Sheppo @m_herbert @tutukaus @dairymanNZ Some conversations would be easier over a beer (or six).]]></document>
		<document><![CDATA[@Lewisridge_Farm I've been asking for the numbers behind the survey for quite a while. Feel free to illuminate me. @dairymanNZ @m_herbert]]></document>
		<document><![CDATA[@Sam_Sheppo Not sure what you're asking Sam. @m_herbert @tutukaus @dairymanNZ]]></document>
		<document><![CDATA[@m_herbert The issue is the scale and growth of the industry and its impacts. It's bigger than individual farmers. @tutukaus @dairymanNZ 2/2]]></document>
		<document><![CDATA[@m_herbert I don't doubt that. I don't know how else to convey that you, and farmers like you are not the problem @tutukaus @dairymanNZ 1/2]]></document>
		<document><![CDATA[@RodMullin Parliamentary Commissioner for the Environment did a study a few years back. @m_herbert @dairymanNZ]]></document>
		<document><![CDATA[@tutukaus How would a campaign against palm oil help with NZ's water quality? @m_herbert @dairymanNZ]]></document>
		<document><![CDATA[@dairymanNZ You don't think the magical $1B has been used as propaganda even in the slightest? @m_herbert]]></document>
		<document><![CDATA[@dairymanNZ So using $1B figure is just a neutral fact, but questioning it is "cheap sarcastic political point scoring"? OK then. @m_herbert]]></document>
		<document><![CDATA[@tutukaus You've seen Greenpeace campaigning against palm oil too, right? @m_herbert @dairymanNZ]]></document>
		<document><![CDATA[@tutukaus I thought we were talking water quality? @m_herbert @dairymanNZ]]></document>
		<document><![CDATA[@m_herbert @dairymanNZ But I do agree: water quality bottom lines should apply to all water, urban and rural. That's Greens policy BTW.]]></document>
		<document><![CDATA[@m_herbert @dairymanNZ I imagine it's pretty simple: urban point sources account for ~5% of NZ water pollution. Go for big wins first?]]></document>
		<document><![CDATA[@dairymanNZ @m_herbert Asking for the numbers from a small, self-reported self-selected survey that was extrapolated to $1B is unreasonable?]]></document>
		<document><![CDATA[@dairymanNZ You're putting words in my mouth. @m_herbert]]></document>
		<document><![CDATA[@dairymanNZ Not going to pretend that. But think about industry response to criticism. @m_herbert]]></document>
		<document><![CDATA[@m_herbert Maybe that's the only thing they have left when industry response is "Shut up / It's fine / Why do you hate farmers?" every time.]]></document>
		<document><![CDATA[@m_herbert Part of the problem Matthew IMO, any critique of the *industry impacts* (not farmers personally) is met with hyperbole like that.]]></document>
		<document><![CDATA[@Wildantlers That joke's already been made ;-)]]></document>
		<document><![CDATA[@dairymanNZ @Kris_Bartley Speed of action and agreement on scale of the problem are the major issues IMO. The rest is noise.]]></document>
		<document><![CDATA[@m_herbert Just pointing out the incongruity between the title of the PR and the content.]]></document>
		<document><![CDATA[One might get the impression @DairyNZ are not entirely serious about working with @GreenpeaceNZ]]></document>
		<document><![CDATA[So PR from @DairyNZ titled "Quit the attacks and let's work together" attacks @GreenpeaceNZ in 11 of 22 paragraphs. https://t.co/7QBpo6Wz6c]]></document>
		<document><![CDATA[@LewSOS incredible.]]></document>
		<document><![CDATA[@GlenHerud Sounds great. We've been doing the self-re-seeding for 8 years. Amazing to see how much white and red clover here now :-)]]></document>
		<document><![CDATA[@StuFlemingNZ As you'd expect from a staffer tasked with the job, surely?]]></document>
		<document><![CDATA[National: Tough on crime but seemingly ignorant of the causes. What could that $500m achieve as an investment in our kids' futures?]]></document>
		<document><![CDATA[@robellcampbin RNZ have it]]></document>
		<document><![CDATA[@grumpybirb I think @Rdiva has some recipes for amazing date-based slices and cakes]]></document>
		<document><![CDATA[I think it's a fair point: exceptional circumstances should require demonstration of exceptional (and quantifiable)… https://t.co/aLJd1KtI1L]]></document>
		<document><![CDATA[@OliverHMSmith Yes, cos my tweet was clearly a well-researched and completely serious proposal to reform both immigration and tax law :-p]]></document>
		<document><![CDATA[@OliverHMSmith Yeah, that's what I was modelling my idea on.]]></document>
		<document><![CDATA[@lancewiggs I don't suspect anything malevolent: it's just the idea of special treatment that doesn't sit well with most kiwis]]></document>
		<document><![CDATA[@lancewiggs I'll leave it to you to tell Peter we've changed the terms of his arrangement ;-)]]></document>
		<document><![CDATA[I find "we should be proud the ultra-rich want citizenship" as odious as "but they'll leave if we make them pay tax". Social contract much?]]></document>
		<document><![CDATA[Modest proposal: Non-residents can buy citizenship but all their income is subject to NZ tax. Think of it as lay-by for when they move here.]]></document>
		<document><![CDATA[@MxDEJ Yeah, I'm looking forward to people smarter than us (well, me at least) figuring it out :-)]]></document>
		<document><![CDATA[@MxDEJ Just trying to imagine the benefits that citizenship might confer, that being a non-resident resident might not...]]></document>
		<document><![CDATA[@bootstheory Sure, but wouldn't residency give the same benefit?]]></document>
		<document><![CDATA[So have we gotten to the bottom of *why* Thiel particularly wanted citizenship, not just (unused) residency? Buy land? Party donations?]]></document>
		<document><![CDATA[@dairymanNZ @GeraldPiddock It popped up in my "in case you missed it" so it was useful, for once :-)]]></document>
		<document><![CDATA[The last thing I read telling them as much was @dairymanNZ so I'll say well done for making them see sense. https://t.co/zhD4kWKBVM]]></document>
		<document><![CDATA[@BR3NDA And as for the concept that learning a language might aid in the learning of other subjects...]]></document>
		<document><![CDATA[@dairymanNZ @TrumpDraws Correct procedure :-)]]></document>
		<document><![CDATA[Yep, this :-) https://t.co/5IDswI170P]]></document>
		<document><![CDATA[@adzebill Good to know, but how might a punter know the difference?]]></document>
		<document><![CDATA[@adzebill Related: is it possible to have moa bones in private ownership in a non-dodgy way?]]></document>
		<document><![CDATA[@adzebill I would love to have something like that at home, but not a stolen taonga.]]></document>
		<document><![CDATA[@PolarBearFarm "You notice he doesn't talk about jobs..."

No, because you literally used up the universe's allocation of the word "jobs"]]></document>
		<document><![CDATA[@PolarBearFarm Wait, jobs and what? I didn't quite catch it ;-)]]></document>
		<document><![CDATA[Those would be a fine start... https://t.co/wWKSlTMGZW]]></document>
		<document><![CDATA[Boy, for what should be a campaign event selling his vision for NZ, @pmbillenglish sure has spent a lot of time bagging @NZGreens.]]></document>
		<document><![CDATA[@sunilwilliams Ecological wisdom: infinite growth impossible on a finite planet https://t.co/jlTDQQ2Qpa @NZGreens]]></document>
		<document><![CDATA[On a finite planet, with climate change bearing down, and half the Western world in political meltdown. Growth. https://t.co/DOR15INigX]]></document>
		<document><![CDATA[@jgmccl Our almost 5 y/o has been learning via pre-school. She loves it and it's been effortless for her at that age. Such a gift for life.]]></document>
		<document><![CDATA[@southernlimitnz Good question. I can't speak for party or members until they decide, but fair to say the tech is moving faster than we are]]></document>
		<document><![CDATA[@southernlimitnz Stance is based on the Royal Commission findings. Is any other party suggesting NZ does otherwise? I'm happy to revisit tho]]></document>
		<document><![CDATA[Yep, we're* fine, so screw those other people.

*some of us are https://t.co/c3aEiu2oay]]></document>
		<document><![CDATA[@richardhills777 His 2pm presser tomorrow? Seems likely to be the big announcement we're all waiting for.]]></document>
		<document><![CDATA[@richardhills777 Is that on Twitter or Facebook?]]></document>
		<document><![CDATA[@jgmccl War, or longer term, climate change: he may doom us either way.]]></document>
		<document><![CDATA[@KoanuiFarming @BradMarkham81 I'm not sure how you turn that around, but getting kids who *want* to be in the industry must help eventually?]]></document>
		<document><![CDATA[@KoanuiFarming @BradMarkham81 Is there some chicken and egg too? Better staff require better pay, but that requires better staff etc...]]></document>
		<document><![CDATA[@phyllisofickle That is pretty much the perfect description. I hope it catches on*

*I'd like to steal it]]></document>
		<document><![CDATA[Sailing past dictatorship, right into banana republic. https://t.co/CQBuchGpE5]]></document>
		<document><![CDATA[@BradMarkham81 It's a concern. Don't think it's very different here in Wairarapa TBH. It needs to change though if ag is to keep progressing]]></document>
		<document><![CDATA[@GuyonEspiner did a good job giving @pmbillenglish every opportunity to show leadership this morning. Sadly, we saw none.]]></document>
		<document><![CDATA[@emmawehipeihana Oh yes, I know that one :-)]]></document>
		<document><![CDATA[@emmawehipeihana G has the patience of a saint some days.]]></document>
		<document><![CDATA["It's not racist but..." https://t.co/5tOZhBXRxf]]></document>
		<document><![CDATA[@RobJStewartNZ Sorry to hear, but so many other ways you can contribute to the mahi ahead 💚]]></document>
		<document><![CDATA[@RFStew Found it. Yeah...see what you mean.]]></document>
		<document><![CDATA[@RFStew Oh, haven't seen that one...]]></document>
		<document><![CDATA[@RFStew Ruh-roh... I could grow out the hair for more of a Trudeau, but I couldn't be arsed with the upkeep ;-)]]></document>
		<document><![CDATA[@Te_Taipo I love how is back catalogue of tweets is as voluminous as the bible: you can find a tweet for any occasion.]]></document>
		<document><![CDATA[Or you could look at the effect of the policy on actual humans... https://t.co/UNTayTSZqN]]></document>
		<document><![CDATA[Anyway, thank you @pmbillenglish for responding. Now let's #DoubleTheQuota please?]]></document>
		<document><![CDATA[Not meek. Just the mildest, least-likely-to-cause-offence words you could imagine. But definitely not meek. https://t.co/v14q4tumjJ]]></document>
		<document><![CDATA[@damienmgrant @paulbrislen Surely the point of learning from history is that we shouldn't wait until it gets that bad before acting?]]></document>
		<document><![CDATA[@AndreAlessi @Dovil @_hi_tide I understand, and appreciate the insight.]]></document>
		<document><![CDATA[@AndreAlessi @_hi_tide I can't disagree with your reasons, but I'd argue a no-vote is still a vote if it allows another National term.]]></document>
		<document><![CDATA[@m_herbert Agree, but hard when issue is whole industry impact @Sam_Sheppo @GrantSc24289660 @PaulBMcGill @Lewisridge_Farm @MorrisonFarming]]></document>
		<document><![CDATA[@GrantSc24289660 What happens to our brand at that point? @Sam_Sheppo @PaulBMcGill @Lewisridge_Farm @MorrisonFarming @m_herbert]]></document>
		<document><![CDATA[From that last clip: a tally of how many Americans have died in terrorist attacks, by nationals of the "banned" cou… https://t.co/E7C4WTUM2r]]></document>
		<document><![CDATA[@philquin This one suits my current anger level. Your mileage may vary. https://t.co/yqKE94QSCB]]></document>
		<document><![CDATA[*Some* world leaders. Not ours (yet?) come on @pmbillenglish https://t.co/rAy5unG2Ru]]></document>
		<document><![CDATA[@emmawehipeihana Ha! Don't know about that - more laughing to avoid crying.]]></document>
		<document><![CDATA[@emmawehipeihana "The first rule of dystopian book club is read fast: you're starting a few chapters behind the bad guys"]]></document>
		<document><![CDATA[Nice to be back, but man Wellington, you need to have a chat to Auckland about how Summer works ;-)]]></document>
		<document><![CDATA[@emmawehipeihana Everyone trying to get ahead of the playbook?]]></document>
		<document><![CDATA[@TinaMakereti It's a cracker, isn't it?]]></document>
		<document><![CDATA[@Absurdum14 Sure, but let's see what he says first.]]></document>
		<document><![CDATA[I'd hope NZ response to President Trump's Muslim ban would be something like this...but will our PM even comment? https://t.co/vbmtHY7kOY]]></document>
	</documents>
</author>