<author lang="en">
	<documents>
		<document><![CDATA["It's more than about … any one moment, or any one pipeline, or any one LNG plant," she said. "This is about the... https://t.co/wHVpwRE5aM]]></document>
		<document><![CDATA[Feels like we need way more warriors....may not be what we thought we would be, but it is  WAY too hard to stay... https://t.co/rhzpomJRbx]]></document>
		<document><![CDATA[Comments needed! One of the things Dallas Goldtooth asked for us non-camp supporters is to submit a comment!!... https://t.co/SpQchY47Or]]></document>
		<document><![CDATA[Standing Rock: Further on the ground report from TYT News regarding police presence that is accepted as normal,... https://t.co/ovOKdfkTcn]]></document>
		<document><![CDATA[Something to think about.........how can the "injustice and brutality" be stopped?
"But for me the moral question... https://t.co/o1UUwJJsGT]]></document>
		<document><![CDATA[Fixing fentanyl means treating trauma that creates addicts https://t.co/RlisqKLuNY]]></document>
		<document><![CDATA[TRUTH!!! #StopKM #StopKXL #StopEnergyEast #KeepItInTheGround https://t.co/Fh9DsGSjbe]]></document>
		<document><![CDATA[NEXT WEDNESDAY, FEBRUARY 8TH AT NOON!
**Please note DATE CHANGE from 7th**
Vancouver City Council will be voting... https://t.co/06GcMOgNRU]]></document>
		<document><![CDATA[Please watch this video traller of The Caretakers - tobe launched on February 17th!!  PLEASE SHARE!! IT'S... https://t.co/PsIZRYfhz6]]></document>
		<document><![CDATA[Some days it seems there are many 'gem' posts we just have to share!! With all that new snow falling out... https://t.co/TdcZieF2kv]]></document>
		<document><![CDATA[I am not a fan of Chris Hedges due to some antics he displayed in Vancouver (a long story)  but I have heard him... https://t.co/eFaoa9HoID]]></document>
		<document><![CDATA[Excellent article Part II - Read Part I below first!! :) https://t.co/hBoYLlFUCr]]></document>
		<document><![CDATA[Merging with Wolves &lt;3   SO beautiful!! https://t.co/OIb0XH2tv5]]></document>
		<document><![CDATA[When in doubt, disbelief, stressed or whatever........JUST DANCE!! :) :) :) https://t.co/eJpGxF6UqM]]></document>
		<document><![CDATA[Join us for a potluck and screening of a new documentary about whistleblower John Bolenbaugh, who worked for... https://t.co/m1WS7eKowR]]></document>
		<document><![CDATA[BREAKING NEWS FROM City of Vancouver Council Members!!!! 
Please join us for a rally as we show support and... https://t.co/QzIw4MxRO1]]></document>
		<document><![CDATA[*Honoring the legacy of Arthur Manuel *

Standing Rock to Secwepemcul’ecw –
Pipeline resistance North and South... https://t.co/QlDT7ARYPj]]></document>
		<document><![CDATA[Kamloops, BC  - MONDAY, February 6th at 6:00 pm - The resistance to the continued destruction of our natural... https://t.co/enO43sZOt2]]></document>
		<document><![CDATA[There are many events happening, please make this one a priority for the families of the murdered and missing... https://t.co/EnZyXphnU6]]></document>
		<document><![CDATA[Please watch this amazing video of the facts and fight of Kinder Morgan Trans Mountain pipeline expansion.... https://t.co/8nQeeHv6EF]]></document>
		<document><![CDATA[Beautiful article about writing, or any other art we create, how it changes us! Great encouragement to NOT stop... https://t.co/25pzCmKlZ6]]></document>
		<document><![CDATA["This land is a sacred land. The man's law is not our law." - Roberta Blackgoat
#Ungovernable by colonizers since... https://t.co/vWXkViime0]]></document>
		<document><![CDATA["Do not lose awareness of the suffering that is going on in the world. Nourish that kind of awareness by whatever... https://t.co/esbYfukChU]]></document>
		<document><![CDATA[Totally rad day!! haha  These are epic pictures of epic people standing up, speaking up and determined always... https://t.co/LW08owwkga]]></document>
		<document><![CDATA[Beautiful words from a BLM organizer, it is a very different time in history....a time to come together, not easy... https://t.co/VUqZnUUdSm]]></document>
		<document><![CDATA[The penny drops.......it was bought and paid for even before it began. No wonder our voices didn't matter in the... https://t.co/9TeeUTYw15]]></document>
		<document><![CDATA[I went last year to this Black History Month Event - IT WAS AWESOME!!! SO INSPIRING AND BEAUTIFUL AND SO... https://t.co/ebmtSzBd1l]]></document>
		<document><![CDATA[Agree!! We need everyone who cares!!!!! https://t.co/QC0v7VXSlc]]></document>
		<document><![CDATA[THIS SATURDAY - the RESISTANCE begins!!! Join us as we stand up and fight back!! Let's build our movement to stop... https://t.co/LW9HMkykGF]]></document>
		<document><![CDATA[Once we know something, we cannot unknow it. All the people I have met lately on this path of resistance, seem... https://t.co/yYqtLKEuUR]]></document>
		<document><![CDATA[Mr Trudeau is patronizing and arrogant. He talks to grown ups like they were children. All I can say is, if you... https://t.co/2Cw3biWcQB]]></document>
		<document><![CDATA["My father came to visit me at Standing Rock Resistance Camp and when I was driving back home from Standing Rock... https://t.co/fNUIiQBi5E]]></document>
		<document><![CDATA[Remember the non-public NEB hearings last year? Really feels like not ONE word of the many who spoke up against... https://t.co/7RqpNbCQsi]]></document>
		<document><![CDATA[Keep April 29th open.....mark on your day timer! If not now, when? If not us, then who? https://t.co/gOIpR1rIeL]]></document>
		<document><![CDATA[Our voices do matter! Speak Up Fight Back!!! https://t.co/YFO8l6TkZa]]></document>
		<document><![CDATA[Bellingham Wash - Feb 15 at 7 pm https://t.co/tTFxegSHfp]]></document>
		<document><![CDATA[Olympia, Wash. Feb 13 at 12:30 https://t.co/1PQklq4jai]]></document>
		<document><![CDATA["Today, we joined over 50 groups across BC to send an open letter urging local governments to demand that the... https://t.co/icsPpH7GQB]]></document>
		<document><![CDATA[Open Letter from Community Groups arguing fossil fuel companies owe BC communities their fair share of the... https://t.co/FZvAP8rq7F]]></document>
		<document><![CDATA["PRESSER: The aquarium’s head veterinarian Dr. Martin Haulena said Monday, that the necropsy results showed no... https://t.co/EJ78XSFCHi]]></document>
		<document><![CDATA[Please vote! https://t.co/A1HA1I7jWc]]></document>
		<document><![CDATA[Please read this.....we all must DEMAND the Parks Board speaks for those with no voice!!! #NoCaptivity https://t.co/hekwraAmHn]]></document>
		<document><![CDATA["The Trump administration has instructed the U.S. Environmental Protection Agency to remove its climate change... https://t.co/r8K9X6PEpB]]></document>
		<document><![CDATA[Worth saving? I sure think so! :) https://t.co/Bg0JCZJbqp]]></document>
		<document><![CDATA[We are! In solidarity with all Land and Water Defenders! Stand Up, Fight Back!! https://t.co/mqDrGo2C9X]]></document>
		<document><![CDATA[FACT:  More than 40 cetaceans have died at Vancouver Aquarium in 50 years.  That is 1.4 a year!! #VAMoratoriumNow... https://t.co/PlRA1w4863]]></document>
		<document><![CDATA["Eddie Gardner rally for WILD SALMON again outside downtown Costco!

Costco Vancouver - underneath the shadow of... https://t.co/kwKksPVFDT]]></document>
		<document><![CDATA["It is important that we understand "reality" rather than propaganda. Dr. Bandura from Standford showed in... https://t.co/2EPfjtVh6n]]></document>
		<document><![CDATA[This type of criticism of wonderful women who have their heart int he right place and with love planned... https://t.co/9tEtgYEWN0]]></document>
		<document><![CDATA[With my comrades to STOP KINDER MORGAN!!! :) https://t.co/XzsaiwMyON]]></document>
		<document><![CDATA[THIS WAS SO FUN!!! Outside the NEB Non-Public hearings in Burnaby Jan 2016 - the hearings WERE a sham!! The fix... https://t.co/KBuZ3mBr4I]]></document>
		<document><![CDATA[Claire Apostolopoulos posted this amazing list!!! YEA Turtle Island!! :) :) :)   Also add Saltspring Island too!... https://t.co/YHohrT9y3f]]></document>
		<document><![CDATA["The aquarium might argue that they're not greenwashing at all, that they can more easily effect change by... https://t.co/8KxsflWjMh]]></document>
		<document><![CDATA[MONDAY, January 23rd at 6:40  for Parks Board Meeting at 7:00 pm. Speak up for those over 40 whales and dolphins... https://t.co/VPkrMZiZ4E]]></document>
		<document><![CDATA[#Icantkeepquiet
"These women are from different states and never met till today. They practiced this song online.... https://t.co/SaxcE7BOxz]]></document>
		<document><![CDATA[Excellent pictures in this article! Love the messages!
"The event served to champion the liberties of all those... https://t.co/Qw4pAaE7Hi]]></document>
		<document><![CDATA[We marched today with millions and made history!!!! GO GIRLS!! :) 
"An estimated 60,000 people marched in... https://t.co/cpJhr8KR0K]]></document>
		<document><![CDATA[&lt;3 this one!!! #NastyWomenRock :) :) :) https://t.co/eaIaRo3KFP]]></document>
		<document><![CDATA["'You’re The Voice', our anthem from women for climate action and hope, celebrates the glorious power of women to... https://t.co/EM6zo8IXNY]]></document>
		<document><![CDATA[Amazing shots of the crowd!! :)  Thank you Colleen Esc! https://t.co/0W9gjGFEiT]]></document>
		<document><![CDATA[YEAAA Vancouver! You were beautiful today! &lt;3 Thank you Dave Archibald for these pics!! https://t.co/hjJStYaynq]]></document>
		<document><![CDATA["An estimated 15,000 people marched in downtown Vancouver Saturday in support of the Women’s March on Washington,... https://t.co/JkX0Jjk5SF]]></document>
		<document><![CDATA[These pictures give me goose bumps, from all over the world......Women United Will NEVER Be Defeated!!! I believe... https://t.co/3CL3VAH0Sa]]></document>
		<document><![CDATA[Some talk, others tweet, but there are people who do work every single day even when the cameras are turned off.... https://t.co/d2AbWmjDnp]]></document>
		<document><![CDATA[TOMORROW!!  Saturday, 10:00 a.m.  This march isn't about Trump, its about women all over the world that need each... https://t.co/7lN0auvFaU]]></document>
		<document><![CDATA[Hey ALL!! Just read the the White House web site has deleted the words "climate change"........SOOOOO, who wants... https://t.co/AKfYRKwdwW]]></document>
		<document><![CDATA[This event happening in Merritt this Sunday, January 22 - was rescheduled from last week.
Please join these... https://t.co/WIRfK7z3jY]]></document>
		<document><![CDATA[Wise words so our movement/revolution does not "collapse into chaos." 
"Take care Friends in the light---Finger... https://t.co/0vRxfbCnJM]]></document>
		<document><![CDATA["beautiful chaos" - Dallas Goldtooth @ 9:12 minute-Washington DC https://t.co/PScy7f4inb]]></document>
		<document><![CDATA[Let's stop the revolving door for so many that go between the streets/addiction and jail...they need proper... https://t.co/jF47hdHoMr]]></document>
		<document><![CDATA[there is only love or fear, always choose love.............. &lt;3 https://t.co/snIrxZ1MKL]]></document>
		<document><![CDATA["In-person demos to register opposition to Cetaceans in captivity, needless death for our entertainment, and... https://t.co/cYRTat2dJt]]></document>
		<document><![CDATA[I absolutely LOVE this woman.......her story grips me every time I hear her name! I choose to think of people... https://t.co/fVVNYBAbMZ]]></document>
		<document><![CDATA["Gift giving orca. This marks the second time individual orcas from this group have been documented offering food... https://t.co/9j8QWmPsfE]]></document>
		<document><![CDATA["Perhaps the more tragic recognition of reality took place when it became clear to me that the war was doing far... https://t.co/cRmLHo5Sda]]></document>
		<document><![CDATA[&lt;3
"The Town of Friday Harbor and The Whale Museum are hosting a community potluck to honor Granny. There is no... https://t.co/pj5uW0YvaB]]></document>
		<document><![CDATA[Standing up and fighting back, our comrades who share the Salish Sea with us!! We stand UNITED!! 
"Friends and... https://t.co/04P8ABWrv5]]></document>
		<document><![CDATA[A warrior!! Saying the words that need to be said. I quote now: "Laurel Kimbley-Stone who said: "I thank her for... https://t.co/xjguWMhLyQ]]></document>
		<document><![CDATA["Gain practical skills for effective dissent within a non-violent framework. Concurrent workshops for those new... https://t.co/zCpkhClyzs]]></document>
		<document><![CDATA[Courtesy Zack Embree!!! WOW!! https://t.co/nlwp5N4Ubm]]></document>
		<document><![CDATA[Wow! This was a busy day through the years!!! Memory lane....loved this day  AJ Klein?!! &lt;3 https://t.co/x3oaXkWjGa]]></document>
		<document><![CDATA[&lt;3 How we can look the other way seems impossible to me.......................we must speak for those that have... https://t.co/zd0TtkSpkU]]></document>
		<document><![CDATA[Gabriola Island March too this Saturday!!!!! YEA!! https://t.co/fkfl9YEnOV]]></document>
		<document><![CDATA["Chief Lee Spahan of the Coldwater Indian Band said he has serious concerns over the government’s decision to... https://t.co/oHOfd5uejk]]></document>
		<document><![CDATA[Standing up and fighting back!!! YEAAAA!  in sol!!!

https://t.co/pPdkiOhbb2 https://t.co/7mOhUYKshB]]></document>
		<document><![CDATA[APRIL 14 to 17th - Join this youth led walk over the Salish Sea from Victoria to Kinder Morgan Westridge Terminal... https://t.co/a5Z5zbH20C]]></document>
		<document><![CDATA[Solidarity from those who are standing up and fighting back from the San Juan Islands! Fellow coast protectors!!!... https://t.co/qcZzDw6Irh]]></document>
		<document><![CDATA[&lt;3 Second time in 2 days that these comforting words were sent my way, feel the need to share.........

"Ours is... https://t.co/PkwKCigpzH]]></document>
		<document><![CDATA[We will have the We Love This Coast table and banner again this year at this massive event!! JOIN US!!! We always... https://t.co/7tu2wU79BN]]></document>
		<document><![CDATA["Play your own drum.............................&lt;3" .....and walk to your own beat, even if its off beat to... https://t.co/W0ICuXIqir]]></document>
		<document><![CDATA[In honour of a great man who stood up with a humility that personified love. Although I never had the privilege... https://t.co/dpTU85YPke]]></document>
		<document><![CDATA[Our friends south of the border!!!! MONDAY January 16th!!! 
" Attend a Salish Sea Stands Kinder Morgan Rally on... https://t.co/AkC9Av840l]]></document>
		<document><![CDATA["We need to speak to power....Everyone needs to stand up, for me, this was it. See all the cops here right now, I... https://t.co/0Muhi3K9oT]]></document>
		<document><![CDATA["About Into Great Silence:
Science entwines with matters of the human heart as a whale researcher chronicles the... https://t.co/9jEn4VYN3k]]></document>
		<document><![CDATA[Good words for those thar take on the so many issues and are living a life of service to others, &lt;3 Thanking each... https://t.co/YLxj0NSFlE]]></document>
		<document><![CDATA[Outside Imperial Metals, downtown Vancouver - the company responsible for the Mount Polly disasters. Warrior... https://t.co/2vWvNVOyAV]]></document>
		<document><![CDATA[Some stories and video have to be shared...this is one of those times!
Animals recognize kindness....and respond... https://t.co/udvMD8rAD8]]></document>
		<document><![CDATA[Sweet lady, Jane Fonda, she came out of her tent with so many wanting her attention to stand with us, a small... https://t.co/DDTGTk0e53]]></document>
		<document><![CDATA[I find it interesting, startling and unsettling that Premier Christy Clark chose the same day almost to the hour... https://t.co/3DkVbT3pVS]]></document>
		<document><![CDATA["The only people in Alberta who are not outsiders are indigenous people." - Jane Fonda
We have to make changes... https://t.co/IoOZxIDb2n]]></document>
	</documents>
</author>