<author lang="en">
	<documents>
		<document><![CDATA[.@melissamccarthy just won 2017 with her appearance on @nbcsnl tonight as @PressSec. How did she not break character?!!! #brilliant]]></document>
		<document><![CDATA[Guys - my friend just told me she doesn't like Bill Murray. Not quite sure how to handle this...... #SaturdayProblems]]></document>
		<document><![CDATA[Snowfall warning has ended for Metro Vancouver. #bcstorm https://t.co/OQ6gVJJNo6]]></document>
		<document><![CDATA[7pm on a Friday night and Canada Line trains are PACKED right now. @NEWS1130]]></document>
		<document><![CDATA[Vancouver drivers need to CALM DOWN. There are way too many motorists running red lights in this weather. #bcstorm]]></document>
		<document><![CDATA[It's starting to snow in Downtown Vancouver! How's it looking where you are?]]></document>
		<document><![CDATA[Vancouver Police investigate city's 2nd homicide of 2017 after a man's body was found near the Stanley Park Seawall overnight.]]></document>
		<document><![CDATA[@bmcbryer @BT_Vancouver @thordiakow Yup. No thanks. I'll stay poolside for my meal and drink. :)]]></document>
		<document><![CDATA[As seen on @bt_vancouver - I think it's going to be a nice day! 😎😉☀️👍🏻 @ Vancouver, British… https://t.co/znDBukZB3B]]></document>
		<document><![CDATA[@whatevereric amen, buddy. ugh.]]></document>
		<document><![CDATA[Just rewatched the farewell speech from @BarackObama. Amazing. Poetic. And just three weeks ago. WHAT THE HECK HAS HAPPENED TO THIS WORLD?!!]]></document>
		<document><![CDATA[Actress Mary Tyler Moore has died at age 80.]]></document>
		<document><![CDATA[@969JACK @TaraJeanFM @SandalsResorts @kiahtucker Jealous! Have a cheeky morning 🍸 for me!]]></document>
		<document><![CDATA[@docdanielle @BT_Vancouver Thanks for coming on @BT_Vancouver!]]></document>
		<document><![CDATA[Quick weekend visit to #Victoria. #yyj 😎 @ Victoria, British Columbia https://t.co/9yF9SrXbx9]]></document>
		<document><![CDATA[@TODDCastPodcast Seriously. 🙄 x 100.]]></document>
		<document><![CDATA[@realslobo Oooooh! I was hoping it would be called the Queen of Galiano. But that name is taken! 😜😘😉]]></document>
		<document><![CDATA[Donald Trump has been sworn in as President of the United States. #TrumpInaugural]]></document>
		<document><![CDATA["You're going to have the time of your life. I promise you." 
George W. Bush to Michelle Obama as he left Washingto… https://t.co/Njz34LB0d9]]></document>
		<document><![CDATA[Hard to believe this was 8 years ago. And tomorrow, we'll be watching the Obamas say goodbye. https://t.co/CymcKo94y5 #TrumpInauguration]]></document>
		<document><![CDATA[The Alex Fraser Bridge has looked like this for almost TWO HOURS now for northbound traffic. Avoid it!!! @NEWS1130… https://t.co/0bujQGNd1I]]></document>
		<document><![CDATA[It's raining!!!!! Bye snow! https://t.co/z1KZXLDTKL]]></document>
		<document><![CDATA[Lost somewhere inside Tsawwassen Mills. Send help.]]></document>
		<document><![CDATA[I'm not going to miss the piles of yellow snow in my neighbourhood. Bring on the rain!!! #bcstorm 🌧🌧🌧🌧🌧]]></document>
		<document><![CDATA[Is this real life? #ObamaFarewell]]></document>
		<document><![CDATA[Goodbyes are never easy.... #ObamaFarewell https://t.co/5KKS9IxHHs]]></document>
		<document><![CDATA[Happy for @TheCrownNetflix @LaLaLand and Meryl Streep. But the rest of the #GoldenGlobes were a bit of a bust for me.....]]></document>
		<document><![CDATA[@RiaCKNW980 Seriously! They don't even need a host. But I'd take Amy and Tina..... 😬]]></document>
		<document><![CDATA[Did Jimmy Fallon go home? #GoldenGlobes]]></document>
		<document><![CDATA[Meryl Streep just won all the #GoldenGlobes]]></document>
		<document><![CDATA[YESSSS!!!!!!!!!! @TheCrownNetflix #GoldenGlobes]]></document>
		<document><![CDATA[Anyone else miss Tina and Amy? #GoldenGlobes]]></document>
		<document><![CDATA[@dawnchubai @LeRoiDeux Yessss!!!! I was wondering that too!!!! 👫🍾]]></document>
		<document><![CDATA[I ❤ awards season #GoldenGlobes]]></document>
		<document><![CDATA[@colinjustin you two look like you're about to rob a bank! ;) xx]]></document>
		<document><![CDATA[Lions Gate Bridge remains CLOSED due to a police incident. @bt_vancouver @news1130 https://t.co/2uV8jNTFDI]]></document>
		<document><![CDATA[OK everyone. Party's over. Back to work/school tomorrow.]]></document>
		<document><![CDATA[My first movie of 2017: @LaLaLand 👍🏻👍🏻]]></document>
		<document><![CDATA[How many people have already broken their New Year's resolutions? 🖐🏻]]></document>
		<document><![CDATA[Happy New Year!]]></document>
		<document><![CDATA[2016 goes out with a bang thanks to @MariahCarey. #rockineve]]></document>
		<document><![CDATA[@askjillian Isn't London the best?!! Happy New Year!!! 🇬🇧🇬🇧🇬🇧]]></document>
		<document><![CDATA[@tracegreen my favourite New Year celebration in the world - the sound of Big Ben! ;) Happy New Year!]]></document>
		<document><![CDATA[HAPPY NEW YEAR!!! 🇬🇧🇬🇧🇬🇧]]></document>
		<document><![CDATA[@AMacOnAir But Will and Grace is coming back!!!!!! That melts all our troubles away! 💃]]></document>
		<document><![CDATA[WATCH: Livestream of New Year's Eve fireworks in #London. Starts at 3:50 PST 🇬🇧https://t.co/VsZSipU2qM]]></document>
		<document><![CDATA[Here's @GeorgiaNicols 2017 Astrological Forecast for Sagittarius, Capricorn, Aquarius &amp; Pisces from @bt_vancouver: https://t.co/Qw9LjSTV40]]></document>
		<document><![CDATA[Here's @GeorgiaNicols 2017 Astrological Forecast for Leo, Virgo, Libra and Scorpio from @bt_vancouver this AM: https://t.co/JYooslNDLy]]></document>
		<document><![CDATA[Here's @GeorgiaNicols 2017 Astrological Forecast for Aries, Taurus, Gemini and Cancer from @bt_vancouver this AM: https://t.co/3pBqHNil3e]]></document>
		<document><![CDATA[@gypsy374 Yes!!!! Sounds like 2017 is our year! Segment will be posted online soon!]]></document>
		<document><![CDATA[Are you staying in, or going out for New Year's Eve?]]></document>
		<document><![CDATA[We are doing your 2017 Astrological Forecast with the fabulous @GeorgiaNicols TOMORROW on @BT_Vancouver! Every sign between 8-9am!]]></document>
		<document><![CDATA[@OutOfChaos so good to see you this morning!]]></document>
		<document><![CDATA[@radioAyres @thordiakow Tell me about it!]]></document>
		<document><![CDATA[Everyone on the planet is trying to find parking at Granville Island right now. #VancouverProblems]]></document>
		<document><![CDATA[Carrie Fisher has died????  #2016👎🏻]]></document>
		<document><![CDATA[@RoyalDickie That sounds quite lovely!]]></document>
		<document><![CDATA[Just took down the Christmas tree at my house. When do you take yours down? 🎄🎄🎄🎄🎄]]></document>
		<document><![CDATA[Anyone else playing @GeorgeMichael non-stop tonight?]]></document>
		<document><![CDATA[@FinnHoya i wish it was.....]]></document>
		<document><![CDATA[OMG now George Michael has died???? 2016 - ENOUGH.]]></document>
		<document><![CDATA[Merry Christmas!!! 🎄🎅🏻⛄❄️]]></document>
		<document><![CDATA[Merry #Christmas from #Victoria! #yyj 🎄🎅🏻 @ Victoria, British Columbia https://t.co/WESnQv7Qbn]]></document>
		<document><![CDATA[People who don't hold the door open for the person behind them. 😡😡😡😡😡😡😡😡]]></document>
		<document><![CDATA[@ChadHarrisBC @ODintheloops is concentrating very hard on something.....]]></document>
		<document><![CDATA[Hard to believe this was 20 years ago! The Blizzard of '96 brought 100+ cm of #snow to… https://t.co/f0mVxojWWm]]></document>
		<document><![CDATA[What's your favourite #Christmas movie? 🎅🏻🎄⛄]]></document>
		<document><![CDATA[I think I can safely say I'm 100% finished my Christmas shopping as of tonight. #HoHoHo 🎄🎅🏻]]></document>
		<document><![CDATA[Coquihalla Highway doesn't look very good this morning. Snowfall warning continues. 20-30cm expected by Wednesday A… https://t.co/jbL5M15dCo]]></document>
		<document><![CDATA[@ctv_jasonpires I was going to say that....]]></document>
		<document><![CDATA[Winter is coming. 
Tomorrow. ❄️⛄️🌨
#LastDayOfFall 🍁🍂🍃]]></document>
		<document><![CDATA[@realslobo quite possibly, the manliest thing I've done all year. ;)]]></document>
		<document><![CDATA[So. How was your morning commute today? 😕]]></document>
		<document><![CDATA[@FredQuan all @bcit campuses are closed today. So I would assume that also means all exams scheduled for today are cancelled, too....]]></document>
		<document><![CDATA[Highway 1 is a mess. This is a live look at Kensington in Burnaby. @BT_Vancouver https://t.co/I11FHTdaqQ]]></document>
		<document><![CDATA[That was one of the worst commutes I've ever had in Vancouver with all the snow still on the streets. Drive safe this morning!]]></document>
		<document><![CDATA[Full disclosure: I just ripped open a box of chocolates I bought someone for Christmas and ate the entire thing. 😬🎅🏻🎄]]></document>
		<document><![CDATA[. @tmz reporting Actress Zsa Zsa Gabor has died at age 99.]]></document>
		<document><![CDATA[Looks like there are a ton of delays and cancelations at @yvrairport today. Check your flight's status before you head to the terminal!]]></document>
		<document><![CDATA[@rwdettman Best Christmas movie!!!!!]]></document>
		<document><![CDATA[Looks like SB traffic is now moving through the George Massey Tunnel. Counterflow NB lane still closed.… https://t.co/oyCfbmNlmN]]></document>
		<document><![CDATA[@errongordon @GMB @benshephard @kategarraway @ranvir01 @Lauratobin1 @RichardAArnold Friday shows are the best! Have… https://t.co/G7r5lMwBUm]]></document>
		<document><![CDATA[So....how 'bout them #Canucks?]]></document>
		<document><![CDATA[OK 2016 - that's enough. 😕]]></document>
		<document><![CDATA[I appreciate good customer service but there's a line between attentive &amp; aggressive. 5 staff in 4 mins at 1 store downtown today! Too much.]]></document>
		<document><![CDATA[#Christmas is two weeks today! 🎅🏻🎄]]></document>
		<document><![CDATA[Bizarre to see no traffic on the Alex Fraser Bridge. CLOSED until further notice due to falling ice and snow.… https://t.co/WWAZJ9LGu2]]></document>
		<document><![CDATA[@DriveBC if the bridge is closed, why do your web cameras appear to be showing traffic still on the bridge with updated times?]]></document>
		<document><![CDATA[Here's what the Coquihalla Highway looks like this morning near the summit.  @DriveBC https://t.co/npki3Ms8h9]]></document>
		<document><![CDATA[❄️🌨☃️#VanCity #snow @ Vancouver, British Columbia https://t.co/JwxZJY2pEp]]></document>
		<document><![CDATA[We've got full #snow coverage on @BT_Vancouver starting tomorrow at 5:30am! @NEWS1130Weather @thordiakow @dawnchubai @RiazMeghji ❄️❄️❄️❄️❄️]]></document>
		<document><![CDATA[@colinjustin add some cheeky Baileys to warm you up faster! ;)]]></document>
		<document><![CDATA[That was a pretty awesome morning..... @Cmdr_Hadfield @bt_vancouver @dawnchubai @ CityTV https://t.co/PWxKWHOIuS]]></document>
		<document><![CDATA[Right now on @BT_Vancouver it's @Cmdr_Hadfield! #TheDarkestDark @dawnchubai https://t.co/DgKIxf1usq]]></document>
		<document><![CDATA[@steeletalks980 @drex have so much fun! Keep an eye out for my TV boyfriend @karlstefanovic and TV girlfriend @Lisa_Wilkinson 😍]]></document>
		<document><![CDATA[Good morning #VanCity! #yvr 
❄️☀️👌🏻 @ Downtown Vancouver https://t.co/4jSdS6qgZT]]></document>
		<document><![CDATA[@kamloopsb100 @CitytvNews @BT_Vancouver @NEWS1130Weather @ODintheloops would be proud!]]></document>
		<document><![CDATA[@kamloopsb100 @CitytvNews @BT_Vancouver @NEWS1130Weather Easy! We're a little fragile down here! ;)]]></document>
		<document><![CDATA[When it snows we do the news outside on @BT_Vancouver https://t.co/hOdZa1ZUgh]]></document>
		<document><![CDATA[#Snow across the South Coast including Highway 1 in #Burnaby this AM! Live updates on @BT_Vancouver &amp; @NEWS1130 https://t.co/3gA9qgrJVy]]></document>
	</documents>
</author>