<author lang="en">
	<documents>
		<document><![CDATA[@SteveJohnsonCAD @upFronteZine @verge Never saw the point of curved screens. Went from flat Trinitron to flat LED, no going back to curved!]]></document>
		<document><![CDATA[@BernardKeane He's Trumping on the border threat bandwagon]]></document>
		<document><![CDATA[So when did the Managing Director of your Kiwisaver fund call you just to say thanks for your business? For me, it was today @SimplicityNz]]></document>
		<document><![CDATA[@JaneCaro thanks, very interesting take on the world we live in]]></document>
		<document><![CDATA[Dongle, revenue growth from dongle surely? https://t.co/GRx6pkB9H9]]></document>
		<document><![CDATA[@DavidM999 to what?]]></document>
		<document><![CDATA[@thurrott wonder how they define 'use', made available to users or activity?]]></document>
		<document><![CDATA[@Brycepearce @edmuzik at least ugly ships sail as soon as they can!]]></document>
		<document><![CDATA[@Brycepearce @edmuzik the Auckland Waterfront stadium would have been about the height and location of this ship an… https://t.co/uVpYh0NCPi]]></document>
		<document><![CDATA[@edmuzik yeah, grateful we don't have yet another failing stadium on the Auckland Waterfront]]></document>
		<document><![CDATA[@LauraSRobinson @MikeHolden42 'could' or 'will'?]]></document>
		<document><![CDATA[@ChildOfAlba @spectatorindex @woodengravhetty there's nothing 'wrong', doing exactly what they promised. The wrong is that they're in power]]></document>
		<document><![CDATA[@moisturizeds @DPalenski we don't have lyft, but I'm glad never to have used @Uber]]></document>
		<document><![CDATA[I have 29 new followers from Canada, and more last week. See https://t.co/F2zskZ9Ho5 https://t.co/OV3MWZ9EXr]]></document>
		<document><![CDATA[@damnnolan no lawyer, but probably, was it taken in a public place?]]></document>
		<document><![CDATA[@BenRoss_AKL @AlessandraRach @DanSloan don't working ponsonby but would hinder any business reliant on incoming - training etc]]></document>
		<document><![CDATA[@BenRoss_AKL @AlessandraRach @DanSloan Glen Eden to ponsonby by AT to arrive b4 8:30am Tues 01:15  dep @ 5am 01:40@7am Car ~1.0 dep @ 7:30]]></document>
		<document><![CDATA[@JohnCleese problem is our reality will go up in smoke with his alternative one when that button is pushed]]></document>
		<document><![CDATA[@MJB_SF so like cats apart from the 'Recognise commands' step]]></document>
		<document><![CDATA[@DrDavidDuke where]]></document>
		<document><![CDATA[Saw it last night, brilliant! https://t.co/aHjSelABE6]]></document>
		<document><![CDATA[@nicgaston @grumpybirb inspiring evening on all sorts of levels, thanks to all involved in organising]]></document>
		<document><![CDATA[@guywilliamsguy what about 136 Grafton Rd? Waited all afternoon to see you in there]]></document>
		<document><![CDATA[@Incrediblehug don't forget news is just filler between the advertising]]></document>
		<document><![CDATA[@broper00 sorry to hear this, loved your enthusiastic demos]]></document>
		<document><![CDATA[@medickinson @OzoneKites fly safe]]></document>
		<document><![CDATA[@REasther yeah but he's using alternative math]]></document>
		<document><![CDATA[Graphic design is though... https://t.co/6z9Fibbjw0]]></document>
		<document><![CDATA[Numbers aside, the most interesting part of this is his delusion that God arranged his weather. Has he not been bri… https://t.co/vbdDBRG2YU]]></document>
		<document><![CDATA[I have 26 new followers from USA, and more last week. See https://t.co/F2zskZ9Ho5 https://t.co/UZxHB45dNF]]></document>
		<document><![CDATA[Interesting afternoon at the NZ opening https://t.co/7Z8twKJPe4]]></document>
		<document><![CDATA[David Duke: white nationalist, politician, antisemitic conspiracy theorist, Holocaust denier, former Imperial Wizar… https://t.co/bKz8fzBlMs]]></document>
		<document><![CDATA[No, I would not https://t.co/Vs8b0HSFY0]]></document>
		<document><![CDATA[@JayZallan @MelodiMoon A generationally dependent  joke I suspect!]]></document>
		<document><![CDATA[Moments of hope in 2016, made possible by the @kiva community!
https://t.co/AXyjxngkwF]]></document>
		<document><![CDATA[@ProphetPVD yeah, but easier to change a password than your fingers, face! Think the whole security thing a mess, multiple options best]]></document>
		<document><![CDATA[@ProphetPVD Hello (face) was ok on phone, but I'd like on my PC more. Main concern fingerprint, how to change if hacked!?]]></document>
		<document><![CDATA[@ShakingStick next, oversized statues and portraits in public spaces?]]></document>
		<document><![CDATA[@adzebill jeez, and they're made of graphite, not heavy as lead!]]></document>
		<document><![CDATA[@dobes @HappySinger shouldn't it be "Vine Camera was..."? :(]]></document>
		<document><![CDATA[@gustojunk thanks, interesting]]></document>
		<document><![CDATA[@gustojunk nice, wonder if @MicrosoftNZ will do this?]]></document>
		<document><![CDATA[@gustojunk how much?]]></document>
		<document><![CDATA[@Brycepearce yeah, texting and flying is a whole dimension more difficult  (although I suspect the car would do the flying)]]></document>
		<document><![CDATA[@fillupt not really, listen to podcasts/audio books driving (and driving is 1/2 pub transport time)]]></document>
		<document><![CDATA[My answer to this would be: Niki Lauda https://t.co/B5CP7PmDo5]]></document>
		<document><![CDATA[@WinObs love inking routes on the win10  map app on my tablet]]></document>
		<document><![CDATA[Says a man who 'knows' God and believes his book https://t.co/PBJoBfCZoz]]></document>
		<document><![CDATA[@MikePenceVP seems like he's consistently avoiding inaugurations that result from dubious electoral practices]]></document>
		<document><![CDATA[Worked out total cost of car: $133.29 /week, Bus/Train only $50.00 BUT means 8-11 hours/week longer commuting time #aucklandtransport fail]]></document>
		<document><![CDATA[@Hilary_Barry understand, but still not far enough away from @realDonaldTrump]]></document>
		<document><![CDATA[@dairymanNZ yeah, but from what I remember of a tannery tour it's not exactly a glamorous job!]]></document>
		<document><![CDATA[@scottwrynn already has invaded Scotland with golf courses and walls, hasn't he?]]></document>
		<document><![CDATA[@OwensDamien Nake America greaT againO]]></document>
		<document><![CDATA[Love film? Love space? Will you be in Auckland, NZ on 25th January https://t.co/PgCDUOr20M]]></document>
		<document><![CDATA[That'll stop a truck in a crowded Street? https://t.co/CGGpMpMxat]]></document>
		<document><![CDATA[I have 24 new followers from UK., and more last week. See https://t.co/F2zskZ9Ho5 https://t.co/dMIb14WqRm]]></document>
		<document><![CDATA[@PeterMcCully has been here for the recent passes too]]></document>
		<document><![CDATA[#zeroclub also known as #NewFuelFilterPumpSystem club.  Making car repair services great again]]></document>
		<document><![CDATA[@Megapope the potato wedge is mightier* than the sword. 

* or is that tastier?]]></document>
		<document><![CDATA[@NormOrnstein he's effectively said that to every climate related scientist]]></document>
		<document><![CDATA[@dairymanNZ they should carry them on a 100m stroll around a flat park in case of dehydration,  people do.]]></document>
		<document><![CDATA[@ZippyGonzales that doesn't mean you won't just get thrown overboard live...]]></document>
		<document><![CDATA[I have 52 new followers from USA, UK., Austria, and more last week. See https://t.co/F2zskZ9Ho5 https://t.co/e9LYINX79p]]></document>
		<document><![CDATA[@MasterDevwi @GoodThings2Life tell me one is inverted colour night mode, black background, so can use in dim rooms without annoying others]]></document>
		<document><![CDATA[@speechboy71 it's hard to report something being dreamed up on the fly]]></document>
		<document><![CDATA[@SandalsNZ It was a dubious start but ended up OK https://t.co/hhH3L9OA2g]]></document>
		<document><![CDATA[@SandalsNZ happens, this one grew into his ears https://t.co/uydYO0G4vB]]></document>
		<document><![CDATA[@DavidSlack not to mention the decades before]]></document>
		<document><![CDATA[@DrRachie is there anything on Health Ranger that isn't fake news]]></document>
		<document><![CDATA[@AstroKatie glad you're both here and a real multidimensional person because so many are not. Think trolls are missing at least a few]]></document>
		<document><![CDATA[Be good if @Office apps detected @Windows 10 change to/from Tablet mode and changed mouse/touch mode to match]]></document>
		<document><![CDATA[@ivabiggun71 @techbuzzireland @MicrosoftNZ I have pretty much Microsoft'ed S7 but some dumb limitations to some apps, writing blog about it]]></document>
		<document><![CDATA[@bdebow more a showroom I suspect. Doesn't need to make profit, just get Prime converts]]></document>
		<document><![CDATA[@ivabiggun71 @techbuzzireland dropped my 950xl, @MicrosoftNZ store couldn't supply, none retail, now S7 Edge refugee :(]]></document>
		<document><![CDATA[@Brycepearce agree, but look who's in charge]]></document>
		<document><![CDATA[@Brycepearce as I understand our generation isn't bad, hydro, but slow on EV infrastructure and ltd choice/support eg Leaf drop!]]></document>
		<document><![CDATA[@LI_politico @paulbrislen @Alisonmau Just his health care (lack of) plan alone will kill]]></document>
		<document><![CDATA[@MrEdByrne is the new bin large enough to hold a body?]]></document>
		<document><![CDATA[@lavo96 heard, think was macbreak podcast, Apple had touch OSX prototype &amp; canned. Too much re-eng req, think they're heading for all iOS]]></document>
		<document><![CDATA[@ADIC33 yeah, the assumption Trump's constant 'it's rigged' meant for Hilary was 180° out]]></document>
		<document><![CDATA[@lavo96 holding wobbly screen?]]></document>
		<document><![CDATA[@Brycepearce @Bridget_Burdett @TransportBlog  heard this today interesting about interview  LA Transport   https://t.co/e78VYDAO5t]]></document>
		<document><![CDATA[He can't even manage news, fake or not https://t.co/N5FCd8nkvc]]></document>
		<document><![CDATA[@JezCorden @lavo96 Local Cortana is a mythical thing for @MicrosoftNZ Occasionally alluded to but not a reality]]></document>
		<document><![CDATA[@maxchilton yeah, re both surfer and photographer!]]></document>
		<document><![CDATA[@JesusGraces so end child cancer, it's in your hands]]></document>
		<document><![CDATA[@PeterMcCully you gotta have faith!]]></document>
		<document><![CDATA[@dannypyoung @verge I've never looked at a plasma/LCD/LED era TV and wished it were thinner, what's driving this?]]></document>
		<document><![CDATA[@RipleyWopr @JezCorden @itsmichaelwest me too but dropped my 950xl and can't buy another, S7 Edge refugee]]></document>
		<document><![CDATA[@Marco_YS35 @shatterfront wow, they're using high speed rail to clean up smog? Brilliant!]]></document>
		<document><![CDATA[@PeterToFly @APilotsEye @Aviation_Pics @Avgeek that tweet had surround sound here, thanks to a jet passing over as I read it]]></document>
		<document><![CDATA[@farmgeek @nzherald Since when did PR ever have casual chat with media, except when trying to recruit them]]></document>
		<document><![CDATA[@takapodigs how do they process it, too much Vit D not good for us, right?]]></document>
		<document><![CDATA[@kaupapa I gather the problem with that is transmission losses, big investment to get it north]]></document>
		<document><![CDATA[@kaupapa at least our electricity production is pretty green, unlike many other countries]]></document>
		<document><![CDATA[@kaupapa Which are still just cars]]></document>
		<document><![CDATA[@lecanardnoir watching the 2017 version real time.]]></document>
		<document><![CDATA[@Kiwiseabreeze of there are lots of other potential causes, get checked out asap]]></document>
		<document><![CDATA[@Kiwiseabreeze do you know cause? Maybe YouTube will help
https://t.co/wH8Dyn173G]]></document>
	</documents>
</author>