<author lang="en">
	<documents>
		<document><![CDATA[#rexxon is all yours https://t.co/yG4zhUA0vB]]></document>
		<document><![CDATA[@WNYT @realDonaldTrump there won't be anything else on? Nothing else you can stream? Maybe puppies or something?]]></document>
		<document><![CDATA[@CBS6Albany how about no?]]></document>
		<document><![CDATA[@clancypants2u thanks! Very interesting indeed, I'm going to unfollow]]></document>
		<document><![CDATA[He is starting to look as ill as Kelly Ann conjob https://t.co/FMvFogGOUc]]></document>
		<document><![CDATA[Absolutely, I'm sure it will be better than America's Next Supreme Court Judge ! https://t.co/a8z26YFYbo]]></document>
		<document><![CDATA[@washingtonpost @SethGreen @SallyQYates A fucking hero and should run for something !]]></document>
		<document><![CDATA[Thank you for saying this! https://t.co/hSvXkVCOd7]]></document>
		<document><![CDATA[@chelseaperetti conservatives are the new snowflakes, but apparently im still a libtard]]></document>
		<document><![CDATA[@FoxNews delete the tweet https://t.co/a0gRipGkj5]]></document>
		<document><![CDATA[So used to @realDonaldTrump  tweets, I thought this was about him @RogueNASA https://t.co/YROgvWaMNb]]></document>
		<document><![CDATA[I'm a DD girl through and through, but this is so great @Starbucks that I'll totally stop in for snacks! https://t.co/8hsAucsAfz]]></document>
		<document><![CDATA[@perlmutations both.]]></document>
		<document><![CDATA[@joshtpm @realDonaldTrump he calls them former presidential candidates to embarrass them. They are senators!]]></document>
		<document><![CDATA[@kurteichenwald As I understand it, we should hear from a lot more republicans now that they know what their money… https://t.co/BiwRbpvldD]]></document>
		<document><![CDATA[@SenGillibrand When it's time, how do we volunteer to get you elected?]]></document>
		<document><![CDATA[How embarrassing https://t.co/fJE9iuWHC1]]></document>
		<document><![CDATA[So proud of my capital https://t.co/w4BgzcZM6f]]></document>
		<document><![CDATA[@jonfavs why tf is "senatorial courtesy" a thing?]]></document>
		<document><![CDATA[Can we please pretend it's cause they're all in a meeting to save face and help us? #doubtfull https://t.co/AucihHkotP]]></document>
		<document><![CDATA[@repjohnlewis showing again how it's done https://t.co/z79fDDTUBD]]></document>
		<document><![CDATA[Tear them up! https://t.co/8Qf9T7v2wV]]></document>
		<document><![CDATA[And a church. And a movie theater. And an elementary school. https://t.co/cujsgdNXdW]]></document>
		<document><![CDATA[We can add immigration lawyers to US's list of heros https://t.co/uJhq3wL47z]]></document>
		<document><![CDATA[@JustinTrudeau Yes, will you  be taking US refugees if we can prove we didn't vote for Trump?!]]></document>
		<document><![CDATA[Devastating. I could not imagine having to describe my sons like this. Just horrific https://t.co/8w7fFg1qlI]]></document>
		<document><![CDATA[@LindseyGrahamSC I really don't know whether I like you or not, but I'm in NY so guess it doesn't matter!]]></document>
		<document><![CDATA[We're never going to get anywhere taking the high road all the time. https://t.co/NR6PIdX7Ph]]></document>
		<document><![CDATA[I'm 38 right now https://t.co/qvqpV5VlAu]]></document>
		<document><![CDATA[DT is going to claim he cancelled it. https://t.co/Gjk8vdFFjk]]></document>
		<document><![CDATA[@StephenKing He could have a least used lube.]]></document>
		<document><![CDATA[@ava @birbigs @philfromohio @realDonaldTrump Sorry Phil, sucks being lied too. Hopefully you'll be inspired to act!]]></document>
		<document><![CDATA[@SenWarren why not just put your foot down and say no to every.single.thing.]]></document>
		<document><![CDATA[C'mon, we can make friends again after the resistance! https://t.co/Tgh6HAzFLp]]></document>
		<document><![CDATA[This is America right now. Amazing. https://t.co/Ny6z4ENDJO]]></document>
		<document><![CDATA[@michaelianblack @DeptofDefense @USMC I sincerely hope they keep it up!]]></document>
		<document><![CDATA[@SenJohnMcCain You need to stand up. Stand up]]></document>
		<document><![CDATA[Apparently, yes. #saturdayislegday https://t.co/2lZjfDISTp]]></document>
		<document><![CDATA[@1NatalieMaines It's not entertaining anymore ☹️]]></document>
		<document><![CDATA[@HuffingtonPost when they get back https://t.co/RYULTySmEP]]></document>
		<document><![CDATA[@InternetEh @danagould @yashar I love all the smirks 😂]]></document>
		<document><![CDATA[@Amy_Siskind @HardballChris ffs it says "hardball" in your name!]]></document>
		<document><![CDATA[We are going to need relief protesters  to keep this up for 4 years https://t.co/kc2YUnkXzH]]></document>
		<document><![CDATA[@RachelRGonzalez @nowhitenonsense Are you saying she may run for Pres?]]></document>
		<document><![CDATA[@matthewamiller @MrJonCryer Please, call them what they are. Lies.]]></document>
		<document><![CDATA[@zachbraff @yashar @jaketapper Dudes gonna be broadcasting from a secret basement when Angry Orange sees this]]></document>
		<document><![CDATA[Someone at the @BadlandsNPS is tweeting climate change facts, I hope their followers go up!]]></document>
		<document><![CDATA[Got a subscription because of this! https://t.co/oikYHSy114]]></document>
		<document><![CDATA[Lets keep this going https://t.co/olBcO9tQj1]]></document>
		<document><![CDATA[@Diamond_Peeps @goldengateblond also, stop getting raped]]></document>
		<document><![CDATA[@kristinrawls @sarahkendzior @BernieSanders You're going to lose people's trust]]></document>
		<document><![CDATA[@goldengateblond @yashar @kenklippenstein oh ffs]]></document>
		<document><![CDATA[My closest Swing District is NY-19, won by only 26,000 votes. Find yours and help swing the House left in 2018: https://t.co/R6RnHFIdE5]]></document>
		<document><![CDATA[@MoserMadness @FeministGriote @nowhitenonsense @SURJNYC thank you, following now!]]></document>
		<document><![CDATA[The president can say he grabs women by the pussy but madonna saying fuck you is offensive.]]></document>
		<document><![CDATA[@nytimes of course it's okay!]]></document>
		<document><![CDATA[@FeministaJones #87 is tough af! 💚💛]]></document>
		<document><![CDATA[@TJLang70 We love and support you💚💛💚💛]]></document>
		<document><![CDATA[@arnettwill Ouch. That one hurts ☹️💚💛]]></document>
		<document><![CDATA[@omarosasdignity Thank you for this. I'm taking this all in.]]></document>
		<document><![CDATA[@clancypants2u Now I'm reading all her tweets, and tweets from people tweeting her.. I'm in a tweet hole]]></document>
		<document><![CDATA[@clancypants2u I see what you're saying. I've always been pro-women, all women, but never realized there was a divide. I get that now]]></document>
		<document><![CDATA[@clancypants2u I'm ready to get started]]></document>
		<document><![CDATA[@clancypants2u was my phrasing wrong? I'm reading everything.]]></document>
		<document><![CDATA[@DailyMail @MRbelzer is he wearing a pizza tie?]]></document>
		<document><![CDATA[@FeministGriote @AndyRichter Tell me what we need to do.]]></document>
		<document><![CDATA[@SheriffClarke you idiot, it was televised, WE CAN SEE THEM]]></document>
		<document><![CDATA[@Lavernecox @CoConMiranda @kerrywashington @OfficialJLD @jamieleecurtis my grandma gave me a deep love for Helen Reddy. I especially ❤this]]></document>
		<document><![CDATA[@NatlParkService Blink if you need assistance 😉]]></document>
		<document><![CDATA[@JOEtheMORTON @Rosie @realDonaldTrump He doesn't know what vociferously means.]]></document>
		<document><![CDATA[@TheLewisBlack I guess we'll find out!]]></document>
		<document><![CDATA[@GeorgeTakei THANK YOU! I've been saying that since people started using it as an insult!]]></document>
		<document><![CDATA[@BarackObama @MichelleObama #ThanksObama for your 8 years of service. https://t.co/Jt3U0Cd57P https://t.co/Qq7FulcOqF]]></document>
		<document><![CDATA[@TitusNation @JoeCoffey18 I own the dvds, broke up with a guy once who wouldn't watch it with me. Loser]]></document>
		<document><![CDATA[@zachbraff @yashar @Acosta what planet am I on?]]></document>
		<document><![CDATA[@POTUS #ThanksObama for your 8 years of service. https://t.co/Jt3U0Cd57P https://t.co/Pzo0ghtO63]]></document>
		<document><![CDATA[@Travistritt Silly thing to say. Advice to all mechanics, waitresses and nurses, please, keep your opinions to yourself. Dumb, huh?]]></document>
		<document><![CDATA[@GhostPanther I call him the Angry Orange 😡]]></document>
		<document><![CDATA[The thing about snowflakes one isn't a problem, but many will fuck up your plans.]]></document>
		<document><![CDATA[@YonosRestaurant Hi, the link seems to be broken !]]></document>
		<document><![CDATA[@ShaunKing it's so awful]]></document>
		<document><![CDATA[@Delta Nah, I'm good. Rather fly with @SouthwestAir , who handle ranting lunatics swiftly for the comfort of ALL their passengers &amp; staff]]></document>
		<document><![CDATA[@wilw emergency Brick https://t.co/j86CnixPad]]></document>
		<document><![CDATA[@wilw I buy a copy for every small kid I know when they're about 3.]]></document>
		<document><![CDATA[@chrissyteigen why won't it allow me to retweet this?]]></document>
		<document><![CDATA[@KaraRBrown @robcorddry not all white people, a lot of us support and stand with you too.]]></document>
		<document><![CDATA[Electoral College Electors: Electoral College Make Hillary Clinton President on December 19 https://t.co/yfXj9nUhfa via @Change]]></document>
		<document><![CDATA[@HillaryClinton Please take a moment to yourself, then come back to the fight. We love you, and we support you more than ever.]]></document>
		<document><![CDATA[@lovebscott @MattMcGorry @msblingmiami_  yeah, he's also invited to Thanksgiving 😍]]></document>
		<document><![CDATA[@joshgad Can't wear it, I've saving it and giving it to my daughter when Hillary wins so she'll have my little part in history!]]></document>
		<document><![CDATA[@vincentdonofrio I've been reading @davidbaldacci John Puller series, and in my head, you're him. If there's ever a movie!]]></document>
		<document><![CDATA[@Lavernecox @RockyHorrorFOX can't wait to watch, promised my daughter I'd wait til she gets here Monday!]]></document>
		<document><![CDATA[@pattonoswalt don't hashtag it then!]]></document>
		<document><![CDATA[@anylaurie16 my 12 yr old daughter came home from a friends upset HC was going to take her guns. She has no guns. We have no guns here. 🙄]]></document>
		<document><![CDATA[@BenAmeyTV .....and?]]></document>
		<document><![CDATA[I just told @nbcwashington who I think is winning. Cast your vote now! #Debates #NBC4DC https://t.co/Rov7DAmmtm]]></document>
		<document><![CDATA[@CBSNews plans for her reaction? Like it wasn't a nearly primal scream of glee?]]></document>
		<document><![CDATA[@LaurenCohan  glad to see. I more tears!]]></document>
		<document><![CDATA[@JDMorgan So awesome to see YOU there. 2 weeks!]]></document>
		<document><![CDATA[@FINALLEVEL she really resembles you]]></document>
	</documents>
</author>