<author lang="en">
	<documents>
		<document><![CDATA[Full Executive Order Text: Trump’s Action Limiting Refugees Into the U.S. https://t.co/DTx7Nko33l]]></document>
		<document><![CDATA[Can we not forget the Russia was involved in rigging the election??? What abt investigating that issue??? Much more… https://t.co/MACWcgmgk5]]></document>
		<document><![CDATA[Yesssssssss Alexis!!!! #arsenal #ARSvBUR]]></document>
		<document><![CDATA[This ref sucks. #ARSvBUR]]></document>
		<document><![CDATA[Uggghhh. Not a red card. Yellow yes. #arsenal should appeal that one. #ARSvBUR]]></document>
		<document><![CDATA[#ThanksObama #ThankYouObamas #ThankYouPresidentObama]]></document>
		<document><![CDATA[It's so depressing reading the news every day, especially anything to do with the impending doom that is the Trump Administration.]]></document>
		<document><![CDATA[I just signed up for my first @stitchfix. I cannot wait until it arrives! Want a personal stylist? Try it out:  https://t.co/MRgB2L6n7g]]></document>
		<document><![CDATA[#Arsenal! Amazing goal by HOT FRENCH GUY. Wowza. But need to get a few more goals...]]></document>
		<document><![CDATA[Lads dug in and got the result against The Bus. Well done.  https://t.co/pH3I04LYJH]]></document>
		<document><![CDATA[HOT FRENCH GUY!!! #arsenal]]></document>
		<document><![CDATA[Come on #Arsenal. Cannot drop points! WBA is going for the nil-nil. Ugh. Increase the urgency! #ARSvWBA]]></document>
		<document><![CDATA[#Arsenal!!! #coyg #afc #boxingday]]></document>
		<document><![CDATA[Come on #Arsenal step up your game!!! #McivARS]]></document>
		<document><![CDATA[Come on... the goal was offside. Utter crap. #arsenal]]></document>
		<document><![CDATA[Elisabeth Moss on 'The Handmaid's Tale': 'We never wanted the show to be this relevant' https://t.co/7hKud2h6PR via @EWDolan]]></document>
		<document><![CDATA[@jt1anglais Much better than Elneny/Coq!]]></document>
		<document><![CDATA[Sign him up Arsene. #arsenal #alexissanchez]]></document>
		<document><![CDATA[Poor Debouchy. Soooo does #Arsenal have any more right backs?]]></document>
		<document><![CDATA[thedailyshow's photo https://t.co/UMLXADqZZI]]></document>
		<document><![CDATA[I'm trying to figure out a way forward. Looking towards election 2017, then 2018, then 2019, then 2020. Every election counts!]]></document>
		<document><![CDATA[I'm still depressed. #Election2016]]></document>
		<document><![CDATA[Rambo... be still my heart. #arsenal]]></document>
		<document><![CDATA[@jt1anglais ugh. When did that happen?]]></document>
		<document><![CDATA[Mustafi felt the power of the Coq. #ouch #arsenal]]></document>
		<document><![CDATA[Omg soooo close!!! Ahhhhh!!! #arsenal #arstot]]></document>
		<document><![CDATA[@jt1anglais Is he out injured?]]></document>
		<document><![CDATA[So the linesman sees the all the offsides but not the shirt pulling? Sheesh. #arstot]]></document>
		<document><![CDATA[Come on you gunners! North London is red! #arsenal #coyg #afc #arstot #epl]]></document>
		<document><![CDATA[Come on #Arsenal!!! Get those 3 points! #afc #coyg #epl]]></document>
		<document><![CDATA[Trump mentioned emails... if you got those Bingo cards... drink ... #debate]]></document>
		<document><![CDATA[Crocodile tears FTW. #debate]]></document>
		<document><![CDATA[::surfaces from work, checks #Arsenal score:: Yippeeeee!!! #ucl #afc #AFCvLUD]]></document>
		<document><![CDATA[Donald Trump vs. Hillary Clinton Town Hall Debate Cold Open - SNL https://t.co/Br7oaWiH9g]]></document>
		<document><![CDATA[This is us. This is our 30s. https://t.co/qGQSAbSzEH # via @HuffPostWomen]]></document>
		<document><![CDATA[The Art of Condolence https://t.co/Qe5C7tdRiS]]></document>
		<document><![CDATA[That felt more like a sitcom episode of Veep than a debate. Oof. Clinton did ok but Trump imploded.]]></document>
		<document><![CDATA[Come on Holt are you moderating this debate or what??? Geez man step it up. Trump is taking over you. #debate]]></document>
		<document><![CDATA[Trump is just yelling now. Like a child.]]></document>
		<document><![CDATA[Trump has benefited from the “mainstream” media more than any other candidate. #DebateNight #debate]]></document>
		<document><![CDATA[Trump wants law and order only when it supports a totalitarian state and violates the U.S. constitution  https://t.co/9vctx24gbD]]></document>
		<document><![CDATA[😂😂😂 RT @Heisenbergkamp: “I don’t pay taxes. This country is a third-world shithole. Vote Trump 2016.”]]></document>
		<document><![CDATA[@blazindw Trump insulted EWR. Awwww hell no. #njlove]]></document>
		<document><![CDATA[Yupppp RT @marclamonthill: Only people who don’t go to third world countries say LaGuardia Airport is like a third world country.]]></document>
		<document><![CDATA[This https://t.co/aKVl7CPNvN]]></document>
		<document><![CDATA[Facts matter RT @NPR: Follow our #DebateNight fact check and live transcript now: https://t.co/dhTO2VRHy8 https://t.co/l13hWIlUGN]]></document>
		<document><![CDATA[Trump is the angry old white man shouting nonsense. #debate]]></document>
		<document><![CDATA[Did trump just complement China? Hell has frozen over. #debate]]></document>
		<document><![CDATA[Every time Trump talks my head hurts. #debate #pbs #politics]]></document>
		<document><![CDATA[On St. Croix, a Restaurant Twists Caribbean Classics https://t.co/AFlqypioBB #stx]]></document>
		<document><![CDATA[Yeahhhhh #arsenal!!! Finally a win against Chelsea. Master performance!]]></document>
		<document><![CDATA[@beardyblue Ahhhhhh I miss you guys!!! @DCArmoury  I’m booing Cesc &amp; Costa at bar on STX &amp; like one person (Chelsea fan) understands.]]></document>
		<document><![CDATA[This election isn’t a game, but you can make one out of the debates! https://t.co/zaPKVcv3tZ #PoliticalBingo #PresidentialDebate]]></document>
		<document><![CDATA[Finished xFit. ::checks #Arsenal score:: phew!!! #HULARS #coyg]]></document>
		<document><![CDATA[@Dianna60613 @JustKeels Giroud can come stay with me if he needs a place to stay, with or without beard, anytime...]]></document>
		<document><![CDATA[Hope koscielny is okay. Helluva goal and such a rock in defense. #Arsenal]]></document>
		<document><![CDATA[Santi cazorla!!! #AFC #arsSOU #Phew #arsenal]]></document>
		<document><![CDATA[All the strikers. All of them! #firepower #arsenal #desperate]]></document>
		<document><![CDATA[Come on #arsenal score a goal it’s really very simple... #AFC #ARSSOU]]></document>
		<document><![CDATA[Today I did yoga on a paddle board for the first time! I’ve never paddle boarded before and managed to not fall off. So much fun! #stx]]></document>
		<document><![CDATA[@croweturtle Sounds like a fantastic day to me!]]></document>
		<document><![CDATA[Wow what a game. #BRAGER #olympics]]></document>
		<document><![CDATA[@scavendish It’s a democrat-voting city so absolutely nothing. Congress had opp to pass emergency $ before they left 4 vacation! Now crisis.]]></document>
		<document><![CDATA[#Arsenal definitely needs a new striker. Maybe more than another CB. Toothless attack.]]></document>
		<document><![CDATA[I’ll take a point. Yikes not the start #Arsenal needs though...]]></document>
		<document><![CDATA[Can I be the person at #Arsenal who is in charge of rubbing anti-chaffing cream on Giroud’s chest??? #AFC]]></document>
		<document><![CDATA[I just signed up for Ipsy. Super excited to receive my first glam bag! https://t.co/60uIMPJXTM]]></document>
		<document><![CDATA[Okay moratorium on #Arsenal lifted. Come on you gunners! #COYG #afc #lcars]]></document>
		<document><![CDATA[DO NOT TALK TO ME ABOUT #ARSENAL. MORATORIUM IN EFFECT UNTIL FURTHER NOTICE.]]></document>
		<document><![CDATA[Let’s get that 4th goal lads! You got this. #arsenal #ARSLIV]]></document>
		<document><![CDATA[GET IN! Yessssss! Chambers! #arsenal #ARSLIV]]></document>
		<document><![CDATA[Get in there! Go Ox! #Arsenal comeback! #ArsvLiv]]></document>
		<document><![CDATA[Remember how this Liverpool team beat Barcelona in pre-season? Yeah….]]></document>
		<document><![CDATA[I knew I should’ve added Coutinho to my fantasy team…]]></document>
		<document><![CDATA[Soon why haven’t we bought a world-class center back???]]></document>
		<document><![CDATA[For crying out loud Arsenal...]]></document>
		<document><![CDATA[#Arsenal has been dominate this half. One moment of magic from Liverpool is the only reason it’s tied. Oh and Oliver the ref.]]></document>
		<document><![CDATA[THEO!!! Way to redeem yourself. Also you’re never taking a PK again.]]></document>
		<document><![CDATA[Dang it my stream is being live tv!]]></document>
		<document><![CDATA[Why Theo whyyyyyy???]]></document>
		<document><![CDATA[I feel the tingling! #coyg #AwkwardMoment  https://t.co/vlagQsXMtQ]]></document>
		<document><![CDATA[The #Arsenal is back!!!! How I missed the lads. #AFC #EPL #ARSLIV]]></document>
		<document><![CDATA[Come on ladies!!!! #USWNT #olympics]]></document>
		<document><![CDATA[#USA USA USA!!! #uswnt rules the world!]]></document>
		<document><![CDATA[I like watching Men’s swimming. The scenery is pretty nice... #olympics]]></document>
		<document><![CDATA[Oof. Because ya know this woman cannot be known by her name or accomplishments only by her marriage status. https://t.co/ojmbr9Btrb]]></document>
		<document><![CDATA[Wow. #Olympic ceremony highlighting the #climatecrisis. Awesome!!!]]></document>
		<document><![CDATA[@NJFarmMedic @NHC_Atlantic I don't check the weather much anymore but I can tell you it's raining outside! #STX #USVI #tropical]]></document>
		<document><![CDATA[I ❤️ Obama. #DemsInPhilly #DNCConvention]]></document>
		<document><![CDATA[Hi Gov Kaine. I see you! #DemsInPhilly #DNCinPHL #DNCConvention]]></document>
		<document><![CDATA[Hi Tim Kaine. I hear you. Sounding good. #DNCinPHL #DemsInPhilly #DemConvention]]></document>
		<document><![CDATA[Bernie. ❤️ #DemsInPhilly #DemConvention]]></document>
		<document><![CDATA[I heart you Sed. Elizabeth Warren! #DemsInPhilly #DemConvention]]></document>
		<document><![CDATA[#Demsinphilly show me what you got!]]></document>
		<document><![CDATA[Kate McKinnon’s Ruth Bader Ginsburg Crashes the RNC, Goes After Trump https://t.co/lNXVWrhzCn via @thedailybeast]]></document>
		<document><![CDATA[Ummmm more about nativism and racism really... https://t.co/QdpBdiudHf]]></document>
		<document><![CDATA[Ted Cruz is just awful. #GOPinCLE]]></document>
		<document><![CDATA[Haha Gov Scott Walker didn't mention #NJ in his #GOP shout-out... #Christieout]]></document>
		<document><![CDATA["Lock Her Up" is not a policy platform. Talk about actual issues #GOP. #GOPinCLE]]></document>
		<document><![CDATA[Watching @TheDailyShow to laugh Away the horror of the #RNCinCLE debacle. Thank god for comedy!]]></document>
	</documents>
</author>