<author lang="en">
	<documents>
		<document><![CDATA[@ateDARYL yes and he introduced me baseball. I think I inherited his tendency to stress out over teams I like. Baseball is the worst...]]></document>
		<document><![CDATA[@ateDARYL my grandfather was told by his cardiologist to stop watching sports. MD was worried it would give him another heart attack 😟]]></document>
		<document><![CDATA[@JodiesJumpsuit my 12 yr old closes her eyes (&amp; occasionally hides under a blanket) during all kissing scenes. I do not discourage this😀]]></document>
		<document><![CDATA[@biggles14 it was so good!]]></document>
		<document><![CDATA[@JaysGirlEmily and gloves! Protect those hands. Frostbite would not be good]]></document>
		<document><![CDATA[@annetdonahue we used to have this same conversation at work when rob ford was mayor.]]></document>
		<document><![CDATA[@rachelmack I've noticed that some US &amp; UK freelancers ask for direct reader support on Patreon. Maybe that's the future of journalism]]></document>
		<document><![CDATA[@rachelmack I'm at a loss for a good source of Canadian news. I'd like to subscribe to something and support Cdn journalism.]]></document>
		<document><![CDATA[@ateDARYL  prob depends on the episode. I think we traumatized them for life w/ Blink, but 12 yo has now been a fan for several years.]]></document>
		<document><![CDATA[@ateDARYL ha! Mine are currently hooked on YouTube videos on extreme cake decorating. Go figure. What about sneaking in some Dr Who 😉]]></document>
		<document><![CDATA[@ateDARYL I would have asked my kids but they're finally in bed. They may have seen every movie ever made aimed at 10 &amp; unders😀]]></document>
		<document><![CDATA[@ateDARYL @CommonSense I use it all the time. I find they over-estimate the appropriate age, but it's sooo helpful.]]></document>
		<document><![CDATA[@ateDARYL I use common sense media when I'm stuck https://t.co/igTQ4fItbr (many in the list are animated, but you might find something)]]></document>
		<document><![CDATA[@ateDARYL princess bride? Mine loved that at 6 and https://t.co/MYScWe8X7L Wars? Bedknobs and Broomsticks? Spy Kids was a hit too]]></document>
		<document><![CDATA[@JodiesJumpsuit most of my wine spilling also occurs while I'm a guest at other people's houses, rather than in the privacy of my own home.]]></document>
		<document><![CDATA[@ateDARYL  guy at the butcher shop chatted w/ me today about spring training &amp; his trip to Chicago to see the cubs. Spring is coming!]]></document>
		<document><![CDATA[@JodiesJumpsuit you too? I also gesticulate more the more I drink. I routinely ruin tableclothes and break wine glasses]]></document>
		<document><![CDATA[Winter clouds #dlws https://t.co/AOCroutqox]]></document>
		<document><![CDATA[@HumandChuck i always feel the need to wash my hands if I accidentally touch it]]></document>
		<document><![CDATA[@BlueJaysDad alas I have work to do, so will stop now. Normally i get preteen eye rolls at my puns, so always fun to find other connaisseurs]]></document>
		<document><![CDATA[@BlueJaysDad aww! That made me so Happ-y.]]></document>
		<document><![CDATA[@BlueJaysDad I see you've already starting spring training with a pun-ishing workout regime...]]></document>
		<document><![CDATA[@monicarooney @JodiesJumpsuit I'm hopeless with plants but my office is orchid nirvana]]></document>
		<document><![CDATA[@JodiesJumpsuit ha! Thanks! Feeling old (and not terribly festive) these days so not making a deal out of it but did have 🎂 and 🍷.]]></document>
		<document><![CDATA[@monicarooney @JodiesJumpsuit gorgeous! I have some orchids in my office which just bloomed again and it's made my… https://t.co/POMSsQx4sG]]></document>
		<document><![CDATA[@terri_to @JodiesJumpsuit also going to be some good wine consumed this weekend (had a birthday this week, so need to treat myself).]]></document>
		<document><![CDATA[@terri_to @JodiesJumpsuit me too. Cute animals and story-bots are getting me through this week...]]></document>
		<document><![CDATA[@BlueJaysDad Too funny! I'm Howell-ing with laughter...]]></document>
		<document><![CDATA[@MerriamWebster a British colleague used "pants" in an email recently and I thought it was a typo. Now I know...]]></document>
		<document><![CDATA[@_rallycap aww! That's the best. ❤]]></document>
		<document><![CDATA[@JaysGirlEmily that makes me feel so old 😀]]></document>
		<document><![CDATA[How considerate of @mcsweeneys to renew my winter depression  on the day after my birthday... https://t.co/7K6pJYq0JQ]]></document>
		<document><![CDATA[@lesley_mak one of the few vegetables I don't eat. My mother used to put green pepper bits in hamburgers. Ugh. Still traumatized.]]></document>
		<document><![CDATA[@heidiheilig ooh - performance art for us Aquarians (and my birthday is even today 🎁)]]></document>
		<document><![CDATA[@JonGatehouse very sorry to hear that...]]></document>
		<document><![CDATA[@_MaJen Dolores is so much more believable than Voldemort. We are surrounded by more Umbridges every day]]></document>
		<document><![CDATA[@_MaJen same for my kids. Also had discussions on how Umbridge was such an effective villain. She made the rules...]]></document>
		<document><![CDATA[@junctionette @rachelmack although in Quebec at that time, gr 10 history was Quebec history. Very little mention of rest of Canada.]]></document>
		<document><![CDATA[@junctionette @rachelmack that was my experience in MTL in the 80s. 20thC world history was optional course in Gr11.]]></document>
		<document><![CDATA[@pwgfrank a professor and a movie star? I can't get the Gilligans island theme song out of my head following this Howell signing...]]></document>
		<document><![CDATA[@TaoofStieb I'm hoping from some good Gilligan's Islands gifs too 🌴]]></document>
		<document><![CDATA[@MissStaceyMay baseball also means sunshine. I miss the sun. I feel so tired without it.]]></document>
		<document><![CDATA[@jk_rowling she read it but didn't get it]]></document>
		<document><![CDATA[@biggles14 February at long last! Jan seemed much longer than 31 days this year...]]></document>
		<document><![CDATA[@lesley_mak nicely put!]]></document>
		<document><![CDATA[@osutein I'm already watching this in the movie theatre of my mind....]]></document>
		<document><![CDATA[@osutein so many questions - Does the Rowling character have magic skills or ex-SAS? Is Snipes a vampire?]]></document>
		<document><![CDATA[@osutein do they both play bad cop?]]></document>
		<document><![CDATA[@osutein yes please!]]></document>
		<document><![CDATA[@ateDARYL @JaysGirlEmily long dark winter. I miss the ☀️]]></document>
		<document><![CDATA[This thread. https://t.co/EQMjyh3Vum]]></document>
		<document><![CDATA[@ShaunKing @NYDailyNews as a Canadian, thanks for posting this. It's sickening. It is terrorism.]]></document>
		<document><![CDATA[@anne_theriault I was handed white supremacist lit on Toronto subway last summer. Disguised as "preserving jobs for Cdns" lit.]]></document>
		<document><![CDATA[@anne_theriault but we're very good at being smug.]]></document>
		<document><![CDATA[@_rallycap @MissStaceyMay I've had many a bleak week when her newsletter has appeared like a ray of sunshine (particularly in the winter!)]]></document>
		<document><![CDATA[@_rallycap and @MissStaceyMay always puts what I'm feeling into actual words (I think she's a mind reader). Her newsletters are such a treat]]></document>
		<document><![CDATA[@LeenieK22 @_rallycap there can never be too many kind words! Particularly with the state of the world at the moment...]]></document>
		<document><![CDATA[@lesley_mak @_rallycap omg they were soooo funny 😂]]></document>
		<document><![CDATA[@_rallycap now gotta work my way thru the rest of this thread to look for new follows..]]></document>
		<document><![CDATA[@_rallycap also @lesley_mak is great. starting following her for her hilarious hot stove tweets (also she has adorable cats...)]]></document>
		<document><![CDATA[@_rallycap @KathieC67 @biggles14 Liz's countdown has been getting me through this dreary and gloomy winter!]]></document>
		<document><![CDATA[@_rallycap you often brighten my day 😀]]></document>
		<document><![CDATA[@_rallycap @thesmilinggoat @JodiesJumpsuit Yes - I totally agree (jump to it and follow Jumpsuit...)]]></document>
		<document><![CDATA[@rstrolle I have a soft spot for Beauty by McKinley. First fairy tale retelling I read as a kid (which was a long time ago 😀)]]></document>
		<document><![CDATA[@normwilner those eyes 👀]]></document>
		<document><![CDATA[@zekecarrera3 hola! Welcome ❤️]]></document>
		<document><![CDATA[@RLeesam agreed (even if they lose the game, still worth it - will never forget b9th of ALCS game 5)]]></document>
		<document><![CDATA[@normwilner I never thought I'd be nostalgic for the 80s]]></document>
		<document><![CDATA[@HeerJeet  and Orwell. I started re-reading 1984 this weekend. All the commentary on manufacturing reality is disturbingly applicable.]]></document>
		<document><![CDATA[@_DivyeshM @JodiesJumpsuit my 12 yo (who has similar taste) loves the Flash ( I like the show too)]]></document>
		<document><![CDATA[@JodiesJumpsuit I'm totally on with you as Doc, Marty as a girl and a feminist Lorraine.]]></document>
		<document><![CDATA[@JodiesJumpsuit let's ruin some childhoods &amp; reboot BttFuture with female leading roles. I ❤the original,  but this would be so much fun.]]></document>
		<document><![CDATA[@_rallycap thx for this. FWIW thanks for keeping me laughing with your posts. Some of those laughs came when I most needed them!]]></document>
		<document><![CDATA[@normwilner I don't think Orwell intended  it as a 'how to' manual, however...]]></document>
		<document><![CDATA[@normwilner Doublethink means the power of holding two contradictory beliefs in one’s mind simultaneously, and accepting both of them - 1984]]></document>
		<document><![CDATA[@TaoofStieb full disclosure - I enjoy animation and superheroes, but it's nice to have a bit more variety in my movie watching  now 😀]]></document>
		<document><![CDATA[@TaoofStieb mine are 10 &amp; 12 so we still see every animated and superhero film release. But they loved Hidden Figures - so there's hope!]]></document>
		<document><![CDATA[@TaoofStieb parenthood?]]></document>
		<document><![CDATA[@fifthstarter @HumandChuck we've gone from reality to reality tv, except we all have to live in this tv show now.]]></document>
		<document><![CDATA[@lesley_mak because it's actually happening? (I feel as though I'm in the worst reality tv show ever...)]]></document>
		<document><![CDATA[@gold_lilies @rstrolle yes! Would recommend Mckinley as well. Her B&amp;B was the first modern fairy tale retelling I read (back in the 80s)]]></document>
		<document><![CDATA[@osutein my husband &amp; I both travel for work periodically &amp; we've each managed to keep them alive on our own for the past
12 yrs.]]></document>
		<document><![CDATA[@osutein it's the whole "dads who babysit" phenomena. Guess what? If you're looking after your own kid - it's not babysitting.]]></document>
		<document><![CDATA[@melissasfeed truth and reality]]></document>
		<document><![CDATA[@dog_rates I'm really more of a cat person, but am going to have to follow now😀 🐶]]></document>
		<document><![CDATA[@rstrolle thank you!]]></document>
		<document><![CDATA[@rstrolle kid wants to know the name of this book, if you don't mind posting it😀(I think the reference to waffles did it...)]]></document>
		<document><![CDATA[@rstrolle just showed these to my YA book obsessed 12 yo daughter. Her response "awesome - can we go there?" 😀(we're in 🇨🇦)]]></document>
		<document><![CDATA[@_rallycap awwww...what a cutie (gave me some major baby nostalgia)]]></document>
		<document><![CDATA[@JodiesJumpsuit You're right. He must be a Slitheen...]]></document>
		<document><![CDATA[@ddale8 And i'm enjoying today's photos.  Really appreciate your work.]]></document>
		<document><![CDATA[@Cekent I don't think he's capable of smiling]]></document>
		<document><![CDATA[@HumandChuck and I was hoping this Raptors game would cheer me up 🙁]]></document>
		<document><![CDATA[@melissasfeed i feel like we've now been set back 100 years and I don't even live in the US...]]></document>
		<document><![CDATA[@melissasfeed my kids (10 and 12) don't remember any other president. 😀]]></document>
		<document><![CDATA[@ddale8 also the worst twilight zone episode ever...]]></document>
		<document><![CDATA[@MerriamWebster @mturetsky this is fabtastic. O frabjous day!]]></document>
		<document><![CDATA[@ParkerMolloy did you make copy of the documents prior to submitting them? If so, I'd start by using that as proof.]]></document>
		<document><![CDATA[@davidfrum e e cummings (nobody, not even the rain, has such small hands...)]]></document>
		<document><![CDATA[@Cekent life is imitating a Simpsons episode right now on so many levels...]]></document>
	</documents>
</author>