<author lang="en">
	<documents>
		<document><![CDATA[Wifey 😍😍😍😍💍💍💍💍💖💖💖💖 https://t.co/1fpigu2bkC]]></document>
		<document><![CDATA[If this doesn't tell u how gr8 this friendship is, idk what will 🙄🙄🙄]]></document>
		<document><![CDATA[Was looking at my mood tracker for January, and 2 out of 3 of my "amazing day"s were spent with grace]]></document>
		<document><![CDATA[First Yup from the midlands, then Rup from the west, now Hup from Donegal 🙄🙄🙄 its MUP]]></document>
		<document><![CDATA[Tbh I wish I loved anything as much as Darragh loves maths https://t.co/M7s6SW6ptF]]></document>
		<document><![CDATA[I don't think a film has ever made me cry so much, La La Land is a truly beautiful film]]></document>
		<document><![CDATA[2 weeks until my birthday!!!!!!🎈]]></document>
		<document><![CDATA[@elliermenton I'm the most emotional person to ever live, I'm always prepared for tears ✨]]></document>
		<document><![CDATA[It's absolutely heartbreaking to see the policies trump has enacted, and even more so to think about what the next 4/8 years will bring :(]]></document>
		<document><![CDATA[Best day in a long time ☀️]]></document>
		<document><![CDATA[Wine with the Original Wine Mom™ #thistimeitslegal @ Dundrum Town Centre https://t.co/h3GH8NmpRe]]></document>
		<document><![CDATA[Eaten myself into a coma tbh]]></document>
		<document><![CDATA[Also!!! Enough fries to feed an entire family oh my god I'm Struggling™]]></document>
		<document><![CDATA[That Five Guys burger is probably one of the best burgers I've ever had]]></document>
		<document><![CDATA[Whenever I wake up this early, I have to set my alarm to allow for the fact that I'll lay there for 15 minutes hating being awake so early]]></document>
		<document><![CDATA[Okay but my new slippers are still my favourite thing]]></document>
		<document><![CDATA[T-19 days until my social life is resurrected from the dead]]></document>
		<document><![CDATA[how have I survived nearly 6 years of it, honestly 🙄]]></document>
		<document><![CDATA[How do people listen to music while studying, I get way too distracted]]></document>
		<document><![CDATA[Speaking in Italian to Dara is my form of practising for my Italian oral tomorrow]]></document>
		<document><![CDATA[Thinking about another 5 months of second level education https://t.co/wSOt6OwQ8X]]></document>
		<document><![CDATA[Some days confidence just smacks u in the face]]></document>
		<document><![CDATA[I am such a softie]]></document>
		<document><![CDATA[I have so much love to give the world sometimes it feels like im overflowing]]></document>
		<document><![CDATA["Cheese and carbs are what make the world go around" - Alia]]></document>
		<document><![CDATA[Having a bad day so I put my hair in pigtails, got into my fav jammies (velvet😍) and ate the best baked potato I've ever had]]></document>
		<document><![CDATA[I am small but full of rage]]></document>
		<document><![CDATA[Where's the fun in repressing feelings?]]></document>
		<document><![CDATA[I would,,,murder someone for some cheese and bacon fries from Eddie rockets right now]]></document>
		<document><![CDATA[This is honestly my favourite photo set ever, Trixie is my idol https://t.co/mYNZRY5FyK]]></document>
		<document><![CDATA[Bloom 🌸 // The Paper Kites]]></document>
		<document><![CDATA[Progressively sillier (I found these old photos and I love them) https://t.co/VL8lthM5k8]]></document>
		<document><![CDATA[Spicy food is my favourite food]]></document>
		<document><![CDATA[I've had Lady Marmalade stuck in my head for about 3 days and I'm okay with that]]></document>
		<document><![CDATA[I mean my back was always kind of achy, but since I went back to school it's gotten about 10 times worse and I am suffering]]></document>
		<document><![CDATA[I just took a nap for the first time in weeks and boy howdy do I feel refreshed]]></document>
		<document><![CDATA[Me as HECK https://t.co/aGynDVNDTa]]></document>
		<document><![CDATA[I'm so tired that it just took me a good 25 minutes to take my makeup off because I kept taking breaks]]></document>
		<document><![CDATA[So exhausted I'm struggling to not fall asleep on the train 😴]]></document>
		<document><![CDATA[Idc how basic it is, One Dance is an absolute BOP]]></document>
		<document><![CDATA[Finishing my mocks on a Wednesday so everyone float workmans]]></document>
		<document><![CDATA[So excited]]></document>
		<document><![CDATA[I've been in such a daze the past few weeks that I completely forgot about the drake concert after my birthday????]]></document>
		<document><![CDATA[My cousin gave me new slippers and they have pretty bows on them and they're so comfy and I love slippers!!!!!]]></document>
		<document><![CDATA[I've seen so many tiny dogs today #blessed]]></document>
		<document><![CDATA[Momentarily got Canada and Australia mixed up in my head,,,,maybe it's time to sleep]]></document>
		<document><![CDATA[Blurry but golden 
#justbegladitsnotanotheronefromthearas #erinneedsaninsta https://t.co/8Wguy1Ci51]]></document>
		<document><![CDATA[A Tuesday that wasn't straight from hell itself???? What is this sorcery]]></document>
		<document><![CDATA[Like even teachers admit it, any time anyone asks what damages young peoples mental health everyone's first answer is always school or exams]]></document>
		<document><![CDATA[The fact that it's just so widely accepted that school is bad for teenagers' mental health is so screwed up]]></document>
		<document><![CDATA[The @tinycarebot account is so pure and good]]></document>
		<document><![CDATA[Sherlock!!]]></document>
		<document><![CDATA[Sometimes being happy is difficult, but difficult is not impossible.
🍓✨🍓
#sundaynightblues… https://t.co/TZpkk3TSDq]]></document>
		<document><![CDATA[If I wasn't going to do physics in college, I'd probably want to do Law]]></document>
		<document><![CDATA[Did a solid hour and a half of driving practise and I've never been more exhausted]]></document>
		<document><![CDATA[Update: finally got them to leave 🙄]]></document>
		<document><![CDATA[Nothing like friends who come surround u with hugs and wine after a bad week]]></document>
		<document><![CDATA[Best texts to get out of the blue https://t.co/RHfx3WKimv]]></document>
		<document><![CDATA[Get out of my house https://t.co/cnJwtfTr9Y]]></document>
		<document><![CDATA[@jamus_spillane what about RIP.ie tho]]></document>
		<document><![CDATA[@Itsaclarinet chemistry grinds']]></document>
		<document><![CDATA[Pals #predebs #throwbacksareallIhave #tminusonemonthand2days @ Howth Summit! https://t.co/sOxJBs1wOk]]></document>
		<document><![CDATA[After a horrible week, I finally have all of these things tonight https://t.co/7xocPp4ljO]]></document>
		<document><![CDATA[But then wine 🍷 and pizza 🍕 night with my faves ❤]]></document>
		<document><![CDATA[Chemistry grind from 9 til 4 tomorrow RIP me]]></document>
		<document><![CDATA[Is it really an all girls school unless there's at least 3 people crying in the bathroom at any given time? 🤔]]></document>
		<document><![CDATA["This too shall pass. It may pass like a kidney stone, but it'll still pass." 💜]]></document>
		<document><![CDATA[I know it's mid January now but LET ME HAVE THIS]]></document>
		<document><![CDATA[ITS SNOWING ❄️FINALLY SOMETHING GOOD HAPPENED NEAR THIS CHRISTMAS ❤]]></document>
		<document><![CDATA[One month until my birthday 🎉]]></document>
		<document><![CDATA[ITS EVEN PRETTIER TONIGHT 🌙 ❤ https://t.co/NFsxroDHHI]]></document>
		<document><![CDATA[This is the last time // The National]]></document>
		<document><![CDATA[@georgieIockhart I'm in the exact same situation and it's The Worst™]]></document>
		<document><![CDATA[Merry-go-round with Kay O'Linn 🦄💖 #mickyd #throwback @ Áras an Uachtaráin https://t.co/EkRz1tfUu2]]></document>
		<document><![CDATA[Actual image of me at the gym https://t.co/tVsZ4pQuYG]]></document>
		<document><![CDATA[The moon is so pretty tonight]]></document>
		<document><![CDATA[My religion teacher has a picture of Mona Lisa dabbing as his desktop wallpaper,,,,it's captioned "Leonardo Dab-inci" 🙄]]></document>
		<document><![CDATA[Coals // Modern Baseball]]></document>
		<document><![CDATA[The new Sherlock episode was so much better omg]]></document>
		<document><![CDATA[A sleepy Fiona is a cuddly Fiona]]></document>
		<document><![CDATA[Honestly I am such an affection junkie, I'd die without it]]></document>
		<document><![CDATA[All I want is my jammies, hot tea, my fluffy blankie and a spicebag]]></document>
		<document><![CDATA[Tuesdays are always the Worst™]]></document>
		<document><![CDATA[There she goes by the La's never fails to make me feel like I'm in some 90s teen movie]]></document>
		<document><![CDATA[Some nice photos with wonderful people at Micky D's gaff https://t.co/RipMznZbHa]]></document>
		<document><![CDATA[You are good enough, even if you feel like the world is telling you you're not]]></document>
		<document><![CDATA[👏🏻chor👏🏻iz👏🏻o👏🏻]]></document>
		<document><![CDATA[On one hand I despise school with every fibre of my being, but on the other hand I LOVE learning new things]]></document>
		<document><![CDATA[I've watched Into The Woods at least 3 times now, and honestly Agony is one of the best songs ever]]></document>
		<document><![CDATA[I unironically jam to the backstreet boys ngl]]></document>
		<document><![CDATA[Absolute CHOON 👌🏻👌🏻👌🏻👏🏻👏🏻👏🏻 https://t.co/RpJ6DPcj6T]]></document>
		<document><![CDATA[I have an autograph/personally drawn cartoon from Derek Landy but I don't even like Skulduggery ¯\_(ツ)_/¯]]></document>
		<document><![CDATA[Happily married couples make me so happy, I love love so much]]></document>
		<document><![CDATA[@hanorah_w RIGHT???]]></document>
		<document><![CDATA[I laughed so much today my sides hurt, suffering on the bus]]></document>
		<document><![CDATA[People who wait in the wrong line when getting on the bus are the worst]]></document>
		<document><![CDATA["Seshing on an academic trip: Seshademics" - Cathal]]></document>
		<document><![CDATA[At nearly 18 years old, I've finally learned how to read an analogue clock properly]]></document>
		<document><![CDATA[I have the best friends in the entire world????]]></document>
		<document><![CDATA[Spicebag Fridays are my most sacred tradition]]></document>
	</documents>
</author>