<author lang="en">
	<documents>
		<document><![CDATA[Words of my MP voting against yesterday. Great point on most Londoners being immigrants in some form. https://t.co/4bTrRIS9X8]]></document>
		<document><![CDATA[@jonathanshale Thanks for following! Take a peek at my new book, coming soon https://t.co/115mePAbAa]]></document>
		<document><![CDATA[@tom_may Thanks for following! Take a peek at my new book, coming soon https://t.co/115mePAbAa]]></document>
		<document><![CDATA[@i_bm Thanks for following! Take a peek at my new book, coming soon https://t.co/115mePAbAa]]></document>
		<document><![CDATA[Two great pods, get on them https://t.co/JqnSC3Xyaf]]></document>
		<document><![CDATA[@joffley 'Disappearing photos and videos' is a catchy name...]]></document>
		<document><![CDATA[Canada's better anyway.]]></document>
		<document><![CDATA[Potential visitors to USA are gonna have to be careful what they tweet. Trump is a fascist bellend. Oops. https://t.co/60V19pmlQH]]></document>
		<document><![CDATA[@festivaluprise Thanks for following! Take a peek at my new book, coming soon https://t.co/115mePAbAa]]></document>
		<document><![CDATA[@ArancinaUK Thanks for following! Take a peek at my new book, coming soon https://t.co/115mePAbAa]]></document>
		<document><![CDATA[@Mizzhena Thanks for following! Take a peek at my new book, coming soon https://t.co/115mePAbAa]]></document>
		<document><![CDATA[@Hulk_Themes Thanks for following! Take a peek at my new book, coming soon https://t.co/115mePAbAa]]></document>
		<document><![CDATA[@maiabridi Thanks for following! Take a peek at my new book, coming soon https://t.co/115mePAbAa]]></document>
		<document><![CDATA[How to design a great ecommerce website https://t.co/07Ma4gY3rP https://t.co/ASEgitkdaW]]></document>
		<document><![CDATA[New book coming soon... Designing Ecommerce Websites https://t.co/yG4wjkteRc #ux https://t.co/9LzORIQ8ec]]></document>
		<document><![CDATA["We found no differences in the comprehension scores of the participants, reading on a mobile device or a computer.… https://t.co/qYEFkfRiNF]]></document>
		<document><![CDATA[@Alex_Wimbleton Thanks for following! Take a peek at my new book, coming soon https://t.co/115mePAbAa]]></document>
		<document><![CDATA["Maybe you too have a nagging sense that disrupt-o-mania isn’t the only air a startup can breathe."… https://t.co/LkfvD0mZQW]]></document>
		<document><![CDATA[@doorphones Thanks for following! Take a peek at my new book, coming soon https://t.co/115mePAbAa]]></document>
		<document><![CDATA[Solid advice &gt; 10 things I wish I knew as a UX research team of one https://t.co/Se5GLVp02g]]></document>
		<document><![CDATA[Great advice for talking to new clients and pitching the value of design https://t.co/I06YLAdl5D]]></document>
		<document><![CDATA[@taraklein70 Thanks for following! Take a peek at my new book, coming soon https://t.co/115mePAbAa]]></document>
		<document><![CDATA[Genius thread https://t.co/fzpBVdzQxK]]></document>
		<document><![CDATA[Will the last person to leave social media please turn off the light? https://t.co/Af4tayxMwN https://t.co/JkN8f3IYsD]]></document>
		<document><![CDATA[@Iconic_Digital Thanks for following! Take a peek at my new book, coming soon https://t.co/115mePAbAa]]></document>
		<document><![CDATA[The one thing anyone can do with Google Analytics to find out who their users are https://t.co/Pw6FKZrEhO https://t.co/nU4e6K6343]]></document>
		<document><![CDATA[@DaynaRedfern Thanks for following! Take a peek at my new book, coming soon https://t.co/115mePAbAa]]></document>
		<document><![CDATA[@jjcrees It is, poor from her, this is much more re-assuring. Time to switch?! https://t.co/KvsBbAzAnb]]></document>
		<document><![CDATA[@unasmith10 Thanks for following! Take a peek at my new book, coming soon https://t.co/115mePAbAa]]></document>
		<document><![CDATA[Answer: hardly dangerous at all https://t.co/WiJZo4L3GC]]></document>
		<document><![CDATA[A thorough breakdown of why online news is in trouble due to advertising/social media https://t.co/qAuDaJtl7s https://t.co/XazAjHzIao]]></document>
		<document><![CDATA[@alex_lobera Thanks for following! Take a peek at my new book, coming soon https://t.co/115mePAbAa]]></document>
		<document><![CDATA[A trend: "Ultimately, the episode wasn’t about anything except Holmes and his closest friends and relatives." https://t.co/0A850idd5p]]></document>
		<document><![CDATA[On Trump/Putin "Facts don’t matter. You can’t hurt this man with facts or reason." https://t.co/1tGSyqIHqa https://t.co/aqForKQbHE]]></document>
		<document><![CDATA[@KateRomano3 Thanks for following! Take a peek at my new book, coming soon https://t.co/115mePAbAa]]></document>
		<document><![CDATA[@eatwholegrain Thanks for following! Take a peek at my new book, coming soon https://t.co/115mePAbAa]]></document>
		<document><![CDATA[@thetimmorgan Thanks for following! Take a peek at my new book, coming soon https://t.co/115mePAbAa]]></document>
		<document><![CDATA[Uber Is Fixing A Major UX Issue—Using Your Favorite Color https://t.co/ZklSpBpBvq https://t.co/6P49WnVMHB]]></document>
		<document><![CDATA[“Exercise had a powerful impact on the students’ capacity for self-regulation.” https://t.co/HiwGsPAten https://t.co/OqZaOQbYEr]]></document>
		<document><![CDATA[An ecommerce UX design tip: Keep CTAs the same https://t.co/X8pHg3NGWY #ux https://t.co/v93nCpr4Pl]]></document>
		<document><![CDATA[@EcommerceTop Thanks for following! Take a peek at my new book, coming soon https://t.co/115mePAbAa]]></document>
		<document><![CDATA[Some ecommerce and retail trends that actually seem pretty realistic https://t.co/qI6Akvkwcs https://t.co/5T2XKKKcIB]]></document>
		<document><![CDATA[@joytrek Thanks for following! Take a peek at my new book, coming soon https://t.co/115mePAbAa]]></document>
		<document><![CDATA[@risetechmedia Thanks for following! Take a peek at my new book, coming soon https://t.co/115mePAbAa]]></document>
		<document><![CDATA[Marketers failing to ‘deal intelligently’ with data https://t.co/cRTJZIsTvW]]></document>
		<document><![CDATA[You probably aren't eating enough fibre https://t.co/7yzOqN6J5E]]></document>
		<document><![CDATA[@amdocsoptima Thanks for following! Take a peek at my new book, coming soon https://t.co/115mePAbAa]]></document>
		<document><![CDATA[An ecommerce UX design tip: Make reviews useful https://t.co/ZxEvGeeVZe https://t.co/aVpZu5kqCm]]></document>
		<document><![CDATA[@Phwoffy Thanks for following! Take a peek at my new book, coming soon https://t.co/115mePAbAa]]></document>
		<document><![CDATA[Choosing poverty and the benefits of the Quiet Life https://t.co/v9z4uDrS3k https://t.co/VMIU9tUyw3]]></document>
		<document><![CDATA[Our Automated Future: "Off-shoring jobs is often just a 'way station' on the road to eliminating them entirely."… https://t.co/bQOzgrpVn0]]></document>
		<document><![CDATA[Great piece: Why time management is ruining our lives https://t.co/8nuMqF4DiA https://t.co/sbe8IMi3Wu]]></document>
		<document><![CDATA[This clickbait headline has everything (the strategy is asking for things btw) https://t.co/T6NIKZmm7S]]></document>
		<document><![CDATA[The concept of 'Most Advanced Yet Acceptable' explains a lot of product success and user preferences… https://t.co/Bl1J0xzt8C]]></document>
		<document><![CDATA[The rise of the cashless city: 'There is this real danger of exclusion' https://t.co/zNbgDyhUZZ https://t.co/fZjQHkBGA4]]></document>
		<document><![CDATA[@divyangsanepara Thanks for following! Take a peek at my new book, coming soon https://t.co/115mePAbAa]]></document>
		<document><![CDATA[@hrtnde Thanks for following! Take a peek at my new book, coming soon https://t.co/115mePAbAa]]></document>
		<document><![CDATA[@jjcrees It all comes together]]></document>
		<document><![CDATA[The world is just getting too complex... https://t.co/9ntROu0woz]]></document>
		<document><![CDATA[Not so much today, obviously]]></document>
		<document><![CDATA[London’s New Way to Count Tube Riders? Tracking Their Phones https://t.co/YYifdJWEfJ https://t.co/kRLrhAUfm9]]></document>
		<document><![CDATA[@MartinBelam This place in the city https://t.co/tYBcxfaVcQ sells only London-brewed beer but max measure is 2/3s pint. Conflicted.]]></document>
		<document><![CDATA[Too much vitamin C... why vitamin pills don't work, and may be bad for you https://t.co/YIe5b5a5jY https://t.co/5NB3AxtFle]]></document>
		<document><![CDATA[Iterating through my new book design. Here's v0.2 of pre-launch book cover and title https://t.co/ktgLKodjos https://t.co/oiJCq9QBOs]]></document>
		<document><![CDATA[Apple Is in Talks With Hollywood for Early Access to Movies on iTunes https://t.co/hiSAApBvEo]]></document>
		<document><![CDATA[@1001tweetsapp Thanks for following! Take a peek at my new book, coming soon https://t.co/115mePAbAa]]></document>
		<document><![CDATA[@BrickBidzDotCom Thanks for following! Take a peek at my new book, coming soon https://t.co/115mePAbAa]]></document>
		<document><![CDATA[@kevincyu Thanks for following! Take a peek at my new book, coming soon https://t.co/115mePAbAa]]></document>
		<document><![CDATA[@focusatwill Thanks for following! Take a peek at my new book, coming soon https://t.co/115mePAbAa]]></document>
		<document><![CDATA[@daleitch Thanks for following! Take a peek at my new book, coming soon https://t.co/115mePAbAa]]></document>
		<document><![CDATA[@stilldrunkbyko Thanks for following! Take a peek at my new book, coming soon https://t.co/115mePAbAa]]></document>
		<document><![CDATA[@McBrideMagic Thanks for following! Take a peek at my new book, coming soon https://t.co/115mePAbAa]]></document>
		<document><![CDATA[@Glitovine Thanks for following! Take a peek at my new book, coming soon https://t.co/115mePAbAa]]></document>
		<document><![CDATA[@srinufx Thanks for following! Take a peek at my new book, coming soon https://t.co/115mePAbAa]]></document>
		<document><![CDATA[@FootballRamble Has Pards actually just succeeded in the managerial equivalent of getting Christmas off?]]></document>
		<document><![CDATA[@scottsantens Thanks for following! Take a peek at my new book, coming soon https://t.co/115mePAbAa]]></document>
		<document><![CDATA[Here's the best stuff I've read this year https://t.co/pyhFW9EbRL]]></document>
		<document><![CDATA[There's a lot of articles out there talking about 'the end of work'/basic incomes etc. This is particularly good… https://t.co/2eiYf989oI]]></document>
		<document><![CDATA[@thefootbalr Thanks for following! Take a peek at my new book, coming soon https://t.co/115mePAbAa]]></document>
		<document><![CDATA[@fordengroup Thanks for following! Take a peek at my new book, coming soon https://t.co/115mePAbAa]]></document>
		<document><![CDATA["You need to spend time on the future even when there are more important things to do in the present" https://t.co/VIMDPFORaV]]></document>
		<document><![CDATA[Radical Candor — The Surprising Secret to Being a Good Boss https://t.co/rSGlFgSGW4 https://t.co/Wm7PSpfHWl]]></document>
		<document><![CDATA[@PromotionOffice Thanks for following! Take a peek at my new book, coming soon https://t.co/115mePAbAa]]></document>
		<document><![CDATA["It’s more likely that what you think will happen in the next five years will actually happen in the next three."… https://t.co/RHA3haTn0L]]></document>
		<document><![CDATA[@CurationSuite Thanks for following! Take a peek at my new book, coming soon https://t.co/115mePAbAa]]></document>
		<document><![CDATA[@laurelnatale Thanks for following! Take a peek at my new book, coming soon https://t.co/115mePAbAa]]></document>
		<document><![CDATA[@Worldstartupmap Thanks for following! Take a peek at my new book, coming soon https://t.co/115mePAbAa]]></document>
		<document><![CDATA[Your Blog Posts Are Boring: 9 Tips for Making Your Writing More Interesting https://t.co/LbnkUL1lq7]]></document>
		<document><![CDATA[@emoji_ben Thanks for following! Take a peek at my new book, coming soon https://t.co/115mePAbAa]]></document>
		<document><![CDATA[“Sometimes magic is just someone spending more time on something than anyone else might reasonably expect.”… https://t.co/b1d1k5E7fr]]></document>
		<document><![CDATA[Alexa and Google Home Record What You Say. But What Happens to That Data? https://t.co/56pgZTorZs https://t.co/kkaE5oMowj]]></document>
		<document><![CDATA[@ASAPATHEIST Thanks for following! Take a peek at my new book, coming soon https://t.co/115mePAbAa]]></document>
		<document><![CDATA[@databoxHQ Thanks for following! Take a peek at my new book, coming soon https://t.co/115mePAbAa]]></document>
		<document><![CDATA[@MarkForster87 Thanks for following! Take a peek at my new book, coming soon https://t.co/115mePAbAa]]></document>
		<document><![CDATA[@lukeaaronmoore @FootballRamble @petedonaldson Have a good one chaps, gutted to miss it this year!]]></document>
		<document><![CDATA[@quttera Thanks for following! Take a peek at my new book, coming soon https://t.co/115mePAbAa]]></document>
		<document><![CDATA[@nickdesign_me Thanks for following! Take a peek at my new book, coming soon https://t.co/115mePAbAa]]></document>
		<document><![CDATA[@milkandeggscom Thanks for following! Take a peek at my new book, coming soon https://t.co/115mePAbAa]]></document>
		<document><![CDATA["Only 43 per cent of those rough sleeping in the capital in 2014–2015 were British citizens" https://t.co/8SVan8Y5g4]]></document>
		<document><![CDATA[How to Make a Bot That Isn't Racist https://t.co/WuqLQhWk4h https://t.co/Q4FadVQJBO]]></document>
	</documents>
</author>