<author lang="en">
	<documents>
		<document><![CDATA[According to Denise's own profile "5PMsin5yrs brought me to #auspol". Today Denise clarified that this PM turnover… https://t.co/p1H3uhzVdv]]></document>
		<document><![CDATA["Western media consume information from dubious sources and present it as “reporting.”" #thedrum #abc730… https://t.co/D3l2xEZjDb]]></document>
		<document><![CDATA[Tho it probably needs an update 'Beware the Useful Idiots' is also a good guide on how to avoid being a #UsefulIdiot https://t.co/VqTgCu3Uir]]></document>
		<document><![CDATA[The irony for those #60minutes journos is that Soros who's encouraged Europe's migrant crisis is one of their bosse… https://t.co/RuFzhec9hR]]></document>
		<document><![CDATA["The former MI5 officer instead claimed "dark forces" linked to western intelligence services were behind the attac… https://t.co/wV33v9lh6m]]></document>
		<document><![CDATA["Before the war, (Syria) was a harmonious country: a secular state in which different religious communities lived s… https://t.co/e21U8QDcS5]]></document>
		<document><![CDATA[The simplest way to end the oil wars is to buy the oil instead of stealing it." Why is it no western politician has… https://t.co/KayLbqDISx]]></document>
		<document><![CDATA["The simplest way to end the refugee problem is to stop producing refugees." Why is it no western politician has th… https://t.co/froPuVCuDw]]></document>
		<document><![CDATA["Groups run by Soros have also been accused of interfering in Ukrainian affairs and supporting the 2013 Euromaidan… https://t.co/jhsSnEgWqP]]></document>
		<document><![CDATA["organizations which helped illegal migrants find ways ... where they could violate our border, to find out how to… https://t.co/7w5PSz9NY5]]></document>
		<document><![CDATA["The Lithuanian parties claim that Soros groups specialize at «not consolidating, but dividing, society»". Could it… https://t.co/qpkJrHCP33]]></document>
		<document><![CDATA[What's wrong with this picture? Miraculous how those Christians in Aleppo managed to celebrate Xmas without the hel… https://t.co/6ZJI1fF32y]]></document>
		<document><![CDATA[@PlantsLoveCO2 Yet M. Ebell also said "he hoped the next president would “not rip up” the #ParisAgreement" Go figure https://t.co/IvXehriah7]]></document>
		<document><![CDATA[With support from UN, #BigOilBackedGreens, MSM &amp; pseudo sceptical politicians, can #AGW survive a 'Maunder minimum'? https://t.co/QcuGU4SsSM]]></document>
		<document><![CDATA[@DrMarkImisides The demographics of sceptics vs alarmists means it's a waiting game for the latter. If they drag AGW out till 2030 they win]]></document>
		<document><![CDATA[In #auspol, the #AGW sceptic movement was hijacked by a policy called #DirectAction, which kept AGW on life support &amp; led to #ParisAgreement]]></document>
		<document><![CDATA[The problem with not exposing #AGW nor "hoping to win over those who will never admit to having been wrong about it… https://t.co/cZkBoQGE1W]]></document>
		<document><![CDATA[War on Syria was not caused by domestic unrest, US Senator  Richard Black https://t.co/WROUpuOajN]]></document>
		<document><![CDATA[Problem-Reaction-Solution? Could the protests be organised by the same people who organised the invasion? What happ… https://t.co/qrjzBcRZEh]]></document>
		<document><![CDATA[It'd also be surprising for pre-Paris pro-agreement Turnbull to find common ground with post-Paris anti-agreement T… https://t.co/yvikeC2bxA]]></document>
		<document><![CDATA[Though Australians have become accustomed to voting #NoCarbonTax &amp; getting a #CarbonTax #ETS #ETSreview #SecretETS… https://t.co/sxs8ZvSCmN]]></document>
		<document><![CDATA[Good point on the contradiction of 'simultaneously hailing the #ParisAgreement and rejoicing in the future of #Coal' https://t.co/dLLhpFbEDH]]></document>
		<document><![CDATA[Also note close correlation with "Muslim-majority countries rebelling against this [US- NATO-Israel] power bloc" pe… https://t.co/u907MZ91ng]]></document>
		<document><![CDATA[Twitter provides a different perspective on Syria than does our MSM. #Auspol pollies must rely on MSM's version to… https://t.co/QhysaVdoGb]]></document>
		<document><![CDATA[We wouldn't have a refugee invasion of our country if we addressed the root cause that is making people flee their… https://t.co/tpyLTjy5Tt]]></document>
		<document><![CDATA["ISIS is the pretext for endless war without mercy, Assad the target, regime change the objective, wanting pro-West… https://t.co/Q3BKZIXbBo]]></document>
		<document><![CDATA[Note to @SenatorLudlam who'll hopefully seek better info on Syria than relying on a 7 year old who had nothing to d… https://t.co/V5909YhzbR]]></document>
		<document><![CDATA[#FakeNews cover the Hollywood #WhiteHelmets act and Aleppo #LastHospital replays but 'first train in 4 years' doesn… https://t.co/9DUrxobvUZ]]></document>
		<document><![CDATA["virtually ignored by Amnesty – a presidential election was held in 2014, with the result being a landslide (88.7%)… https://t.co/YOPzx1lzol]]></document>
		<document><![CDATA[@IPCC_Errs Obama warned "electricity rates would necessarily skyrocket" but people put their faith in #DoomsdayClock https://t.co/oQo6H2c48p]]></document>
		<document><![CDATA[@EcoSenseNow Yes, I'm getting the feeling #DoomsdayDemocrats would be a more accurate hashtag than #DoomsdayClock.]]></document>
		<document><![CDATA[Is this Turnbull's #KnighthoodsAndDames moment?
I feel another Tony Abbott #ClimateEpiphany coming on.… https://t.co/3x0I6NTeON]]></document>
		<document><![CDATA[Didn't the #DoomsdayClock break down at #COP15 Copenhagen 2009? And wasn't it repaired at #COP21 Paris 2015? What's… https://t.co/xAHY5gpLWo]]></document>
		<document><![CDATA[#DoomsdayClock is approaching midnight when even Bob Brown &amp; the Greens can learn 'How Big Oil Conquered The World'. https://t.co/ZXHbqCmK5X]]></document>
		<document><![CDATA["abolished Labor’s #CarbonTax, scaled back #RET &amp; appointed sceptics" &amp; alarmists + had a #ClimateEpiphany &amp; came o… https://t.co/unGqcx5onJ]]></document>
		<document><![CDATA[Percy Pimpernel can't locate link to support his argument and resorts to upper case. Can #UpperCase assist… https://t.co/aflF8BfcSz]]></document>
		<document><![CDATA[@SirPercy4 So far this hour you've:
1. Ignored measured data
2. Been abusive
3. Failed to support your arguments
4. Contradicted yourself]]></document>
		<document><![CDATA[@SirPercy4 Who'd deny global warming &amp; cooling have been happening for billions of years? Aren't we both agreed; only a #Moron would?#auspol]]></document>
		<document><![CDATA[Yeah. Even with #DoomsdayClock ticking &amp; trending. Percy Pimpernel fails to find his 99.9% #ClimateConsensus link i… https://t.co/ojRrfM3fN1]]></document>
		<document><![CDATA[@SirPercy4 I've not heard of a claim of a 99.9%. Do you have a link? Also,have you ever considered being guided by actual temp measurements?]]></document>
		<document><![CDATA[@abcnews Given 'no net warming in 26 years' it'd make more sense if #DoomsdayClock was predicting the end of UN IPCC https://t.co/O2Q5jXw1Fq]]></document>
		<document><![CDATA['USA’s NATO once again pushing for “No-Fly-Zone” in Syria, but wait ISIS doesn’t have any aircraft'… https://t.co/N7rgird0r3]]></document>
		<document><![CDATA[@TaxEnuffAlready Whoever it was, we're all a little older &amp; wiser now. #FakeActivism prompts #FakeNews &amp; next thing you know;#ParisAgreement]]></document>
		<document><![CDATA[@aidanbwilson You've led a sheltered life if haven't you come across fake activists being used for ulterior motives. https://t.co/v0W3JGKtwG]]></document>
		<document><![CDATA[@aidanbwilson The big news of the day was a massive crowd of #NoCarbonTax/#ClimateScam protesters but #FakeNews MSM turned it into #Misogyny]]></document>
		<document><![CDATA[The suspects would have to include all the parties and/or associated activists who support the #ClimateScam and some form of #CarbonPricing.]]></document>
		<document><![CDATA[Those 2 signs have been used so effectively to distract from that day's #NoCarbonTax &amp; #ClimateScam protest, one wo… https://t.co/bwOxvVWLA5]]></document>
		<document><![CDATA[Quick quiz. On which ship would you expect to find the letters M and P engraved into the bow?
The Titanic or Olympic
https://t.co/MweKhA4xsJ]]></document>
		<document><![CDATA[@EcoSenseNow Eliminating Climate Action Plan is good news but see link re removal of #ClimateChange &amp; #GlobalWarming https://t.co/VsiunQF8kN]]></document>
		<document><![CDATA[How Big Oil Conquered the World https://t.co/ZXHbqCmK5X An oil based 20thC history lesson with a #climatechange #AGW twist. Highly recommend]]></document>
		<document><![CDATA[I note @SenatorLudlum took an interest in Syria last October. Could his trash fire relate to retweeting Bana Alabed… https://t.co/BvudTckSo6]]></document>
		<document><![CDATA[Now that looks like a genuine #WomensMarch, as opposed to the recent very confused &amp; confusing #WomensMarch promote… https://t.co/2HzVQ3w34Q]]></document>
		<document><![CDATA[@OldDaveClarkson We had early warning, but I found many conservatives refused to believe SMH https://t.co/eo2gdFFwL9 #auspol #ParisAgreement]]></document>
		<document><![CDATA[Wouldn't you know it? Just when "UN's stated that the cutting off of Damascus’s water could constitute a war crime.… https://t.co/b9hQW5gmnH]]></document>
		<document><![CDATA[It seems the more govts intervene in other peoples' business the more it costs &amp; greater is the social upheaval created in their own nations]]></document>
		<document><![CDATA[@AmyMek @RouleReport Govts spending billions defending us isn't the first thing that comes to mind wrt Western interventions in Middle East.]]></document>
		<document><![CDATA[Govts spending billions defending us isn't the first thing that comes to mind with respect to the West's interventi… https://t.co/Wpm5LhczQ6]]></document>
		<document><![CDATA["However after the agreement was reached the insurgents shot and killed the negotiating team overseeing repairs."… https://t.co/p6sZN8jQwT]]></document>
		<document><![CDATA[Was Mattis celebrating the Russia-Turkey joint airstrike? No mention of Russia or Turkey in The Daily Caller article https://t.co/7lAuSzyePu]]></document>
		<document><![CDATA[It was a Russia-Turkey joint strike according to Sputnik  https://t.co/JdFZnerQYT]]></document>
		<document><![CDATA[Choose your #AlternativeFacts on '22 ISIS strikes' right here folks:: https://t.co/Gjn3fwn7Qw]]></document>
		<document><![CDATA[2 slightly different versions of "22 strikes on ISIS/Daesh in Syria" on Jan 21: Sputnik vs. The Daily Caller Versio… https://t.co/1N5AiJEBEJ]]></document>
		<document><![CDATA[@OldDaveClarkson #Auspol was too distracted by the #CarbonTax &amp; that's how we ended up with #ParisAgreement. Trump should be judged on #AGW.]]></document>
		<document><![CDATA[Is Bernie saying that Trump's not really a #climate skeptic? If that's so it's going to be pretty embarrassing for… https://t.co/9UIQudwHQH]]></document>
		<document><![CDATA[@RealAust How would you label the West's demands for regime change in Syria and support for various rebel groups allied with Al Qaeda/ISIS?]]></document>
		<document><![CDATA[@RealAust Depends which ISIS you subscribe to I guess. The western MSM version of ISIS or the western backed ISIS alternative media version.]]></document>
		<document><![CDATA[Whilst not a #WomensMarch Glen does make a valid point here. Perhaps  @PaulineHansonOz like the rest of us, is too… https://t.co/3DlcZnvmM3]]></document>
		<document><![CDATA[@MiraWroblewski Are you funded by George Soros by any chance? https://t.co/rdAnL8diQR #WomensMarchSydney]]></document>
		<document><![CDATA[@littlefishunite Sorry. The timing suggested #WomensMarch was a Soros activist group orchestrated affair &amp; that now appears to be confirmed.]]></document>
		<document><![CDATA[@flannel_time Thanks for your opinion.An ABC article said 'it's not all about Trump' so I suspected there may be some confusion.#WomensMarch]]></document>
		<document><![CDATA[What was the purpose or did anyone know what they were marching about? Oh never mind. Were there any Pitt St sales… https://t.co/ZNGDIlEfG6]]></document>
		<document><![CDATA[Here's a worthy issue #WomensMarch may have missed: Tulsi Gabbard seeks support for the #StopArmingTerrorists Act. https://t.co/VoZX8mgPuN]]></document>
		<document><![CDATA[Soros funded groups behind #WomensMarch &amp; the organizer's pro Sharia Law. #WomansMarchSydney hot on the heels of… https://t.co/XBUHYhP37I]]></document>
		<document><![CDATA[In retrospect the #NoCarbonTax protests were too specific &amp; narrow but after reading this article it's hard to foll… https://t.co/0bhNoYO7Ao]]></document>
		<document><![CDATA[What's it say about our society that the dubious wars in Syria, Libya and Yemen didn't inspire a #WomensMarch yet Trump's #Inauguration did?]]></document>
		<document><![CDATA[As with most globally organized movements nowadays, I've no doubt #WomensMarch support the principles of sustainabi… https://t.co/mBaq0Gb7pd]]></document>
		<document><![CDATA[Given the state of affairs in Europe it'd be ironic (but hardly surprising) if Soros was found to be behind… https://t.co/1VlLdFYq2F]]></document>
		<document><![CDATA["Agenda 2030 is the practically undisguised roadmap to global socialism &amp; corporatism / fascism" https://t.co/pINiSiLD3x #Agenda2030 #auspol]]></document>
		<document><![CDATA[Handing out $10,000 #Inauguration cheques? Shades of Eva Peron? #Evita #Populism https://t.co/y0q0myswcx]]></document>
		<document><![CDATA[@thegwpfcom Retweeted though I note "The Trump Administration is also committed to clean coal technology". I wonder what could be the reason]]></document>
		<document><![CDATA[Aussie MSM and pollies still dragging their heals on this one. Hence some Aussies find themselves funding QMS… https://t.co/KOsvMlsTPK]]></document>
		<document><![CDATA[Stop treating Arrium &amp; Alcoa workers as charity cases. The problem is govts pushing nonsense climate &amp; energy polic… https://t.co/0lY5y6kNiR]]></document>
		<document><![CDATA[If #Alcoa workers were read up on climate alarmism, they might feel less grateful towards govts and unions https://t.co/WV6MuMPeK5 #springst]]></document>
		<document><![CDATA[#ABCnews24 demeans Alcoa workers by treating them like charity cases &amp; then treats govts &amp; unions pushing nonsense… https://t.co/MKQenkYAhv]]></document>
		<document><![CDATA[Scenes of Alcoa workers grateful for a 4 year reprieve being treated like charity cases by pollies comes across as demeaning to the workers]]></document>
		<document><![CDATA[Hell will freeze over before we get clarification on what % of #PolesAndWires &amp; #GoldPlating costs were directly attributable to #Renewables]]></document>
		<document><![CDATA[Anyone recalling the endless #PolesAndWires #GoldPlating chants will realise #Renewables are a protected species &amp;… https://t.co/1Lbm4b6s1o]]></document>
		<document><![CDATA[Federal and State governments rescue Alcoa from Federal and State government climate and energy policies. Guess who… https://t.co/JfKvCHBeRP]]></document>
		<document><![CDATA[AWU agrees with Federal &amp; State govts that taxpayers should bailout Portland Alcoa aluminium smelter from their own… https://t.co/tkSidrwdBH]]></document>
		<document><![CDATA[#Alcoa "Portland area has become vulnerable to power supply problems &amp; price spikes as .. SA .. has grown heavily d… https://t.co/ULDLTxLBc1]]></document>
		<document><![CDATA[Make Alcoa Great Again for four years.
So it's like an Alcoa #Inauguration ? https://t.co/JZI9MktjOc]]></document>
		<document><![CDATA[The planet's warmed &amp; cooled for billions of years. Medieval Warm Period &amp; Little Ice Age ring a bell?… https://t.co/tCmcw2DEMS]]></document>
		<document><![CDATA[China's becoming a green superpower or solar PV panel supermarket? Could  world's biggest solar farm be a marketing… https://t.co/R0hVLsh1RR]]></document>
		<document><![CDATA[Leaked Clinton Emails Confirm Saudi Arabia, Qatar Funding ISIS https://t.co/jaPoaFsWvx  Will @deemadigan be offering #putthembackup refunds?]]></document>
		<document><![CDATA[QMS in Australia is part of a joint venture backed by Doha-based Qatar Media Services https://t.co/C3yhHyQ7hg 
#PutThemBackUp]]></document>
		<document><![CDATA[Original #AustraliaDay billboard by QMS linked to Qatar Media Services. Qatar accused of funding ISIS https://t.co/FTgmJ4FeRI #putthembackup]]></document>
		<document><![CDATA[#TheProjectTV could add "Campaign Edge is an advertising agency that works with..clients to develop creative campai… https://t.co/8uHqpgcBDJ]]></document>
		<document><![CDATA[#Populism is best defined as popular confusion. Hence, a conservative party may fall for #Socialism relabeled as #Agenda2030 #Sustainability]]></document>
		<document><![CDATA[Bronwyn Bishop has experience since the time Abbott called the #CarbonTax out as #Socialism whereas relabeling it… https://t.co/WuEmMV9hZg]]></document>
		<document><![CDATA[#Populism "It's a matter of increased polarity - the left becomes more left, the right becomes more right". So like… https://t.co/irBHXhrYZY]]></document>
	</documents>
</author>