<author lang="en">
	<documents>
		<document><![CDATA[It's been too long since I stepped through the gates of paradise #Celtic #COYBIG 🍀 @ Celtic Park https://t.co/ZvFUsSYwTY]]></document>
		<document><![CDATA[Love double selfies with the Mrs. She's one of the only people in the world that makes me look… https://t.co/yP7uz2tug7]]></document>
		<document><![CDATA[That expression when you're about to go to a wedding where you know nobody and just can't be arsed https://t.co/LKX8am0XIL]]></document>
		<document><![CDATA[@Oldfirmfacts1 best thing is it was the 4th official that made the call to send McDonald off!]]></document>
		<document><![CDATA[The scene in the Orange bar was the funniest thing ever #Trainspotting2]]></document>
		<document><![CDATA[Outstanding #Trainspotting2]]></document>
		<document><![CDATA[Craig Gordon really does want to be the next Hilario #permanentbenchwarmer]]></document>
		<document><![CDATA[.@MattFitz94 @Titleist And when you go to a club after you land, you'll hope it's as good a club as the Titleist D2]]></document>
		<document><![CDATA[Just got my tickets for tomorrow night #Trainspotting2 https://t.co/mGzRSY6EU6]]></document>
		<document><![CDATA[A better performance than the scoreline suggests]]></document>
		<document><![CDATA[Buying a majority stake in Taylor Made also helps with your selection https://t.co/PW2GW3XOdH]]></document>
		<document><![CDATA[This is well worth a watch. Sir Rod has clearly been on the sesh today! https://t.co/LNLb5yVx06]]></document>
		<document><![CDATA[I would advise the SFA to vet these people that do the draw before getting them on 😂😂😂😂 #RodStewart]]></document>
		<document><![CDATA[A Saturday of doing absolutely nothing. Forgot how good these are]]></document>
		<document><![CDATA[@RaBlack88 😂😂😂😂 Miley Rablack]]></document>
		<document><![CDATA[Although I'm more looking forward to th3 inevitable pre-gig sesh in Bar Salsa #babyguinayyeeeee]]></document>
		<document><![CDATA[Gonna spend the next 2 weeks constantly listening to Skindred in preparation for the Liquid Rooms gig]]></document>
		<document><![CDATA[@FocusOnCeltic @PlymouthCSC even used the wrestler Shunsuke Nakamura's entrance music 🖒]]></document>
		<document><![CDATA[Fish stunning begins in Union Canal at Linlithgow #StoneCold
https://t.co/xOLPc82EPX]]></document>
		<document><![CDATA[The perils of not having a dishwasher 😩 https://t.co/zGL1YJ5oSq]]></document>
		<document><![CDATA[@gcw the things a man will do to get some nookie off a woman like that!]]></document>
		<document><![CDATA[Needing a bevvy this weekend. Not for any particular reason just reeeeallllly fancy it]]></document>
		<document><![CDATA[He'll have another club before end of the month https://t.co/YV9pUSL3Z2]]></document>
		<document><![CDATA[Absolute non story. They voted for their team mates! https://t.co/a0ybOjf03H]]></document>
		<document><![CDATA[Getting a creme egg easter egg and realising the big egg doesn't have any white filling was worse than finding out santa isn't real]]></document>
		<document><![CDATA[Could sleep for days man. That's what drinking beyond 2am does to me these days]]></document>
		<document><![CDATA[@ca4485 flies in fast doesn't it!!]]></document>
		<document><![CDATA[Getting married 8 months today 😨]]></document>
		<document><![CDATA[@Oldfirmfacts1 "Italy business"? I'd like to know what that entails]]></document>
		<document><![CDATA[@BMCRangersRants tweets like this and the responses to it really do restore my faith in humanity. Very well said 🖒]]></document>
		<document><![CDATA[@BigDoc87 not a wank but pompous as fuck!]]></document>
		<document><![CDATA[As much as I'd hate to lose Dembele his stock is as high as it will be right now. A big fee + an 18 month loan back to us is the way to go]]></document>
		<document><![CDATA[Musicians absolutely dominating the celebrity rich list. Imagine if we all didn't download their music for free]]></document>
		<document><![CDATA[Anyone near Edinburgh on the hunt for a sofa this is a banger of a deal I just saw in Next Princes Street https://t.co/wlwpT5fG3g]]></document>
		<document><![CDATA[@hazelchristie thought i was the only one. why does he leave it so close to 9pm before plating it up?!]]></document>
		<document><![CDATA[Me when I woke up this morning for the first day back at work https://t.co/tqcBVkskmU]]></document>
		<document><![CDATA[Is it bad that when people ask me how my Xmas was I never ask them back because I couldn't give a toss?]]></document>
		<document><![CDATA[The first day back at work after Xmas should be known as National Smalltalk Day #howwasxmas #howwasnewyear]]></document>
		<document><![CDATA[@Daveybald he will more than likely]]></document>
		<document><![CDATA[@Daveybald big Kris with a belter today eh]]></document>
		<document><![CDATA[Moussa Dembele was the standout player for me. Phenomenal game. Proper big game player]]></document>
		<document><![CDATA[He must've heard the result and that spurred him on https://t.co/giUwETJ7EN]]></document>
		<document><![CDATA[How long until Bet 365 tweet a picture of an ecstatic Brendan Rodgers with a caption like "when you win an Old Firm to go 20 points clear"]]></document>
		<document><![CDATA[Gordon Strachan providing critique on man marking at corners is one of the most ironic things I've ever heard #mrzonal]]></document>
		<document><![CDATA[Got to be at least 5mins injury time this half]]></document>
		<document><![CDATA[Aye but they've got Joey Garner]]></document>
		<document><![CDATA[Izaguirre claiming for offside while the ball is played inside him and Sviatchenko having a nightmare so far. Mon tae fuck celtic!]]></document>
		<document><![CDATA[I wonder who the first person to say "I can't believe it's 2017 already" or "how quick did that year go" to me will be]]></document>
		<document><![CDATA[No need. If there's one team who are the best in the world at making statements... https://t.co/1RNWBI9sdk]]></document>
		<document><![CDATA[@RaBlack88 @WriteRyanWrite_ 😂😂😂 that traumatised me that scene it was almost outta nowhere!]]></document>
		<document><![CDATA[The old Top Gear crew can't make a half decent joke when not very tightly scripted by BBC writers]]></document>
		<document><![CDATA[Richard "yer da" Hammond makin a nonsensical yer da joke about ice cream and homosexuals. Yer da repeated the joke on Xmas day a dozen times]]></document>
		<document><![CDATA[@MrGreenpath oh aye!! Mrs Doyle and her pal scrapping over paying for the tea 😂😂]]></document>
		<document><![CDATA[@MrGreenpath and nooooowwwww to ride Mrs O'Reilly

That's my favourite episode, apart from A Song For Europe of course #mylovelyhorse]]></document>
		<document><![CDATA[@JessicaPainter2 did he get one for Xmas]]></document>
		<document><![CDATA[@MrGreenpath come on now Dougal you'll never get to sleep like that https://t.co/PlVxVKiMTJ]]></document>
		<document><![CDATA[@MrGreenpath no he asked for a boring voice father]]></document>
		<document><![CDATA[@Joe_Coffey you want us to go all the way to your house...just to check on him]]></document>
		<document><![CDATA[Only now have I realised that the newspaper in Father Ted has a Catholic Scandal section 😂😂]]></document>
		<document><![CDATA[It's Ireland's biggest lingerie section I understand @ Craggy Island https://t.co/UwRpZEUoiw]]></document>
		<document><![CDATA[When you get home and turn on the TV to find out the Father Ted xmas special has only just started https://t.co/xi0BLxlPBy]]></document>
		<document><![CDATA[Not allowed to open any presents until my family get back from Xmas mass https://t.co/DBF7WL6gKC]]></document>
		<document><![CDATA[Dunno what's funnier - the comments on twitter or on the article itself

Some folk just take life a bit too serious… https://t.co/IwaEDqPkf2]]></document>
		<document><![CDATA[You know what happens if you don't get me good presents this year santa??? https://t.co/1E2Xtu1K2m]]></document>
		<document><![CDATA[Merry Xmas ya filthy animals 🎄 https://t.co/HUuFDKsv72]]></document>
		<document><![CDATA[Where pupils of Knox Academy were taken if they misbehaved in Computing class https://t.co/NTVv5XnyJg]]></document>
		<document><![CDATA[£220k raised by the Celtic Foundation this Xmas. 
Much better cause than pissing all your money on buying Dave Clark 5 dozens of times over]]></document>
		<document><![CDATA[@WriteRyanWrite_ nae chance! Look at the clouds l, aye ok I'll just pull my head back then... #upmeansup 

Used to be the standard though!]]></document>
		<document><![CDATA[You mught want to call @WriteRyanWrite_ a...Shit hipster gamer for wankers #shithipstergamerforwankers https://t.co/sYW66py7XF]]></document>
		<document><![CDATA[Every time I see that Andrex advert I want to rip my own eyes and ears out 

"As clean as a man called David" 😠👊]]></document>
		<document><![CDATA[Still my favourite player ever to this day https://t.co/TmgmFsRDbq]]></document>
		<document><![CDATA[I only watch Raw and Smackdown these days so I can have some context for @RossOnRasslin WTF moments #dirtymark]]></document>
		<document><![CDATA[Remember when 😂😂😂 used to mean something was funny?

Now 😂😂😂 is an aggressive retort to someone's tweet you don't like. Might as well go 🖕😐🖕]]></document>
		<document><![CDATA[This dragon clearly knows it's way around giving gams https://t.co/9qLEs0iWgs]]></document>
		<document><![CDATA[What's this Joe Garner thing all about? I've genuinely no idea it went right past me and now I hear Rangers and Little Mix fans are at war]]></document>
		<document><![CDATA[@CelticBible good! Not that he's a bad player but he isn't a fit for Rodgers at all. Doesn't work hard enough to get in this team]]></document>
		<document><![CDATA[@ca4485 well i tried again to find a tweet like you did for James Forrest but you've actually never said one bad thing about Neil Lennon 👌🖒🍀]]></document>
		<document><![CDATA[@gcw work so close to where that bench is and walk past it every day. Never even knew that was there until today. Shows the impact it had]]></document>
		<document><![CDATA[@WriteRyanWrite_ wee scot squad appearance. He's gonna be bigger than Vince McMahon soon https://t.co/Jy3EhaRwYJ]]></document>
		<document><![CDATA[My aim for 2017 is to get type 2 diabetes and loose all my teeth. This Xmas present is a good start https://t.co/e8K3BCREAh]]></document>
		<document><![CDATA[@ca4485 haha you'd be quick to show him that one! You wouldn't be the only one saying that last season about Forrest tbf haha]]></document>
		<document><![CDATA[@ca4485 haha aye Johansen is at his level these days though he's bound to do ok]]></document>
		<document><![CDATA[@ca4485 haha thought I'd do a search there was bound to be at least one!! I found 2. The other said "Forrest ya wee fud!!" 😂😂]]></document>
		<document><![CDATA[@ca4485 you show him your old tweets about him? 😂😂😂😂 https://t.co/2BIhzwB4Sk]]></document>
		<document><![CDATA[Ryan Christie starts!! @hipsterceltic will be celebrating with a craft beer drank straight out of an empty tin of b… https://t.co/5eLGFCcmV7]]></document>
		<document><![CDATA[Quick lads we need to disassociate ourselves with the food bank charity ASAP https://t.co/5eDb2GMIOq]]></document>
		<document><![CDATA[Fingers crossed you're unpresidented very soon ya big quiff headed walloper https://t.co/MrRt3tmhyn]]></document>
		<document><![CDATA[Can I get a minutes applause at the game tomorrow for going away over Xmas?]]></document>
		<document><![CDATA[He's out on loan for 4 weeks 😂😂 https://t.co/mYC0Tr9a3e]]></document>
		<document><![CDATA[@RaBlack88 @WriteRyanWrite_ check check out
Check out 
Check out penelope]]></document>
		<document><![CDATA[We drinkin gin til we pass out and fall on the flo'
Is that yo bitch cos she tell me she ready to go
@RaBlack88 @WriteRyanWrite_]]></document>
		<document><![CDATA[Part 2 of the nostalgia trip last night. Never listened to much Korn growing up but they were… https://t.co/jz0A7Bhuqz]]></document>
		<document><![CDATA[@WriteRyanWrite_ @RaBlack88 you might call them..........shit red tshirts for wankers #shitredtshirtsforwankers]]></document>
		<document><![CDATA[@rablack88 tbt https://t.co/zRk2wV0EtM]]></document>
		<document><![CDATA[3 photos of 3 people in the same pose over 3 years

One things for sure @WriteRyanWrite_ has forked out for a bette… https://t.co/ihDd3kr4uZ]]></document>
		<document><![CDATA[Still on a come down after that gig tonight. Simply awesome #naesleepforme]]></document>
		<document><![CDATA[Prepping up for a major nostalgia trip this evening #Korn #limpbizkit @ The Brass Monkey Glasgow https://t.co/846HXg73Cl]]></document>
		<document><![CDATA[Just posted a photo @ The Brass Monkey Glasgow https://t.co/RY8G9Cy57I]]></document>
		<document><![CDATA[Best response ever from @RaBlack88 

Me: "here Bob there's a tenner for fuel money thanks for driving us today"

Bob: "naw fuck you!!"]]></document>
		<document><![CDATA[@RaBlack88 try 15 years ya walloper]]></document>
	</documents>
</author>