<author lang="en">
	<documents>
		<document><![CDATA[@rubyireland when's the next meet up?]]></document>
		<document><![CDATA[That's a fresh morning out!]]></document>
		<document><![CDATA[Me: we should have salad tomorrow after all the food the last few days  

Gf: what's your idea of salad?

Me:🍔]]></document>
		<document><![CDATA[Ya can't beat a bacon Sanger to start the day. https://t.co/RDzHbSBC09]]></document>
		<document><![CDATA[@LaoisCouncil fairly horrific on mobile!]]></document>
		<document><![CDATA[@RetroDrivein @98FM how do I cancel a ticket?]]></document>
		<document><![CDATA[@gamblitis sure you're in your 30s now. Cups of tea and hot water bottles.]]></document>
		<document><![CDATA[@gary_rafferty yer man with the banana was gas.]]></document>
		<document><![CDATA[@gary_rafferty @FoilArmsAndHog two ships passing in the night! Great gig!]]></document>
		<document><![CDATA[@conraddecker @herokustatus Aye, a status update would be awesome.]]></document>
		<document><![CDATA[@herokustatus Service temporarily unavailable. Please try again later. - What's up?]]></document>
		<document><![CDATA[@heroku Service temporarily unavailable. Please try again later. - What's up?]]></document>
		<document><![CDATA[@dnsimple Thanks!]]></document>
		<document><![CDATA[@dnsimple Are there any issues with e-mail forwarding currently? Have several forwards setup, but all return 550 5.7.1 Relaying denied]]></document>
		<document><![CDATA[@Toblerone you've ruined Christmas. #noblerone]]></document>
		<document><![CDATA[@Toblerone shame on you.]]></document>
		<document><![CDATA[@Eilsss @98FM @RetroDrivein How's that refund coming along? #pileofshite #retroripoff]]></document>
		<document><![CDATA[@Eilsss @98FM @RetroDrivein Can I get half my money back? #ripoff #pileofshite #retroripoff]]></document>
		<document><![CDATA[@98FM @RetroDrivein it may be the biggest screen in Europe, but you're only using half of it! #pileofshite #ripoff]]></document>
		<document><![CDATA[@EoLappin @IrishRail @shanemcofficial skerries has been cancelled. Please seek alternative accommodation.]]></document>
		<document><![CDATA[Lovely day down at brittas bay @Eilsss https://t.co/swuPfDhVIf]]></document>
		<document><![CDATA[Great day at the sisters wedding yesterday. Very proud.]]></document>
		<document><![CDATA[Insomnia strikes. #nothingworsewhenyouretired]]></document>
		<document><![CDATA[That's awesome. Someone kicked the mirror off my car last night. https://t.co/QVq4Pyp3MF]]></document>
		<document><![CDATA[@conorsthoughts I heard you got a BBQ.]]></document>
		<document><![CDATA[@bos31337 ooh, where's that?]]></document>
		<document><![CDATA[There's some fucker outside with an airhorn. #nosleep]]></document>
		<document><![CDATA[Woo. First PR into rails merged.]]></document>
		<document><![CDATA[@bos31337 some great trails down here alright. If you're sticking around, Wicklow town has a taste and sail festival on atm.]]></document>
		<document><![CDATA[@gamblitis @ProfBrianCox few space humans.]]></document>
		<document><![CDATA[@Rubberbandits a gowl who could been a leading role in #horseoutside is ripping around Wicklow Town in a micra with a hole in the exhaust]]></document>
		<document><![CDATA[@bos31337 it's not quite that green most of the time!]]></document>
		<document><![CDATA[Few sky bangs out the window #wicklow https://t.co/lysJKSOuIw]]></document>
		<document><![CDATA[@fitzpatrickd down in Wicklow now, great spot! rare I'm back these days, will keep in touch! Let Geoff know I haven't forgotten his steak ;)]]></document>
		<document><![CDATA[@fitzpatrickd feck all tbh! Work is great, life is great! Everything has turned up milhouse!]]></document>
		<document><![CDATA[@fitzpatrickd catch your drift! Will have to pop in and say hello on my next day off, be good to catch up!]]></document>
		<document><![CDATA[@fitzpatrickd that's a shame. Still, 7 years is a good ROI tbh. They've a fair lifespan for the money you pay!]]></document>
		<document><![CDATA[@fitzpatrickd @Mcgooee that's a shame, is it replaceable? Hope all's well in DCU!]]></document>
		<document><![CDATA[@AskAIB that doesn't really answer anything when a new bank like @number26 gets it right first time out the door tbh.]]></document>
		<document><![CDATA[@askaib That’s not what I was asking. Is there a reason why I can’t save ‘international’ IBAN, when I can save an (oxymoronic) ‘Irish’ IBAN]]></document>
		<document><![CDATA[@AskAIB Why can't I save international payee for future use. Why is saving IBAN restricted to Ireland when the I stands for International?]]></document>
		<document><![CDATA[@ThreeCare iPhone 6s... All day!]]></document>
		<document><![CDATA[@ThreeCare what's the craic with the data in Wicklow today... I'll have to go back to dialup at this rate #brrrrrnrrrrrrbeeeepbeeeep]]></document>
		<document><![CDATA[@tom_anakhia take a chill pill, no need to get so heated over a joke #stayfrosty ⛄️ @rahmstorf @bos31337]]></document>
		<document><![CDATA[@rahmstorf @bos31337 they obviously didn't have a thermometer in Ireland!]]></document>
		<document><![CDATA[Tis a fine country when the sun is shining!]]></document>
		<document><![CDATA[@paulca have come across this before. It's a Picard level face palm.]]></document>
		<document><![CDATA[@conorsthoughts I think you mean 'that'd be super'.]]></document>
		<document><![CDATA[@tlsp see you may 26th thanks to @Eilsss]]></document>
		<document><![CDATA[I may or may not be sunburnt. I think it's the latter!]]></document>
		<document><![CDATA[Grand aul thunderstorm there. 🌩]]></document>
		<document><![CDATA[Heat rash is the most Irish of ailments: allergic to good weather. And it can fuck right off.]]></document>
		<document><![CDATA[The bank of the future @getmondo is coming! Get early access with my link: https://t.co/T3pUuN2DGA]]></document>
		<document><![CDATA[#iceicebaby banging in this cafe. https://t.co/wVKcZSS1em]]></document>
		<document><![CDATA[Irish e-voting machines would be better than the passport readers in Faro airport.]]></document>
		<document><![CDATA[The automatic passport readers in Faro airport are a pile of shite. Would be quicker to have a tortoise do border control.]]></document>
		<document><![CDATA[Few air warms here in Portugal. Few sky wets earlier. Hoping for more air warms than sky wets.]]></document>
		<document><![CDATA[@theirishpenguin @showoff_ie Thanks Declan.]]></document>
		<document><![CDATA[@theirishpenguin @showoff_ie Cheers, looks like it posted, but I got an error page on posting, there’s several copies of posting on rubyjobs]]></document>
		<document><![CDATA[@theirishpenguin Yo Declan, long time. Do you know who’s running RubyJobs? Trying to post a vacancy we have here @showoff_ie]]></document>
		<document><![CDATA[The bank of the future @getmondo is coming! Get early access with my link: https://t.co/T3pUuN2DGA]]></document>
		<document><![CDATA[Dunmore cave is well worth a visit. #dunmore #Kilkenny https://t.co/lMSTNOIIo6]]></document>
		<document><![CDATA[Grand day for a stroll #laois #timahoe https://t.co/heUrZbphxz]]></document>
		<document><![CDATA[The bank of the future @getmondo is coming! Get early access with my link: https://t.co/T3pUuN2DGA]]></document>
		<document><![CDATA[The bank of the future @getmondo is coming! Get early access with my link: https://t.co/T3pUuN2DGA]]></document>
		<document><![CDATA[The bank of the future @getmondo is coming! Get early access with my link: https://t.co/T3pUuN2DGA]]></document>
		<document><![CDATA[Grand day for a stroll... #wicklow https://t.co/WVNmvLXOJr]]></document>
		<document><![CDATA[The bank of the future @getmondo is coming! Get early access with my link: https://t.co/T3pUuN2DGA]]></document>
		<document><![CDATA[Apipie - amazing tool for documenting your Rails API https://t.co/sdxQNZZmKg via @IlyaBylich]]></document>
		<document><![CDATA[The bank of the future @getmondo is coming! Get early access with my link: https://t.co/T3pUuN2DGA]]></document>
		<document><![CDATA[Christmas has come early. Die hard on Netflix. Yipeekiyay]]></document>
		<document><![CDATA[@TwitterDublin who do I get in touch with for a design guideline review, if possible?]]></document>
		<document><![CDATA[@topazenergy No follow up?]]></document>
		<document><![CDATA[@EoLappin time to get cracking on that license.  https://t.co/tPGM4AZyvd]]></document>
		<document><![CDATA[The bank of the future @getmondo is coming! Get early access with my link: https://t.co/T3pUuN2DGA]]></document>
		<document><![CDATA[@ReStore_Ireland I didn't realise chicken was meant to be crunchy. Jaysus didn't rise from the dead for this shite. https://t.co/AUiO4lEHf6]]></document>
		<document><![CDATA[@ReStore_Ireland the fuckin hack of this roll. Ye charge enough that you could at least give me a complete roll. https://t.co/mAkfdtQ1mH]]></document>
		<document><![CDATA[@CenturyIRL 100 years from now, you'll be tweeting about the luas strike!]]></document>
		<document><![CDATA[@getmondo @Eilsss I should still get the queue bump though... Right? Right?😂]]></document>
		<document><![CDATA[The bank of the future @getmondo is coming! Get early access with my link: https://t.co/T3pUuN2DGA]]></document>
		<document><![CDATA[The bank of the future @getmondo is coming! Get early access with my link: https://t.co/T3pUuN2DGA]]></document>
		<document><![CDATA[Wicklow... You're not a bad town!!! https://t.co/5wqZ9bzPn8]]></document>
		<document><![CDATA[First sunglasses day of the year. Spring has sprung.]]></document>
		<document><![CDATA[@wrapbootstrap love that Minton theme. Well worth the $12!!]]></document>
		<document><![CDATA[@kendricklamar can we get that in the Irish store please?]]></document>
		<document><![CDATA[Arrived home to a second #hacktoberfest tshirt. I do love free stuff!!]]></document>
		<document><![CDATA[@frankturner great gig tonight @Eilsss]]></document>
		<document><![CDATA[I'm buying a lotto ticket tonight... https://t.co/DogqhJluCJ]]></document>
		<document><![CDATA[That is a grand day out! https://t.co/HIesXU0KZU]]></document>
		<document><![CDATA[Oh, and @github stickers too #Hacktoberfest https://t.co/2CIi3UOO9O]]></document>
		<document><![CDATA[Always nice to come home to a free t-shirt #Hacktoberfest https://t.co/BP6VxwWssj]]></document>
		<document><![CDATA[New year off to an underwhelming start after breakfast at @DunneCrescenzi w/soggy toast and the worst poached egg I've ever had.]]></document>
		<document><![CDATA[@GardaTraffic actually, would it have been appropriate to dial 999 in such a situation BTW? For future reference.]]></document>
		<document><![CDATA[.@GardaTraffic no comment? Beyond ridiculous that those calls went unanswered last night tbh.]]></document>
		<document><![CDATA[.@GardaTraffic ringing mountmellick station, also no answer. Reported in Portlaoise, but that 45 mins could have been disaster. What gives?]]></document>
		<document><![CDATA[.@GardaTraffic tried reporting a drunk lad walking down the m7 to traffic watch there. 45 mins on hold with no answer. Simultaneously...]]></document>
		<document><![CDATA[@Rubberbandits here lads, any word on the grapevine about why there's no dairy milks in the boxes of roses anymore?]]></document>
		<document><![CDATA[@CadburyIreland outraged. Just opened a tin of roses. Not a single dairy milk in it. Christmas is ruined.]]></document>
		<document><![CDATA[@showoff_ie happy Christmas folks, see you next year! ;)]]></document>
		<document><![CDATA[@conorsthoughts @ApachePizza_D9 the apache website is simply quite atrocious.]]></document>
	</documents>
</author>